agency_cd,site_no,station_nm,site_tp_cd,dec_lat_va,dec_long_va,coord_acy_cd,dec_coord_datum_cd,alt_va,alt_acy_va,alt_datum_cd,huc_cd,data_type_cd,parm_cd,stat_cd,ts_id,loc_web_ds,medium_grp_cd,parm_grp_cd,srs_id,access_cd,begin_date,end_date,count_nu
USGS,383040118380501,110C N08 E30 33ADCD1    City of Hawthorne Well 5,GW,38.51091667,-118.6353056,1,NAD83, 4465,  1,NGVD29,16050304,gw,62610,,0,,wat,,1642461,0,2004-03-19,2004-03-19,1
USGS,383040118380501,110C N08 E30 33ADCD1    City of Hawthorne Well 5,GW,38.51091667,-118.6353056,1,NAD83, 4465,  1,NGVD29,16050304,gw,62611,,0,,wat,,1642461,0,2004-03-19,2004-03-19,1
USGS,383040118380501,110C N08 E30 33ADCD1    City of Hawthorne Well 5,GW,38.51091667,-118.6353056,1,NAD83, 4465,  1,NGVD29,16050304,gw,72019,,0,,wat,,1642008,0,2004-03-19,2004-03-19,1
USGS,383040118380501,110C N08 E30 33ADCD1    City of Hawthorne Well 5,GW,38.51091667,-118.6353056,1,NAD83, 4465,  1,NGVD29,16050304,qw,,,0,,wat,ALL,0,0,1992-07-16,1992-07-16,1
USGS,383040118380501,110C N08 E30 33ADCD1    City of Hawthorne Well 5,GW,38.51091667,-118.6353056,1,NAD83, 4465,  1,NGVD29,16050304,qw,00028,,0,,wat,INF,0,0,1992-07-16,1992-07-16,1
USGS,383040118380501,110C N08 E30 33ADCD1    City of Hawthorne Well 5,GW,38.51091667,-118.6353056,1,NAD83, 4465,  1,NGVD29,16050304,qw,03515,,0,,wat,RAD,182469,0,1992-07-16,1992-07-16,1
USGS,383040118380501,110C N08 E30 33ADCD1    City of Hawthorne Well 5,GW,38.51091667,-118.6353056,1,NAD83, 4465,  1,NGVD29,16050304,qw,04126,,0,,wat,RAD,182451,0,1992-07-16,1992-07-16,1
USGS,383040118380501,110C N08 E30 33ADCD1    City of Hawthorne Well 5,GW,38.51091667,-118.6353056,1,NAD83, 4465,  1,NGVD29,16050304,qw,75986,,0,,wat,RAD,182451,0,1992-07-16,1992-07-16,1
USGS,383040118380501,110C N08 E30 33ADCD1    City of Hawthorne Well 5,GW,38.51091667,-118.6353056,1,NAD83, 4465,  1,NGVD29,16050304,qw,75987,,0,,wat,RAD,182451,0,1992-07-16,1992-07-16,1
USGS,383040118380501,110C N08 E30 33ADCD1    City of Hawthorne Well 5,GW,38.51091667,-118.6353056,1,NAD83, 4465,  1,NGVD29,16050304,qw,75988,,0,,wat,RAD,182469,0,1992-07-16,1992-07-16,1
USGS,383040118380501,110C N08 E30 33ADCD1    City of Hawthorne Well 5,GW,38.51091667,-118.6353056,1,NAD83, 4465,  1,NGVD29,16050304,qw,75989,,0,,wat,RAD,182469,0,1992-07-16,1992-07-16,1
USGS,383040118380501,110C N08 E30 33ADCD1    City of Hawthorne Well 5,GW,38.51091667,-118.6353056,1,NAD83, 4465,  1,NGVD29,16050304,qw,76002,,0,,wat,RAD,197491,0,1992-07-16,1992-07-16,1
USGS,383040118380501,110C N08 E30 33ADCD1    City of Hawthorne Well 5,GW,38.51091667,-118.6353056,1,NAD83, 4465,  1,NGVD29,16050304,qw,80030,,0,,wat,RAD,182451,0,1992-07-16,1992-07-16,1
USGS,383040118380501,110C N08 E30 33ADCD1    City of Hawthorne Well 5,GW,38.51091667,-118.6353056,1,NAD83, 4465,  1,NGVD29,16050304,qw,80050,,0,,wat,RAD,182469,0,1992-07-16,1992-07-16,1
USGS,383040118380501,110C N08 E30 33ADCD1    City of Hawthorne Well 5,GW,38.51091667,-118.6353056,1,NAD83, 4465,  1,NGVD29,16050304,qw,82303,,0,,wat,RAD,197491,0,1992-07-16,1992-07-16,1
USGS,383100118330001,110C N08 E31 32BBAB1    U.S. ARMY WELL 3,GW,38.5179722,-118.5546389,1,NAD83, 4376, 15,NGVD29,16050304,ad,,,0,,wat,,0,0,2005,2013,9
USGS,383100118330001,110C N08 E31 32BBAB1    U.S. ARMY WELL 3,GW,38.5179722,-118.5546389,1,NAD83, 4376, 15,NGVD29,16050304,aw,,,0,,wat,,0,0,1952,2021,64
USGS,383100118330001,110C N08 E31 32BBAB1    U.S. ARMY WELL 3,GW,38.5179722,-118.5546389,1,NAD83, 4376, 15,NGVD29,16050304,gw,62610,,0,,wat,,1642461,0,1952-11-21,2024-02-29,70
USGS,383100118330001,110C N08 E31 32BBAB1    U.S. ARMY WELL 3,GW,38.5179722,-118.5546389,1,NAD83, 4376, 15,NGVD29,16050304,gw,62611,,0,,wat,,1642461,0,1952-11-21,2024-02-29,70
USGS,383100118330001,110C N08 E31 32BBAB1    U.S. ARMY WELL 3,GW,38.5179722,-118.5546389,1,NAD83, 4376, 15,NGVD29,16050304,gw,72019,,0,,wat,,1642008,0,1952-11-21,2024-02-29,70
USGS,383100118355001,110C N08 E30 26DDAB1    U.S. ARMY WELL 2,GW,38.521033,-118.5976327,F,NAD83, 4337,  1,NGVD29,16050304,gw,62610,,0,,wat,,1642461,0,1942-06-13,1996-03-21,41
USGS,383100118355001,110C N08 E30 26DDAB1    U.S. ARMY WELL 2,GW,38.521033,-118.5976327,F,NAD83, 4337,  1,NGVD29,16050304,gw,62611,,0,,wat,,1642461,0,1942-06-13,1996-03-21,41
USGS,383100118355001,110C N08 E30 26DDAB1    U.S. ARMY WELL 2,GW,38.521033,-118.5976327,F,NAD83, 4337,  1,NGVD29,16050304,gw,72019,,0,,wat,,1642008,0,1942-06-13,1996-03-21,41
USGS,383107118375201,110C N08 E30 27DCDC1    City of Hawthorne Well 2,GW,38.5182553,-118.6209667,F,NAD83, 4370., 20,NGVD29,16050304,gw,62610,,0,,wat,,1642461,0,1954-09-13,1957-10-21,3
USGS,383107118375201,110C N08 E30 27DCDC1    City of Hawthorne Well 2,GW,38.5182553,-118.6209667,F,NAD83, 4370., 20,NGVD29,16050304,gw,62611,,0,,wat,,1642461,0,1954-09-13,1957-10-21,3
USGS,383107118375201,110C N08 E30 27DCDC1    City of Hawthorne Well 2,GW,38.5182553,-118.6209667,F,NAD83, 4370., 20,NGVD29,16050304,gw,72019,,0,,wat,,1642008,0,1954-09-13,1957-10-21,3
USGS,383107118375201,110C N08 E30 27DCDC1    City of Hawthorne Well 2,GW,38.5182553,-118.6209667,F,NAD83, 4370., 20,NGVD29,16050304,qw,,,0,,wat,ALL,0,0,1992-07-16,2013-08-21,4
USGS,383107118375201,110C N08 E30 27DCDC1    City of Hawthorne Well 2,GW,38.5182553,-118.6209667,F,NAD83, 4370., 20,NGVD29,16050304,qw,00010,,0,,wat,PHY,1645597,0,2013-08-21,2013-08-21,1
USGS,383107118375201,110C N08 E30 27DCDC1    City of Hawthorne Well 2,GW,38.5182553,-118.6209667,F,NAD83, 4370., 20,NGVD29,16050304,qw,00025,,0,,wat,PHY,1641265,0,2013-08-21,2013-08-21,1
USGS,383107118375201,110C N08 E30 27DCDC1    City of Hawthorne Well 2,GW,38.5182553,-118.6209667,F,NAD83, 4370., 20,NGVD29,16050304,qw,00028,,0,,wat,INF,0,0,1992-07-16,1992-07-16,1
USGS,383107118375201,110C N08 E30 27DCDC1    City of Hawthorne Well 2,GW,38.5182553,-118.6209667,F,NAD83, 4370., 20,NGVD29,16050304,qw,00059,,0,,wat,PHY,1643253,0,2013-08-21,2013-08-21,1
USGS,383107118375201,110C N08 E30 27DCDC1    City of Hawthorne Well 2,GW,38.5182553,-118.6209667,F,NAD83, 4370., 20,NGVD29,16050304,qw,00095,,0,,wat,PHY,1646694,0,2013-08-21,2013-08-21,1
USGS,383107118375201,110C N08 E30 27DCDC1    City of Hawthorne Well 2,GW,38.5182553,-118.6209667,F,NAD83, 4370., 20,NGVD29,16050304,qw,00191,,0,,wat,INN,1640572,0,2013-08-21,2013-08-21,1
USGS,383107118375201,110C N08 E30 27DCDC1    City of Hawthorne Well 2,GW,38.5182553,-118.6209667,F,NAD83, 4370., 20,NGVD29,16050304,qw,00300,,0,,wat,INN,154302,0,2013-08-21,2013-08-21,1
USGS,383107118375201,110C N08 E30 27DCDC1    City of Hawthorne Well 2,GW,38.5182553,-118.6209667,F,NAD83, 4370., 20,NGVD29,16050304,qw,00301,,0,,wat,INN,154302,0,2013-08-21,2013-08-21,1
USGS,383107118375201,110C N08 E30 27DCDC1    City of Hawthorne Well 2,GW,38.5182553,-118.6209667,F,NAD83, 4370., 20,NGVD29,16050304,qw,00400,,0,,wat,PHY,17028275,0,2013-08-21,2013-08-21,1
USGS,383107118375201,110C N08 E30 27DCDC1    City of Hawthorne Well 2,GW,38.5182553,-118.6209667,F,NAD83, 4370., 20,NGVD29,16050304,qw,00403,,0,,wat,PHY,1644335,0,2013-08-21,2013-08-21,1
USGS,383107118375201,110C N08 E30 27DCDC1    City of Hawthorne Well 2,GW,38.5182553,-118.6209667,F,NAD83, 4370., 20,NGVD29,16050304,qw,00405,,0,,wat,INN,33548,0,2013-08-21,2013-08-21,3
USGS,383107118375201,110C N08 E30 27DCDC1    City of Hawthorne Well 2,GW,38.5182553,-118.6209667,F,NAD83, 4370., 20,NGVD29,16050304,qw,00452,,0,,wat,INN,119396,0,2013-08-21,2013-08-21,1
USGS,383107118375201,110C N08 E30 27DCDC1    City of Hawthorne Well 2,GW,38.5182553,-118.6209667,F,NAD83, 4370., 20,NGVD29,16050304,qw,00453,,0,,wat,INN,4788,0,2013-08-21,2013-08-21,1
USGS,383107118375201,110C N08 E30 27DCDC1    City of Hawthorne Well 2,GW,38.5182553,-118.6209667,F,NAD83, 4370., 20,NGVD29,16050304,qw,00597,,0,,wat,INN,153122,0,2013-08-21,2013-08-21,2
USGS,383107118375201,110C N08 E30 27DCDC1    City of Hawthorne Well 2,GW,38.5182553,-118.6209667,F,NAD83, 4370., 20,NGVD29,16050304,qw,00608,,0,,wat,NUT,966655,0,2013-08-21,2013-08-21,1
USGS,383107118375201,110C N08 E30 27DCDC1    City of Hawthorne Well 2,GW,38.5182553,-118.6209667,F,NAD83, 4370., 20,NGVD29,16050304,qw,00613,,0,,wat,NUT,197194,0,2013-08-21,2013-08-21,1
USGS,383107118375201,110C N08 E30 27DCDC1    City of Hawthorne Well 2,GW,38.5182553,-118.6209667,F,NAD83, 4370., 20,NGVD29,16050304,qw,00618,,0,,wat,NUT,197186,0,2013-08-21,2013-08-21,1
USGS,383107118375201,110C N08 E30 27DCDC1    City of Hawthorne Well 2,GW,38.5182553,-118.6209667,F,NAD83, 4370., 20,NGVD29,16050304,qw,00631,,0,,wat,NUT,701177,0,2013-08-21,2013-08-21,1
USGS,383107118375201,110C N08 E30 27DCDC1    City of Hawthorne Well 2,GW,38.5182553,-118.6209667,F,NAD83, 4370., 20,NGVD29,16050304,qw,00660,,0,,wat,NUT,194464,0,2013-08-21,2013-08-21,1
USGS,383107118375201,110C N08 E30 27DCDC1    City of Hawthorne Well 2,GW,38.5182553,-118.6209667,F,NAD83, 4370., 20,NGVD29,16050304,qw,00671,,0,,wat,NUT,194464,0,2013-08-21,2013-08-21,1
USGS,383107118375201,110C N08 E30 27DCDC1    City of Hawthorne Well 2,GW,38.5182553,-118.6209667,F,NAD83, 4370., 20,NGVD29,16050304,qw,00681,,0,,wat,OOT,701250,0,2013-08-21,2013-08-21,1
USGS,383107118375201,110C N08 E30 27DCDC1    City of Hawthorne Well 2,GW,38.5182553,-118.6209667,F,NAD83, 4370., 20,NGVD29,16050304,qw,00900,,0,,wat,PHY,1640416,0,2013-08-21,2013-08-21,1
USGS,383107118375201,110C N08 E30 27DCDC1    City of Hawthorne Well 2,GW,38.5182553,-118.6209667,F,NAD83, 4370., 20,NGVD29,16050304,qw,00904,,0,,wat,PHY,1640432,0,2013-08-21,2013-08-21,1
USGS,383107118375201,110C N08 E30 27DCDC1    City of Hawthorne Well 2,GW,38.5182553,-118.6209667,F,NAD83, 4370., 20,NGVD29,16050304,qw,00915,,0,,wat,INM,150268,0,2013-08-21,2013-08-21,1
USGS,383107118375201,110C N08 E30 27DCDC1    City of Hawthorne Well 2,GW,38.5182553,-118.6209667,F,NAD83, 4370., 20,NGVD29,16050304,qw,00925,,0,,wat,INM,149617,0,2013-08-21,2013-08-21,1
USGS,383107118375201,110C N08 E30 27DCDC1    City of Hawthorne Well 2,GW,38.5182553,-118.6209667,F,NAD83, 4370., 20,NGVD29,16050304,qw,00930,,0,,wat,INM,149856,0,2013-08-21,2013-08-21,1
USGS,383107118375201,110C N08 E30 27DCDC1    City of Hawthorne Well 2,GW,38.5182553,-118.6209667,F,NAD83, 4370., 20,NGVD29,16050304,qw,00931,,0,,wat,INM,1640523,0,2013-08-21,2013-08-21,1
USGS,383107118375201,110C N08 E30 27DCDC1    City of Hawthorne Well 2,GW,38.5182553,-118.6209667,F,NAD83, 4370., 20,NGVD29,16050304,qw,00932,,0,,wat,INM,1646660,0,2013-08-21,2013-08-21,1
USGS,383107118375201,110C N08 E30 27DCDC1    City of Hawthorne Well 2,GW,38.5182553,-118.6209667,F,NAD83, 4370., 20,NGVD29,16050304,qw,00935,,0,,wat,INM,149740,0,2013-08-21,2013-08-21,1
USGS,383107118375201,110C N08 E30 27DCDC1    City of Hawthorne Well 2,GW,38.5182553,-118.6209667,F,NAD83, 4370., 20,NGVD29,16050304,qw,00940,,0,,wat,INN,205955,0,2013-08-21,2013-08-21,1
USGS,383107118375201,110C N08 E30 27DCDC1    City of Hawthorne Well 2,GW,38.5182553,-118.6209667,F,NAD83, 4370., 20,NGVD29,16050304,qw,00945,,0,,wat,INN,197301,0,2013-08-21,2013-08-21,1
USGS,383107118375201,110C N08 E30 27DCDC1    City of Hawthorne Well 2,GW,38.5182553,-118.6209667,F,NAD83, 4370., 20,NGVD29,16050304,qw,00950,,0,,wat,INN,206706,0,2013-08-21,2013-08-21,1
USGS,383107118375201,110C N08 E30 27DCDC1    City of Hawthorne Well 2,GW,38.5182553,-118.6209667,F,NAD83, 4370., 20,NGVD29,16050304,qw,00955,,0,,wat,INN,151977,0,2013-08-21,2013-08-21,1
USGS,383107118375201,110C N08 E30 27DCDC1    City of Hawthorne Well 2,GW,38.5182553,-118.6209667,F,NAD83, 4370., 20,NGVD29,16050304,qw,01000,,0,,wat,IMN,149989,0,2013-08-21,2013-08-21,1
USGS,383107118375201,110C N08 E30 27DCDC1    City of Hawthorne Well 2,GW,38.5182553,-118.6209667,F,NAD83, 4370., 20,NGVD29,16050304,qw,01005,,0,,wat,IMM,149997,0,2013-08-21,2013-08-21,1
USGS,383107118375201,110C N08 E30 27DCDC1    City of Hawthorne Well 2,GW,38.5182553,-118.6209667,F,NAD83, 4370., 20,NGVD29,16050304,qw,01010,,0,,wat,IMM,150003,0,2013-08-21,2013-08-21,1
USGS,383107118375201,110C N08 E30 27DCDC1    City of Hawthorne Well 2,GW,38.5182553,-118.6209667,F,NAD83, 4370., 20,NGVD29,16050304,qw,01020,,0,,wat,IMN,150011,0,2013-08-21,2013-08-21,1
USGS,383107118375201,110C N08 E30 27DCDC1    City of Hawthorne Well 2,GW,38.5182553,-118.6209667,F,NAD83, 4370., 20,NGVD29,16050304,qw,01025,,0,,wat,IMM,150029,0,2013-08-21,2013-08-21,1
USGS,383107118375201,110C N08 E30 27DCDC1    City of Hawthorne Well 2,GW,38.5182553,-118.6209667,F,NAD83, 4370., 20,NGVD29,16050304,qw,01030,,0,,wat,IMM,150060,0,2013-08-21,2013-08-21,1
USGS,383107118375201,110C N08 E30 27DCDC1    City of Hawthorne Well 2,GW,38.5182553,-118.6209667,F,NAD83, 4370., 20,NGVD29,16050304,qw,01035,,0,,wat,IMM,150078,0,2013-08-21,2013-08-21,1
USGS,383107118375201,110C N08 E30 27DCDC1    City of Hawthorne Well 2,GW,38.5182553,-118.6209667,F,NAD83, 4370., 20,NGVD29,16050304,qw,01040,,0,,wat,IMM,150086,0,2013-08-21,2013-08-21,1
USGS,383107118375201,110C N08 E30 27DCDC1    City of Hawthorne Well 2,GW,38.5182553,-118.6209667,F,NAD83, 4370., 20,NGVD29,16050304,qw,01046,,0,,wat,IMM,149559,0,2013-08-21,2013-08-21,1
USGS,383107118375201,110C N08 E30 27DCDC1    City of Hawthorne Well 2,GW,38.5182553,-118.6209667,F,NAD83, 4370., 20,NGVD29,16050304,qw,01049,,0,,wat,IMM,149583,0,2013-08-21,2013-08-21,1
USGS,383107118375201,110C N08 E30 27DCDC1    City of Hawthorne Well 2,GW,38.5182553,-118.6209667,F,NAD83, 4370., 20,NGVD29,16050304,qw,01056,,0,,wat,IMM,149625,0,2013-08-21,2013-08-21,1
USGS,383107118375201,110C N08 E30 27DCDC1    City of Hawthorne Well 2,GW,38.5182553,-118.6209667,F,NAD83, 4370., 20,NGVD29,16050304,qw,01057,,0,,wat,IMM,149898,0,2013-08-21,2013-08-21,1
USGS,383107118375201,110C N08 E30 27DCDC1    City of Hawthorne Well 2,GW,38.5182553,-118.6209667,F,NAD83, 4370., 20,NGVD29,16050304,qw,01060,,0,,wat,IMM,149641,0,2013-08-21,2013-08-21,1
USGS,383107118375201,110C N08 E30 27DCDC1    City of Hawthorne Well 2,GW,38.5182553,-118.6209667,F,NAD83, 4370., 20,NGVD29,16050304,qw,01065,,0,,wat,IMM,149674,0,2013-08-21,2013-08-21,1
USGS,383107118375201,110C N08 E30 27DCDC1    City of Hawthorne Well 2,GW,38.5182553,-118.6209667,F,NAD83, 4370., 20,NGVD29,16050304,qw,01075,,0,,wat,IMM,149849,0,2013-08-21,2013-08-21,1
USGS,383107118375201,110C N08 E30 27DCDC1    City of Hawthorne Well 2,GW,38.5182553,-118.6209667,F,NAD83, 4370., 20,NGVD29,16050304,qw,01080,,0,,wat,IMM,149864,0,2013-08-21,2013-08-21,1
USGS,383107118375201,110C N08 E30 27DCDC1    City of Hawthorne Well 2,GW,38.5182553,-118.6209667,F,NAD83, 4370., 20,NGVD29,16050304,qw,01085,,0,,wat,IMM,150193,0,2013-08-21,2013-08-21,1
USGS,383107118375201,110C N08 E30 27DCDC1    City of Hawthorne Well 2,GW,38.5182553,-118.6209667,F,NAD83, 4370., 20,NGVD29,16050304,qw,01090,,0,,wat,IMM,150235,0,2013-08-21,2013-08-21,1
USGS,383107118375201,110C N08 E30 27DCDC1    City of Hawthorne Well 2,GW,38.5182553,-118.6209667,F,NAD83, 4370., 20,NGVD29,16050304,qw,01095,,0,,wat,IMN,149963,0,2013-08-21,2013-08-21,1
USGS,383107118375201,110C N08 E30 27DCDC1    City of Hawthorne Well 2,GW,38.5182553,-118.6209667,F,NAD83, 4370., 20,NGVD29,16050304,qw,01106,,0,,wat,IMM,149476,0,2013-08-21,2013-08-21,1
USGS,383107118375201,110C N08 E30 27DCDC1    City of Hawthorne Well 2,GW,38.5182553,-118.6209667,F,NAD83, 4370., 20,NGVD29,16050304,qw,01130,,0,,wat,IMM,149591,0,2013-08-21,2013-08-21,1
USGS,383107118375201,110C N08 E30 27DCDC1    City of Hawthorne Well 2,GW,38.5182553,-118.6209667,F,NAD83, 4370., 20,NGVD29,16050304,qw,01145,,0,,wat,IMN,154310,0,2013-08-21,2013-08-21,1
USGS,383107118375201,110C N08 E30 27DCDC1    City of Hawthorne Well 2,GW,38.5182553,-118.6209667,F,NAD83, 4370., 20,NGVD29,16050304,qw,03515,,0,,wat,RAD,182469,0,1992-07-16,1992-07-16,1
USGS,383107118375201,110C N08 E30 27DCDC1    City of Hawthorne Well 2,GW,38.5182553,-118.6209667,F,NAD83, 4370., 20,NGVD29,16050304,qw,04126,,0,,wat,RAD,182451,0,1992-07-16,1992-07-16,1
USGS,383107118375201,110C N08 E30 27DCDC1    City of Hawthorne Well 2,GW,38.5182553,-118.6209667,F,NAD83, 4370., 20,NGVD29,16050304,qw,07000,,0,,wat,RAD,166686,0,2013-08-21,2013-08-21,1
USGS,383107118375201,110C N08 E30 27DCDC1    City of Hawthorne Well 2,GW,38.5182553,-118.6209667,F,NAD83, 4370., 20,NGVD29,16050304,qw,17503,,0,,wat,RAD,194316,0,2013-08-21,2013-08-21,1
USGS,383107118375201,110C N08 E30 27DCDC1    City of Hawthorne Well 2,GW,38.5182553,-118.6209667,F,NAD83, 4370., 20,NGVD29,16050304,qw,19503,,0,,wat,RAD,192815,0,2013-08-21,2013-08-21,1
USGS,383107118375201,110C N08 E30 27DCDC1    City of Hawthorne Well 2,GW,38.5182553,-118.6209667,F,NAD83, 4370., 20,NGVD29,16050304,qw,22703,,0,,wat,RAD,150185,0,2013-08-21,2013-08-21,1
USGS,383107118375201,110C N08 E30 27DCDC1    City of Hawthorne Well 2,GW,38.5182553,-118.6209667,F,NAD83, 4370., 20,NGVD29,16050304,qw,32101,,0,,wat,OOT,5462,0,2013-08-21,2013-08-21,1
USGS,383107118375201,110C N08 E30 27DCDC1    City of Hawthorne Well 2,GW,38.5182553,-118.6209667,F,NAD83, 4370., 20,NGVD29,16050304,qw,32102,,0,,wat,OOT,2071,0,2013-08-21,2013-08-21,1
USGS,383107118375201,110C N08 E30 27DCDC1    City of Hawthorne Well 2,GW,38.5182553,-118.6209667,F,NAD83, 4370., 20,NGVD29,16050304,qw,32103,,0,,wat,OPE,24117,0,2013-08-21,2013-08-21,1
USGS,383107118375201,110C N08 E30 27DCDC1    City of Hawthorne Well 2,GW,38.5182553,-118.6209667,F,NAD83, 4370., 20,NGVD29,16050304,qw,32104,,0,,wat,OOT,5447,0,2013-08-21,2013-08-21,1
USGS,383107118375201,110C N08 E30 27DCDC1    City of Hawthorne Well 2,GW,38.5182553,-118.6209667,F,NAD83, 4370., 20,NGVD29,16050304,qw,32105,,0,,wat,OOT,33597,0,2013-08-21,2013-08-21,1
USGS,383107118375201,110C N08 E30 27DCDC1    City of Hawthorne Well 2,GW,38.5182553,-118.6209667,F,NAD83, 4370., 20,NGVD29,16050304,qw,32106,,0,,wat,OOT,4317,0,2013-08-21,2013-08-21,1
USGS,383107118375201,110C N08 E30 27DCDC1    City of Hawthorne Well 2,GW,38.5182553,-118.6209667,F,NAD83, 4370., 20,NGVD29,16050304,qw,34010,,0,,wat,OOT,25452,0,2013-08-21,2013-08-21,1
USGS,383107118375201,110C N08 E30 27DCDC1    City of Hawthorne Well 2,GW,38.5182553,-118.6209667,F,NAD83, 4370., 20,NGVD29,16050304,qw,34030,,0,,wat,OOT,4754,0,2013-08-21,2013-08-21,1
USGS,383107118375201,110C N08 E30 27DCDC1    City of Hawthorne Well 2,GW,38.5182553,-118.6209667,F,NAD83, 4370., 20,NGVD29,16050304,qw,34301,,0,,wat,OOT,25478,0,2013-08-21,2013-08-21,1
USGS,383107118375201,110C N08 E30 27DCDC1    City of Hawthorne Well 2,GW,38.5182553,-118.6209667,F,NAD83, 4370., 20,NGVD29,16050304,qw,34371,,0,,wat,OOT,19406,0,2013-08-21,2013-08-21,1
USGS,383107118375201,110C N08 E30 27DCDC1    City of Hawthorne Well 2,GW,38.5182553,-118.6209667,F,NAD83, 4370., 20,NGVD29,16050304,qw,34386,,0,,wat,OOT,6494,0,2013-08-21,2013-08-21,1
USGS,383107118375201,110C N08 E30 27DCDC1    City of Hawthorne Well 2,GW,38.5182553,-118.6209667,F,NAD83, 4370., 20,NGVD29,16050304,qw,34408,,0,,wat,OOT,7187,0,2013-08-21,2013-08-21,1
USGS,383107118375201,110C N08 E30 27DCDC1    City of Hawthorne Well 2,GW,38.5182553,-118.6209667,F,NAD83, 4370., 20,NGVD29,16050304,qw,34413,,0,,wat,OPE,5074,0,2013-08-21,2013-08-21,1
USGS,383107118375201,110C N08 E30 27DCDC1    City of Hawthorne Well 2,GW,38.5182553,-118.6209667,F,NAD83, 4370., 20,NGVD29,16050304,qw,34418,,0,,wat,OOT,5116,0,2013-08-21,2013-08-21,1
USGS,383107118375201,110C N08 E30 27DCDC1    City of Hawthorne Well 2,GW,38.5182553,-118.6209667,F,NAD83, 4370., 20,NGVD29,16050304,qw,34423,,0,,wat,OOT,5306,0,2013-08-21,2013-08-21,1
USGS,383107118375201,110C N08 E30 27DCDC1    City of Hawthorne Well 2,GW,38.5182553,-118.6209667,F,NAD83, 4370., 20,NGVD29,16050304,qw,34447,,0,,wat,OOT,18408,0,2013-08-21,2013-08-21,1
USGS,383107118375201,110C N08 E30 27DCDC1    City of Hawthorne Well 2,GW,38.5182553,-118.6209667,F,NAD83, 4370., 20,NGVD29,16050304,qw,34475,,0,,wat,OOT,34157,0,2013-08-21,2013-08-21,1
USGS,383107118375201,110C N08 E30 27DCDC1    City of Hawthorne Well 2,GW,38.5182553,-118.6209667,F,NAD83, 4370., 20,NGVD29,16050304,qw,34496,,0,,wat,OOT,5520,0,2013-08-21,2013-08-21,1
USGS,383107118375201,110C N08 E30 27DCDC1    City of Hawthorne Well 2,GW,38.5182553,-118.6209667,F,NAD83, 4370., 20,NGVD29,16050304,qw,34501,,0,,wat,OOT,5538,0,2013-08-21,2013-08-21,1
USGS,383107118375201,110C N08 E30 27DCDC1    City of Hawthorne Well 2,GW,38.5182553,-118.6209667,F,NAD83, 4370., 20,NGVD29,16050304,qw,34506,,0,,wat,OOT,4796,0,2013-08-21,2013-08-21,1
USGS,383107118375201,110C N08 E30 27DCDC1    City of Hawthorne Well 2,GW,38.5182553,-118.6209667,F,NAD83, 4370., 20,NGVD29,16050304,qw,34511,,0,,wat,OOT,7518,0,2013-08-21,2013-08-21,1
USGS,383107118375201,110C N08 E30 27DCDC1    City of Hawthorne Well 2,GW,38.5182553,-118.6209667,F,NAD83, 4370., 20,NGVD29,16050304,qw,34536,,0,,wat,OOT,16162,0,2013-08-21,2013-08-21,1
USGS,383107118375201,110C N08 E30 27DCDC1    City of Hawthorne Well 2,GW,38.5182553,-118.6209667,F,NAD83, 4370., 20,NGVD29,16050304,qw,34541,,0,,wat,OPE,7393,0,2013-08-21,2013-08-21,1
USGS,383107118375201,110C N08 E30 27DCDC1    City of Hawthorne Well 2,GW,38.5182553,-118.6209667,F,NAD83, 4370., 20,NGVD29,16050304,qw,34546,,0,,wat,OOT,40469,0,2013-08-21,2013-08-21,1
USGS,383107118375201,110C N08 E30 27DCDC1    City of Hawthorne Well 2,GW,38.5182553,-118.6209667,F,NAD83, 4370., 20,NGVD29,16050304,qw,34551,,0,,wat,OOT,31435,0,2013-08-21,2013-08-21,1
USGS,383107118375201,110C N08 E30 27DCDC1    City of Hawthorne Well 2,GW,38.5182553,-118.6209667,F,NAD83, 4370., 20,NGVD29,16050304,qw,34571,,0,,wat,OPE,23622,0,2013-08-21,2013-08-21,1
USGS,383107118375201,110C N08 E30 27DCDC1    City of Hawthorne Well 2,GW,38.5182553,-118.6209667,F,NAD83, 4370., 20,NGVD29,16050304,qw,34696,,0,,wat,OOT,13326,0,2013-08-21,2013-08-21,1
USGS,383107118375201,110C N08 E30 27DCDC1    City of Hawthorne Well 2,GW,38.5182553,-118.6209667,F,NAD83, 4370., 20,NGVD29,16050304,qw,34699,,0,,wat,OPE,167452,0,2013-08-21,2013-08-21,1
USGS,383107118375201,110C N08 E30 27DCDC1    City of Hawthorne Well 2,GW,38.5182553,-118.6209667,F,NAD83, 4370., 20,NGVD29,16050304,qw,34704,,0,,wat,OPE,167445,0,2013-08-21,2013-08-21,1
USGS,383107118375201,110C N08 E30 27DCDC1    City of Hawthorne Well 2,GW,38.5182553,-118.6209667,F,NAD83, 4370., 20,NGVD29,16050304,qw,39086,,0,,wat,INN,1640192,0,2013-08-21,2013-08-21,1
USGS,383107118375201,110C N08 E30 27DCDC1    City of Hawthorne Well 2,GW,38.5182553,-118.6209667,F,NAD83, 4370., 20,NGVD29,16050304,qw,39175,,0,,wat,OOT,5231,0,2013-08-21,2013-08-21,1
USGS,383107118375201,110C N08 E30 27DCDC1    City of Hawthorne Well 2,GW,38.5182553,-118.6209667,F,NAD83, 4370., 20,NGVD29,16050304,qw,39180,,0,,wat,OOT,7526,0,2013-08-21,2013-08-21,1
USGS,383107118375201,110C N08 E30 27DCDC1    City of Hawthorne Well 2,GW,38.5182553,-118.6209667,F,NAD83, 4370., 20,NGVD29,16050304,qw,45013,,0,,wat,OOT,24943,0,2013-08-21,2013-08-21,1
USGS,383107118375201,110C N08 E30 27DCDC1    City of Hawthorne Well 2,GW,38.5182553,-118.6209667,F,NAD83, 4370., 20,NGVD29,16050304,qw,45022,,0,,wat,OOT,25973,0,2013-08-21,2013-08-21,1
USGS,383107118375201,110C N08 E30 27DCDC1    City of Hawthorne Well 2,GW,38.5182553,-118.6209667,F,NAD83, 4370., 20,NGVD29,16050304,qw,45028,,0,,wat,OOT,5595,0,2013-08-21,2013-08-21,1
USGS,383107118375201,110C N08 E30 27DCDC1    City of Hawthorne Well 2,GW,38.5182553,-118.6209667,F,NAD83, 4370., 20,NGVD29,16050304,qw,49538,,0,,wat,OOT,5553,0,2013-08-21,2013-08-21,1
USGS,383107118375201,110C N08 E30 27DCDC1    City of Hawthorne Well 2,GW,38.5182553,-118.6209667,F,NAD83, 4370., 20,NGVD29,16050304,qw,49933,,0,,wat,RAD,197046,0,2013-08-21,2013-08-21,1
USGS,383107118375201,110C N08 E30 27DCDC1    City of Hawthorne Well 2,GW,38.5182553,-118.6209667,F,NAD83, 4370., 20,NGVD29,16050304,qw,49934,,0,,wat,RAD,197046,0,2013-08-21,2013-08-21,1
USGS,383107118375201,110C N08 E30 27DCDC1    City of Hawthorne Well 2,GW,38.5182553,-118.6209667,F,NAD83, 4370., 20,NGVD29,16050304,qw,50280,,0,,wat,INF,0,0,2013-08-21,2013-08-21,3
USGS,383107118375201,110C N08 E30 27DCDC1    City of Hawthorne Well 2,GW,38.5182553,-118.6209667,F,NAD83, 4370., 20,NGVD29,16050304,qw,50468,,0,,wat,MBI,457804,0,2013-08-21,2013-08-21,1
USGS,383107118375201,110C N08 E30 27DCDC1    City of Hawthorne Well 2,GW,38.5182553,-118.6209667,F,NAD83, 4370., 20,NGVD29,16050304,qw,50569,,0,,wat,MBI,761700,0,2013-08-21,2013-08-21,1
USGS,383107118375201,110C N08 E30 27DCDC1    City of Hawthorne Well 2,GW,38.5182553,-118.6209667,F,NAD83, 4370., 20,NGVD29,16050304,qw,50985,,0,,wat,OOT,6155,0,2013-08-21,2013-08-21,1
USGS,383107118375201,110C N08 E30 27DCDC1    City of Hawthorne Well 2,GW,38.5182553,-118.6209667,F,NAD83, 4370., 20,NGVD29,16050304,qw,61678,,0,,wat,OPE,342899,0,2013-08-21,2013-08-21,1
USGS,383107118375201,110C N08 E30 27DCDC1    City of Hawthorne Well 2,GW,38.5182553,-118.6209667,F,NAD83, 4370., 20,NGVD29,16050304,qw,61679,,0,,wat,OPE,609586,0,2013-08-21,2013-08-21,1
USGS,383107118375201,110C N08 E30 27DCDC1    City of Hawthorne Well 2,GW,38.5182553,-118.6209667,F,NAD83, 4370., 20,NGVD29,16050304,qw,61680,,0,,wat,OPE,698704,0,2013-08-21,2013-08-21,1
USGS,383107118375201,110C N08 E30 27DCDC1    City of Hawthorne Well 2,GW,38.5182553,-118.6209667,F,NAD83, 4370., 20,NGVD29,16050304,qw,61682,,0,,wat,OPE,592790,0,2013-08-21,2013-08-21,1
USGS,383107118375201,110C N08 E30 27DCDC1    City of Hawthorne Well 2,GW,38.5182553,-118.6209667,F,NAD83, 4370., 20,NGVD29,16050304,qw,61683,,0,,wat,OPE,592824,0,2013-08-21,2013-08-21,1
USGS,383107118375201,110C N08 E30 27DCDC1    City of Hawthorne Well 2,GW,38.5182553,-118.6209667,F,NAD83, 4370., 20,NGVD29,16050304,qw,61685,,0,,wat,OPE,617548,0,2013-08-21,2013-08-21,1
USGS,383107118375201,110C N08 E30 27DCDC1    City of Hawthorne Well 2,GW,38.5182553,-118.6209667,F,NAD83, 4370., 20,NGVD29,16050304,qw,61687,,0,,wat,OPE,604413,0,2013-08-21,2013-08-21,1
USGS,383107118375201,110C N08 E30 27DCDC1    City of Hawthorne Well 2,GW,38.5182553,-118.6209667,F,NAD83, 4370., 20,NGVD29,16050304,qw,62174,,0,,wat,OOT,41855,0,2013-08-21,2013-08-21,1
USGS,383107118375201,110C N08 E30 27DCDC1    City of Hawthorne Well 2,GW,38.5182553,-118.6209667,F,NAD83, 4370., 20,NGVD29,16050304,qw,62636,,0,,wat,RAD,182451,0,2013-08-21,2013-08-21,1
USGS,383107118375201,110C N08 E30 27DCDC1    City of Hawthorne Well 2,GW,38.5182553,-118.6209667,F,NAD83, 4370., 20,NGVD29,16050304,qw,62639,,0,,wat,RAD,182451,0,2013-08-21,2013-08-21,1
USGS,383107118375201,110C N08 E30 27DCDC1    City of Hawthorne Well 2,GW,38.5182553,-118.6209667,F,NAD83, 4370., 20,NGVD29,16050304,qw,62642,,0,,wat,RAD,182469,0,2013-08-21,2013-08-21,1
USGS,383107118375201,110C N08 E30 27DCDC1    City of Hawthorne Well 2,GW,38.5182553,-118.6209667,F,NAD83, 4370., 20,NGVD29,16050304,qw,62645,,0,,wat,RAD,182469,0,2013-08-21,2013-08-21,1
USGS,383107118375201,110C N08 E30 27DCDC1    City of Hawthorne Well 2,GW,38.5182553,-118.6209667,F,NAD83, 4370., 20,NGVD29,16050304,qw,62835,,0,,wat,INF,0,0,2013-08-21,2013-08-21,1
USGS,383107118375201,110C N08 E30 27DCDC1    City of Hawthorne Well 2,GW,38.5182553,-118.6209667,F,NAD83, 4370., 20,NGVD29,16050304,qw,62854,,0,,wat,NUT,52450988,0,2013-08-21,2013-08-21,1
USGS,383107118375201,110C N08 E30 27DCDC1    City of Hawthorne Well 2,GW,38.5182553,-118.6209667,F,NAD83, 4370., 20,NGVD29,16050304,qw,62971,,0,,wat,INN,154302,0,2013-08-21,2013-08-21,2
USGS,383107118375201,110C N08 E30 27DCDC1    City of Hawthorne Well 2,GW,38.5182553,-118.6209667,F,NAD83, 4370., 20,NGVD29,16050304,qw,63149,,0,,wat,IMN,104364,0,2013-08-21,2013-08-21,2
USGS,383107118375201,110C N08 E30 27DCDC1    City of Hawthorne Well 2,GW,38.5182553,-118.6209667,F,NAD83, 4370., 20,NGVD29,16050304,qw,63675,,0,,wat,PHY,1640507,0,2013-08-21,2013-08-21,1
USGS,383107118375201,110C N08 E30 27DCDC1    City of Hawthorne Well 2,GW,38.5182553,-118.6209667,F,NAD83, 4370., 20,NGVD29,16050304,qw,65064,,0,,wat,OPE,202549,0,2013-08-21,2013-08-21,1
USGS,383107118375201,110C N08 E30 27DCDC1    City of Hawthorne Well 2,GW,38.5182553,-118.6209667,F,NAD83, 4370., 20,NGVD29,16050304,qw,65066,,0,,wat,OPE,10777,0,2013-08-21,2013-08-21,1
USGS,383107118375201,110C N08 E30 27DCDC1    City of Hawthorne Well 2,GW,38.5182553,-118.6209667,F,NAD83, 4370., 20,NGVD29,16050304,qw,65067,,0,,wat,OPE,594945,0,2013-08-21,2013-08-21,1
USGS,383107118375201,110C N08 E30 27DCDC1    City of Hawthorne Well 2,GW,38.5182553,-118.6209667,F,NAD83, 4370., 20,NGVD29,16050304,qw,65068,,0,,wat,OPE,95398,0,2013-08-21,2013-08-21,1
USGS,383107118375201,110C N08 E30 27DCDC1    City of Hawthorne Well 2,GW,38.5182553,-118.6209667,F,NAD83, 4370., 20,NGVD29,16050304,qw,65069,,0,,wat,OPE,3723,0,2013-08-21,2013-08-21,1
USGS,383107118375201,110C N08 E30 27DCDC1    City of Hawthorne Well 2,GW,38.5182553,-118.6209667,F,NAD83, 4370., 20,NGVD29,16050304,qw,65070,,0,,wat,OPE,88666,0,2013-08-21,2013-08-21,1
USGS,383107118375201,110C N08 E30 27DCDC1    City of Hawthorne Well 2,GW,38.5182553,-118.6209667,F,NAD83, 4370., 20,NGVD29,16050304,qw,65072,,0,,wat,OPE,108852,0,2013-08-21,2013-08-21,1
USGS,383107118375201,110C N08 E30 27DCDC1    City of Hawthorne Well 2,GW,38.5182553,-118.6209667,F,NAD83, 4370., 20,NGVD29,16050304,qw,65078,,0,,wat,OPE,42705,0,2013-08-21,2013-08-21,1
USGS,383107118375201,110C N08 E30 27DCDC1    City of Hawthorne Well 2,GW,38.5182553,-118.6209667,F,NAD83, 4370., 20,NGVD29,16050304,qw,65080,,0,,wat,OPE,69252,0,2013-08-21,2013-08-21,1
USGS,383107118375201,110C N08 E30 27DCDC1    City of Hawthorne Well 2,GW,38.5182553,-118.6209667,F,NAD83, 4370., 20,NGVD29,16050304,qw,65084,,0,,wat,OPE,74971,0,2013-08-21,2013-08-21,1
USGS,383107118375201,110C N08 E30 27DCDC1    City of Hawthorne Well 2,GW,38.5182553,-118.6209667,F,NAD83, 4370., 20,NGVD29,16050304,qw,65085,,0,,wat,OPE,291062,0,2013-08-21,2013-08-21,1
USGS,383107118375201,110C N08 E30 27DCDC1    City of Hawthorne Well 2,GW,38.5182553,-118.6209667,F,NAD83, 4370., 20,NGVD29,16050304,qw,65087,,0,,wat,OPE,31922,0,2013-08-21,2013-08-21,1
USGS,383107118375201,110C N08 E30 27DCDC1    City of Hawthorne Well 2,GW,38.5182553,-118.6209667,F,NAD83, 4370., 20,NGVD29,16050304,qw,65088,,0,,wat,OPE,75127,0,2013-08-21,2013-08-21,1
USGS,383107118375201,110C N08 E30 27DCDC1    City of Hawthorne Well 2,GW,38.5182553,-118.6209667,F,NAD83, 4370., 20,NGVD29,16050304,qw,65090,,0,,wat,OPE,291013,0,2013-08-21,2013-08-21,1
USGS,383107118375201,110C N08 E30 27DCDC1    City of Hawthorne Well 2,GW,38.5182553,-118.6209667,F,NAD83, 4370., 20,NGVD29,16050304,qw,65091,,0,,wat,OPE,98590,0,2013-08-21,2013-08-21,1
USGS,383107118375201,110C N08 E30 27DCDC1    City of Hawthorne Well 2,GW,38.5182553,-118.6209667,F,NAD83, 4370., 20,NGVD29,16050304,qw,65093,,0,,wat,OPE,286278,0,2013-08-21,2013-08-21,1
USGS,383107118375201,110C N08 E30 27DCDC1    City of Hawthorne Well 2,GW,38.5182553,-118.6209667,F,NAD83, 4370., 20,NGVD29,16050304,qw,65098,,0,,wat,OPE,281436,0,2013-08-21,2013-08-21,1
USGS,383107118375201,110C N08 E30 27DCDC1    City of Hawthorne Well 2,GW,38.5182553,-118.6209667,F,NAD83, 4370., 20,NGVD29,16050304,qw,65102,,0,,wat,OPE,1263,0,2013-08-21,2013-08-21,1
USGS,383107118375201,110C N08 E30 27DCDC1    City of Hawthorne Well 2,GW,38.5182553,-118.6209667,F,NAD83, 4370., 20,NGVD29,16050304,qw,65103,,0,,wat,OPE,148098,0,2013-08-21,2013-08-21,1
USGS,383107118375201,110C N08 E30 27DCDC1    City of Hawthorne Well 2,GW,38.5182553,-118.6209667,F,NAD83, 4370., 20,NGVD29,16050304,qw,65105,,0,,wat,OPE,32219,0,2013-08-21,2013-08-21,1
USGS,383107118375201,110C N08 E30 27DCDC1    City of Hawthorne Well 2,GW,38.5182553,-118.6209667,F,NAD83, 4370., 20,NGVD29,16050304,qw,65107,,0,,wat,OPE,248542,0,2013-08-21,2013-08-21,1
USGS,383107118375201,110C N08 E30 27DCDC1    City of Hawthorne Well 2,GW,38.5182553,-118.6209667,F,NAD83, 4370., 20,NGVD29,16050304,qw,66589,,0,,wat,OPE,627422,0,2013-08-21,2013-08-21,1
USGS,383107118375201,110C N08 E30 27DCDC1    City of Hawthorne Well 2,GW,38.5182553,-118.6209667,F,NAD83, 4370., 20,NGVD29,16050304,qw,66592,,0,,wat,OPE,220400,0,2013-08-21,2013-08-21,1
USGS,383107118375201,110C N08 E30 27DCDC1    City of Hawthorne Well 2,GW,38.5182553,-118.6209667,F,NAD83, 4370., 20,NGVD29,16050304,qw,66596,,0,,wat,OPE,3400,0,2013-08-21,2013-08-21,1
USGS,383107118375201,110C N08 E30 27DCDC1    City of Hawthorne Well 2,GW,38.5182553,-118.6209667,F,NAD83, 4370., 20,NGVD29,16050304,qw,66598,,0,,wat,OPE,42606,0,2013-08-21,2013-08-21,1
USGS,383107118375201,110C N08 E30 27DCDC1    City of Hawthorne Well 2,GW,38.5182553,-118.6209667,F,NAD83, 4370., 20,NGVD29,16050304,qw,66604,,0,,wat,OPE,621722,0,2013-08-21,2013-08-21,1
USGS,383107118375201,110C N08 E30 27DCDC1    City of Hawthorne Well 2,GW,38.5182553,-118.6209667,F,NAD83, 4370., 20,NGVD29,16050304,qw,66607,,0,,wat,OPE,1735485,0,2013-08-21,2013-08-21,1
USGS,383107118375201,110C N08 E30 27DCDC1    City of Hawthorne Well 2,GW,38.5182553,-118.6209667,F,NAD83, 4370., 20,NGVD29,16050304,qw,66610,,0,,wat,OPE,17131236,0,2013-08-21,2013-08-21,1
USGS,383107118375201,110C N08 E30 27DCDC1    City of Hawthorne Well 2,GW,38.5182553,-118.6209667,F,NAD83, 4370., 20,NGVD29,16050304,qw,66613,,0,,wat,OPE,1735477,0,2013-08-21,2013-08-21,1
USGS,383107118375201,110C N08 E30 27DCDC1    City of Hawthorne Well 2,GW,38.5182553,-118.6209667,F,NAD83, 4370., 20,NGVD29,16050304,qw,66620,,0,,wat,OPE,964304,0,2013-08-21,2013-08-21,1
USGS,383107118375201,110C N08 E30 27DCDC1    City of Hawthorne Well 2,GW,38.5182553,-118.6209667,F,NAD83, 4370., 20,NGVD29,16050304,qw,66632,,0,,wat,OPE,600957,0,2013-08-21,2013-08-21,1
USGS,383107118375201,110C N08 E30 27DCDC1    City of Hawthorne Well 2,GW,38.5182553,-118.6209667,F,NAD83, 4370., 20,NGVD29,16050304,qw,66641,,0,,wat,OPE,68619,0,2013-08-21,2013-08-21,1
USGS,383107118375201,110C N08 E30 27DCDC1    City of Hawthorne Well 2,GW,38.5182553,-118.6209667,F,NAD83, 4370., 20,NGVD29,16050304,qw,66643,,0,,wat,OPE,316398,0,2013-08-21,2013-08-21,1
USGS,383107118375201,110C N08 E30 27DCDC1    City of Hawthorne Well 2,GW,38.5182553,-118.6209667,F,NAD83, 4370., 20,NGVD29,16050304,qw,66646,,0,,wat,OPE,17131830,0,2013-08-21,2013-08-21,1
USGS,383107118375201,110C N08 E30 27DCDC1    City of Hawthorne Well 2,GW,38.5182553,-118.6209667,F,NAD83, 4370., 20,NGVD29,16050304,qw,66649,,0,,wat,OPE,699223,0,2013-08-21,2013-08-21,1
USGS,383107118375201,110C N08 E30 27DCDC1    City of Hawthorne Well 2,GW,38.5182553,-118.6209667,F,NAD83, 4370., 20,NGVD29,16050304,qw,66651,,0,,wat,OPE,136101,0,2013-08-21,2013-08-21,1
USGS,383107118375201,110C N08 E30 27DCDC1    City of Hawthorne Well 2,GW,38.5182553,-118.6209667,F,NAD83, 4370., 20,NGVD29,16050304,qw,66654,,0,,wat,OPE,964221,0,2013-08-21,2013-08-21,1
USGS,383107118375201,110C N08 E30 27DCDC1    City of Hawthorne Well 2,GW,38.5182553,-118.6209667,F,NAD83, 4370., 20,NGVD29,16050304,qw,66660,,0,,wat,OPE,964486,0,2013-08-21,2013-08-21,1
USGS,383107118375201,110C N08 E30 27DCDC1    City of Hawthorne Well 2,GW,38.5182553,-118.6209667,F,NAD83, 4370., 20,NGVD29,16050304,qw,67595,,0,,wat,OPE,41210,0,2013-08-21,2013-08-21,1
USGS,383107118375201,110C N08 E30 27DCDC1    City of Hawthorne Well 2,GW,38.5182553,-118.6209667,F,NAD83, 4370., 20,NGVD29,16050304,qw,67609,,0,,wat,OPE,17131459,0,2013-08-21,2013-08-21,1
USGS,383107118375201,110C N08 E30 27DCDC1    City of Hawthorne Well 2,GW,38.5182553,-118.6209667,F,NAD83, 4370., 20,NGVD29,16050304,qw,67670,,0,,wat,OPE,964528,0,2013-08-21,2013-08-21,1
USGS,383107118375201,110C N08 E30 27DCDC1    City of Hawthorne Well 2,GW,38.5182553,-118.6209667,F,NAD83, 4370., 20,NGVD29,16050304,qw,67685,,0,,wat,OPE,245191,0,2013-08-21,2013-08-21,1
USGS,383107118375201,110C N08 E30 27DCDC1    City of Hawthorne Well 2,GW,38.5182553,-118.6209667,F,NAD83, 4370., 20,NGVD29,16050304,qw,67702,,0,,wat,OPE,89474,0,2013-08-21,2013-08-21,1
USGS,383107118375201,110C N08 E30 27DCDC1    City of Hawthorne Well 2,GW,38.5182553,-118.6209667,F,NAD83, 4370., 20,NGVD29,16050304,qw,67706,,0,,wat,OPE,225102,0,2013-08-21,2013-08-21,1
USGS,383107118375201,110C N08 E30 27DCDC1    City of Hawthorne Well 2,GW,38.5182553,-118.6209667,F,NAD83, 4370., 20,NGVD29,16050304,qw,68066,,0,,wat,OOT,0,0,2013-08-21,2013-08-21,1
USGS,383107118375201,110C N08 E30 27DCDC1    City of Hawthorne Well 2,GW,38.5182553,-118.6209667,F,NAD83, 4370., 20,NGVD29,16050304,qw,68211,,0,,wat,OPE,0,0,2013-08-21,2013-08-21,1
USGS,383107118375201,110C N08 E30 27DCDC1    City of Hawthorne Well 2,GW,38.5182553,-118.6209667,F,NAD83, 4370., 20,NGVD29,16050304,qw,68216,,0,,wat,OPE,1735135,0,2013-08-21,2013-08-21,1
USGS,383107118375201,110C N08 E30 27DCDC1    City of Hawthorne Well 2,GW,38.5182553,-118.6209667,F,NAD83, 4370., 20,NGVD29,16050304,qw,68226,,0,,wat,OPE,0,0,2013-08-21,2013-08-21,1
USGS,383107118375201,110C N08 E30 27DCDC1    City of Hawthorne Well 2,GW,38.5182553,-118.6209667,F,NAD83, 4370., 20,NGVD29,16050304,qw,68231,,0,,wat,OPE,0,0,2013-08-21,2013-08-21,1
USGS,383107118375201,110C N08 E30 27DCDC1    City of Hawthorne Well 2,GW,38.5182553,-118.6209667,F,NAD83, 4370., 20,NGVD29,16050304,qw,68236,,0,,wat,OPE,17026626,0,2013-08-21,2013-08-21,1
USGS,383107118375201,110C N08 E30 27DCDC1    City of Hawthorne Well 2,GW,38.5182553,-118.6209667,F,NAD83, 4370., 20,NGVD29,16050304,qw,68240,,0,,wat,OPE,687087,0,2013-08-21,2013-08-21,1
USGS,383107118375201,110C N08 E30 27DCDC1    City of Hawthorne Well 2,GW,38.5182553,-118.6209667,F,NAD83, 4370., 20,NGVD29,16050304,qw,68336,,0,,wat,OPE,1826891,0,2013-08-21,2013-08-21,1
USGS,383107118375201,110C N08 E30 27DCDC1    City of Hawthorne Well 2,GW,38.5182553,-118.6209667,F,NAD83, 4370., 20,NGVD29,16050304,qw,68426,,0,,wat,OPE,700989,0,2013-08-21,2013-08-21,1
USGS,383107118375201,110C N08 E30 27DCDC1    City of Hawthorne Well 2,GW,38.5182553,-118.6209667,F,NAD83, 4370., 20,NGVD29,16050304,qw,68437,,0,,wat,OPE,310664,0,2013-08-21,2013-08-21,1
USGS,383107118375201,110C N08 E30 27DCDC1    City of Hawthorne Well 2,GW,38.5182553,-118.6209667,F,NAD83, 4370., 20,NGVD29,16050304,qw,68498,,0,,wat,OPE,0,0,2013-08-21,2013-08-21,1
USGS,383107118375201,110C N08 E30 27DCDC1    City of Hawthorne Well 2,GW,38.5182553,-118.6209667,F,NAD83, 4370., 20,NGVD29,16050304,qw,68500,,0,,wat,OPE,15651,0,2013-08-21,2013-08-21,1
USGS,383107118375201,110C N08 E30 27DCDC1    City of Hawthorne Well 2,GW,38.5182553,-118.6209667,F,NAD83, 4370., 20,NGVD29,16050304,qw,68502,,0,,wat,OPE,0,0,2013-08-21,2013-08-21,1
USGS,383107118375201,110C N08 E30 27DCDC1    City of Hawthorne Well 2,GW,38.5182553,-118.6209667,F,NAD83, 4370., 20,NGVD29,16050304,qw,68503,,0,,wat,OPE,0,0,2013-08-21,2013-08-21,1
USGS,383107118375201,110C N08 E30 27DCDC1    City of Hawthorne Well 2,GW,38.5182553,-118.6209667,F,NAD83, 4370., 20,NGVD29,16050304,qw,68505,,0,,wat,OPE,0,0,2013-08-21,2013-08-21,1
USGS,383107118375201,110C N08 E30 27DCDC1    City of Hawthorne Well 2,GW,38.5182553,-118.6209667,F,NAD83, 4370., 20,NGVD29,16050304,qw,68508,,0,,wat,OPE,650713,0,2013-08-21,2013-08-21,1
USGS,383107118375201,110C N08 E30 27DCDC1    City of Hawthorne Well 2,GW,38.5182553,-118.6209667,F,NAD83, 4370., 20,NGVD29,16050304,qw,68511,,0,,wat,OPE,0,0,2013-08-21,2013-08-21,1
USGS,383107118375201,110C N08 E30 27DCDC1    City of Hawthorne Well 2,GW,38.5182553,-118.6209667,F,NAD83, 4370., 20,NGVD29,16050304,qw,68514,,0,,wat,OPE,0,0,2013-08-21,2013-08-21,1
USGS,383107118375201,110C N08 E30 27DCDC1    City of Hawthorne Well 2,GW,38.5182553,-118.6209667,F,NAD83, 4370., 20,NGVD29,16050304,qw,68515,,0,,wat,OPE,0,0,2013-08-21,2013-08-21,1
USGS,383107118375201,110C N08 E30 27DCDC1    City of Hawthorne Well 2,GW,38.5182553,-118.6209667,F,NAD83, 4370., 20,NGVD29,16050304,qw,68517,,0,,wat,OPE,0,0,2013-08-21,2013-08-21,1
USGS,383107118375201,110C N08 E30 27DCDC1    City of Hawthorne Well 2,GW,38.5182553,-118.6209667,F,NAD83, 4370., 20,NGVD29,16050304,qw,68519,,0,,wat,OPE,256677,0,2013-08-21,2013-08-21,1
USGS,383107118375201,110C N08 E30 27DCDC1    City of Hawthorne Well 2,GW,38.5182553,-118.6209667,F,NAD83, 4370., 20,NGVD29,16050304,qw,68520,,0,,wat,OPE,266114,0,2013-08-21,2013-08-21,1
USGS,383107118375201,110C N08 E30 27DCDC1    City of Hawthorne Well 2,GW,38.5182553,-118.6209667,F,NAD83, 4370., 20,NGVD29,16050304,qw,68521,,0,,wat,OPE,0,0,2013-08-21,2013-08-21,1
USGS,383107118375201,110C N08 E30 27DCDC1    City of Hawthorne Well 2,GW,38.5182553,-118.6209667,F,NAD83, 4370., 20,NGVD29,16050304,qw,68522,,0,,wat,OPE,1736958,0,2013-08-21,2013-08-21,1
USGS,383107118375201,110C N08 E30 27DCDC1    City of Hawthorne Well 2,GW,38.5182553,-118.6209667,F,NAD83, 4370., 20,NGVD29,16050304,qw,68523,,0,,wat,OPE,1736956,0,2013-08-21,2013-08-21,1
USGS,383107118375201,110C N08 E30 27DCDC1    City of Hawthorne Well 2,GW,38.5182553,-118.6209667,F,NAD83, 4370., 20,NGVD29,16050304,qw,68524,,0,,wat,OPE,0,0,2013-08-21,2013-08-21,1
USGS,383107118375201,110C N08 E30 27DCDC1    City of Hawthorne Well 2,GW,38.5182553,-118.6209667,F,NAD83, 4370., 20,NGVD29,16050304,qw,68525,,0,,wat,OPE,0,0,2013-08-21,2013-08-21,1
USGS,383107118375201,110C N08 E30 27DCDC1    City of Hawthorne Well 2,GW,38.5182553,-118.6209667,F,NAD83, 4370., 20,NGVD29,16050304,qw,68526,,0,,wat,OPE,1736960,0,2013-08-21,2013-08-21,1
USGS,383107118375201,110C N08 E30 27DCDC1    City of Hawthorne Well 2,GW,38.5182553,-118.6209667,F,NAD83, 4370., 20,NGVD29,16050304,qw,68527,,0,,wat,OPE,0,0,2013-08-21,2013-08-21,1
USGS,383107118375201,110C N08 E30 27DCDC1    City of Hawthorne Well 2,GW,38.5182553,-118.6209667,F,NAD83, 4370., 20,NGVD29,16050304,qw,68528,,0,,wat,OPE,29363,0,2013-08-21,2013-08-21,1
USGS,383107118375201,110C N08 E30 27DCDC1    City of Hawthorne Well 2,GW,38.5182553,-118.6209667,F,NAD83, 4370., 20,NGVD29,16050304,qw,68529,,0,,wat,OPE,90092,0,2013-08-21,2013-08-21,1
USGS,383107118375201,110C N08 E30 27DCDC1    City of Hawthorne Well 2,GW,38.5182553,-118.6209667,F,NAD83, 4370., 20,NGVD29,16050304,qw,68530,,0,,wat,OPE,90084,0,2013-08-21,2013-08-21,1
USGS,383107118375201,110C N08 E30 27DCDC1    City of Hawthorne Well 2,GW,38.5182553,-118.6209667,F,NAD83, 4370., 20,NGVD29,16050304,qw,68533,,0,,wat,OPE,71894,0,2013-08-21,2013-08-21,1
USGS,383107118375201,110C N08 E30 27DCDC1    City of Hawthorne Well 2,GW,38.5182553,-118.6209667,F,NAD83, 4370., 20,NGVD29,16050304,qw,68536,,0,,wat,OPE,0,0,2013-08-21,2013-08-21,1
USGS,383107118375201,110C N08 E30 27DCDC1    City of Hawthorne Well 2,GW,38.5182553,-118.6209667,F,NAD83, 4370., 20,NGVD29,16050304,qw,68538,,0,,wat,OPE,228676,0,2013-08-21,2013-08-21,1
USGS,383107118375201,110C N08 E30 27DCDC1    City of Hawthorne Well 2,GW,38.5182553,-118.6209667,F,NAD83, 4370., 20,NGVD29,16050304,qw,68542,,0,,wat,OPE,42127,0,2013-08-21,2013-08-21,1
USGS,383107118375201,110C N08 E30 27DCDC1    City of Hawthorne Well 2,GW,38.5182553,-118.6209667,F,NAD83, 4370., 20,NGVD29,16050304,qw,68543,,0,,wat,OPE,90837,0,2013-08-21,2013-08-21,1
USGS,383107118375201,110C N08 E30 27DCDC1    City of Hawthorne Well 2,GW,38.5182553,-118.6209667,F,NAD83, 4370., 20,NGVD29,16050304,qw,68545,,0,,wat,OPE,264762,0,2013-08-21,2013-08-21,1
USGS,383107118375201,110C N08 E30 27DCDC1    City of Hawthorne Well 2,GW,38.5182553,-118.6209667,F,NAD83, 4370., 20,NGVD29,16050304,qw,68547,,0,,wat,OPE,115386,0,2013-08-21,2013-08-21,1
USGS,383107118375201,110C N08 E30 27DCDC1    City of Hawthorne Well 2,GW,38.5182553,-118.6209667,F,NAD83, 4370., 20,NGVD29,16050304,qw,68548,,0,,wat,OPE,172767,0,2013-08-21,2013-08-21,1
USGS,383107118375201,110C N08 E30 27DCDC1    City of Hawthorne Well 2,GW,38.5182553,-118.6209667,F,NAD83, 4370., 20,NGVD29,16050304,qw,68549,,0,,wat,OPE,0,0,2013-08-21,2013-08-21,1
USGS,383107118375201,110C N08 E30 27DCDC1    City of Hawthorne Well 2,GW,38.5182553,-118.6209667,F,NAD83, 4370., 20,NGVD29,16050304,qw,68550,,0,,wat,OPE,775775,0,2013-08-21,2013-08-21,1
USGS,383107118375201,110C N08 E30 27DCDC1    City of Hawthorne Well 2,GW,38.5182553,-118.6209667,F,NAD83, 4370., 20,NGVD29,16050304,qw,68551,,0,,wat,OPE,0,0,2013-08-21,2013-08-21,1
USGS,383107118375201,110C N08 E30 27DCDC1    City of Hawthorne Well 2,GW,38.5182553,-118.6209667,F,NAD83, 4370., 20,NGVD29,16050304,qw,68552,,0,,wat,OPE,775908,0,2013-08-21,2013-08-21,1
USGS,383107118375201,110C N08 E30 27DCDC1    City of Hawthorne Well 2,GW,38.5182553,-118.6209667,F,NAD83, 4370., 20,NGVD29,16050304,qw,68553,,0,,wat,OPE,0,0,2013-08-21,2013-08-21,1
USGS,383107118375201,110C N08 E30 27DCDC1    City of Hawthorne Well 2,GW,38.5182553,-118.6209667,F,NAD83, 4370., 20,NGVD29,16050304,qw,68560,,0,,wat,OPE,775759,0,2013-08-21,2013-08-21,1
USGS,383107118375201,110C N08 E30 27DCDC1    City of Hawthorne Well 2,GW,38.5182553,-118.6209667,F,NAD83, 4370., 20,NGVD29,16050304,qw,68561,,0,,wat,OPE,0,0,2013-08-21,2013-08-21,1
USGS,383107118375201,110C N08 E30 27DCDC1    City of Hawthorne Well 2,GW,38.5182553,-118.6209667,F,NAD83, 4370., 20,NGVD29,16050304,qw,68562,,0,,wat,OPE,0,0,2013-08-21,2013-08-21,1
USGS,383107118375201,110C N08 E30 27DCDC1    City of Hawthorne Well 2,GW,38.5182553,-118.6209667,F,NAD83, 4370., 20,NGVD29,16050304,qw,68563,,0,,wat,OPE,0,0,2013-08-21,2013-08-21,1
USGS,383107118375201,110C N08 E30 27DCDC1    City of Hawthorne Well 2,GW,38.5182553,-118.6209667,F,NAD83, 4370., 20,NGVD29,16050304,qw,68564,,0,,wat,OPE,0,0,2013-08-21,2013-08-21,1
USGS,383107118375201,110C N08 E30 27DCDC1    City of Hawthorne Well 2,GW,38.5182553,-118.6209667,F,NAD83, 4370., 20,NGVD29,16050304,qw,68566,,0,,wat,OPE,0,0,2013-08-21,2013-08-21,1
USGS,383107118375201,110C N08 E30 27DCDC1    City of Hawthorne Well 2,GW,38.5182553,-118.6209667,F,NAD83, 4370., 20,NGVD29,16050304,qw,68567,,0,,wat,OPE,17127192,0,2013-08-21,2013-08-21,1
USGS,383107118375201,110C N08 E30 27DCDC1    City of Hawthorne Well 2,GW,38.5182553,-118.6209667,F,NAD83, 4370., 20,NGVD29,16050304,qw,68568,,0,,wat,OPE,1730059,0,2013-08-21,2013-08-21,1
USGS,383107118375201,110C N08 E30 27DCDC1    City of Hawthorne Well 2,GW,38.5182553,-118.6209667,F,NAD83, 4370., 20,NGVD29,16050304,qw,68569,,0,,wat,OPE,1730061,0,2013-08-21,2013-08-21,1
USGS,383107118375201,110C N08 E30 27DCDC1    City of Hawthorne Well 2,GW,38.5182553,-118.6209667,F,NAD83, 4370., 20,NGVD29,16050304,qw,68570,,0,,wat,OPE,0,0,2013-08-21,2013-08-21,1
USGS,383107118375201,110C N08 E30 27DCDC1    City of Hawthorne Well 2,GW,38.5182553,-118.6209667,F,NAD83, 4370., 20,NGVD29,16050304,qw,68571,,0,,wat,OPE,94219,0,2013-08-21,2013-08-21,1
USGS,383107118375201,110C N08 E30 27DCDC1    City of Hawthorne Well 2,GW,38.5182553,-118.6209667,F,NAD83, 4370., 20,NGVD29,16050304,qw,68572,,0,,wat,OPE,3681,0,2013-08-21,2013-08-21,1
USGS,383107118375201,110C N08 E30 27DCDC1    City of Hawthorne Well 2,GW,38.5182553,-118.6209667,F,NAD83, 4370., 20,NGVD29,16050304,qw,68573,,0,,wat,OPE,38406,0,2013-08-21,2013-08-21,1
USGS,383107118375201,110C N08 E30 27DCDC1    City of Hawthorne Well 2,GW,38.5182553,-118.6209667,F,NAD83, 4370., 20,NGVD29,16050304,qw,68574,,0,,wat,OPE,0,0,2013-08-21,2013-08-21,1
USGS,383107118375201,110C N08 E30 27DCDC1    City of Hawthorne Well 2,GW,38.5182553,-118.6209667,F,NAD83, 4370., 20,NGVD29,16050304,qw,68575,,0,,wat,OPE,0,0,2013-08-21,2013-08-21,1
USGS,383107118375201,110C N08 E30 27DCDC1    City of Hawthorne Well 2,GW,38.5182553,-118.6209667,F,NAD83, 4370., 20,NGVD29,16050304,qw,68576,,0,,wat,OPE,269233,0,2013-08-21,2013-08-21,1
USGS,383107118375201,110C N08 E30 27DCDC1    City of Hawthorne Well 2,GW,38.5182553,-118.6209667,F,NAD83, 4370., 20,NGVD29,16050304,qw,68577,,0,,wat,OPE,17131129,0,2013-08-21,2013-08-21,1
USGS,383107118375201,110C N08 E30 27DCDC1    City of Hawthorne Well 2,GW,38.5182553,-118.6209667,F,NAD83, 4370., 20,NGVD29,16050304,qw,68578,,0,,wat,OPE,17131616,0,2013-08-21,2013-08-21,1
USGS,383107118375201,110C N08 E30 27DCDC1    City of Hawthorne Well 2,GW,38.5182553,-118.6209667,F,NAD83, 4370., 20,NGVD29,16050304,qw,68580,,0,,wat,OPE,600437,0,2013-08-21,2013-08-21,1
USGS,383107118375201,110C N08 E30 27DCDC1    City of Hawthorne Well 2,GW,38.5182553,-118.6209667,F,NAD83, 4370., 20,NGVD29,16050304,qw,68581,,0,,wat,OPE,0,0,2013-08-21,2013-08-21,1
USGS,383107118375201,110C N08 E30 27DCDC1    City of Hawthorne Well 2,GW,38.5182553,-118.6209667,F,NAD83, 4370., 20,NGVD29,16050304,qw,68582,,0,,wat,OPE,0,0,2013-08-21,2013-08-21,1
USGS,383107118375201,110C N08 E30 27DCDC1    City of Hawthorne Well 2,GW,38.5182553,-118.6209667,F,NAD83, 4370., 20,NGVD29,16050304,qw,68583,,0,,wat,OPE,0,0,2013-08-21,2013-08-21,1
USGS,383107118375201,110C N08 E30 27DCDC1    City of Hawthorne Well 2,GW,38.5182553,-118.6209667,F,NAD83, 4370., 20,NGVD29,16050304,qw,68586,,0,,wat,OPE,708669,0,2013-08-21,2013-08-21,1
USGS,383107118375201,110C N08 E30 27DCDC1    City of Hawthorne Well 2,GW,38.5182553,-118.6209667,F,NAD83, 4370., 20,NGVD29,16050304,qw,68587,,0,,wat,OPE,0,0,2013-08-21,2013-08-21,1
USGS,383107118375201,110C N08 E30 27DCDC1    City of Hawthorne Well 2,GW,38.5182553,-118.6209667,F,NAD83, 4370., 20,NGVD29,16050304,qw,68588,,0,,wat,OPE,0,0,2013-08-21,2013-08-21,1
USGS,383107118375201,110C N08 E30 27DCDC1    City of Hawthorne Well 2,GW,38.5182553,-118.6209667,F,NAD83, 4370., 20,NGVD29,16050304,qw,68589,,0,,wat,OPE,52450129,0,2013-08-21,2013-08-21,1
USGS,383107118375201,110C N08 E30 27DCDC1    City of Hawthorne Well 2,GW,38.5182553,-118.6209667,F,NAD83, 4370., 20,NGVD29,16050304,qw,68590,,0,,wat,OPE,103358,0,2013-08-21,2013-08-21,1
USGS,383107118375201,110C N08 E30 27DCDC1    City of Hawthorne Well 2,GW,38.5182553,-118.6209667,F,NAD83, 4370., 20,NGVD29,16050304,qw,68591,,0,,wat,OPE,1827559,0,2013-08-21,2013-08-21,1
USGS,383107118375201,110C N08 E30 27DCDC1    City of Hawthorne Well 2,GW,38.5182553,-118.6209667,F,NAD83, 4370., 20,NGVD29,16050304,qw,68594,,0,,wat,OPE,0,0,2013-08-21,2013-08-21,1
USGS,383107118375201,110C N08 E30 27DCDC1    City of Hawthorne Well 2,GW,38.5182553,-118.6209667,F,NAD83, 4370., 20,NGVD29,16050304,qw,68595,,0,,wat,OPE,0,0,2013-08-21,2013-08-21,1
USGS,383107118375201,110C N08 E30 27DCDC1    City of Hawthorne Well 2,GW,38.5182553,-118.6209667,F,NAD83, 4370., 20,NGVD29,16050304,qw,68596,,0,,wat,OPE,184630,0,2013-08-21,2013-08-21,1
USGS,383107118375201,110C N08 E30 27DCDC1    City of Hawthorne Well 2,GW,38.5182553,-118.6209667,F,NAD83, 4370., 20,NGVD29,16050304,qw,68597,,0,,wat,OPE,17130477,0,2013-08-21,2013-08-21,1
USGS,383107118375201,110C N08 E30 27DCDC1    City of Hawthorne Well 2,GW,38.5182553,-118.6209667,F,NAD83, 4370., 20,NGVD29,16050304,qw,68598,,0,,wat,OPE,17131723,0,2013-08-21,2013-08-21,1
USGS,383107118375201,110C N08 E30 27DCDC1    City of Hawthorne Well 2,GW,38.5182553,-118.6209667,F,NAD83, 4370., 20,NGVD29,16050304,qw,68599,,0,,wat,OPE,221358,0,2013-08-21,2013-08-21,1
USGS,383107118375201,110C N08 E30 27DCDC1    City of Hawthorne Well 2,GW,38.5182553,-118.6209667,F,NAD83, 4370., 20,NGVD29,16050304,qw,68600,,0,,wat,OPE,1735475,0,2013-08-21,2013-08-21,1
USGS,383107118375201,110C N08 E30 27DCDC1    City of Hawthorne Well 2,GW,38.5182553,-118.6209667,F,NAD83, 4370., 20,NGVD29,16050304,qw,68601,,0,,wat,OPE,0,0,2013-08-21,2013-08-21,1
USGS,383107118375201,110C N08 E30 27DCDC1    City of Hawthorne Well 2,GW,38.5182553,-118.6209667,F,NAD83, 4370., 20,NGVD29,16050304,qw,68602,,0,,wat,OPE,185488,0,2013-08-21,2013-08-21,1
USGS,383107118375201,110C N08 E30 27DCDC1    City of Hawthorne Well 2,GW,38.5182553,-118.6209667,F,NAD83, 4370., 20,NGVD29,16050304,qw,68603,,0,,wat,OPE,0,0,2013-08-21,2013-08-21,1
USGS,383107118375201,110C N08 E30 27DCDC1    City of Hawthorne Well 2,GW,38.5182553,-118.6209667,F,NAD83, 4370., 20,NGVD29,16050304,qw,68604,,0,,wat,OPE,1734922,0,2013-08-21,2013-08-21,1
USGS,383107118375201,110C N08 E30 27DCDC1    City of Hawthorne Well 2,GW,38.5182553,-118.6209667,F,NAD83, 4370., 20,NGVD29,16050304,qw,68605,,0,,wat,OPE,0,0,2013-08-21,2013-08-21,1
USGS,383107118375201,110C N08 E30 27DCDC1    City of Hawthorne Well 2,GW,38.5182553,-118.6209667,F,NAD83, 4370., 20,NGVD29,16050304,qw,68606,,0,,wat,OPE,1734802,0,2013-08-21,2013-08-21,1
USGS,383107118375201,110C N08 E30 27DCDC1    City of Hawthorne Well 2,GW,38.5182553,-118.6209667,F,NAD83, 4370., 20,NGVD29,16050304,qw,68608,,0,,wat,OPE,98004,0,2013-08-21,2013-08-21,1
USGS,383107118375201,110C N08 E30 27DCDC1    City of Hawthorne Well 2,GW,38.5182553,-118.6209667,F,NAD83, 4370., 20,NGVD29,16050304,qw,68611,,0,,wat,OPE,0,0,2013-08-21,2013-08-21,1
USGS,383107118375201,110C N08 E30 27DCDC1    City of Hawthorne Well 2,GW,38.5182553,-118.6209667,F,NAD83, 4370., 20,NGVD29,16050304,qw,68612,,0,,wat,OPE,0,0,2013-08-21,2013-08-21,1
USGS,383107118375201,110C N08 E30 27DCDC1    City of Hawthorne Well 2,GW,38.5182553,-118.6209667,F,NAD83, 4370., 20,NGVD29,16050304,qw,68613,,0,,wat,OPE,0,0,2013-08-21,2013-08-21,1
USGS,383107118375201,110C N08 E30 27DCDC1    City of Hawthorne Well 2,GW,38.5182553,-118.6209667,F,NAD83, 4370., 20,NGVD29,16050304,qw,68614,,0,,wat,OPE,0,0,2013-08-21,2013-08-21,1
USGS,383107118375201,110C N08 E30 27DCDC1    City of Hawthorne Well 2,GW,38.5182553,-118.6209667,F,NAD83, 4370., 20,NGVD29,16050304,qw,68615,,0,,wat,OPE,0,0,2013-08-21,2013-08-21,1
USGS,383107118375201,110C N08 E30 27DCDC1    City of Hawthorne Well 2,GW,38.5182553,-118.6209667,F,NAD83, 4370., 20,NGVD29,16050304,qw,68616,,0,,wat,OPE,0,0,2013-08-21,2013-08-21,1
USGS,383107118375201,110C N08 E30 27DCDC1    City of Hawthorne Well 2,GW,38.5182553,-118.6209667,F,NAD83, 4370., 20,NGVD29,16050304,qw,68617,,0,,wat,OPE,0,0,2013-08-21,2013-08-21,1
USGS,383107118375201,110C N08 E30 27DCDC1    City of Hawthorne Well 2,GW,38.5182553,-118.6209667,F,NAD83, 4370., 20,NGVD29,16050304,qw,68618,,0,,wat,OPE,0,0,2013-08-21,2013-08-21,1
USGS,383107118375201,110C N08 E30 27DCDC1    City of Hawthorne Well 2,GW,38.5182553,-118.6209667,F,NAD83, 4370., 20,NGVD29,16050304,qw,68619,,0,,wat,OPE,0,0,2013-08-21,2013-08-21,1
USGS,383107118375201,110C N08 E30 27DCDC1    City of Hawthorne Well 2,GW,38.5182553,-118.6209667,F,NAD83, 4370., 20,NGVD29,16050304,qw,68620,,0,,wat,OPE,0,0,2013-08-21,2013-08-21,1
USGS,383107118375201,110C N08 E30 27DCDC1    City of Hawthorne Well 2,GW,38.5182553,-118.6209667,F,NAD83, 4370., 20,NGVD29,16050304,qw,68621,,0,,wat,OPE,0,0,2013-08-21,2013-08-21,1
USGS,383107118375201,110C N08 E30 27DCDC1    City of Hawthorne Well 2,GW,38.5182553,-118.6209667,F,NAD83, 4370., 20,NGVD29,16050304,qw,68622,,0,,wat,OPE,0,0,2013-08-21,2013-08-21,1
USGS,383107118375201,110C N08 E30 27DCDC1    City of Hawthorne Well 2,GW,38.5182553,-118.6209667,F,NAD83, 4370., 20,NGVD29,16050304,qw,68623,,0,,wat,OPE,0,0,2013-08-21,2013-08-21,1
USGS,383107118375201,110C N08 E30 27DCDC1    City of Hawthorne Well 2,GW,38.5182553,-118.6209667,F,NAD83, 4370., 20,NGVD29,16050304,qw,68624,,0,,wat,OPE,104976,0,2013-08-21,2013-08-21,1
USGS,383107118375201,110C N08 E30 27DCDC1    City of Hawthorne Well 2,GW,38.5182553,-118.6209667,F,NAD83, 4370., 20,NGVD29,16050304,qw,68625,,0,,wat,OPE,618777,0,2013-08-21,2013-08-21,1
USGS,383107118375201,110C N08 E30 27DCDC1    City of Hawthorne Well 2,GW,38.5182553,-118.6209667,F,NAD83, 4370., 20,NGVD29,16050304,qw,68627,,0,,wat,OPE,964643,0,2013-08-21,2013-08-21,1
USGS,383107118375201,110C N08 E30 27DCDC1    City of Hawthorne Well 2,GW,38.5182553,-118.6209667,F,NAD83, 4370., 20,NGVD29,16050304,qw,68632,,0,,wat,OPE,964460,0,2013-08-21,2013-08-21,1
USGS,383107118375201,110C N08 E30 27DCDC1    City of Hawthorne Well 2,GW,38.5182553,-118.6209667,F,NAD83, 4370., 20,NGVD29,16050304,qw,68633,,0,,wat,OPE,0,0,2013-08-21,2013-08-21,1
USGS,383107118375201,110C N08 E30 27DCDC1    City of Hawthorne Well 2,GW,38.5182553,-118.6209667,F,NAD83, 4370., 20,NGVD29,16050304,qw,68638,,0,,wat,OPE,589374,0,2013-08-21,2013-08-21,1
USGS,383107118375201,110C N08 E30 27DCDC1    City of Hawthorne Well 2,GW,38.5182553,-118.6209667,F,NAD83, 4370., 20,NGVD29,16050304,qw,68639,,0,,wat,OPE,42614,0,2013-08-21,2013-08-21,1
USGS,383107118375201,110C N08 E30 27DCDC1    City of Hawthorne Well 2,GW,38.5182553,-118.6209667,F,NAD83, 4370., 20,NGVD29,16050304,qw,68641,,0,,wat,OPE,15644,0,2013-08-21,2013-08-21,1
USGS,383107118375201,110C N08 E30 27DCDC1    City of Hawthorne Well 2,GW,38.5182553,-118.6209667,F,NAD83, 4370., 20,NGVD29,16050304,qw,68644,,0,,wat,OPE,169813,0,2013-08-21,2013-08-21,1
USGS,383107118375201,110C N08 E30 27DCDC1    City of Hawthorne Well 2,GW,38.5182553,-118.6209667,F,NAD83, 4370., 20,NGVD29,16050304,qw,68645,,0,,wat,OPE,205609,0,2013-08-21,2013-08-21,1
USGS,383107118375201,110C N08 E30 27DCDC1    City of Hawthorne Well 2,GW,38.5182553,-118.6209667,F,NAD83, 4370., 20,NGVD29,16050304,qw,68646,,0,,wat,OPE,190496,0,2013-08-21,2013-08-21,1
USGS,383107118375201,110C N08 E30 27DCDC1    City of Hawthorne Well 2,GW,38.5182553,-118.6209667,F,NAD83, 4370., 20,NGVD29,16050304,qw,68647,,0,,wat,OPE,964635,0,2013-08-21,2013-08-21,1
USGS,383107118375201,110C N08 E30 27DCDC1    City of Hawthorne Well 2,GW,38.5182553,-118.6209667,F,NAD83, 4370., 20,NGVD29,16050304,qw,68648,,0,,wat,OPE,686493,0,2013-08-21,2013-08-21,1
USGS,383107118375201,110C N08 E30 27DCDC1    City of Hawthorne Well 2,GW,38.5182553,-118.6209667,F,NAD83, 4370., 20,NGVD29,16050304,qw,68649,,0,,wat,OPE,0,0,2013-08-21,2013-08-21,1
USGS,383107118375201,110C N08 E30 27DCDC1    City of Hawthorne Well 2,GW,38.5182553,-118.6209667,F,NAD83, 4370., 20,NGVD29,16050304,qw,68650,,0,,wat,OPE,1736964,0,2013-08-21,2013-08-21,1
USGS,383107118375201,110C N08 E30 27DCDC1    City of Hawthorne Well 2,GW,38.5182553,-118.6209667,F,NAD83, 4370., 20,NGVD29,16050304,qw,68651,,0,,wat,OPE,1736962,0,2013-08-21,2013-08-21,1
USGS,383107118375201,110C N08 E30 27DCDC1    City of Hawthorne Well 2,GW,38.5182553,-118.6209667,F,NAD83, 4370., 20,NGVD29,16050304,qw,68652,,0,,wat,OPE,219204,0,2013-08-21,2013-08-21,1
USGS,383107118375201,110C N08 E30 27DCDC1    City of Hawthorne Well 2,GW,38.5182553,-118.6209667,F,NAD83, 4370., 20,NGVD29,16050304,qw,68653,,0,,wat,OPE,1730063,0,2013-08-21,2013-08-21,1
USGS,383107118375201,110C N08 E30 27DCDC1    City of Hawthorne Well 2,GW,38.5182553,-118.6209667,F,NAD83, 4370., 20,NGVD29,16050304,qw,68654,,0,,wat,OPE,41426,0,2013-08-21,2013-08-21,1
USGS,383107118375201,110C N08 E30 27DCDC1    City of Hawthorne Well 2,GW,38.5182553,-118.6209667,F,NAD83, 4370., 20,NGVD29,16050304,qw,68655,,0,,wat,OPE,0,0,2013-08-21,2013-08-21,1
USGS,383107118375201,110C N08 E30 27DCDC1    City of Hawthorne Well 2,GW,38.5182553,-118.6209667,F,NAD83, 4370., 20,NGVD29,16050304,qw,68656,,0,,wat,OPE,1735902,0,2013-08-21,2013-08-21,1
USGS,383107118375201,110C N08 E30 27DCDC1    City of Hawthorne Well 2,GW,38.5182553,-118.6209667,F,NAD83, 4370., 20,NGVD29,16050304,qw,68657,,0,,wat,OPE,0,0,2013-08-21,2013-08-21,1
USGS,383107118375201,110C N08 E30 27DCDC1    City of Hawthorne Well 2,GW,38.5182553,-118.6209667,F,NAD83, 4370., 20,NGVD29,16050304,qw,68658,,0,,wat,OPE,0,0,2013-08-21,2013-08-21,1
USGS,383107118375201,110C N08 E30 27DCDC1    City of Hawthorne Well 2,GW,38.5182553,-118.6209667,F,NAD83, 4370., 20,NGVD29,16050304,qw,68659,,0,,wat,OPE,1826863,0,2013-08-21,2013-08-21,1
USGS,383107118375201,110C N08 E30 27DCDC1    City of Hawthorne Well 2,GW,38.5182553,-118.6209667,F,NAD83, 4370., 20,NGVD29,16050304,qw,68660,,0,,wat,OPE,17123530,0,2013-08-21,2013-08-21,1
USGS,383107118375201,110C N08 E30 27DCDC1    City of Hawthorne Well 2,GW,38.5182553,-118.6209667,F,NAD83, 4370., 20,NGVD29,16050304,qw,68661,,0,,wat,OPE,686642,0,2013-08-21,2013-08-21,1
USGS,383107118375201,110C N08 E30 27DCDC1    City of Hawthorne Well 2,GW,38.5182553,-118.6209667,F,NAD83, 4370., 20,NGVD29,16050304,qw,68662,,0,,wat,OPE,0,0,2013-08-21,2013-08-21,1
USGS,383107118375201,110C N08 E30 27DCDC1    City of Hawthorne Well 2,GW,38.5182553,-118.6209667,F,NAD83, 4370., 20,NGVD29,16050304,qw,68663,,0,,wat,OPE,213793,0,2013-08-21,2013-08-21,1
USGS,383107118375201,110C N08 E30 27DCDC1    City of Hawthorne Well 2,GW,38.5182553,-118.6209667,F,NAD83, 4370., 20,NGVD29,16050304,qw,68664,,0,,wat,OPE,223180,0,2013-08-21,2013-08-21,1
USGS,383107118375201,110C N08 E30 27DCDC1    City of Hawthorne Well 2,GW,38.5182553,-118.6209667,F,NAD83, 4370., 20,NGVD29,16050304,qw,68665,,0,,wat,OPE,256651,0,2013-08-21,2013-08-21,1
USGS,383107118375201,110C N08 E30 27DCDC1    City of Hawthorne Well 2,GW,38.5182553,-118.6209667,F,NAD83, 4370., 20,NGVD29,16050304,qw,68666,,0,,wat,OPE,42028,0,2013-08-21,2013-08-21,1
USGS,383107118375201,110C N08 E30 27DCDC1    City of Hawthorne Well 2,GW,38.5182553,-118.6209667,F,NAD83, 4370., 20,NGVD29,16050304,qw,68668,,0,,wat,OPE,41202,0,2013-08-21,2013-08-21,1
USGS,383107118375201,110C N08 E30 27DCDC1    City of Hawthorne Well 2,GW,38.5182553,-118.6209667,F,NAD83, 4370., 20,NGVD29,16050304,qw,68669,,0,,wat,OPE,1735479,0,2013-08-21,2013-08-21,1
USGS,383107118375201,110C N08 E30 27DCDC1    City of Hawthorne Well 2,GW,38.5182553,-118.6209667,F,NAD83, 4370., 20,NGVD29,16050304,qw,68670,,0,,wat,OPE,0,0,2013-08-21,2013-08-21,1
USGS,383107118375201,110C N08 E30 27DCDC1    City of Hawthorne Well 2,GW,38.5182553,-118.6209667,F,NAD83, 4370., 20,NGVD29,16050304,qw,68671,,0,,wat,OPE,0,0,2013-08-21,2013-08-21,1
USGS,383107118375201,110C N08 E30 27DCDC1    City of Hawthorne Well 2,GW,38.5182553,-118.6209667,F,NAD83, 4370., 20,NGVD29,16050304,qw,68672,,0,,wat,OPE,687806,0,2013-08-21,2013-08-21,1
USGS,383107118375201,110C N08 E30 27DCDC1    City of Hawthorne Well 2,GW,38.5182553,-118.6209667,F,NAD83, 4370., 20,NGVD29,16050304,qw,68673,,0,,wat,OPE,687798,0,2013-08-21,2013-08-21,1
USGS,383107118375201,110C N08 E30 27DCDC1    City of Hawthorne Well 2,GW,38.5182553,-118.6209667,F,NAD83, 4370., 20,NGVD29,16050304,qw,68675,,0,,wat,OPE,0,0,2013-08-21,2013-08-21,1
USGS,383107118375201,110C N08 E30 27DCDC1    City of Hawthorne Well 2,GW,38.5182553,-118.6209667,F,NAD83, 4370., 20,NGVD29,16050304,qw,68676,,0,,wat,OPE,282798,0,2013-08-21,2013-08-21,1
USGS,383107118375201,110C N08 E30 27DCDC1    City of Hawthorne Well 2,GW,38.5182553,-118.6209667,F,NAD83, 4370., 20,NGVD29,16050304,qw,68677,,0,,wat,OPE,100073,0,2013-08-21,2013-08-21,1
USGS,383107118375201,110C N08 E30 27DCDC1    City of Hawthorne Well 2,GW,38.5182553,-118.6209667,F,NAD83, 4370., 20,NGVD29,16050304,qw,68678,,0,,wat,OPE,37416,0,2013-08-21,2013-08-21,1
USGS,383107118375201,110C N08 E30 27DCDC1    City of Hawthorne Well 2,GW,38.5182553,-118.6209667,F,NAD83, 4370., 20,NGVD29,16050304,qw,68679,,0,,wat,OPE,28928,0,2013-08-21,2013-08-21,1
USGS,383107118375201,110C N08 E30 27DCDC1    City of Hawthorne Well 2,GW,38.5182553,-118.6209667,F,NAD83, 4370., 20,NGVD29,16050304,qw,68680,,0,,wat,OPE,964296,0,2013-08-21,2013-08-21,1
USGS,383107118375201,110C N08 E30 27DCDC1    City of Hawthorne Well 2,GW,38.5182553,-118.6209667,F,NAD83, 4370., 20,NGVD29,16050304,qw,68682,,0,,wat,OPE,0,0,2013-08-21,2013-08-21,1
USGS,383107118375201,110C N08 E30 27DCDC1    City of Hawthorne Well 2,GW,38.5182553,-118.6209667,F,NAD83, 4370., 20,NGVD29,16050304,qw,68683,,0,,wat,OPE,605915,0,2013-08-21,2013-08-21,1
USGS,383107118375201,110C N08 E30 27DCDC1    City of Hawthorne Well 2,GW,38.5182553,-118.6209667,F,NAD83, 4370., 20,NGVD29,16050304,qw,68684,,0,,wat,OPE,0,0,2013-08-21,2013-08-21,1
USGS,383107118375201,110C N08 E30 27DCDC1    City of Hawthorne Well 2,GW,38.5182553,-118.6209667,F,NAD83, 4370., 20,NGVD29,16050304,qw,68685,,0,,wat,OPE,0,0,2013-08-21,2013-08-21,1
USGS,383107118375201,110C N08 E30 27DCDC1    City of Hawthorne Well 2,GW,38.5182553,-118.6209667,F,NAD83, 4370., 20,NGVD29,16050304,qw,68686,,0,,wat,OPE,95109,0,2013-08-21,2013-08-21,1
USGS,383107118375201,110C N08 E30 27DCDC1    City of Hawthorne Well 2,GW,38.5182553,-118.6209667,F,NAD83, 4370., 20,NGVD29,16050304,qw,68687,,0,,wat,OPE,622704,0,2013-08-21,2013-08-21,1
USGS,383107118375201,110C N08 E30 27DCDC1    City of Hawthorne Well 2,GW,38.5182553,-118.6209667,F,NAD83, 4370., 20,NGVD29,16050304,qw,68688,,0,,wat,OPE,582718,0,2013-08-21,2013-08-21,1
USGS,383107118375201,110C N08 E30 27DCDC1    City of Hawthorne Well 2,GW,38.5182553,-118.6209667,F,NAD83, 4370., 20,NGVD29,16050304,qw,68689,,0,,wat,OPE,17131582,0,2013-08-21,2013-08-21,1
USGS,383107118375201,110C N08 E30 27DCDC1    City of Hawthorne Well 2,GW,38.5182553,-118.6209667,F,NAD83, 4370., 20,NGVD29,16050304,qw,68690,,0,,wat,OPE,0,0,2013-08-21,2013-08-21,1
USGS,383107118375201,110C N08 E30 27DCDC1    City of Hawthorne Well 2,GW,38.5182553,-118.6209667,F,NAD83, 4370., 20,NGVD29,16050304,qw,68691,,0,,wat,OPE,0,0,2013-08-21,2013-08-21,1
USGS,383107118375201,110C N08 E30 27DCDC1    City of Hawthorne Well 2,GW,38.5182553,-118.6209667,F,NAD83, 4370., 20,NGVD29,16050304,qw,68692,,0,,wat,OPE,964239,0,2013-08-21,2013-08-21,1
USGS,383107118375201,110C N08 E30 27DCDC1    City of Hawthorne Well 2,GW,38.5182553,-118.6209667,F,NAD83, 4370., 20,NGVD29,16050304,qw,68693,,0,,wat,OPE,606400,0,2013-08-21,2013-08-21,1
USGS,383107118375201,110C N08 E30 27DCDC1    City of Hawthorne Well 2,GW,38.5182553,-118.6209667,F,NAD83, 4370., 20,NGVD29,16050304,qw,68694,,0,,wat,OPE,0,0,2013-08-21,2013-08-21,1
USGS,383107118375201,110C N08 E30 27DCDC1    City of Hawthorne Well 2,GW,38.5182553,-118.6209667,F,NAD83, 4370., 20,NGVD29,16050304,qw,68695,,0,,wat,OPE,265652,0,2013-08-21,2013-08-21,1
USGS,383107118375201,110C N08 E30 27DCDC1    City of Hawthorne Well 2,GW,38.5182553,-118.6209667,F,NAD83, 4370., 20,NGVD29,16050304,qw,68696,,0,,wat,OPE,0,0,2013-08-21,2013-08-21,1
USGS,383107118375201,110C N08 E30 27DCDC1    City of Hawthorne Well 2,GW,38.5182553,-118.6209667,F,NAD83, 4370., 20,NGVD29,16050304,qw,68697,,0,,wat,OPE,0,0,2013-08-21,2013-08-21,1
USGS,383107118375201,110C N08 E30 27DCDC1    City of Hawthorne Well 2,GW,38.5182553,-118.6209667,F,NAD83, 4370., 20,NGVD29,16050304,qw,68698,,0,,wat,OPE,136010,0,2013-08-21,2013-08-21,1
USGS,383107118375201,110C N08 E30 27DCDC1    City of Hawthorne Well 2,GW,38.5182553,-118.6209667,F,NAD83, 4370., 20,NGVD29,16050304,qw,68699,,0,,wat,OPE,183806,0,2013-08-21,2013-08-21,1
USGS,383107118375201,110C N08 E30 27DCDC1    City of Hawthorne Well 2,GW,38.5182553,-118.6209667,F,NAD83, 4370., 20,NGVD29,16050304,qw,68700,,0,,wat,OPE,0,0,2013-08-21,2013-08-21,1
USGS,383107118375201,110C N08 E30 27DCDC1    City of Hawthorne Well 2,GW,38.5182553,-118.6209667,F,NAD83, 4370., 20,NGVD29,16050304,qw,68701,,0,,wat,OPE,0,0,2013-08-21,2013-08-21,1
USGS,383107118375201,110C N08 E30 27DCDC1    City of Hawthorne Well 2,GW,38.5182553,-118.6209667,F,NAD83, 4370., 20,NGVD29,16050304,qw,68702,,0,,wat,OPE,0,0,2013-08-21,2013-08-21,1
USGS,383107118375201,110C N08 E30 27DCDC1    City of Hawthorne Well 2,GW,38.5182553,-118.6209667,F,NAD83, 4370., 20,NGVD29,16050304,qw,68703,,0,,wat,OPE,963363,0,2013-08-21,2013-08-21,1
USGS,383107118375201,110C N08 E30 27DCDC1    City of Hawthorne Well 2,GW,38.5182553,-118.6209667,F,NAD83, 4370., 20,NGVD29,16050304,qw,68704,,0,,wat,OPE,0,0,2013-08-21,2013-08-21,1
USGS,383107118375201,110C N08 E30 27DCDC1    City of Hawthorne Well 2,GW,38.5182553,-118.6209667,F,NAD83, 4370., 20,NGVD29,16050304,qw,68708,,0,,wat,OPE,777318,0,2013-08-21,2013-08-21,1
USGS,383107118375201,110C N08 E30 27DCDC1    City of Hawthorne Well 2,GW,38.5182553,-118.6209667,F,NAD83, 4370., 20,NGVD29,16050304,qw,68710,,0,,wat,OPE,99903,0,2013-08-21,2013-08-21,1
USGS,383107118375201,110C N08 E30 27DCDC1    City of Hawthorne Well 2,GW,38.5182553,-118.6209667,F,NAD83, 4370., 20,NGVD29,16050304,qw,68711,,0,,wat,OPE,7146,0,2013-08-21,2013-08-21,1
USGS,383107118375201,110C N08 E30 27DCDC1    City of Hawthorne Well 2,GW,38.5182553,-118.6209667,F,NAD83, 4370., 20,NGVD29,16050304,qw,68712,,0,,wat,OPE,303958,0,2013-08-21,2013-08-21,1
USGS,383107118375201,110C N08 E30 27DCDC1    City of Hawthorne Well 2,GW,38.5182553,-118.6209667,F,NAD83, 4370., 20,NGVD29,16050304,qw,68713,,0,,wat,OPE,0,0,2013-08-21,2013-08-21,1
USGS,383107118375201,110C N08 E30 27DCDC1    City of Hawthorne Well 2,GW,38.5182553,-118.6209667,F,NAD83, 4370., 20,NGVD29,16050304,qw,68714,,0,,wat,OPE,0,0,2013-08-21,2013-08-21,1
USGS,383107118375201,110C N08 E30 27DCDC1    City of Hawthorne Well 2,GW,38.5182553,-118.6209667,F,NAD83, 4370., 20,NGVD29,16050304,qw,68726,,0,,wat,OPE,24042,0,2013-08-21,2013-08-21,1
USGS,383107118375201,110C N08 E30 27DCDC1    City of Hawthorne Well 2,GW,38.5182553,-118.6209667,F,NAD83, 4370., 20,NGVD29,16050304,qw,68728,,0,,wat,OPE,27284,0,2013-08-21,2013-08-21,1
USGS,383107118375201,110C N08 E30 27DCDC1    City of Hawthorne Well 2,GW,38.5182553,-118.6209667,F,NAD83, 4370., 20,NGVD29,16050304,qw,68729,,0,,wat,OPE,24224,0,2013-08-21,2013-08-21,1
USGS,383107118375201,110C N08 E30 27DCDC1    City of Hawthorne Well 2,GW,38.5182553,-118.6209667,F,NAD83, 4370., 20,NGVD29,16050304,qw,68730,,0,,wat,OPE,18127,0,2013-08-21,2013-08-21,1
USGS,383107118375201,110C N08 E30 27DCDC1    City of Hawthorne Well 2,GW,38.5182553,-118.6209667,F,NAD83, 4370., 20,NGVD29,16050304,qw,68732,,0,,wat,OPE,33134,0,2013-08-21,2013-08-21,1
USGS,383107118375201,110C N08 E30 27DCDC1    City of Hawthorne Well 2,GW,38.5182553,-118.6209667,F,NAD83, 4370., 20,NGVD29,16050304,qw,68733,,0,,wat,OPE,33142,0,2013-08-21,2013-08-21,1
USGS,383107118375201,110C N08 E30 27DCDC1    City of Hawthorne Well 2,GW,38.5182553,-118.6209667,F,NAD83, 4370., 20,NGVD29,16050304,qw,68769,,0,,wat,OPE,294827,0,2013-08-21,2013-08-21,1
USGS,383107118375201,110C N08 E30 27DCDC1    City of Hawthorne Well 2,GW,38.5182553,-118.6209667,F,NAD83, 4370., 20,NGVD29,16050304,qw,68871,,0,,wat,OPE,964502,0,2013-08-21,2013-08-21,1
USGS,383107118375201,110C N08 E30 27DCDC1    City of Hawthorne Well 2,GW,38.5182553,-118.6209667,F,NAD83, 4370., 20,NGVD29,16050304,qw,68872,,0,,wat,OPE,602326,0,2013-08-21,2013-08-21,1
USGS,383107118375201,110C N08 E30 27DCDC1    City of Hawthorne Well 2,GW,38.5182553,-118.6209667,F,NAD83, 4370., 20,NGVD29,16050304,qw,68873,,0,,wat,OPE,0,0,2013-08-21,2013-08-21,1
USGS,383107118375201,110C N08 E30 27DCDC1    City of Hawthorne Well 2,GW,38.5182553,-118.6209667,F,NAD83, 4370., 20,NGVD29,16050304,qw,70300,,0,,wat,PHY,1642222,0,2013-08-21,2013-08-21,1
USGS,383107118375201,110C N08 E30 27DCDC1    City of Hawthorne Well 2,GW,38.5182553,-118.6209667,F,NAD83, 4370., 20,NGVD29,16050304,qw,70301,,0,,wat,PHY,1642222,0,2013-08-21,2013-08-21,1
USGS,383107118375201,110C N08 E30 27DCDC1    City of Hawthorne Well 2,GW,38.5182553,-118.6209667,F,NAD83, 4370., 20,NGVD29,16050304,qw,70303,,0,,wat,PHY,1642222,0,2013-08-21,2013-08-21,1
USGS,383107118375201,110C N08 E30 27DCDC1    City of Hawthorne Well 2,GW,38.5182553,-118.6209667,F,NAD83, 4370., 20,NGVD29,16050304,qw,71846,,0,,wat,NUT,966655,0,2013-08-21,2013-08-21,1
USGS,383107118375201,110C N08 E30 27DCDC1    City of Hawthorne Well 2,GW,38.5182553,-118.6209667,F,NAD83, 4370., 20,NGVD29,16050304,qw,71851,,0,,wat,NUT,197186,0,2013-08-21,2013-08-21,1
USGS,383107118375201,110C N08 E30 27DCDC1    City of Hawthorne Well 2,GW,38.5182553,-118.6209667,F,NAD83, 4370., 20,NGVD29,16050304,qw,71856,,0,,wat,NUT,197194,0,2013-08-21,2013-08-21,1
USGS,383107118375201,110C N08 E30 27DCDC1    City of Hawthorne Well 2,GW,38.5182553,-118.6209667,F,NAD83, 4370., 20,NGVD29,16050304,qw,71870,,0,,wat,INN,227538,0,2013-08-21,2013-08-21,1
USGS,383107118375201,110C N08 E30 27DCDC1    City of Hawthorne Well 2,GW,38.5182553,-118.6209667,F,NAD83, 4370., 20,NGVD29,16050304,qw,71999,,0,,wat,INF,0,0,2013-08-21,2013-08-21,3
USGS,383107118375201,110C N08 E30 27DCDC1    City of Hawthorne Well 2,GW,38.5182553,-118.6209667,F,NAD83, 4370., 20,NGVD29,16050304,qw,72006,,0,,wat,INF,0,0,2013-08-21,2013-08-21,1
USGS,383107118375201,110C N08 E30 27DCDC1    City of Hawthorne Well 2,GW,38.5182553,-118.6209667,F,NAD83, 4370., 20,NGVD29,16050304,qw,75986,,0,,wat,RAD,182451,0,1992-07-16,1992-07-16,1
USGS,383107118375201,110C N08 E30 27DCDC1    City of Hawthorne Well 2,GW,38.5182553,-118.6209667,F,NAD83, 4370., 20,NGVD29,16050304,qw,75987,,0,,wat,RAD,182451,0,1992-07-16,1992-07-16,1
USGS,383107118375201,110C N08 E30 27DCDC1    City of Hawthorne Well 2,GW,38.5182553,-118.6209667,F,NAD83, 4370., 20,NGVD29,16050304,qw,75988,,0,,wat,RAD,182469,0,1992-07-16,1992-07-16,1
USGS,383107118375201,110C N08 E30 27DCDC1    City of Hawthorne Well 2,GW,38.5182553,-118.6209667,F,NAD83, 4370., 20,NGVD29,16050304,qw,75989,,0,,wat,RAD,182469,0,1992-07-16,1992-07-16,1
USGS,383107118375201,110C N08 E30 27DCDC1    City of Hawthorne Well 2,GW,38.5182553,-118.6209667,F,NAD83, 4370., 20,NGVD29,16050304,qw,76002,,0,,wat,RAD,197491,0,1992-07-16,1992-07-16,1
USGS,383107118375201,110C N08 E30 27DCDC1    City of Hawthorne Well 2,GW,38.5182553,-118.6209667,F,NAD83, 4370., 20,NGVD29,16050304,qw,76997,,0,,wat,OOT,5272,0,2013-08-21,2013-08-21,1
USGS,383107118375201,110C N08 E30 27DCDC1    City of Hawthorne Well 2,GW,38.5182553,-118.6209667,F,NAD83, 4370., 20,NGVD29,16050304,qw,77015,,0,,wat,OOT,4291,0,2013-08-21,2013-08-21,1
USGS,383107118375201,110C N08 E30 27DCDC1    City of Hawthorne Well 2,GW,38.5182553,-118.6209667,F,NAD83, 4370., 20,NGVD29,16050304,qw,77032,,0,,wat,OOT,7674,0,2013-08-21,2013-08-21,1
USGS,383107118375201,110C N08 E30 27DCDC1    City of Hawthorne Well 2,GW,38.5182553,-118.6209667,F,NAD83, 4370., 20,NGVD29,16050304,qw,77034,,0,,wat,OOT,4739,0,2013-08-21,2013-08-21,1
USGS,383107118375201,110C N08 E30 27DCDC1    City of Hawthorne Well 2,GW,38.5182553,-118.6209667,F,NAD83, 4370., 20,NGVD29,16050304,qw,77035,,0,,wat,OOT,5751,0,2013-08-21,2013-08-21,1
USGS,383107118375201,110C N08 E30 27DCDC1    City of Hawthorne Well 2,GW,38.5182553,-118.6209667,F,NAD83, 4370., 20,NGVD29,16050304,qw,77041,,0,,wat,OPE,5348,0,2013-08-21,2013-08-21,1
USGS,383107118375201,110C N08 E30 27DCDC1    City of Hawthorne Well 2,GW,38.5182553,-118.6209667,F,NAD83, 4370., 20,NGVD29,16050304,qw,77061,,0,,wat,OOT,26815,0,2013-08-21,2013-08-21,1
USGS,383107118375201,110C N08 E30 27DCDC1    City of Hawthorne Well 2,GW,38.5182553,-118.6209667,F,NAD83, 4370., 20,NGVD29,16050304,qw,77076,,0,,wat,OOT,7872,0,2013-08-21,2013-08-21,1
USGS,383107118375201,110C N08 E30 27DCDC1    City of Hawthorne Well 2,GW,38.5182553,-118.6209667,F,NAD83, 4370., 20,NGVD29,16050304,qw,77093,,0,,wat,OOT,40451,0,2013-08-21,2013-08-21,1
USGS,383107118375201,110C N08 E30 27DCDC1    City of Hawthorne Well 2,GW,38.5182553,-118.6209667,F,NAD83, 4370., 20,NGVD29,16050304,qw,77097,,0,,wat,OOT,25502,0,2013-08-21,2013-08-21,1
USGS,383107118375201,110C N08 E30 27DCDC1    City of Hawthorne Well 2,GW,38.5182553,-118.6209667,F,NAD83, 4370., 20,NGVD29,16050304,qw,77113,,0,,wat,OOT,24869,0,2013-08-21,2013-08-21,1
USGS,383107118375201,110C N08 E30 27DCDC1    City of Hawthorne Well 2,GW,38.5182553,-118.6209667,F,NAD83, 4370., 20,NGVD29,16050304,qw,77119,,0,,wat,OOT,5579,0,2013-08-21,2013-08-21,1
USGS,383107118375201,110C N08 E30 27DCDC1    City of Hawthorne Well 2,GW,38.5182553,-118.6209667,F,NAD83, 4370., 20,NGVD29,16050304,qw,77128,,0,,wat,OOT,19414,0,2013-08-21,2013-08-21,1
USGS,383107118375201,110C N08 E30 27DCDC1    City of Hawthorne Well 2,GW,38.5182553,-118.6209667,F,NAD83, 4370., 20,NGVD29,16050304,qw,77135,,0,,wat,OOT,16139,0,2013-08-21,2013-08-21,1
USGS,383107118375201,110C N08 E30 27DCDC1    City of Hawthorne Well 2,GW,38.5182553,-118.6209667,F,NAD83, 4370., 20,NGVD29,16050304,qw,77179,,0,,wat,OOT,0,0,2013-08-21,2013-08-21,1
USGS,383107118375201,110C N08 E30 27DCDC1    City of Hawthorne Well 2,GW,38.5182553,-118.6209667,F,NAD83, 4370., 20,NGVD29,16050304,qw,77201,,0,,wat,OOT,26476,0,2013-08-21,2013-08-21,1
USGS,383107118375201,110C N08 E30 27DCDC1    City of Hawthorne Well 2,GW,38.5182553,-118.6209667,F,NAD83, 4370., 20,NGVD29,16050304,qw,77222,,0,,wat,OOT,16261,0,2013-08-21,2013-08-21,1
USGS,383107118375201,110C N08 E30 27DCDC1    City of Hawthorne Well 2,GW,38.5182553,-118.6209667,F,NAD83, 4370., 20,NGVD29,16050304,qw,77224,,0,,wat,OOT,21568,0,2013-08-21,2013-08-21,1
USGS,383107118375201,110C N08 E30 27DCDC1    City of Hawthorne Well 2,GW,38.5182553,-118.6209667,F,NAD83, 4370., 20,NGVD29,16050304,qw,77297,,0,,wat,OOT,5199,0,2013-08-21,2013-08-21,1
USGS,383107118375201,110C N08 E30 27DCDC1    City of Hawthorne Well 2,GW,38.5182553,-118.6209667,F,NAD83, 4370., 20,NGVD29,16050304,qw,77310,,0,,wat,OOT,27953,0,2013-08-21,2013-08-21,1
USGS,383107118375201,110C N08 E30 27DCDC1    City of Hawthorne Well 2,GW,38.5182553,-118.6209667,F,NAD83, 4370., 20,NGVD29,16050304,qw,77311,,0,,wat,OOT,22327,0,2013-08-21,2013-08-21,1
USGS,383107118375201,110C N08 E30 27DCDC1    City of Hawthorne Well 2,GW,38.5182553,-118.6209667,F,NAD83, 4370., 20,NGVD29,16050304,qw,77323,,0,,wat,OOT,30783,0,2013-08-21,2013-08-21,1
USGS,383107118375201,110C N08 E30 27DCDC1    City of Hawthorne Well 2,GW,38.5182553,-118.6209667,F,NAD83, 4370., 20,NGVD29,16050304,qw,77350,,0,,wat,OOT,36574,0,2013-08-21,2013-08-21,1
USGS,383107118375201,110C N08 E30 27DCDC1    City of Hawthorne Well 2,GW,38.5182553,-118.6209667,F,NAD83, 4370., 20,NGVD29,16050304,qw,77419,,0,,wat,OOT,0,0,2013-08-21,2013-08-21,1
USGS,383107118375201,110C N08 E30 27DCDC1    City of Hawthorne Well 2,GW,38.5182553,-118.6209667,F,NAD83, 4370., 20,NGVD29,16050304,qw,77443,,0,,wat,OPE,16675,0,2013-08-21,2013-08-21,1
USGS,383107118375201,110C N08 E30 27DCDC1    City of Hawthorne Well 2,GW,38.5182553,-118.6209667,F,NAD83, 4370., 20,NGVD29,16050304,qw,77548,,0,,wat,OPE,6106,0,2013-08-21,2013-08-21,1
USGS,383107118375201,110C N08 E30 27DCDC1    City of Hawthorne Well 2,GW,38.5182553,-118.6209667,F,NAD83, 4370., 20,NGVD29,16050304,qw,77562,,0,,wat,OOT,65102,0,2013-08-21,2013-08-21,1
USGS,383107118375201,110C N08 E30 27DCDC1    City of Hawthorne Well 2,GW,38.5182553,-118.6209667,F,NAD83, 4370., 20,NGVD29,16050304,qw,77651,,0,,wat,OPE,23986,0,2013-08-21,2013-08-21,1
USGS,383107118375201,110C N08 E30 27DCDC1    City of Hawthorne Well 2,GW,38.5182553,-118.6209667,F,NAD83, 4370., 20,NGVD29,16050304,qw,78032,,0,,wat,OOT,89870,0,2013-08-21,2013-08-21,1
USGS,383107118375201,110C N08 E30 27DCDC1    City of Hawthorne Well 2,GW,38.5182553,-118.6209667,F,NAD83, 4370., 20,NGVD29,16050304,qw,78200,,0,,wat,OOT,1875,0,2013-08-21,2013-08-21,1
USGS,383107118375201,110C N08 E30 27DCDC1    City of Hawthorne Well 2,GW,38.5182553,-118.6209667,F,NAD83, 4370., 20,NGVD29,16050304,qw,80030,,0,,wat,RAD,182451,0,1992-07-16,1992-07-16,1
USGS,383107118375201,110C N08 E30 27DCDC1    City of Hawthorne Well 2,GW,38.5182553,-118.6209667,F,NAD83, 4370., 20,NGVD29,16050304,qw,80050,,0,,wat,RAD,182469,0,1992-07-16,1992-07-16,1
USGS,383107118375201,110C N08 E30 27DCDC1    City of Hawthorne Well 2,GW,38.5182553,-118.6209667,F,NAD83, 4370., 20,NGVD29,16050304,qw,80336,,0,,wat,OOT,650184,0,2013-08-21,2013-08-21,1
USGS,383107118375201,110C N08 E30 27DCDC1    City of Hawthorne Well 2,GW,38.5182553,-118.6209667,F,NAD83, 4370., 20,NGVD29,16050304,qw,81366,,0,,wat,RAD,199026,0,2013-08-21,2013-08-21,1
USGS,383107118375201,110C N08 E30 27DCDC1    City of Hawthorne Well 2,GW,38.5182553,-118.6209667,F,NAD83, 4370., 20,NGVD29,16050304,qw,81563,,0,,wat,OOT,24026,0,2013-08-21,2013-08-21,1
USGS,383107118375201,110C N08 E30 27DCDC1    City of Hawthorne Well 2,GW,38.5182553,-118.6209667,F,NAD83, 4370., 20,NGVD29,16050304,qw,81578,,0,,wat,OOT,26229,0,2013-08-21,2013-08-21,1
USGS,383107118375201,110C N08 E30 27DCDC1    City of Hawthorne Well 2,GW,38.5182553,-118.6209667,F,NAD83, 4370., 20,NGVD29,16050304,qw,81582,,0,,wat,OOT,33241,0,2013-08-21,2013-08-21,1
USGS,383107118375201,110C N08 E30 27DCDC1    City of Hawthorne Well 2,GW,38.5182553,-118.6209667,F,NAD83, 4370., 20,NGVD29,16050304,qw,81583,,0,,wat,OOT,66605,0,2013-08-21,2013-08-21,1
USGS,383107118375201,110C N08 E30 27DCDC1    City of Hawthorne Well 2,GW,38.5182553,-118.6209667,F,NAD83, 4370., 20,NGVD29,16050304,qw,81585,,0,,wat,OOT,38455,0,2013-08-21,2013-08-21,1
USGS,383107118375201,110C N08 E30 27DCDC1    City of Hawthorne Well 2,GW,38.5182553,-118.6209667,F,NAD83, 4370., 20,NGVD29,16050304,qw,81590,,0,,wat,OOT,26740,0,2013-08-21,2013-08-21,1
USGS,383107118375201,110C N08 E30 27DCDC1    City of Hawthorne Well 2,GW,38.5182553,-118.6209667,F,NAD83, 4370., 20,NGVD29,16050304,qw,81604,,0,,wat,OOT,26021,0,2013-08-21,2013-08-21,1
USGS,383107118375201,110C N08 E30 27DCDC1    City of Hawthorne Well 2,GW,38.5182553,-118.6209667,F,NAD83, 4370., 20,NGVD29,16050304,qw,82043,,0,,wat,IMN,149971,0,2013-08-21,2013-08-21,2
USGS,383107118375201,110C N08 E30 27DCDC1    City of Hawthorne Well 2,GW,38.5182553,-118.6209667,F,NAD83, 4370., 20,NGVD29,16050304,qw,82081,,0,,wat,ISO,966853,0,2013-08-21,2013-08-21,1
USGS,383107118375201,110C N08 E30 27DCDC1    City of Hawthorne Well 2,GW,38.5182553,-118.6209667,F,NAD83, 4370., 20,NGVD29,16050304,qw,82082,,0,,wat,ISO,1642107,0,2013-08-21,2013-08-21,1
USGS,383107118375201,110C N08 E30 27DCDC1    City of Hawthorne Well 2,GW,38.5182553,-118.6209667,F,NAD83, 4370., 20,NGVD29,16050304,qw,82085,,0,,wat,ISO,967034,0,2013-08-21,2013-08-21,1
USGS,383107118375201,110C N08 E30 27DCDC1    City of Hawthorne Well 2,GW,38.5182553,-118.6209667,F,NAD83, 4370., 20,NGVD29,16050304,qw,82303,,0,,wat,RAD,197491,0,1992-07-16,2013-08-21,2
USGS,383107118375201,110C N08 E30 27DCDC1    City of Hawthorne Well 2,GW,38.5182553,-118.6209667,F,NAD83, 4370., 20,NGVD29,16050304,qw,82398,,0,,wat,INF,0,0,2013-08-21,2013-08-21,3
USGS,383107118375201,110C N08 E30 27DCDC1    City of Hawthorne Well 2,GW,38.5182553,-118.6209667,F,NAD83, 4370., 20,NGVD29,16050304,qw,82625,,0,,wat,OPE,16618,0,2013-08-21,2013-08-21,1
USGS,383107118375201,110C N08 E30 27DCDC1    City of Hawthorne Well 2,GW,38.5182553,-118.6209667,F,NAD83, 4370., 20,NGVD29,16050304,qw,84164,,0,,wat,INF,0,0,2013-08-21,2013-08-21,3
USGS,383107118375201,110C N08 E30 27DCDC1    City of Hawthorne Well 2,GW,38.5182553,-118.6209667,F,NAD83, 4370., 20,NGVD29,16050304,qw,85574,,0,,wat,OOT,5066,0,2013-08-21,2013-08-21,2
USGS,383107118375201,110C N08 E30 27DCDC1    City of Hawthorne Well 2,GW,38.5182553,-118.6209667,F,NAD83, 4370., 20,NGVD29,16050304,qw,85575,,0,,wat,IMN,150169,0,2013-08-21,2013-08-21,2
USGS,383107118375201,110C N08 E30 27DCDC1    City of Hawthorne Well 2,GW,38.5182553,-118.6209667,F,NAD83, 4370., 20,NGVD29,16050304,qw,85576,,0,,wat,INN,85555,0,2013-08-21,2013-08-21,2
USGS,383107118375201,110C N08 E30 27DCDC1    City of Hawthorne Well 2,GW,38.5182553,-118.6209667,F,NAD83, 4370., 20,NGVD29,16050304,qw,85577,,0,,wat,IMN,149666,0,2013-08-21,2013-08-21,2
USGS,383107118375201,110C N08 E30 27DCDC1    City of Hawthorne Well 2,GW,38.5182553,-118.6209667,F,NAD83, 4370., 20,NGVD29,16050304,qw,85668,,0,,wat,OOT,5777,0,2013-08-21,2013-08-21,1
USGS,383107118375201,110C N08 E30 27DCDC1    City of Hawthorne Well 2,GW,38.5182553,-118.6209667,F,NAD83, 4370., 20,NGVD29,16050304,qw,85795,,0,,wat,OOT,17295783,0,2013-08-21,2013-08-21,1
USGS,383107118375201,110C N08 E30 27DCDC1    City of Hawthorne Well 2,GW,38.5182553,-118.6209667,F,NAD83, 4370., 20,NGVD29,16050304,qw,90095,,0,,wat,PHY,1646694,0,2013-08-21,2013-08-21,1
USGS,383107118375201,110C N08 E30 27DCDC1    City of Hawthorne Well 2,GW,38.5182553,-118.6209667,F,NAD83, 4370., 20,NGVD29,16050304,qw,90516,,0,,wat,INF,0,0,2013-08-21,2013-08-21,1
USGS,383107118375201,110C N08 E30 27DCDC1    City of Hawthorne Well 2,GW,38.5182553,-118.6209667,F,NAD83, 4370., 20,NGVD29,16050304,qw,90517,,0,,wat,INF,0,0,2013-08-21,2013-08-21,1
USGS,383107118375201,110C N08 E30 27DCDC1    City of Hawthorne Well 2,GW,38.5182553,-118.6209667,F,NAD83, 4370., 20,NGVD29,16050304,qw,90518,,0,,wat,INF,0,0,2013-08-21,2013-08-21,1
USGS,383107118375201,110C N08 E30 27DCDC1    City of Hawthorne Well 2,GW,38.5182553,-118.6209667,F,NAD83, 4370., 20,NGVD29,16050304,qw,90519,,0,,wat,INF,0,0,2013-08-21,2013-08-21,1
USGS,383107118375201,110C N08 E30 27DCDC1    City of Hawthorne Well 2,GW,38.5182553,-118.6209667,F,NAD83, 4370., 20,NGVD29,16050304,qw,90520,,0,,wat,INF,0,0,2013-08-21,2013-08-21,1
USGS,383107118375201,110C N08 E30 27DCDC1    City of Hawthorne Well 2,GW,38.5182553,-118.6209667,F,NAD83, 4370., 20,NGVD29,16050304,qw,90521,,0,,wat,INF,1736832,0,2013-08-21,2013-08-21,1
USGS,383107118375201,110C N08 E30 27DCDC1    City of Hawthorne Well 2,GW,38.5182553,-118.6209667,F,NAD83, 4370., 20,NGVD29,16050304,qw,90522,,0,,wat,INF,0,0,2013-08-21,2013-08-21,1
USGS,383107118375201,110C N08 E30 27DCDC1    City of Hawthorne Well 2,GW,38.5182553,-118.6209667,F,NAD83, 4370., 20,NGVD29,16050304,qw,90523,,0,,wat,INF,1736864,0,2013-08-21,2013-08-21,1
USGS,383107118375201,110C N08 E30 27DCDC1    City of Hawthorne Well 2,GW,38.5182553,-118.6209667,F,NAD83, 4370., 20,NGVD29,16050304,qw,90524,,0,,wat,INF,0,0,2013-08-21,2013-08-21,1
USGS,383107118375201,110C N08 E30 27DCDC1    City of Hawthorne Well 2,GW,38.5182553,-118.6209667,F,NAD83, 4370., 20,NGVD29,16050304,qw,90527,,0,,wat,INF,0,0,2013-08-21,2013-08-21,1
USGS,383107118375201,110C N08 E30 27DCDC1    City of Hawthorne Well 2,GW,38.5182553,-118.6209667,F,NAD83, 4370., 20,NGVD29,16050304,qw,90529,,0,,wat,INF,0,0,2013-08-21,2013-08-21,1
USGS,383107118375201,110C N08 E30 27DCDC1    City of Hawthorne Well 2,GW,38.5182553,-118.6209667,F,NAD83, 4370., 20,NGVD29,16050304,qw,90552,,0,,wat,INF,1736840,0,2013-08-21,2013-08-21,1
USGS,383107118375201,110C N08 E30 27DCDC1    City of Hawthorne Well 2,GW,38.5182553,-118.6209667,F,NAD83, 4370., 20,NGVD29,16050304,qw,90553,,0,,wat,INF,0,0,2013-08-21,2013-08-21,1
USGS,383107118375201,110C N08 E30 27DCDC1    City of Hawthorne Well 2,GW,38.5182553,-118.6209667,F,NAD83, 4370., 20,NGVD29,16050304,qw,90554,,0,,wat,INF,0,0,2013-08-21,2013-08-21,1
USGS,383107118375201,110C N08 E30 27DCDC1    City of Hawthorne Well 2,GW,38.5182553,-118.6209667,F,NAD83, 4370., 20,NGVD29,16050304,qw,90555,,0,,wat,INF,0,0,2013-08-21,2013-08-21,1
USGS,383107118375201,110C N08 E30 27DCDC1    City of Hawthorne Well 2,GW,38.5182553,-118.6209667,F,NAD83, 4370., 20,NGVD29,16050304,qw,90556,,0,,wat,INF,0,0,2013-08-21,2013-08-21,1
USGS,383107118375201,110C N08 E30 27DCDC1    City of Hawthorne Well 2,GW,38.5182553,-118.6209667,F,NAD83, 4370., 20,NGVD29,16050304,qw,90558,,0,,wat,INF,0,0,2013-08-21,2013-08-21,1
USGS,383107118375201,110C N08 E30 27DCDC1    City of Hawthorne Well 2,GW,38.5182553,-118.6209667,F,NAD83, 4370., 20,NGVD29,16050304,qw,90576,,0,,wat,INF,0,0,2013-08-21,2013-08-21,1
USGS,383107118375201,110C N08 E30 27DCDC1    City of Hawthorne Well 2,GW,38.5182553,-118.6209667,F,NAD83, 4370., 20,NGVD29,16050304,qw,90607,,0,,wat,INF,0,0,2013-08-21,2013-08-21,1
USGS,383107118375201,110C N08 E30 27DCDC1    City of Hawthorne Well 2,GW,38.5182553,-118.6209667,F,NAD83, 4370., 20,NGVD29,16050304,qw,90624,,0,,wat,INF,0,0,2013-08-21,2013-08-21,1
USGS,383107118375201,110C N08 E30 27DCDC1    City of Hawthorne Well 2,GW,38.5182553,-118.6209667,F,NAD83, 4370., 20,NGVD29,16050304,qw,90625,,0,,wat,INF,0,0,2013-08-21,2013-08-21,1
USGS,383107118375201,110C N08 E30 27DCDC1    City of Hawthorne Well 2,GW,38.5182553,-118.6209667,F,NAD83, 4370., 20,NGVD29,16050304,qw,90695,,0,,wat,INF,46250,0,2013-08-21,2013-08-21,1
USGS,383107118375201,110C N08 E30 27DCDC1    City of Hawthorne Well 2,GW,38.5182553,-118.6209667,F,NAD83, 4370., 20,NGVD29,16050304,qw,90696,,0,,wat,INF,961581,0,2013-08-21,2013-08-21,1
USGS,383107118375201,110C N08 E30 27DCDC1    City of Hawthorne Well 2,GW,38.5182553,-118.6209667,F,NAD83, 4370., 20,NGVD29,16050304,qw,90701,,0,,wat,INF,46250,0,2013-08-21,2013-08-21,1
USGS,383107118375201,110C N08 E30 27DCDC1    City of Hawthorne Well 2,GW,38.5182553,-118.6209667,F,NAD83, 4370., 20,NGVD29,16050304,qw,90703,,0,,wat,INF,961581,0,2013-08-21,2013-08-21,1
USGS,383107118375201,110C N08 E30 27DCDC1    City of Hawthorne Well 2,GW,38.5182553,-118.6209667,F,NAD83, 4370., 20,NGVD29,16050304,qw,90808,,0,,wat,INF,0,0,2013-08-21,2013-08-21,1
USGS,383107118375201,110C N08 E30 27DCDC1    City of Hawthorne Well 2,GW,38.5182553,-118.6209667,F,NAD83, 4370., 20,NGVD29,16050304,qw,90816,,0,,wat,INF,0,0,2013-08-21,2013-08-21,1
USGS,383107118375201,110C N08 E30 27DCDC1    City of Hawthorne Well 2,GW,38.5182553,-118.6209667,F,NAD83, 4370., 20,NGVD29,16050304,qw,90867,,0,,wat,OOT,701045,0,2013-08-21,2013-08-21,1
USGS,383107118375201,110C N08 E30 27DCDC1    City of Hawthorne Well 2,GW,38.5182553,-118.6209667,F,NAD83, 4370., 20,NGVD29,16050304,qw,90909,,0,,wat,MBI,763854,0,2013-08-21,2013-08-21,1
USGS,383107118375201,110C N08 E30 27DCDC1    City of Hawthorne Well 2,GW,38.5182553,-118.6209667,F,NAD83, 4370., 20,NGVD29,16050304,qw,91986,,0,,wat,INF,0,0,2013-08-21,2013-08-21,1
USGS,383107118375201,110C N08 E30 27DCDC1    City of Hawthorne Well 2,GW,38.5182553,-118.6209667,F,NAD83, 4370., 20,NGVD29,16050304,qw,99111,,0,,wat,INF,0,0,2013-08-21,2013-08-21,2
USGS,383107118375201,110C N08 E30 27DCDC1    City of Hawthorne Well 2,GW,38.5182553,-118.6209667,F,NAD83, 4370., 20,NGVD29,16050304,qw,99332,,0,,wat,MBI,1852565,0,2013-08-21,2013-08-21,1
USGS,383107118375201,110C N08 E30 27DCDC1    City of Hawthorne Well 2,GW,38.5182553,-118.6209667,F,NAD83, 4370., 20,NGVD29,16050304,qw,99335,,0,,wat,MBI,1852565,0,2013-08-21,2013-08-21,1
USGS,383107118375201,110C N08 E30 27DCDC1    City of Hawthorne Well 2,GW,38.5182553,-118.6209667,F,NAD83, 4370., 20,NGVD29,16050304,qw,99832,,0,,wat,INF,17295536,0,2013-08-21,2013-08-21,1
USGS,383127118374201,110C N08 E30 27CCDD1    City of Hawthorne Well 1,GW,38.51797755,-118.6287447,M,NAD83, 4380.,10.,NGVD29,16050304,gw,62610,,0,,wat,,1642461,0,1942-08-05,1942-08-05,1
USGS,383127118374201,110C N08 E30 27CCDD1    City of Hawthorne Well 1,GW,38.51797755,-118.6287447,M,NAD83, 4380.,10.,NGVD29,16050304,gw,62611,,0,,wat,,1642461,0,1942-08-05,1942-08-05,1
USGS,383127118374201,110C N08 E30 27CCDD1    City of Hawthorne Well 1,GW,38.51797755,-118.6287447,M,NAD83, 4380.,10.,NGVD29,16050304,gw,72019,,0,,wat,,1642008,0,1942-08-05,1942-08-05,1
USGS,383150118380001,110C N08 E30 21DCD 1    U.S. ARMY WELL 6,GW,38.5326111,-118.6378889,1,NAD83, 4259,  1,NGVD29,16050304,ad,,,0,,wat,,0,0,2005,2010,6
USGS,383150118380001,110C N08 E30 21DCD 1    U.S. ARMY WELL 6,GW,38.5326111,-118.6378889,1,NAD83, 4259,  1,NGVD29,16050304,aw,,,0,,wat,,0,0,1952,2021,62
USGS,383150118380001,110C N08 E30 21DCD 1    U.S. ARMY WELL 6,GW,38.5326111,-118.6378889,1,NAD83, 4259,  1,NGVD29,16050304,gw,62610,,0,,wat,,1642461,0,1952-11-21,2024-03-11,66
USGS,383150118380001,110C N08 E30 21DCD 1    U.S. ARMY WELL 6,GW,38.5326111,-118.6378889,1,NAD83, 4259,  1,NGVD29,16050304,gw,62611,,0,,wat,,1642461,0,1952-11-21,2024-03-11,66
USGS,383150118380001,110C N08 E30 21DCD 1    U.S. ARMY WELL 6,GW,38.5326111,-118.6378889,1,NAD83, 4259,  1,NGVD29,16050304,gw,72019,,0,,wat,,1642008,0,1952-11-21,2024-03-11,66
USGS,383209118385501,110C N08 E30 21CDB 1    U.S. ARMY WELL 9,GW,38.53519956,-118.644023,M,NAD83, 4230.,  1,NGVD29,16050304,gw,62610,,0,,wat,,1642461,0,1974-02-27,1974-02-27,1
USGS,383209118385501,110C N08 E30 21CDB 1    U.S. ARMY WELL 9,GW,38.53519956,-118.644023,M,NAD83, 4230.,  1,NGVD29,16050304,gw,62611,,0,,wat,,1642461,0,1974-02-27,1974-02-27,1
USGS,383209118385501,110C N08 E30 21CDB 1    U.S. ARMY WELL 9,GW,38.53519956,-118.644023,M,NAD83, 4230.,  1,NGVD29,16050304,gw,72019,,0,,wat,,1642008,0,1974-02-27,1974-02-27,1
USGS,383308118410901,110C N08 E30 18DCCD1    U.S. ARMY WELL 5,GW,38.54492169,-118.6751352,M,NAD83, 4254.,  1,NGVD29,16050304,ad,,,0,,wat,,0,0,2012,2012,1
USGS,383308118410901,110C N08 E30 18DCCD1    U.S. ARMY WELL 5,GW,38.54492169,-118.6751352,M,NAD83, 4254.,  1,NGVD29,16050304,gw,62610,,0,,wat,,1642461,0,1966-02-16,1966-02-16,1
USGS,383308118410901,110C N08 E30 18DCCD1    U.S. ARMY WELL 5,GW,38.54492169,-118.6751352,M,NAD83, 4254.,  1,NGVD29,16050304,gw,62611,,0,,wat,,1642461,0,1966-02-16,1966-02-16,1
USGS,383308118410901,110C N08 E30 18DCCD1    U.S. ARMY WELL 5,GW,38.54492169,-118.6751352,M,NAD83, 4254.,  1,NGVD29,16050304,gw,72019,,0,,wat,,1642008,0,1966-02-16,1966-02-16,1
USGS,383308118410901,110C N08 E30 18DCCD1    U.S. ARMY WELL 5,GW,38.54492169,-118.6751352,M,NAD83, 4254.,  1,NGVD29,16050304,qw,,,0,,wat,ALL,0,0,2012-08-20,2012-08-20,3
USGS,383308118410901,110C N08 E30 18DCCD1    U.S. ARMY WELL 5,GW,38.54492169,-118.6751352,M,NAD83, 4254.,  1,NGVD29,16050304,qw,00010,,0,,wat,PHY,1645597,0,2012-08-20,2012-08-20,3
USGS,383308118410901,110C N08 E30 18DCCD1    U.S. ARMY WELL 5,GW,38.54492169,-118.6751352,M,NAD83, 4254.,  1,NGVD29,16050304,qw,00095,,0,,wat,PHY,1646694,0,2012-08-20,2012-08-20,3
USGS,383308118410901,110C N08 E30 18DCCD1    U.S. ARMY WELL 5,GW,38.54492169,-118.6751352,M,NAD83, 4254.,  1,NGVD29,16050304,qw,00191,,0,,wat,INN,1640572,0,2012-08-20,2012-08-20,3
USGS,383308118410901,110C N08 E30 18DCCD1    U.S. ARMY WELL 5,GW,38.54492169,-118.6751352,M,NAD83, 4254.,  1,NGVD29,16050304,qw,00400,,0,,wat,PHY,17028275,0,2012-08-20,2012-08-20,3
USGS,383308118410901,110C N08 E30 18DCCD1    U.S. ARMY WELL 5,GW,38.54492169,-118.6751352,M,NAD83, 4254.,  1,NGVD29,16050304,qw,00405,,0,,wat,INN,33548,0,2012-08-20,2012-08-20,2
USGS,383308118410901,110C N08 E30 18DCCD1    U.S. ARMY WELL 5,GW,38.54492169,-118.6751352,M,NAD83, 4254.,  1,NGVD29,16050304,qw,00597,,0,,wat,INN,153122,0,2012-08-20,2012-08-20,2
USGS,383308118410901,110C N08 E30 18DCCD1    U.S. ARMY WELL 5,GW,38.54492169,-118.6751352,M,NAD83, 4254.,  1,NGVD29,16050304,qw,00940,,0,,wat,INN,205955,0,2012-08-20,2012-08-20,1
USGS,383308118410901,110C N08 E30 18DCCD1    U.S. ARMY WELL 5,GW,38.54492169,-118.6751352,M,NAD83, 4254.,  1,NGVD29,16050304,qw,62971,,0,,wat,INN,154302,0,2012-08-20,2012-08-20,2
USGS,383308118410901,110C N08 E30 18DCCD1    U.S. ARMY WELL 5,GW,38.54492169,-118.6751352,M,NAD83, 4254.,  1,NGVD29,16050304,qw,82043,,0,,wat,IMN,149971,0,2012-08-20,2012-08-20,2
USGS,383308118410901,110C N08 E30 18DCCD1    U.S. ARMY WELL 5,GW,38.54492169,-118.6751352,M,NAD83, 4254.,  1,NGVD29,16050304,qw,85574,,0,,wat,OOT,5066,0,2012-08-20,2012-08-20,2
USGS,383310118401001,110C N08 E30 18AADB1    U.S. ARMY WELL 1,GW,38.55686596,-118.6687463,F,NAD83, 4140., 20,NGVD29,16050304,gw,62610,,0,,wat,,1642461,0,1942-05-26,1997-04-24,41
USGS,383310118401001,110C N08 E30 18AADB1    U.S. ARMY WELL 1,GW,38.55686596,-118.6687463,F,NAD83, 4140., 20,NGVD29,16050304,gw,62611,,0,,wat,,1642461,0,1942-05-26,1997-04-24,41
USGS,383310118401001,110C N08 E30 18AADB1    U.S. ARMY WELL 1,GW,38.55686596,-118.6687463,F,NAD83, 4140., 20,NGVD29,16050304,gw,72019,,0,,wat,,1642008,0,1942-05-26,1997-04-24,41
USGS,383312118391001,110C N08 E30 17ACDA1    USGS Well NO3-10,GW,38.55325488,-118.6543014,S,NAD83, 4124.38, 10,NGVD29,16050304,gw,62610,,0,,wat,,1642461,0,1974-06-13,2000-05-18,6
USGS,383312118391001,110C N08 E30 17ACDA1    USGS Well NO3-10,GW,38.55325488,-118.6543014,S,NAD83, 4124.38, 10,NGVD29,16050304,gw,62611,,0,,wat,,1642461,0,1974-06-13,2000-05-18,6
USGS,383312118391001,110C N08 E30 17ACDA1    USGS Well NO3-10,GW,38.55325488,-118.6543014,S,NAD83, 4124.38, 10,NGVD29,16050304,gw,72019,,0,,wat,,1642008,0,1974-06-13,2000-05-18,6
USGS,383325118391901,110C N08 E30 17ABCA1    USGS Well NO3-6,GW,38.55658817,-118.6565237,S,NAD83, 4120.11, 10,NGVD29,16050304,gw,62610,,0,,wat,,1642461,0,1974-03-04,1974-06-13,3
USGS,383325118391901,110C N08 E30 17ABCA1    USGS Well NO3-6,GW,38.55658817,-118.6565237,S,NAD83, 4120.11, 10,NGVD29,16050304,gw,62611,,0,,wat,,1642461,0,1974-03-04,1974-06-13,3
USGS,383325118391901,110C N08 E30 17ABCA1    USGS Well NO3-6,GW,38.55658817,-118.6565237,S,NAD83, 4120.11, 10,NGVD29,16050304,gw,72019,,0,,wat,,1642008,0,1974-03-04,1974-06-13,3
USGS,383335118391001,110C N08 E30 08DCDD1    USGS Well NO3-2,GW,38.55964368,-118.6540237,S,NAD83, 4105.86, 10,NGVD29,16050304,gw,62610,,0,,wat,,1642461,0,1974-03-05,1974-06-11,3
USGS,383335118391001,110C N08 E30 08DCDD1    USGS Well NO3-2,GW,38.55964368,-118.6540237,S,NAD83, 4105.86, 10,NGVD29,16050304,gw,62611,,0,,wat,,1642461,0,1974-03-05,1974-06-11,3
USGS,383335118391001,110C N08 E30 08DCDD1    USGS Well NO3-2,GW,38.55964368,-118.6540237,S,NAD83, 4105.86, 10,NGVD29,16050304,gw,72019,,0,,wat,,1642008,0,1974-03-05,1974-06-11,3
USGS,383335118392301,110C N08 E30 08DCCC1    USGS Well NO3-7A,GW,38.5593659,-118.6576349,S,NAD83, 4111.27, 10,NGVD29,16050304,gw,62610,,0,,wat,,1642461,0,1974-03-04,1974-06-13,3
USGS,383335118392301,110C N08 E30 08DCCC1    USGS Well NO3-7A,GW,38.5593659,-118.6576349,S,NAD83, 4111.27, 10,NGVD29,16050304,gw,62611,,0,,wat,,1642461,0,1974-03-04,1974-06-13,3
USGS,383335118392301,110C N08 E30 08DCCC1    USGS Well NO3-7A,GW,38.5593659,-118.6576349,S,NAD83, 4111.27, 10,NGVD29,16050304,gw,72019,,0,,wat,,1642008,0,1974-03-04,1974-06-13,3
USGS,383335118392302,110C N08 E30 08DCCC2    USGS Well NO3-7B,GW,38.5593659,-118.6576349,S,NAD83, 4111.27, 10,NGVD29,16050304,gw,62610,,0,,wat,,1642461,0,1974-03-04,1974-06-13,3
USGS,383335118392302,110C N08 E30 08DCCC2    USGS Well NO3-7B,GW,38.5593659,-118.6576349,S,NAD83, 4111.27, 10,NGVD29,16050304,gw,62611,,0,,wat,,1642461,0,1974-03-04,1974-06-13,3
USGS,383335118392302,110C N08 E30 08DCCC2    USGS Well NO3-7B,GW,38.5593659,-118.6576349,S,NAD83, 4111.27, 10,NGVD29,16050304,gw,72019,,0,,wat,,1642008,0,1974-03-04,1974-06-13,3
USGS,383335118392303,110C N08 E30 08DCCC3    USGS Well NO3-7C,GW,38.5593659,-118.6576349,S,NAD83, 4111.27, 10,NGVD29,16050304,gw,62610,,0,,wat,,1642461,0,1973-11-12,1973-11-12,1
USGS,383335118392303,110C N08 E30 08DCCC3    USGS Well NO3-7C,GW,38.5593659,-118.6576349,S,NAD83, 4111.27, 10,NGVD29,16050304,gw,62611,,0,,wat,,1642461,0,1973-11-12,1973-11-12,1
USGS,383335118392303,110C N08 E30 08DCCC3    USGS Well NO3-7C,GW,38.5593659,-118.6576349,S,NAD83, 4111.27, 10,NGVD29,16050304,gw,72019,,0,,wat,,1642008,0,1973-11-12,1973-11-12,1
USGS,383335118392304,110C N08 E30 08DCCC4    USGS Well NO3-7D,GW,38.5593659,-118.6576349,S,NAD83, 4111.27, 10,NGVD29,16050304,gw,62610,,0,,wat,,1642461,0,1974-03-04,1974-06-13,3
USGS,383335118392304,110C N08 E30 08DCCC4    USGS Well NO3-7D,GW,38.5593659,-118.6576349,S,NAD83, 4111.27, 10,NGVD29,16050304,gw,62611,,0,,wat,,1642461,0,1974-03-04,1974-06-13,3
USGS,383335118392304,110C N08 E30 08DCCC4    USGS Well NO3-7D,GW,38.5593659,-118.6576349,S,NAD83, 4111.27, 10,NGVD29,16050304,gw,72019,,0,,wat,,1642008,0,1974-03-04,1974-06-13,3
USGS,383339118390301,110C N08 E30 08DDCB1    USGS Well NO3-1,GW,38.560477,-118.6529125,M,NAD83, 4106.34, 10,NGVD29,16050304,gw,62610,,0,,wat,,1642461,0,1974-03-05,1974-06-11,3
USGS,383339118390301,110C N08 E30 08DDCB1    USGS Well NO3-1,GW,38.560477,-118.6529125,M,NAD83, 4106.34, 10,NGVD29,16050304,gw,62611,,0,,wat,,1642461,0,1974-03-05,1974-06-11,3
USGS,383339118390301,110C N08 E30 08DDCB1    USGS Well NO3-1,GW,38.560477,-118.6529125,M,NAD83, 4106.34, 10,NGVD29,16050304,gw,72019,,0,,wat,,1642008,0,1974-03-05,1974-06-11,3
USGS,383339118392501,110C N08 E30 08DCCB1    USGS Well NO3-9,GW,38.56075478,-118.6581905,S,NAD83, 4102.79, 10,NGVD29,16050304,gw,62610,,0,,wat,,1642461,0,1974-03-04,1974-06-13,3
USGS,383339118392501,110C N08 E30 08DCCB1    USGS Well NO3-9,GW,38.56075478,-118.6581905,S,NAD83, 4102.79, 10,NGVD29,16050304,gw,62611,,0,,wat,,1642461,0,1974-03-04,1974-06-13,3
USGS,383339118392501,110C N08 E30 08DCCB1    USGS Well NO3-9,GW,38.56075478,-118.6581905,S,NAD83, 4102.79, 10,NGVD29,16050304,gw,72019,,0,,wat,,1642008,0,1974-03-04,1974-06-13,3
USGS,383343118374701,110C N08 E30 09DDAC1    USGS Well NO3-11,GW,38.56158807,-118.6323564,S,NAD83, 4125.29, 10,NGVD29,16050304,gw,62610,,0,,wat,,1642461,0,1974-06-11,2000-05-19,6
USGS,383343118374701,110C N08 E30 09DDAC1    USGS Well NO3-11,GW,38.56158807,-118.6323564,S,NAD83, 4125.29, 10,NGVD29,16050304,gw,62611,,0,,wat,,1642461,0,1974-06-11,2000-05-19,6
USGS,383343118374701,110C N08 E30 09DDAC1    USGS Well NO3-11,GW,38.56158807,-118.6323564,S,NAD83, 4125.29, 10,NGVD29,16050304,gw,72019,,0,,wat,,1642008,0,1974-06-11,2000-05-19,6
USGS,383345118370601,110C N08 E30 10DBDD1    USGS Well 19,GW,38.5629769,-118.6187448,S,NAD83, 4138.37, .5,NGVD29,16050304,gw,62610,,0,,wat,,1642461,0,1976-07-28,2000-05-18,10
USGS,383345118370601,110C N08 E30 10DBDD1    USGS Well 19,GW,38.5629769,-118.6187448,S,NAD83, 4138.37, .5,NGVD29,16050304,gw,62611,,0,,wat,,1642461,0,1976-07-28,2000-05-18,10
USGS,383345118370601,110C N08 E30 10DBDD1    USGS Well 19,GW,38.5629769,-118.6187448,S,NAD83, 4138.37, .5,NGVD29,16050304,gw,72019,,0,,wat,,1642008,0,1976-07-28,2000-05-18,10
USGS,383345118370601,110C N08 E30 10DBDD1    USGS Well 19,GW,38.5629769,-118.6187448,S,NAD83, 4138.37, .5,NGVD29,16050304,qw,,,0,,wat,ALL,0,0,1976-11-29,1976-12-01,5
USGS,383345118370601,110C N08 E30 10DBDD1    USGS Well 19,GW,38.5629769,-118.6187448,S,NAD83, 4138.37, .5,NGVD29,16050304,qw,00095,,0,,wat,PHY,1646694,0,1976-11-29,1976-12-01,5
USGS,383345118370601,110C N08 E30 10DBDD1    USGS Well 19,GW,38.5629769,-118.6187448,S,NAD83, 4138.37, .5,NGVD29,16050304,qw,00600,,0,,wat,NUT,52450988,0,1976-11-29,1976-12-01,4
USGS,383345118370601,110C N08 E30 10DBDD1    USGS Well 19,GW,38.5629769,-118.6187448,S,NAD83, 4138.37, .5,NGVD29,16050304,qw,00602,,0,,wat,NUT,52450988,0,1976-12-01,1976-12-01,1
USGS,383345118370601,110C N08 E30 10DBDD1    USGS Well 19,GW,38.5629769,-118.6187448,S,NAD83, 4138.37, .5,NGVD29,16050304,qw,00605,,0,,wat,NUT,17297623,0,1976-11-29,1976-12-01,4
USGS,383345118370601,110C N08 E30 10DBDD1    USGS Well 19,GW,38.5629769,-118.6187448,S,NAD83, 4138.37, .5,NGVD29,16050304,qw,00607,,0,,wat,NUT,17297623,0,1976-12-01,1976-12-01,1
USGS,383345118370601,110C N08 E30 10DBDD1    USGS Well 19,GW,38.5629769,-118.6187448,S,NAD83, 4138.37, .5,NGVD29,16050304,qw,00608,,0,,wat,NUT,966655,0,1976-12-01,1976-12-01,1
USGS,383345118370601,110C N08 E30 10DBDD1    USGS Well 19,GW,38.5629769,-118.6187448,S,NAD83, 4138.37, .5,NGVD29,16050304,qw,00610,,0,,wat,NUT,966655,0,1976-11-29,1976-12-01,4
USGS,383345118370601,110C N08 E30 10DBDD1    USGS Well 19,GW,38.5629769,-118.6187448,S,NAD83, 4138.37, .5,NGVD29,16050304,qw,00613,,0,,wat,NUT,197194,0,1976-12-01,1976-12-01,1
USGS,383345118370601,110C N08 E30 10DBDD1    USGS Well 19,GW,38.5629769,-118.6187448,S,NAD83, 4138.37, .5,NGVD29,16050304,qw,00615,,0,,wat,NUT,197194,0,1976-11-29,1976-12-01,4
USGS,383345118370601,110C N08 E30 10DBDD1    USGS Well 19,GW,38.5629769,-118.6187448,S,NAD83, 4138.37, .5,NGVD29,16050304,qw,00618,,0,,wat,NUT,197186,0,1976-12-01,1976-12-01,1
USGS,383345118370601,110C N08 E30 10DBDD1    USGS Well 19,GW,38.5629769,-118.6187448,S,NAD83, 4138.37, .5,NGVD29,16050304,qw,00620,,0,,wat,NUT,197186,0,1976-11-29,1976-12-01,4
USGS,383345118370601,110C N08 E30 10DBDD1    USGS Well 19,GW,38.5629769,-118.6187448,S,NAD83, 4138.37, .5,NGVD29,16050304,qw,00623,,0,,wat,NUT,17148461,0,1976-12-01,1976-12-01,1
USGS,383345118370601,110C N08 E30 10DBDD1    USGS Well 19,GW,38.5629769,-118.6187448,S,NAD83, 4138.37, .5,NGVD29,16050304,qw,00625,,0,,wat,NUT,17148461,0,1976-11-29,1976-12-01,4
USGS,383345118370601,110C N08 E30 10DBDD1    USGS Well 19,GW,38.5629769,-118.6187448,S,NAD83, 4138.37, .5,NGVD29,16050304,qw,00630,,0,,wat,NUT,701177,0,1976-11-29,1976-12-01,4
USGS,383345118370601,110C N08 E30 10DBDD1    USGS Well 19,GW,38.5629769,-118.6187448,S,NAD83, 4138.37, .5,NGVD29,16050304,qw,00631,,0,,wat,NUT,701177,0,1976-12-01,1976-12-01,1
USGS,383345118370601,110C N08 E30 10DBDD1    USGS Well 19,GW,38.5629769,-118.6187448,S,NAD83, 4138.37, .5,NGVD29,16050304,qw,00940,,0,,wat,INN,205955,0,1976-12-01,1976-12-01,1
USGS,383345118370601,110C N08 E30 10DBDD1    USGS Well 19,GW,38.5629769,-118.6187448,S,NAD83, 4138.37, .5,NGVD29,16050304,qw,00945,,0,,wat,INN,197301,0,1976-12-01,1976-12-01,1
USGS,383345118370601,110C N08 E30 10DBDD1    USGS Well 19,GW,38.5629769,-118.6187448,S,NAD83, 4138.37, .5,NGVD29,16050304,qw,71845,,0,,wat,NUT,966655,0,1976-11-29,1976-12-01,4
USGS,383345118370601,110C N08 E30 10DBDD1    USGS Well 19,GW,38.5629769,-118.6187448,S,NAD83, 4138.37, .5,NGVD29,16050304,qw,71846,,0,,wat,NUT,966655,0,1976-12-01,1976-12-01,1
USGS,383345118370601,110C N08 E30 10DBDD1    USGS Well 19,GW,38.5629769,-118.6187448,S,NAD83, 4138.37, .5,NGVD29,16050304,qw,71851,,0,,wat,NUT,197186,0,1976-12-01,1976-12-01,1
USGS,383345118370601,110C N08 E30 10DBDD1    USGS Well 19,GW,38.5629769,-118.6187448,S,NAD83, 4138.37, .5,NGVD29,16050304,qw,71856,,0,,wat,NUT,197194,0,1976-12-01,1976-12-01,1
USGS,383345118370601,110C N08 E30 10DBDD1    USGS Well 19,GW,38.5629769,-118.6187448,S,NAD83, 4138.37, .5,NGVD29,16050304,qw,71887,,0,,wat,NUT,52450988,0,1976-11-29,1976-12-01,4
USGS,383345118384501,110C N08 E30 09CBCC1    USGS Well NO3-3,GW,38.56269919,-118.6481902,S,NAD83, 4105.43, 10,NGVD29,16050304,gw,62610,,0,,wat,,1642461,0,1974-03-04,1974-06-11,3
USGS,383345118384501,110C N08 E30 09CBCC1    USGS Well NO3-3,GW,38.56269919,-118.6481902,S,NAD83, 4105.43, 10,NGVD29,16050304,gw,62611,,0,,wat,,1642461,0,1974-03-04,1974-06-11,3
USGS,383345118384501,110C N08 E30 09CBCC1    USGS Well NO3-3,GW,38.56269919,-118.6481902,S,NAD83, 4105.43, 10,NGVD29,16050304,gw,72019,,0,,wat,,1642008,0,1974-03-04,1974-06-11,3
USGS,383352118372301,110C N08 E30 10CAAD1    USGS Well 18,GW,38.56464358,-118.6234672,S,NAD83, 4131.51, .5,NGVD29,16050304,gw,62610,,0,,wat,,1642461,0,1976-07-28,1979-04-26,6
USGS,383352118372301,110C N08 E30 10CAAD1    USGS Well 18,GW,38.56464358,-118.6234672,S,NAD83, 4131.51, .5,NGVD29,16050304,gw,62611,,0,,wat,,1642461,0,1976-07-28,1979-04-26,6
USGS,383352118372301,110C N08 E30 10CAAD1    USGS Well 18,GW,38.56464358,-118.6234672,S,NAD83, 4131.51, .5,NGVD29,16050304,gw,72019,,0,,wat,,1642008,0,1976-07-28,1979-04-26,6
USGS,383352118372301,110C N08 E30 10CAAD1    USGS Well 18,GW,38.56464358,-118.6234672,S,NAD83, 4131.51, .5,NGVD29,16050304,qw,,,0,,wat,ALL,0,0,1976-11-30,1976-12-02,4
USGS,383352118372301,110C N08 E30 10CAAD1    USGS Well 18,GW,38.56464358,-118.6234672,S,NAD83, 4131.51, .5,NGVD29,16050304,qw,00095,,0,,wat,PHY,1646694,0,1976-11-30,1976-12-02,4
USGS,383352118372301,110C N08 E30 10CAAD1    USGS Well 18,GW,38.56464358,-118.6234672,S,NAD83, 4131.51, .5,NGVD29,16050304,qw,00600,,0,,wat,NUT,52450988,0,1976-11-30,1976-12-02,3
USGS,383352118372301,110C N08 E30 10CAAD1    USGS Well 18,GW,38.56464358,-118.6234672,S,NAD83, 4131.51, .5,NGVD29,16050304,qw,00602,,0,,wat,NUT,52450988,0,1976-12-02,1976-12-02,1
USGS,383352118372301,110C N08 E30 10CAAD1    USGS Well 18,GW,38.56464358,-118.6234672,S,NAD83, 4131.51, .5,NGVD29,16050304,qw,00605,,0,,wat,NUT,17297623,0,1976-11-30,1976-12-02,3
USGS,383352118372301,110C N08 E30 10CAAD1    USGS Well 18,GW,38.56464358,-118.6234672,S,NAD83, 4131.51, .5,NGVD29,16050304,qw,00607,,0,,wat,NUT,17297623,0,1976-12-02,1976-12-02,1
USGS,383352118372301,110C N08 E30 10CAAD1    USGS Well 18,GW,38.56464358,-118.6234672,S,NAD83, 4131.51, .5,NGVD29,16050304,qw,00608,,0,,wat,NUT,966655,0,1976-12-02,1976-12-02,1
USGS,383352118372301,110C N08 E30 10CAAD1    USGS Well 18,GW,38.56464358,-118.6234672,S,NAD83, 4131.51, .5,NGVD29,16050304,qw,00610,,0,,wat,NUT,966655,0,1976-11-30,1976-12-02,3
USGS,383352118372301,110C N08 E30 10CAAD1    USGS Well 18,GW,38.56464358,-118.6234672,S,NAD83, 4131.51, .5,NGVD29,16050304,qw,00613,,0,,wat,NUT,197194,0,1976-12-02,1976-12-02,1
USGS,383352118372301,110C N08 E30 10CAAD1    USGS Well 18,GW,38.56464358,-118.6234672,S,NAD83, 4131.51, .5,NGVD29,16050304,qw,00615,,0,,wat,NUT,197194,0,1976-11-30,1976-12-02,3
USGS,383352118372301,110C N08 E30 10CAAD1    USGS Well 18,GW,38.56464358,-118.6234672,S,NAD83, 4131.51, .5,NGVD29,16050304,qw,00618,,0,,wat,NUT,197186,0,1976-12-02,1976-12-02,1
USGS,383352118372301,110C N08 E30 10CAAD1    USGS Well 18,GW,38.56464358,-118.6234672,S,NAD83, 4131.51, .5,NGVD29,16050304,qw,00620,,0,,wat,NUT,197186,0,1976-11-30,1976-12-02,3
USGS,383352118372301,110C N08 E30 10CAAD1    USGS Well 18,GW,38.56464358,-118.6234672,S,NAD83, 4131.51, .5,NGVD29,16050304,qw,00623,,0,,wat,NUT,17148461,0,1976-12-02,1976-12-02,1
USGS,383352118372301,110C N08 E30 10CAAD1    USGS Well 18,GW,38.56464358,-118.6234672,S,NAD83, 4131.51, .5,NGVD29,16050304,qw,00625,,0,,wat,NUT,17148461,0,1976-11-30,1976-12-02,3
USGS,383352118372301,110C N08 E30 10CAAD1    USGS Well 18,GW,38.56464358,-118.6234672,S,NAD83, 4131.51, .5,NGVD29,16050304,qw,00630,,0,,wat,NUT,701177,0,1976-11-30,1976-12-02,3
USGS,383352118372301,110C N08 E30 10CAAD1    USGS Well 18,GW,38.56464358,-118.6234672,S,NAD83, 4131.51, .5,NGVD29,16050304,qw,00631,,0,,wat,NUT,701177,0,1976-12-02,1976-12-02,1
USGS,383352118372301,110C N08 E30 10CAAD1    USGS Well 18,GW,38.56464358,-118.6234672,S,NAD83, 4131.51, .5,NGVD29,16050304,qw,71845,,0,,wat,NUT,966655,0,1976-11-30,1976-12-02,3
USGS,383352118372301,110C N08 E30 10CAAD1    USGS Well 18,GW,38.56464358,-118.6234672,S,NAD83, 4131.51, .5,NGVD29,16050304,qw,71846,,0,,wat,NUT,966655,0,1976-12-02,1976-12-02,1
USGS,383352118372301,110C N08 E30 10CAAD1    USGS Well 18,GW,38.56464358,-118.6234672,S,NAD83, 4131.51, .5,NGVD29,16050304,qw,71851,,0,,wat,NUT,197186,0,1976-12-02,1976-12-02,1
USGS,383352118372301,110C N08 E30 10CAAD1    USGS Well 18,GW,38.56464358,-118.6234672,S,NAD83, 4131.51, .5,NGVD29,16050304,qw,71856,,0,,wat,NUT,197194,0,1976-12-02,1976-12-02,1
USGS,383352118372301,110C N08 E30 10CAAD1    USGS Well 18,GW,38.56464358,-118.6234672,S,NAD83, 4131.51, .5,NGVD29,16050304,qw,71887,,0,,wat,NUT,52450988,0,1976-11-30,1976-12-02,3
USGS,383353118372801,110C N08 E30 10CAAC1    USGS Well 15,GW,38.56464358,-118.6248562,S,NAD83, 4129.82, .5,NGVD29,16050304,gw,62610,,0,,wat,,1642461,0,1976-07-28,1979-04-26,5
USGS,383353118372801,110C N08 E30 10CAAC1    USGS Well 15,GW,38.56464358,-118.6248562,S,NAD83, 4129.82, .5,NGVD29,16050304,gw,62611,,0,,wat,,1642461,0,1976-07-28,1979-04-26,5
USGS,383353118372801,110C N08 E30 10CAAC1    USGS Well 15,GW,38.56464358,-118.6248562,S,NAD83, 4129.82, .5,NGVD29,16050304,gw,72019,,0,,wat,,1642008,0,1976-07-28,1979-04-26,5
USGS,383353118372801,110C N08 E30 10CAAC1    USGS Well 15,GW,38.56464358,-118.6248562,S,NAD83, 4129.82, .5,NGVD29,16050304,qw,,,0,,wat,ALL,0,0,1976-11-30,1976-12-04,4
USGS,383353118372801,110C N08 E30 10CAAC1    USGS Well 15,GW,38.56464358,-118.6248562,S,NAD83, 4129.82, .5,NGVD29,16050304,qw,00010,,0,,wat,PHY,1645597,0,1976-12-04,1976-12-04,2
USGS,383353118372801,110C N08 E30 10CAAC1    USGS Well 15,GW,38.56464358,-118.6248562,S,NAD83, 4129.82, .5,NGVD29,16050304,qw,00095,,0,,wat,PHY,1646694,0,1976-11-30,1976-12-04,4
USGS,383353118372801,110C N08 E30 10CAAC1    USGS Well 15,GW,38.56464358,-118.6248562,S,NAD83, 4129.82, .5,NGVD29,16050304,qw,00600,,0,,wat,NUT,52450988,0,1976-11-30,1976-12-04,2
USGS,383353118372801,110C N08 E30 10CAAC1    USGS Well 15,GW,38.56464358,-118.6248562,S,NAD83, 4129.82, .5,NGVD29,16050304,qw,00602,,0,,wat,NUT,52450988,0,1976-12-04,1976-12-04,1
USGS,383353118372801,110C N08 E30 10CAAC1    USGS Well 15,GW,38.56464358,-118.6248562,S,NAD83, 4129.82, .5,NGVD29,16050304,qw,00605,,0,,wat,NUT,17297623,0,1976-11-30,1976-12-04,2
USGS,383353118372801,110C N08 E30 10CAAC1    USGS Well 15,GW,38.56464358,-118.6248562,S,NAD83, 4129.82, .5,NGVD29,16050304,qw,00607,,0,,wat,NUT,17297623,0,1976-12-04,1976-12-04,1
USGS,383353118372801,110C N08 E30 10CAAC1    USGS Well 15,GW,38.56464358,-118.6248562,S,NAD83, 4129.82, .5,NGVD29,16050304,qw,00608,,0,,wat,NUT,966655,0,1976-12-04,1976-12-04,1
USGS,383353118372801,110C N08 E30 10CAAC1    USGS Well 15,GW,38.56464358,-118.6248562,S,NAD83, 4129.82, .5,NGVD29,16050304,qw,00610,,0,,wat,NUT,966655,0,1976-11-30,1976-12-04,2
USGS,383353118372801,110C N08 E30 10CAAC1    USGS Well 15,GW,38.56464358,-118.6248562,S,NAD83, 4129.82, .5,NGVD29,16050304,qw,00613,,0,,wat,NUT,197194,0,1976-12-04,1976-12-04,1
USGS,383353118372801,110C N08 E30 10CAAC1    USGS Well 15,GW,38.56464358,-118.6248562,S,NAD83, 4129.82, .5,NGVD29,16050304,qw,00615,,0,,wat,NUT,197194,0,1976-11-30,1976-12-04,2
USGS,383353118372801,110C N08 E30 10CAAC1    USGS Well 15,GW,38.56464358,-118.6248562,S,NAD83, 4129.82, .5,NGVD29,16050304,qw,00618,,0,,wat,NUT,197186,0,1976-12-04,1976-12-04,1
USGS,383353118372801,110C N08 E30 10CAAC1    USGS Well 15,GW,38.56464358,-118.6248562,S,NAD83, 4129.82, .5,NGVD29,16050304,qw,00620,,0,,wat,NUT,197186,0,1976-11-30,1976-12-04,2
USGS,383353118372801,110C N08 E30 10CAAC1    USGS Well 15,GW,38.56464358,-118.6248562,S,NAD83, 4129.82, .5,NGVD29,16050304,qw,00623,,0,,wat,NUT,17148461,0,1976-12-04,1976-12-04,1
USGS,383353118372801,110C N08 E30 10CAAC1    USGS Well 15,GW,38.56464358,-118.6248562,S,NAD83, 4129.82, .5,NGVD29,16050304,qw,00625,,0,,wat,NUT,17148461,0,1976-11-30,1976-12-04,2
USGS,383353118372801,110C N08 E30 10CAAC1    USGS Well 15,GW,38.56464358,-118.6248562,S,NAD83, 4129.82, .5,NGVD29,16050304,qw,00630,,0,,wat,NUT,701177,0,1976-11-30,1976-12-04,2
USGS,383353118372801,110C N08 E30 10CAAC1    USGS Well 15,GW,38.56464358,-118.6248562,S,NAD83, 4129.82, .5,NGVD29,16050304,qw,00631,,0,,wat,NUT,701177,0,1976-12-04,1976-12-04,1
USGS,383353118372801,110C N08 E30 10CAAC1    USGS Well 15,GW,38.56464358,-118.6248562,S,NAD83, 4129.82, .5,NGVD29,16050304,qw,00930,,0,,wat,INM,149856,0,1976-12-04,1976-12-04,1
USGS,383353118372801,110C N08 E30 10CAAC1    USGS Well 15,GW,38.56464358,-118.6248562,S,NAD83, 4129.82, .5,NGVD29,16050304,qw,00940,,0,,wat,INN,205955,0,1976-12-04,1976-12-04,1
USGS,383353118372801,110C N08 E30 10CAAC1    USGS Well 15,GW,38.56464358,-118.6248562,S,NAD83, 4129.82, .5,NGVD29,16050304,qw,00945,,0,,wat,INN,197301,0,1976-12-04,1976-12-04,1
USGS,383353118372801,110C N08 E30 10CAAC1    USGS Well 15,GW,38.56464358,-118.6248562,S,NAD83, 4129.82, .5,NGVD29,16050304,qw,71845,,0,,wat,NUT,966655,0,1976-11-30,1976-12-04,2
USGS,383353118372801,110C N08 E30 10CAAC1    USGS Well 15,GW,38.56464358,-118.6248562,S,NAD83, 4129.82, .5,NGVD29,16050304,qw,71846,,0,,wat,NUT,966655,0,1976-12-04,1976-12-04,1
USGS,383353118372801,110C N08 E30 10CAAC1    USGS Well 15,GW,38.56464358,-118.6248562,S,NAD83, 4129.82, .5,NGVD29,16050304,qw,71851,,0,,wat,NUT,197186,0,1976-12-04,1976-12-04,1
USGS,383353118372801,110C N08 E30 10CAAC1    USGS Well 15,GW,38.56464358,-118.6248562,S,NAD83, 4129.82, .5,NGVD29,16050304,qw,71856,,0,,wat,NUT,197194,0,1976-12-04,1976-12-04,1
USGS,383353118372801,110C N08 E30 10CAAC1    USGS Well 15,GW,38.56464358,-118.6248562,S,NAD83, 4129.82, .5,NGVD29,16050304,qw,71887,,0,,wat,NUT,52450988,0,1976-11-30,1976-12-04,2
USGS,383354118373001,110C N08 E30 10CABA1    USGS Well 16,GW,38.5651991,-118.6254117,S,NAD83, 4129.22, .5,NGVD29,16050304,gw,62610,,0,,wat,,1642461,0,1976-07-28,1979-04-26,7
USGS,383354118373001,110C N08 E30 10CABA1    USGS Well 16,GW,38.5651991,-118.6254117,S,NAD83, 4129.22, .5,NGVD29,16050304,gw,62611,,0,,wat,,1642461,0,1976-07-28,1979-04-26,7
USGS,383354118373001,110C N08 E30 10CABA1    USGS Well 16,GW,38.5651991,-118.6254117,S,NAD83, 4129.22, .5,NGVD29,16050304,gw,72019,,0,,wat,,1642008,0,1976-07-28,1979-04-26,7
USGS,383354118373001,110C N08 E30 10CABA1    USGS Well 16,GW,38.5651991,-118.6254117,S,NAD83, 4129.22, .5,NGVD29,16050304,qw,,,0,,wat,ALL,0,0,1976-11-30,1977-11-23,13
USGS,383354118373001,110C N08 E30 10CABA1    USGS Well 16,GW,38.5651991,-118.6254117,S,NAD83, 4129.22, .5,NGVD29,16050304,qw,00010,,0,,wat,PHY,1645597,0,1976-12-04,1976-12-04,1
USGS,383354118373001,110C N08 E30 10CABA1    USGS Well 16,GW,38.5651991,-118.6254117,S,NAD83, 4129.22, .5,NGVD29,16050304,qw,00095,,0,,wat,PHY,1646694,0,1976-11-30,1977-11-23,13
USGS,383354118373001,110C N08 E30 10CABA1    USGS Well 16,GW,38.5651991,-118.6254117,S,NAD83, 4129.22, .5,NGVD29,16050304,qw,00600,,0,,wat,NUT,52450988,0,1976-11-30,1977-11-23,12
USGS,383354118373001,110C N08 E30 10CABA1    USGS Well 16,GW,38.5651991,-118.6254117,S,NAD83, 4129.22, .5,NGVD29,16050304,qw,00602,,0,,wat,NUT,52450988,0,1976-12-04,1976-12-04,1
USGS,383354118373001,110C N08 E30 10CABA1    USGS Well 16,GW,38.5651991,-118.6254117,S,NAD83, 4129.22, .5,NGVD29,16050304,qw,00605,,0,,wat,NUT,17297623,0,1976-11-30,1977-11-23,12
USGS,383354118373001,110C N08 E30 10CABA1    USGS Well 16,GW,38.5651991,-118.6254117,S,NAD83, 4129.22, .5,NGVD29,16050304,qw,00607,,0,,wat,NUT,17297623,0,1976-12-04,1976-12-04,1
USGS,383354118373001,110C N08 E30 10CABA1    USGS Well 16,GW,38.5651991,-118.6254117,S,NAD83, 4129.22, .5,NGVD29,16050304,qw,00608,,0,,wat,NUT,966655,0,1976-12-04,1976-12-04,1
USGS,383354118373001,110C N08 E30 10CABA1    USGS Well 16,GW,38.5651991,-118.6254117,S,NAD83, 4129.22, .5,NGVD29,16050304,qw,00610,,0,,wat,NUT,966655,0,1976-11-30,1977-11-23,12
USGS,383354118373001,110C N08 E30 10CABA1    USGS Well 16,GW,38.5651991,-118.6254117,S,NAD83, 4129.22, .5,NGVD29,16050304,qw,00613,,0,,wat,NUT,197194,0,1976-12-04,1976-12-04,1
USGS,383354118373001,110C N08 E30 10CABA1    USGS Well 16,GW,38.5651991,-118.6254117,S,NAD83, 4129.22, .5,NGVD29,16050304,qw,00615,,0,,wat,NUT,197194,0,1976-11-30,1977-11-23,12
USGS,383354118373001,110C N08 E30 10CABA1    USGS Well 16,GW,38.5651991,-118.6254117,S,NAD83, 4129.22, .5,NGVD29,16050304,qw,00618,,0,,wat,NUT,197186,0,1976-12-04,1976-12-04,1
USGS,383354118373001,110C N08 E30 10CABA1    USGS Well 16,GW,38.5651991,-118.6254117,S,NAD83, 4129.22, .5,NGVD29,16050304,qw,00620,,0,,wat,NUT,197186,0,1976-11-30,1977-11-23,12
USGS,383354118373001,110C N08 E30 10CABA1    USGS Well 16,GW,38.5651991,-118.6254117,S,NAD83, 4129.22, .5,NGVD29,16050304,qw,00623,,0,,wat,NUT,17148461,0,1976-12-04,1976-12-04,1
USGS,383354118373001,110C N08 E30 10CABA1    USGS Well 16,GW,38.5651991,-118.6254117,S,NAD83, 4129.22, .5,NGVD29,16050304,qw,00625,,0,,wat,NUT,17148461,0,1976-11-30,1977-11-23,12
USGS,383354118373001,110C N08 E30 10CABA1    USGS Well 16,GW,38.5651991,-118.6254117,S,NAD83, 4129.22, .5,NGVD29,16050304,qw,00630,,0,,wat,NUT,701177,0,1976-11-30,1977-11-23,12
USGS,383354118373001,110C N08 E30 10CABA1    USGS Well 16,GW,38.5651991,-118.6254117,S,NAD83, 4129.22, .5,NGVD29,16050304,qw,00631,,0,,wat,NUT,701177,0,1976-12-04,1976-12-04,1
USGS,383354118373001,110C N08 E30 10CABA1    USGS Well 16,GW,38.5651991,-118.6254117,S,NAD83, 4129.22, .5,NGVD29,16050304,qw,71845,,0,,wat,NUT,966655,0,1976-11-30,1977-11-23,12
USGS,383354118373001,110C N08 E30 10CABA1    USGS Well 16,GW,38.5651991,-118.6254117,S,NAD83, 4129.22, .5,NGVD29,16050304,qw,71846,,0,,wat,NUT,966655,0,1976-12-04,1976-12-04,1
USGS,383354118373001,110C N08 E30 10CABA1    USGS Well 16,GW,38.5651991,-118.6254117,S,NAD83, 4129.22, .5,NGVD29,16050304,qw,71851,,0,,wat,NUT,197186,0,1976-12-04,1976-12-04,1
USGS,383354118373001,110C N08 E30 10CABA1    USGS Well 16,GW,38.5651991,-118.6254117,S,NAD83, 4129.22, .5,NGVD29,16050304,qw,71856,,0,,wat,NUT,197194,0,1976-12-04,1976-12-04,1
USGS,383354118373001,110C N08 E30 10CABA1    USGS Well 16,GW,38.5651991,-118.6254117,S,NAD83, 4129.22, .5,NGVD29,16050304,qw,71887,,0,,wat,NUT,52450988,0,1976-11-30,1977-11-23,12
USGS,383355118372501,110C N08 E30 10CAAB2    USGS Well 20,GW,38.5654769,-118.6240228,S,NAD83, 4129.36, .5,NGVD29,16050304,gw,62610,,0,,wat,,1642461,0,1976-11-29,1979-04-26,6
USGS,383355118372501,110C N08 E30 10CAAB2    USGS Well 20,GW,38.5654769,-118.6240228,S,NAD83, 4129.36, .5,NGVD29,16050304,gw,62611,,0,,wat,,1642461,0,1976-11-29,1979-04-26,6
USGS,383355118372501,110C N08 E30 10CAAB2    USGS Well 20,GW,38.5654769,-118.6240228,S,NAD83, 4129.36, .5,NGVD29,16050304,gw,72019,,0,,wat,,1642008,0,1976-11-29,1979-04-26,6
USGS,383355118372501,110C N08 E30 10CAAB2    USGS Well 20,GW,38.5654769,-118.6240228,S,NAD83, 4129.36, .5,NGVD29,16050304,qw,,,0,,wat,ALL,0,0,1976-11-30,1977-11-22,16
USGS,383355118372501,110C N08 E30 10CAAB2    USGS Well 20,GW,38.5654769,-118.6240228,S,NAD83, 4129.36, .5,NGVD29,16050304,qw,00010,,0,,wat,PHY,1645597,0,1976-12-03,1976-12-03,2
USGS,383355118372501,110C N08 E30 10CAAB2    USGS Well 20,GW,38.5654769,-118.6240228,S,NAD83, 4129.36, .5,NGVD29,16050304,qw,00095,,0,,wat,PHY,1646694,0,1976-11-30,1977-11-22,16
USGS,383355118372501,110C N08 E30 10CAAB2    USGS Well 20,GW,38.5654769,-118.6240228,S,NAD83, 4129.36, .5,NGVD29,16050304,qw,00600,,0,,wat,NUT,52450988,0,1976-11-30,1977-11-22,14
USGS,383355118372501,110C N08 E30 10CAAB2    USGS Well 20,GW,38.5654769,-118.6240228,S,NAD83, 4129.36, .5,NGVD29,16050304,qw,00602,,0,,wat,NUT,52450988,0,1976-12-03,1976-12-03,1
USGS,383355118372501,110C N08 E30 10CAAB2    USGS Well 20,GW,38.5654769,-118.6240228,S,NAD83, 4129.36, .5,NGVD29,16050304,qw,00605,,0,,wat,NUT,17297623,0,1976-11-30,1977-11-22,14
USGS,383355118372501,110C N08 E30 10CAAB2    USGS Well 20,GW,38.5654769,-118.6240228,S,NAD83, 4129.36, .5,NGVD29,16050304,qw,00607,,0,,wat,NUT,17297623,0,1976-12-03,1976-12-03,1
USGS,383355118372501,110C N08 E30 10CAAB2    USGS Well 20,GW,38.5654769,-118.6240228,S,NAD83, 4129.36, .5,NGVD29,16050304,qw,00608,,0,,wat,NUT,966655,0,1976-12-03,1976-12-03,1
USGS,383355118372501,110C N08 E30 10CAAB2    USGS Well 20,GW,38.5654769,-118.6240228,S,NAD83, 4129.36, .5,NGVD29,16050304,qw,00610,,0,,wat,NUT,966655,0,1976-11-30,1977-11-22,14
USGS,383355118372501,110C N08 E30 10CAAB2    USGS Well 20,GW,38.5654769,-118.6240228,S,NAD83, 4129.36, .5,NGVD29,16050304,qw,00613,,0,,wat,NUT,197194,0,1976-12-03,1976-12-03,1
USGS,383355118372501,110C N08 E30 10CAAB2    USGS Well 20,GW,38.5654769,-118.6240228,S,NAD83, 4129.36, .5,NGVD29,16050304,qw,00615,,0,,wat,NUT,197194,0,1976-11-30,1977-11-22,14
USGS,383355118372501,110C N08 E30 10CAAB2    USGS Well 20,GW,38.5654769,-118.6240228,S,NAD83, 4129.36, .5,NGVD29,16050304,qw,00618,,0,,wat,NUT,197186,0,1976-12-03,1976-12-03,1
USGS,383355118372501,110C N08 E30 10CAAB2    USGS Well 20,GW,38.5654769,-118.6240228,S,NAD83, 4129.36, .5,NGVD29,16050304,qw,00620,,0,,wat,NUT,197186,0,1976-11-30,1977-11-22,14
USGS,383355118372501,110C N08 E30 10CAAB2    USGS Well 20,GW,38.5654769,-118.6240228,S,NAD83, 4129.36, .5,NGVD29,16050304,qw,00623,,0,,wat,NUT,17148461,0,1976-12-03,1976-12-03,1
USGS,383355118372501,110C N08 E30 10CAAB2    USGS Well 20,GW,38.5654769,-118.6240228,S,NAD83, 4129.36, .5,NGVD29,16050304,qw,00625,,0,,wat,NUT,17148461,0,1976-11-30,1977-11-22,14
USGS,383355118372501,110C N08 E30 10CAAB2    USGS Well 20,GW,38.5654769,-118.6240228,S,NAD83, 4129.36, .5,NGVD29,16050304,qw,00630,,0,,wat,NUT,701177,0,1976-11-30,1977-11-22,14
USGS,383355118372501,110C N08 E30 10CAAB2    USGS Well 20,GW,38.5654769,-118.6240228,S,NAD83, 4129.36, .5,NGVD29,16050304,qw,00631,,0,,wat,NUT,701177,0,1976-12-03,1976-12-03,1
USGS,383355118372501,110C N08 E30 10CAAB2    USGS Well 20,GW,38.5654769,-118.6240228,S,NAD83, 4129.36, .5,NGVD29,16050304,qw,00930,,0,,wat,INM,149856,0,1976-12-03,1976-12-03,1
USGS,383355118372501,110C N08 E30 10CAAB2    USGS Well 20,GW,38.5654769,-118.6240228,S,NAD83, 4129.36, .5,NGVD29,16050304,qw,00940,,0,,wat,INN,205955,0,1976-12-03,1976-12-03,1
USGS,383355118372501,110C N08 E30 10CAAB2    USGS Well 20,GW,38.5654769,-118.6240228,S,NAD83, 4129.36, .5,NGVD29,16050304,qw,00945,,0,,wat,INN,197301,0,1976-12-03,1976-12-03,1
USGS,383355118372501,110C N08 E30 10CAAB2    USGS Well 20,GW,38.5654769,-118.6240228,S,NAD83, 4129.36, .5,NGVD29,16050304,qw,71845,,0,,wat,NUT,966655,0,1976-11-30,1977-11-22,14
USGS,383355118372501,110C N08 E30 10CAAB2    USGS Well 20,GW,38.5654769,-118.6240228,S,NAD83, 4129.36, .5,NGVD29,16050304,qw,71846,,0,,wat,NUT,966655,0,1976-12-03,1976-12-03,1
USGS,383355118372501,110C N08 E30 10CAAB2    USGS Well 20,GW,38.5654769,-118.6240228,S,NAD83, 4129.36, .5,NGVD29,16050304,qw,71851,,0,,wat,NUT,197186,0,1976-12-03,1976-12-03,1
USGS,383355118372501,110C N08 E30 10CAAB2    USGS Well 20,GW,38.5654769,-118.6240228,S,NAD83, 4129.36, .5,NGVD29,16050304,qw,71856,,0,,wat,NUT,197194,0,1976-12-03,1976-12-03,1
USGS,383355118372501,110C N08 E30 10CAAB2    USGS Well 20,GW,38.5654769,-118.6240228,S,NAD83, 4129.36, .5,NGVD29,16050304,qw,71887,,0,,wat,NUT,52450988,0,1976-11-30,1977-11-22,14
USGS,383355118372801,110C N08 E30 10CAAB1    USGS Well 17,GW,38.5654769,-118.6245784,S,NAD83, 4127.87, .5,NGVD29,16050304,gw,62610,,0,,wat,,1642461,0,1976-07-27,1979-04-26,7
USGS,383355118372801,110C N08 E30 10CAAB1    USGS Well 17,GW,38.5654769,-118.6245784,S,NAD83, 4127.87, .5,NGVD29,16050304,gw,62611,,0,,wat,,1642461,0,1976-07-27,1979-04-26,7
USGS,383355118372801,110C N08 E30 10CAAB1    USGS Well 17,GW,38.5654769,-118.6245784,S,NAD83, 4127.87, .5,NGVD29,16050304,gw,72019,,0,,wat,,1642008,0,1976-07-27,1979-04-26,7
USGS,383355118372801,110C N08 E30 10CAAB1    USGS Well 17,GW,38.5654769,-118.6245784,S,NAD83, 4127.87, .5,NGVD29,16050304,qw,,,0,,wat,ALL,0,0,1976-11-30,1977-11-22,16
USGS,383355118372801,110C N08 E30 10CAAB1    USGS Well 17,GW,38.5654769,-118.6245784,S,NAD83, 4127.87, .5,NGVD29,16050304,qw,00010,,0,,wat,PHY,1645597,0,1976-12-02,1976-12-02,2
USGS,383355118372801,110C N08 E30 10CAAB1    USGS Well 17,GW,38.5654769,-118.6245784,S,NAD83, 4127.87, .5,NGVD29,16050304,qw,00095,,0,,wat,PHY,1646694,0,1976-11-30,1977-11-22,16
USGS,383355118372801,110C N08 E30 10CAAB1    USGS Well 17,GW,38.5654769,-118.6245784,S,NAD83, 4127.87, .5,NGVD29,16050304,qw,00600,,0,,wat,NUT,52450988,0,1976-11-30,1977-11-22,14
USGS,383355118372801,110C N08 E30 10CAAB1    USGS Well 17,GW,38.5654769,-118.6245784,S,NAD83, 4127.87, .5,NGVD29,16050304,qw,00602,,0,,wat,NUT,52450988,0,1976-12-02,1976-12-02,1
USGS,383355118372801,110C N08 E30 10CAAB1    USGS Well 17,GW,38.5654769,-118.6245784,S,NAD83, 4127.87, .5,NGVD29,16050304,qw,00605,,0,,wat,NUT,17297623,0,1976-11-30,1977-11-22,14
USGS,383355118372801,110C N08 E30 10CAAB1    USGS Well 17,GW,38.5654769,-118.6245784,S,NAD83, 4127.87, .5,NGVD29,16050304,qw,00607,,0,,wat,NUT,17297623,0,1976-12-02,1976-12-02,1
USGS,383355118372801,110C N08 E30 10CAAB1    USGS Well 17,GW,38.5654769,-118.6245784,S,NAD83, 4127.87, .5,NGVD29,16050304,qw,00608,,0,,wat,NUT,966655,0,1976-12-02,1976-12-02,1
USGS,383355118372801,110C N08 E30 10CAAB1    USGS Well 17,GW,38.5654769,-118.6245784,S,NAD83, 4127.87, .5,NGVD29,16050304,qw,00610,,0,,wat,NUT,966655,0,1976-11-30,1977-11-22,14
USGS,383355118372801,110C N08 E30 10CAAB1    USGS Well 17,GW,38.5654769,-118.6245784,S,NAD83, 4127.87, .5,NGVD29,16050304,qw,00613,,0,,wat,NUT,197194,0,1976-12-02,1976-12-02,1
USGS,383355118372801,110C N08 E30 10CAAB1    USGS Well 17,GW,38.5654769,-118.6245784,S,NAD83, 4127.87, .5,NGVD29,16050304,qw,00615,,0,,wat,NUT,197194,0,1976-11-30,1977-11-22,14
USGS,383355118372801,110C N08 E30 10CAAB1    USGS Well 17,GW,38.5654769,-118.6245784,S,NAD83, 4127.87, .5,NGVD29,16050304,qw,00618,,0,,wat,NUT,197186,0,1976-12-02,1976-12-02,1
USGS,383355118372801,110C N08 E30 10CAAB1    USGS Well 17,GW,38.5654769,-118.6245784,S,NAD83, 4127.87, .5,NGVD29,16050304,qw,00620,,0,,wat,NUT,197186,0,1976-11-30,1977-11-22,14
USGS,383355118372801,110C N08 E30 10CAAB1    USGS Well 17,GW,38.5654769,-118.6245784,S,NAD83, 4127.87, .5,NGVD29,16050304,qw,00623,,0,,wat,NUT,17148461,0,1976-12-02,1976-12-02,1
USGS,383355118372801,110C N08 E30 10CAAB1    USGS Well 17,GW,38.5654769,-118.6245784,S,NAD83, 4127.87, .5,NGVD29,16050304,qw,00625,,0,,wat,NUT,17148461,0,1976-11-30,1977-11-22,14
USGS,383355118372801,110C N08 E30 10CAAB1    USGS Well 17,GW,38.5654769,-118.6245784,S,NAD83, 4127.87, .5,NGVD29,16050304,qw,00630,,0,,wat,NUT,701177,0,1976-11-30,1977-11-22,14
USGS,383355118372801,110C N08 E30 10CAAB1    USGS Well 17,GW,38.5654769,-118.6245784,S,NAD83, 4127.87, .5,NGVD29,16050304,qw,00631,,0,,wat,NUT,701177,0,1976-12-02,1976-12-02,1
USGS,383355118372801,110C N08 E30 10CAAB1    USGS Well 17,GW,38.5654769,-118.6245784,S,NAD83, 4127.87, .5,NGVD29,16050304,qw,00940,,0,,wat,INN,205955,0,1976-12-02,1976-12-02,1
USGS,383355118372801,110C N08 E30 10CAAB1    USGS Well 17,GW,38.5654769,-118.6245784,S,NAD83, 4127.87, .5,NGVD29,16050304,qw,00945,,0,,wat,INN,197301,0,1976-12-02,1976-12-02,1
USGS,383355118372801,110C N08 E30 10CAAB1    USGS Well 17,GW,38.5654769,-118.6245784,S,NAD83, 4127.87, .5,NGVD29,16050304,qw,71845,,0,,wat,NUT,966655,0,1976-11-30,1977-11-22,14
USGS,383355118372801,110C N08 E30 10CAAB1    USGS Well 17,GW,38.5654769,-118.6245784,S,NAD83, 4127.87, .5,NGVD29,16050304,qw,71846,,0,,wat,NUT,966655,0,1976-12-02,1976-12-02,1
USGS,383355118372801,110C N08 E30 10CAAB1    USGS Well 17,GW,38.5654769,-118.6245784,S,NAD83, 4127.87, .5,NGVD29,16050304,qw,71851,,0,,wat,NUT,197186,0,1976-12-02,1976-12-02,1
USGS,383355118372801,110C N08 E30 10CAAB1    USGS Well 17,GW,38.5654769,-118.6245784,S,NAD83, 4127.87, .5,NGVD29,16050304,qw,71856,,0,,wat,NUT,197194,0,1976-12-02,1976-12-02,1
USGS,383355118372801,110C N08 E30 10CAAB1    USGS Well 17,GW,38.5654769,-118.6245784,S,NAD83, 4127.87, .5,NGVD29,16050304,qw,71887,,0,,wat,NUT,52450988,0,1976-11-30,1977-11-22,14
USGS,383356118373401,110C N08 E30 10CABB1    USGS Well 13,GW,38.5654769,-118.6268007,S,NAD83, 4123.20, .5,NGVD29,16050304,gw,62610,,0,,wat,,1642461,0,1976-07-28,1995-04-25,9
USGS,383356118373401,110C N08 E30 10CABB1    USGS Well 13,GW,38.5654769,-118.6268007,S,NAD83, 4123.20, .5,NGVD29,16050304,gw,62611,,0,,wat,,1642461,0,1976-07-28,1995-04-25,9
USGS,383356118373401,110C N08 E30 10CABB1    USGS Well 13,GW,38.5654769,-118.6268007,S,NAD83, 4123.20, .5,NGVD29,16050304,gw,72019,,0,,wat,,1642008,0,1976-07-28,1995-04-25,9
USGS,383356118373401,110C N08 E30 10CABB1    USGS Well 13,GW,38.5654769,-118.6268007,S,NAD83, 4123.20, .5,NGVD29,16050304,qw,,,0,,wat,ALL,0,0,1976-11-29,1976-12-03,4
USGS,383356118373401,110C N08 E30 10CABB1    USGS Well 13,GW,38.5654769,-118.6268007,S,NAD83, 4123.20, .5,NGVD29,16050304,qw,00010,,0,,wat,PHY,1645597,0,1976-12-03,1976-12-03,2
USGS,383356118373401,110C N08 E30 10CABB1    USGS Well 13,GW,38.5654769,-118.6268007,S,NAD83, 4123.20, .5,NGVD29,16050304,qw,00095,,0,,wat,PHY,1646694,0,1976-11-29,1976-12-03,4
USGS,383356118373401,110C N08 E30 10CABB1    USGS Well 13,GW,38.5654769,-118.6268007,S,NAD83, 4123.20, .5,NGVD29,16050304,qw,00600,,0,,wat,NUT,52450988,0,1976-11-29,1976-12-03,2
USGS,383356118373401,110C N08 E30 10CABB1    USGS Well 13,GW,38.5654769,-118.6268007,S,NAD83, 4123.20, .5,NGVD29,16050304,qw,00602,,0,,wat,NUT,52450988,0,1976-12-03,1976-12-03,1
USGS,383356118373401,110C N08 E30 10CABB1    USGS Well 13,GW,38.5654769,-118.6268007,S,NAD83, 4123.20, .5,NGVD29,16050304,qw,00605,,0,,wat,NUT,17297623,0,1976-11-29,1976-12-03,2
USGS,383356118373401,110C N08 E30 10CABB1    USGS Well 13,GW,38.5654769,-118.6268007,S,NAD83, 4123.20, .5,NGVD29,16050304,qw,00607,,0,,wat,NUT,17297623,0,1976-12-03,1976-12-03,1
USGS,383356118373401,110C N08 E30 10CABB1    USGS Well 13,GW,38.5654769,-118.6268007,S,NAD83, 4123.20, .5,NGVD29,16050304,qw,00608,,0,,wat,NUT,966655,0,1976-12-03,1976-12-03,1
USGS,383356118373401,110C N08 E30 10CABB1    USGS Well 13,GW,38.5654769,-118.6268007,S,NAD83, 4123.20, .5,NGVD29,16050304,qw,00610,,0,,wat,NUT,966655,0,1976-11-29,1976-12-03,2
USGS,383356118373401,110C N08 E30 10CABB1    USGS Well 13,GW,38.5654769,-118.6268007,S,NAD83, 4123.20, .5,NGVD29,16050304,qw,00613,,0,,wat,NUT,197194,0,1976-12-03,1976-12-03,1
USGS,383356118373401,110C N08 E30 10CABB1    USGS Well 13,GW,38.5654769,-118.6268007,S,NAD83, 4123.20, .5,NGVD29,16050304,qw,00615,,0,,wat,NUT,197194,0,1976-11-29,1976-12-03,2
USGS,383356118373401,110C N08 E30 10CABB1    USGS Well 13,GW,38.5654769,-118.6268007,S,NAD83, 4123.20, .5,NGVD29,16050304,qw,00618,,0,,wat,NUT,197186,0,1976-12-03,1976-12-03,1
USGS,383356118373401,110C N08 E30 10CABB1    USGS Well 13,GW,38.5654769,-118.6268007,S,NAD83, 4123.20, .5,NGVD29,16050304,qw,00620,,0,,wat,NUT,197186,0,1976-11-29,1976-12-03,2
USGS,383356118373401,110C N08 E30 10CABB1    USGS Well 13,GW,38.5654769,-118.6268007,S,NAD83, 4123.20, .5,NGVD29,16050304,qw,00623,,0,,wat,NUT,17148461,0,1976-12-03,1976-12-03,1
USGS,383356118373401,110C N08 E30 10CABB1    USGS Well 13,GW,38.5654769,-118.6268007,S,NAD83, 4123.20, .5,NGVD29,16050304,qw,00625,,0,,wat,NUT,17148461,0,1976-11-29,1976-12-03,2
USGS,383356118373401,110C N08 E30 10CABB1    USGS Well 13,GW,38.5654769,-118.6268007,S,NAD83, 4123.20, .5,NGVD29,16050304,qw,00630,,0,,wat,NUT,701177,0,1976-11-29,1976-12-03,2
USGS,383356118373401,110C N08 E30 10CABB1    USGS Well 13,GW,38.5654769,-118.6268007,S,NAD83, 4123.20, .5,NGVD29,16050304,qw,00631,,0,,wat,NUT,701177,0,1976-12-03,1976-12-03,1
USGS,383356118373401,110C N08 E30 10CABB1    USGS Well 13,GW,38.5654769,-118.6268007,S,NAD83, 4123.20, .5,NGVD29,16050304,qw,00930,,0,,wat,INM,149856,0,1976-12-03,1976-12-03,1
USGS,383356118373401,110C N08 E30 10CABB1    USGS Well 13,GW,38.5654769,-118.6268007,S,NAD83, 4123.20, .5,NGVD29,16050304,qw,00940,,0,,wat,INN,205955,0,1976-12-03,1976-12-03,1
USGS,383356118373401,110C N08 E30 10CABB1    USGS Well 13,GW,38.5654769,-118.6268007,S,NAD83, 4123.20, .5,NGVD29,16050304,qw,00945,,0,,wat,INN,197301,0,1976-12-03,1976-12-03,1
USGS,383356118373401,110C N08 E30 10CABB1    USGS Well 13,GW,38.5654769,-118.6268007,S,NAD83, 4123.20, .5,NGVD29,16050304,qw,71845,,0,,wat,NUT,966655,0,1976-11-29,1976-12-03,2
USGS,383356118373401,110C N08 E30 10CABB1    USGS Well 13,GW,38.5654769,-118.6268007,S,NAD83, 4123.20, .5,NGVD29,16050304,qw,71846,,0,,wat,NUT,966655,0,1976-12-03,1976-12-03,1
USGS,383356118373401,110C N08 E30 10CABB1    USGS Well 13,GW,38.5654769,-118.6268007,S,NAD83, 4123.20, .5,NGVD29,16050304,qw,71851,,0,,wat,NUT,197186,0,1976-12-03,1976-12-03,1
USGS,383356118373401,110C N08 E30 10CABB1    USGS Well 13,GW,38.5654769,-118.6268007,S,NAD83, 4123.20, .5,NGVD29,16050304,qw,71856,,0,,wat,NUT,197194,0,1976-12-03,1976-12-03,1
USGS,383356118373401,110C N08 E30 10CABB1    USGS Well 13,GW,38.5654769,-118.6268007,S,NAD83, 4123.20, .5,NGVD29,16050304,qw,71887,,0,,wat,NUT,52450988,0,1976-11-29,1976-12-03,2
USGS,383357118373201,110C N08 E30 10BDCD1    USGS Well 14,GW,38.56603245,-118.6259673,S,NAD83, 4124.32, 10,NGVD29,16050304,gw,62610,,0,,wat,,1642461,0,1976-07-28,1990-05-03,7
USGS,383357118373201,110C N08 E30 10BDCD1    USGS Well 14,GW,38.56603245,-118.6259673,S,NAD83, 4124.32, 10,NGVD29,16050304,gw,62611,,0,,wat,,1642461,0,1976-07-28,1990-05-03,7
USGS,383357118373201,110C N08 E30 10BDCD1    USGS Well 14,GW,38.56603245,-118.6259673,S,NAD83, 4124.32, 10,NGVD29,16050304,gw,72019,,0,,wat,,1642008,0,1976-07-28,1990-05-03,7
USGS,383357118373201,110C N08 E30 10BDCD1    USGS Well 14,GW,38.56603245,-118.6259673,S,NAD83, 4124.32, 10,NGVD29,16050304,qw,,,0,,wat,ALL,0,0,1976-11-29,1976-12-03,4
USGS,383357118373201,110C N08 E30 10BDCD1    USGS Well 14,GW,38.56603245,-118.6259673,S,NAD83, 4124.32, 10,NGVD29,16050304,qw,00010,,0,,wat,PHY,1645597,0,1976-12-03,1976-12-03,1
USGS,383357118373201,110C N08 E30 10BDCD1    USGS Well 14,GW,38.56603245,-118.6259673,S,NAD83, 4124.32, 10,NGVD29,16050304,qw,00095,,0,,wat,PHY,1646694,0,1976-11-29,1976-12-03,4
USGS,383357118373201,110C N08 E30 10BDCD1    USGS Well 14,GW,38.56603245,-118.6259673,S,NAD83, 4124.32, 10,NGVD29,16050304,qw,00600,,0,,wat,NUT,52450988,0,1976-11-29,1976-12-03,3
USGS,383357118373201,110C N08 E30 10BDCD1    USGS Well 14,GW,38.56603245,-118.6259673,S,NAD83, 4124.32, 10,NGVD29,16050304,qw,00602,,0,,wat,NUT,52450988,0,1976-12-03,1976-12-03,1
USGS,383357118373201,110C N08 E30 10BDCD1    USGS Well 14,GW,38.56603245,-118.6259673,S,NAD83, 4124.32, 10,NGVD29,16050304,qw,00605,,0,,wat,NUT,17297623,0,1976-11-29,1976-12-03,3
USGS,383357118373201,110C N08 E30 10BDCD1    USGS Well 14,GW,38.56603245,-118.6259673,S,NAD83, 4124.32, 10,NGVD29,16050304,qw,00607,,0,,wat,NUT,17297623,0,1976-12-03,1976-12-03,1
USGS,383357118373201,110C N08 E30 10BDCD1    USGS Well 14,GW,38.56603245,-118.6259673,S,NAD83, 4124.32, 10,NGVD29,16050304,qw,00608,,0,,wat,NUT,966655,0,1976-12-03,1976-12-03,1
USGS,383357118373201,110C N08 E30 10BDCD1    USGS Well 14,GW,38.56603245,-118.6259673,S,NAD83, 4124.32, 10,NGVD29,16050304,qw,00610,,0,,wat,NUT,966655,0,1976-11-29,1976-12-03,3
USGS,383357118373201,110C N08 E30 10BDCD1    USGS Well 14,GW,38.56603245,-118.6259673,S,NAD83, 4124.32, 10,NGVD29,16050304,qw,00613,,0,,wat,NUT,197194,0,1976-12-03,1976-12-03,1
USGS,383357118373201,110C N08 E30 10BDCD1    USGS Well 14,GW,38.56603245,-118.6259673,S,NAD83, 4124.32, 10,NGVD29,16050304,qw,00615,,0,,wat,NUT,197194,0,1976-11-29,1976-12-03,3
USGS,383357118373201,110C N08 E30 10BDCD1    USGS Well 14,GW,38.56603245,-118.6259673,S,NAD83, 4124.32, 10,NGVD29,16050304,qw,00618,,0,,wat,NUT,197186,0,1976-12-03,1976-12-03,1
USGS,383357118373201,110C N08 E30 10BDCD1    USGS Well 14,GW,38.56603245,-118.6259673,S,NAD83, 4124.32, 10,NGVD29,16050304,qw,00620,,0,,wat,NUT,197186,0,1976-11-29,1976-12-03,3
USGS,383357118373201,110C N08 E30 10BDCD1    USGS Well 14,GW,38.56603245,-118.6259673,S,NAD83, 4124.32, 10,NGVD29,16050304,qw,00623,,0,,wat,NUT,17148461,0,1976-12-03,1976-12-03,1
USGS,383357118373201,110C N08 E30 10BDCD1    USGS Well 14,GW,38.56603245,-118.6259673,S,NAD83, 4124.32, 10,NGVD29,16050304,qw,00625,,0,,wat,NUT,17148461,0,1976-11-29,1976-12-03,3
USGS,383357118373201,110C N08 E30 10BDCD1    USGS Well 14,GW,38.56603245,-118.6259673,S,NAD83, 4124.32, 10,NGVD29,16050304,qw,00630,,0,,wat,NUT,701177,0,1976-11-29,1976-12-03,3
USGS,383357118373201,110C N08 E30 10BDCD1    USGS Well 14,GW,38.56603245,-118.6259673,S,NAD83, 4124.32, 10,NGVD29,16050304,qw,00631,,0,,wat,NUT,701177,0,1976-12-03,1976-12-03,1
USGS,383357118373201,110C N08 E30 10BDCD1    USGS Well 14,GW,38.56603245,-118.6259673,S,NAD83, 4124.32, 10,NGVD29,16050304,qw,71845,,0,,wat,NUT,966655,0,1976-11-29,1976-12-03,3
USGS,383357118373201,110C N08 E30 10BDCD1    USGS Well 14,GW,38.56603245,-118.6259673,S,NAD83, 4124.32, 10,NGVD29,16050304,qw,71846,,0,,wat,NUT,966655,0,1976-12-03,1976-12-03,1
USGS,383357118373201,110C N08 E30 10BDCD1    USGS Well 14,GW,38.56603245,-118.6259673,S,NAD83, 4124.32, 10,NGVD29,16050304,qw,71851,,0,,wat,NUT,197186,0,1976-12-03,1976-12-03,1
USGS,383357118373201,110C N08 E30 10BDCD1    USGS Well 14,GW,38.56603245,-118.6259673,S,NAD83, 4124.32, 10,NGVD29,16050304,qw,71856,,0,,wat,NUT,197194,0,1976-12-03,1976-12-03,1
USGS,383357118373201,110C N08 E30 10BDCD1    USGS Well 14,GW,38.56603245,-118.6259673,S,NAD83, 4124.32, 10,NGVD29,16050304,qw,71887,,0,,wat,NUT,52450988,0,1976-11-29,1976-12-03,3
USGS,383357118380601,110C N08 E30 09DBAB1    USGS Well NO3-5,GW,38.5654769,-118.6373566,S,NAD83, 4107.56, 10,NGVD29,16050304,gw,62610,,0,,wat,,1642461,0,1974-03-05,1974-06-11,3
USGS,383357118380601,110C N08 E30 09DBAB1    USGS Well NO3-5,GW,38.5654769,-118.6373566,S,NAD83, 4107.56, 10,NGVD29,16050304,gw,62611,,0,,wat,,1642461,0,1974-03-05,1974-06-11,3
USGS,383357118380601,110C N08 E30 09DBAB1    USGS Well NO3-5,GW,38.5654769,-118.6373566,S,NAD83, 4107.56, 10,NGVD29,16050304,gw,72019,,0,,wat,,1642008,0,1974-03-05,1974-06-11,3
USGS,383403118381201,110C N08 E30 09ACCB1    USGS Well NO3-8A,GW,38.5674213,-118.639301,S,NAD83, 4094.44, 10,NGVD29,16050304,gw,62610,,0,,wat,,1642461,0,1974-03-04,1974-06-11,3
USGS,383403118381201,110C N08 E30 09ACCB1    USGS Well NO3-8A,GW,38.5674213,-118.639301,S,NAD83, 4094.44, 10,NGVD29,16050304,gw,62611,,0,,wat,,1642461,0,1974-03-04,1974-06-11,3
USGS,383403118381201,110C N08 E30 09ACCB1    USGS Well NO3-8A,GW,38.5674213,-118.639301,S,NAD83, 4094.44, 10,NGVD29,16050304,gw,72019,,0,,wat,,1642008,0,1974-03-04,1974-06-11,3
USGS,383403118381202,110C N08 E30 09ACCB2    USGS Well NO3-8B,GW,38.5674213,-118.639301,S,NAD83, 4094.44, 10,NGVD29,16050304,gw,62610,,0,,wat,,1642461,0,1973-11-13,1973-11-13,1
USGS,383403118381202,110C N08 E30 09ACCB2    USGS Well NO3-8B,GW,38.5674213,-118.639301,S,NAD83, 4094.44, 10,NGVD29,16050304,gw,62611,,0,,wat,,1642461,0,1973-11-13,1973-11-13,1
USGS,383403118381202,110C N08 E30 09ACCB2    USGS Well NO3-8B,GW,38.5674213,-118.639301,S,NAD83, 4094.44, 10,NGVD29,16050304,gw,72019,,0,,wat,,1642008,0,1973-11-13,1973-11-13,1
USGS,383403118381203,110C N08 E30 09ACCB3    USGS Well NO3-8C,GW,38.5674213,-118.639301,S,NAD83, 4093.72, 10,NGVD29,16050304,gw,62610,,0,,wat,,1642461,0,1974-06-11,1974-06-11,1
USGS,383403118381203,110C N08 E30 09ACCB3    USGS Well NO3-8C,GW,38.5674213,-118.639301,S,NAD83, 4093.72, 10,NGVD29,16050304,gw,62611,,0,,wat,,1642461,0,1974-06-11,1974-06-11,1
USGS,383403118381203,110C N08 E30 09ACCB3    USGS Well NO3-8C,GW,38.5674213,-118.639301,S,NAD83, 4093.72, 10,NGVD29,16050304,gw,72019,,0,,wat,,1642008,0,1974-06-11,1974-06-11,1
USGS,383403118381204,110C N08 E30 09ACCB4    USGS Well NO3-8D,GW,38.5674213,-118.639301,S,NAD83, 4093.72, 10,NGVD29,16050304,gw,62610,,0,,wat,,1642461,0,1974-06-11,1974-06-11,1
USGS,383403118381204,110C N08 E30 09ACCB4    USGS Well NO3-8D,GW,38.5674213,-118.639301,S,NAD83, 4093.72, 10,NGVD29,16050304,gw,62611,,0,,wat,,1642461,0,1974-06-11,1974-06-11,1
USGS,383403118381204,110C N08 E30 09ACCB4    USGS Well NO3-8D,GW,38.5674213,-118.639301,S,NAD83, 4093.72, 10,NGVD29,16050304,gw,72019,,0,,wat,,1642008,0,1974-06-11,1974-06-11,1
USGS,383406118381501,110C N08 E30 09BDAD1    USGS Well NO3-4,GW,38.5685324,-118.6398567,S,NAD83, 4089.73, 10,NGVD29,16050304,gw,62610,,0,,wat,,1642461,0,1974-03-04,1974-06-11,3
USGS,383406118381501,110C N08 E30 09BDAD1    USGS Well NO3-4,GW,38.5685324,-118.6398567,S,NAD83, 4089.73, 10,NGVD29,16050304,gw,62611,,0,,wat,,1642461,0,1974-03-04,1974-06-11,3
USGS,383406118381501,110C N08 E30 09BDAD1    USGS Well NO3-4,GW,38.5685324,-118.6398567,S,NAD83, 4089.73, 10,NGVD29,16050304,gw,72019,,0,,wat,,1642008,0,1974-03-04,1974-06-11,3
USGS,383412118395601,110C N08 E30 08DDB 1    U.S. ARMY WELL 8,GW,38.5615881,-118.6529125,M,NAD83, 4108.,  1,NGVD29,16050304,gw,62610,,0,,wat,,1642461,0,1956-11-19,1974-03-04,3
USGS,383412118395601,110C N08 E30 08DDB 1    U.S. ARMY WELL 8,GW,38.5615881,-118.6529125,M,NAD83, 4108.,  1,NGVD29,16050304,gw,62611,,0,,wat,,1642461,0,1956-11-19,1974-03-04,3
USGS,383412118395601,110C N08 E30 08DDB 1    U.S. ARMY WELL 8,GW,38.5615881,-118.6529125,M,NAD83, 4108.,  1,NGVD29,16050304,gw,72019,,0,,wat,,1642008,0,1956-11-19,1974-03-04,3
USGS,383440118365001,110C N08 E30 03DDAD1    U.S. ARMY WELL 7,GW,38.57813889,-118.6131944,1,NAD83, 4123.,  1,NGVD29,16050304,ad,,,0,,wat,,0,0,2005,2013,9
USGS,383440118365001,110C N08 E30 03DDAD1    U.S. ARMY WELL 7,GW,38.57813889,-118.6131944,1,NAD83, 4123.,  1,NGVD29,16050304,aw,,,0,,wat,,0,0,1954,2021,105
USGS,383440118365001,110C N08 E30 03DDAD1    U.S. ARMY WELL 7,GW,38.57813889,-118.6131944,1,NAD83, 4123.,  1,NGVD29,16050304,gw,62610,,0,,wat,,1642461,0,1954-12-09,2024-02-29,112
USGS,383440118365001,110C N08 E30 03DDAD1    U.S. ARMY WELL 7,GW,38.57813889,-118.6131944,1,NAD83, 4123.,  1,NGVD29,16050304,gw,62611,,0,,wat,,1642461,0,1954-12-09,2024-02-29,112
USGS,383440118365001,110C N08 E30 03DDAD1    U.S. ARMY WELL 7,GW,38.57813889,-118.6131944,1,NAD83, 4123.,  1,NGVD29,16050304,gw,72019,,0,,wat,,1642008,0,1954-12-09,2024-02-29,112
USGS,383445118401001,110C N08 E30 06DAC 1    USA Site 22 USGS Well 50,GW,38.57908788,-118.6704133,S,NAD83, 4008.17, .5,NGVD29,16050304,gw,62610,,0,,wat,,1642461,0,1978-10-09,1995-04-25,7
USGS,383445118401001,110C N08 E30 06DAC 1    USA Site 22 USGS Well 50,GW,38.57908788,-118.6704133,S,NAD83, 4008.17, .5,NGVD29,16050304,gw,62611,,0,,wat,,1642461,0,1978-10-09,1995-04-25,7
USGS,383445118401001,110C N08 E30 06DAC 1    USA Site 22 USGS Well 50,GW,38.57908788,-118.6704133,S,NAD83, 4008.17, .5,NGVD29,16050304,gw,72019,,0,,wat,,1642008,0,1978-10-09,1995-04-25,7
USGS,383445118401001,110C N08 E30 06DAC 1    USA Site 22 USGS Well 50,GW,38.57908788,-118.6704133,S,NAD83, 4008.17, .5,NGVD29,16050304,qw,,,0,,wat,ALL,0,0,1979-03-29,1979-03-29,1
USGS,383445118401001,110C N08 E30 06DAC 1    USA Site 22 USGS Well 50,GW,38.57908788,-118.6704133,S,NAD83, 4008.17, .5,NGVD29,16050304,qw,00010,,0,,wat,PHY,1645597,0,1979-03-29,1979-03-29,1
USGS,383445118401001,110C N08 E30 06DAC 1    USA Site 22 USGS Well 50,GW,38.57908788,-118.6704133,S,NAD83, 4008.17, .5,NGVD29,16050304,qw,00028,,0,,wat,INF,0,0,1979-03-29,1979-03-29,1
USGS,383445118401001,110C N08 E30 06DAC 1    USA Site 22 USGS Well 50,GW,38.57908788,-118.6704133,S,NAD83, 4008.17, .5,NGVD29,16050304,qw,00095,,0,,wat,PHY,1646694,0,1979-03-29,1979-03-29,1
USGS,383445118401001,110C N08 E30 06DAC 1    USA Site 22 USGS Well 50,GW,38.57908788,-118.6704133,S,NAD83, 4008.17, .5,NGVD29,16050304,qw,00600,,0,,wat,NUT,52450988,0,1979-03-29,1979-03-29,1
USGS,383445118401001,110C N08 E30 06DAC 1    USA Site 22 USGS Well 50,GW,38.57908788,-118.6704133,S,NAD83, 4008.17, .5,NGVD29,16050304,qw,00605,,0,,wat,NUT,17297623,0,1979-03-29,1979-03-29,1
USGS,383445118401001,110C N08 E30 06DAC 1    USA Site 22 USGS Well 50,GW,38.57908788,-118.6704133,S,NAD83, 4008.17, .5,NGVD29,16050304,qw,00610,,0,,wat,NUT,966655,0,1979-03-29,1979-03-29,1
USGS,383445118401001,110C N08 E30 06DAC 1    USA Site 22 USGS Well 50,GW,38.57908788,-118.6704133,S,NAD83, 4008.17, .5,NGVD29,16050304,qw,00615,,0,,wat,NUT,197194,0,1979-03-29,1979-03-29,1
USGS,383445118401001,110C N08 E30 06DAC 1    USA Site 22 USGS Well 50,GW,38.57908788,-118.6704133,S,NAD83, 4008.17, .5,NGVD29,16050304,qw,00620,,0,,wat,NUT,197186,0,1979-03-29,1979-03-29,1
USGS,383445118401001,110C N08 E30 06DAC 1    USA Site 22 USGS Well 50,GW,38.57908788,-118.6704133,S,NAD83, 4008.17, .5,NGVD29,16050304,qw,00680,,0,,wat,OOT,701250,0,1979-03-29,1979-03-29,1
USGS,383445118401001,110C N08 E30 06DAC 1    USA Site 22 USGS Well 50,GW,38.57908788,-118.6704133,S,NAD83, 4008.17, .5,NGVD29,16050304,qw,00930,,0,,wat,INM,149856,0,1979-03-29,1979-03-29,1
USGS,383445118401001,110C N08 E30 06DAC 1    USA Site 22 USGS Well 50,GW,38.57908788,-118.6704133,S,NAD83, 4008.17, .5,NGVD29,16050304,qw,00940,,0,,wat,INN,205955,0,1979-03-29,1979-03-29,1
USGS,383445118401001,110C N08 E30 06DAC 1    USA Site 22 USGS Well 50,GW,38.57908788,-118.6704133,S,NAD83, 4008.17, .5,NGVD29,16050304,qw,00945,,0,,wat,INN,197301,0,1979-03-29,1979-03-29,1
USGS,383445118401001,110C N08 E30 06DAC 1    USA Site 22 USGS Well 50,GW,38.57908788,-118.6704133,S,NAD83, 4008.17, .5,NGVD29,16050304,qw,71845,,0,,wat,NUT,966655,0,1979-03-29,1979-03-29,1
USGS,383450118400001,110C N08 E30 06DAA 1    USA Site 23 USGS Well 49,GW,38.58047675,-118.6676355,S,NAD83, 4005.98, .5,NGVD29,16050304,gw,62610,,0,,wat,,1642461,0,1978-10-06,2000-05-19,7
USGS,383450118400001,110C N08 E30 06DAA 1    USA Site 23 USGS Well 49,GW,38.58047675,-118.6676355,S,NAD83, 4005.98, .5,NGVD29,16050304,gw,62611,,0,,wat,,1642461,0,1978-10-06,2000-05-19,7
USGS,383450118400001,110C N08 E30 06DAA 1    USA Site 23 USGS Well 49,GW,38.58047675,-118.6676355,S,NAD83, 4005.98, .5,NGVD29,16050304,gw,72019,,0,,wat,,1642008,0,1978-10-06,2000-05-19,7
USGS,383450118400001,110C N08 E30 06DAA 1    USA Site 23 USGS Well 49,GW,38.58047675,-118.6676355,S,NAD83, 4005.98, .5,NGVD29,16050304,qw,,,0,,wat,ALL,0,0,1979-03-29,1979-03-29,1
USGS,383450118400001,110C N08 E30 06DAA 1    USA Site 23 USGS Well 49,GW,38.58047675,-118.6676355,S,NAD83, 4005.98, .5,NGVD29,16050304,qw,00010,,0,,wat,PHY,1645597,0,1979-03-29,1979-03-29,1
USGS,383450118400001,110C N08 E30 06DAA 1    USA Site 23 USGS Well 49,GW,38.58047675,-118.6676355,S,NAD83, 4005.98, .5,NGVD29,16050304,qw,00028,,0,,wat,INF,0,0,1979-03-29,1979-03-29,1
USGS,383450118400001,110C N08 E30 06DAA 1    USA Site 23 USGS Well 49,GW,38.58047675,-118.6676355,S,NAD83, 4005.98, .5,NGVD29,16050304,qw,00095,,0,,wat,PHY,1646694,0,1979-03-29,1979-03-29,1
USGS,383450118400001,110C N08 E30 06DAA 1    USA Site 23 USGS Well 49,GW,38.58047675,-118.6676355,S,NAD83, 4005.98, .5,NGVD29,16050304,qw,00600,,0,,wat,NUT,52450988,0,1979-03-29,1979-03-29,1
USGS,383450118400001,110C N08 E30 06DAA 1    USA Site 23 USGS Well 49,GW,38.58047675,-118.6676355,S,NAD83, 4005.98, .5,NGVD29,16050304,qw,00605,,0,,wat,NUT,17297623,0,1979-03-29,1979-03-29,1
USGS,383450118400001,110C N08 E30 06DAA 1    USA Site 23 USGS Well 49,GW,38.58047675,-118.6676355,S,NAD83, 4005.98, .5,NGVD29,16050304,qw,00610,,0,,wat,NUT,966655,0,1979-03-29,1979-03-29,1
USGS,383450118400001,110C N08 E30 06DAA 1    USA Site 23 USGS Well 49,GW,38.58047675,-118.6676355,S,NAD83, 4005.98, .5,NGVD29,16050304,qw,00615,,0,,wat,NUT,197194,0,1979-03-29,1979-03-29,1
USGS,383450118400001,110C N08 E30 06DAA 1    USA Site 23 USGS Well 49,GW,38.58047675,-118.6676355,S,NAD83, 4005.98, .5,NGVD29,16050304,qw,00620,,0,,wat,NUT,197186,0,1979-03-29,1979-03-29,1
USGS,383450118400001,110C N08 E30 06DAA 1    USA Site 23 USGS Well 49,GW,38.58047675,-118.6676355,S,NAD83, 4005.98, .5,NGVD29,16050304,qw,00680,,0,,wat,OOT,701250,0,1979-03-29,1979-03-29,1
USGS,383450118400001,110C N08 E30 06DAA 1    USA Site 23 USGS Well 49,GW,38.58047675,-118.6676355,S,NAD83, 4005.98, .5,NGVD29,16050304,qw,00930,,0,,wat,INM,149856,0,1979-03-29,1979-03-29,1
USGS,383450118400001,110C N08 E30 06DAA 1    USA Site 23 USGS Well 49,GW,38.58047675,-118.6676355,S,NAD83, 4005.98, .5,NGVD29,16050304,qw,00940,,0,,wat,INN,205955,0,1979-03-29,1979-03-29,1
USGS,383450118400001,110C N08 E30 06DAA 1    USA Site 23 USGS Well 49,GW,38.58047675,-118.6676355,S,NAD83, 4005.98, .5,NGVD29,16050304,qw,00945,,0,,wat,INN,197301,0,1979-03-29,1979-03-29,1
USGS,383450118400001,110C N08 E30 06DAA 1    USA Site 23 USGS Well 49,GW,38.58047675,-118.6676355,S,NAD83, 4005.98, .5,NGVD29,16050304,qw,71845,,0,,wat,NUT,966655,0,1979-03-29,1979-03-29,1
USGS,383457118395101,110C N08 E30 05BCD 1    USA Site 24 USGS Well 48,GW,38.58242116,-118.6651354,S,NAD83, 4007.58,.05,NGVD29,16050304,gw,62610,,0,,wat,,1642461,0,1978-10-06,1995-04-25,8
USGS,383457118395101,110C N08 E30 05BCD 1    USA Site 24 USGS Well 48,GW,38.58242116,-118.6651354,S,NAD83, 4007.58,.05,NGVD29,16050304,gw,62611,,0,,wat,,1642461,0,1978-10-06,1995-04-25,8
USGS,383457118395101,110C N08 E30 05BCD 1    USA Site 24 USGS Well 48,GW,38.58242116,-118.6651354,S,NAD83, 4007.58,.05,NGVD29,16050304,gw,72019,,0,,wat,,1642008,0,1978-10-06,1995-04-25,8
USGS,383457118395101,110C N08 E30 05BCD 1    USA Site 24 USGS Well 48,GW,38.58242116,-118.6651354,S,NAD83, 4007.58,.05,NGVD29,16050304,qw,,,0,,wat,ALL,0,0,1979-02-20,1979-02-20,1
USGS,383457118395101,110C N08 E30 05BCD 1    USA Site 24 USGS Well 48,GW,38.58242116,-118.6651354,S,NAD83, 4007.58,.05,NGVD29,16050304,qw,00010,,0,,wat,PHY,1645597,0,1979-02-20,1979-02-20,1
USGS,383457118395101,110C N08 E30 05BCD 1    USA Site 24 USGS Well 48,GW,38.58242116,-118.6651354,S,NAD83, 4007.58,.05,NGVD29,16050304,qw,00095,,0,,wat,PHY,1646694,0,1979-02-20,1979-02-20,1
USGS,383457118395101,110C N08 E30 05BCD 1    USA Site 24 USGS Well 48,GW,38.58242116,-118.6651354,S,NAD83, 4007.58,.05,NGVD29,16050304,qw,00600,,0,,wat,NUT,52450988,0,1979-02-20,1979-02-20,1
USGS,383457118395101,110C N08 E30 05BCD 1    USA Site 24 USGS Well 48,GW,38.58242116,-118.6651354,S,NAD83, 4007.58,.05,NGVD29,16050304,qw,00605,,0,,wat,NUT,17297623,0,1979-02-20,1979-02-20,1
USGS,383457118395101,110C N08 E30 05BCD 1    USA Site 24 USGS Well 48,GW,38.58242116,-118.6651354,S,NAD83, 4007.58,.05,NGVD29,16050304,qw,00610,,0,,wat,NUT,966655,0,1979-02-20,1979-02-20,1
USGS,383457118395101,110C N08 E30 05BCD 1    USA Site 24 USGS Well 48,GW,38.58242116,-118.6651354,S,NAD83, 4007.58,.05,NGVD29,16050304,qw,00615,,0,,wat,NUT,197194,0,1979-02-20,1979-02-20,1
USGS,383457118395101,110C N08 E30 05BCD 1    USA Site 24 USGS Well 48,GW,38.58242116,-118.6651354,S,NAD83, 4007.58,.05,NGVD29,16050304,qw,00620,,0,,wat,NUT,197186,0,1979-02-20,1979-02-20,1
USGS,383457118395101,110C N08 E30 05BCD 1    USA Site 24 USGS Well 48,GW,38.58242116,-118.6651354,S,NAD83, 4007.58,.05,NGVD29,16050304,qw,71845,,0,,wat,NUT,966655,0,1979-02-20,1979-02-20,1
USGS,383457118403801,110C N08 E30 06BDD 1    USA Site 12 USGS Well 45,GW,38.58242118,-118.6781914,S,NAD83, 3988.94,.05,NGVD29,16050304,gw,62610,,0,,wat,,1642461,0,1978-09-25,2000-05-18,13
USGS,383457118403801,110C N08 E30 06BDD 1    USA Site 12 USGS Well 45,GW,38.58242118,-118.6781914,S,NAD83, 3988.94,.05,NGVD29,16050304,gw,62611,,0,,wat,,1642461,0,1978-09-25,2000-05-18,13
USGS,383457118403801,110C N08 E30 06BDD 1    USA Site 12 USGS Well 45,GW,38.58242118,-118.6781914,S,NAD83, 3988.94,.05,NGVD29,16050304,gw,72019,,0,,wat,,1642008,0,1978-09-25,2000-05-18,13
USGS,383457118403801,110C N08 E30 06BDD 1    USA Site 12 USGS Well 45,GW,38.58242118,-118.6781914,S,NAD83, 3988.94,.05,NGVD29,16050304,qw,,,0,,wat,ALL,0,0,1979-03-22,1979-03-22,1
USGS,383457118403801,110C N08 E30 06BDD 1    USA Site 12 USGS Well 45,GW,38.58242118,-118.6781914,S,NAD83, 3988.94,.05,NGVD29,16050304,qw,00010,,0,,wat,PHY,1645597,0,1979-03-22,1979-03-22,1
USGS,383457118403801,110C N08 E30 06BDD 1    USA Site 12 USGS Well 45,GW,38.58242118,-118.6781914,S,NAD83, 3988.94,.05,NGVD29,16050304,qw,00095,,0,,wat,PHY,1646694,0,1979-03-22,1979-03-22,1
USGS,383457118403801,110C N08 E30 06BDD 1    USA Site 12 USGS Well 45,GW,38.58242118,-118.6781914,S,NAD83, 3988.94,.05,NGVD29,16050304,qw,00410,,0,,wat,INN,1640192,0,1979-03-22,1979-03-22,1
USGS,383457118403801,110C N08 E30 06BDD 1    USA Site 12 USGS Well 45,GW,38.58242118,-118.6781914,S,NAD83, 3988.94,.05,NGVD29,16050304,qw,00440,,0,,wat,INN,4788,0,1979-03-22,1979-03-22,1
USGS,383457118403801,110C N08 E30 06BDD 1    USA Site 12 USGS Well 45,GW,38.58242118,-118.6781914,S,NAD83, 3988.94,.05,NGVD29,16050304,qw,00600,,0,,wat,NUT,52450988,0,1979-03-22,1979-03-22,1
USGS,383457118403801,110C N08 E30 06BDD 1    USA Site 12 USGS Well 45,GW,38.58242118,-118.6781914,S,NAD83, 3988.94,.05,NGVD29,16050304,qw,00605,,0,,wat,NUT,17297623,0,1979-03-22,1979-03-22,1
USGS,383457118403801,110C N08 E30 06BDD 1    USA Site 12 USGS Well 45,GW,38.58242118,-118.6781914,S,NAD83, 3988.94,.05,NGVD29,16050304,qw,00610,,0,,wat,NUT,966655,0,1979-03-22,1979-03-22,1
USGS,383457118403801,110C N08 E30 06BDD 1    USA Site 12 USGS Well 45,GW,38.58242118,-118.6781914,S,NAD83, 3988.94,.05,NGVD29,16050304,qw,00615,,0,,wat,NUT,197194,0,1979-03-22,1979-03-22,1
USGS,383457118403801,110C N08 E30 06BDD 1    USA Site 12 USGS Well 45,GW,38.58242118,-118.6781914,S,NAD83, 3988.94,.05,NGVD29,16050304,qw,00620,,0,,wat,NUT,197186,0,1979-03-22,1979-03-22,1
USGS,383457118403801,110C N08 E30 06BDD 1    USA Site 12 USGS Well 45,GW,38.58242118,-118.6781914,S,NAD83, 3988.94,.05,NGVD29,16050304,qw,00680,,0,,wat,OOT,701250,0,1979-03-22,1979-03-22,1
USGS,383457118403801,110C N08 E30 06BDD 1    USA Site 12 USGS Well 45,GW,38.58242118,-118.6781914,S,NAD83, 3988.94,.05,NGVD29,16050304,qw,00900,,0,,wat,PHY,1640416,0,1979-03-22,1979-03-22,1
USGS,383457118403801,110C N08 E30 06BDD 1    USA Site 12 USGS Well 45,GW,38.58242118,-118.6781914,S,NAD83, 3988.94,.05,NGVD29,16050304,qw,00902,,0,,wat,PHY,1640432,0,1979-03-22,1979-03-22,1
USGS,383457118403801,110C N08 E30 06BDD 1    USA Site 12 USGS Well 45,GW,38.58242118,-118.6781914,S,NAD83, 3988.94,.05,NGVD29,16050304,qw,00915,,0,,wat,INM,150268,0,1979-03-22,1979-03-22,1
USGS,383457118403801,110C N08 E30 06BDD 1    USA Site 12 USGS Well 45,GW,38.58242118,-118.6781914,S,NAD83, 3988.94,.05,NGVD29,16050304,qw,00925,,0,,wat,INM,149617,0,1979-03-22,1979-03-22,1
USGS,383457118403801,110C N08 E30 06BDD 1    USA Site 12 USGS Well 45,GW,38.58242118,-118.6781914,S,NAD83, 3988.94,.05,NGVD29,16050304,qw,00930,,0,,wat,INM,149856,0,1979-03-22,1979-03-22,1
USGS,383457118403801,110C N08 E30 06BDD 1    USA Site 12 USGS Well 45,GW,38.58242118,-118.6781914,S,NAD83, 3988.94,.05,NGVD29,16050304,qw,00931,,0,,wat,INM,1640523,0,1979-03-22,1979-03-22,1
USGS,383457118403801,110C N08 E30 06BDD 1    USA Site 12 USGS Well 45,GW,38.58242118,-118.6781914,S,NAD83, 3988.94,.05,NGVD29,16050304,qw,00932,,0,,wat,INM,1646660,0,1979-03-22,1979-03-22,1
USGS,383457118403801,110C N08 E30 06BDD 1    USA Site 12 USGS Well 45,GW,38.58242118,-118.6781914,S,NAD83, 3988.94,.05,NGVD29,16050304,qw,00935,,0,,wat,INM,149740,0,1979-03-22,1979-03-22,1
USGS,383457118403801,110C N08 E30 06BDD 1    USA Site 12 USGS Well 45,GW,38.58242118,-118.6781914,S,NAD83, 3988.94,.05,NGVD29,16050304,qw,00940,,0,,wat,INN,205955,0,1979-03-22,1979-03-22,1
USGS,383457118403801,110C N08 E30 06BDD 1    USA Site 12 USGS Well 45,GW,38.58242118,-118.6781914,S,NAD83, 3988.94,.05,NGVD29,16050304,qw,00945,,0,,wat,INN,197301,0,1979-03-22,1979-03-22,1
USGS,383457118403801,110C N08 E30 06BDD 1    USA Site 12 USGS Well 45,GW,38.58242118,-118.6781914,S,NAD83, 3988.94,.05,NGVD29,16050304,qw,00955,,0,,wat,INN,151977,0,1979-03-22,1979-03-22,1
USGS,383457118403801,110C N08 E30 06BDD 1    USA Site 12 USGS Well 45,GW,38.58242118,-118.6781914,S,NAD83, 3988.94,.05,NGVD29,16050304,qw,70301,,0,,wat,PHY,1642222,0,1979-03-22,1979-03-22,1
USGS,383457118403801,110C N08 E30 06BDD 1    USA Site 12 USGS Well 45,GW,38.58242118,-118.6781914,S,NAD83, 3988.94,.05,NGVD29,16050304,qw,70303,,0,,wat,PHY,1642222,0,1979-03-22,1979-03-22,1
USGS,383457118403801,110C N08 E30 06BDD 1    USA Site 12 USGS Well 45,GW,38.58242118,-118.6781914,S,NAD83, 3988.94,.05,NGVD29,16050304,qw,71845,,0,,wat,NUT,966655,0,1979-03-22,1979-03-22,1
USGS,383457118403801,110C N08 E30 06BDD 1    USA Site 12 USGS Well 45,GW,38.58242118,-118.6781914,S,NAD83, 3988.94,.05,NGVD29,16050304,qw,71900,,0,,wat,IMM,149633,0,1979-03-22,1979-03-22,1
USGS,383458118393701,110C N08 E30 05BDB 1    USA Site 30 USGS Well 51,GW,38.5826989,-118.6612464,S,NAD83, 4016.07,.05,NGVD29,16050304,gw,62610,,0,,wat,,1642461,0,1978-10-10,1979-04-25,4
USGS,383458118393701,110C N08 E30 05BDB 1    USA Site 30 USGS Well 51,GW,38.5826989,-118.6612464,S,NAD83, 4016.07,.05,NGVD29,16050304,gw,62611,,0,,wat,,1642461,0,1978-10-10,1979-04-25,4
USGS,383458118393701,110C N08 E30 05BDB 1    USA Site 30 USGS Well 51,GW,38.5826989,-118.6612464,S,NAD83, 4016.07,.05,NGVD29,16050304,gw,72019,,0,,wat,,1642008,0,1978-10-10,1979-04-25,4
USGS,383458118393701,110C N08 E30 05BDB 1    USA Site 30 USGS Well 51,GW,38.5826989,-118.6612464,S,NAD83, 4016.07,.05,NGVD29,16050304,qw,,,0,,wat,ALL,0,0,1979-04-11,1979-04-11,1
USGS,383458118393701,110C N08 E30 05BDB 1    USA Site 30 USGS Well 51,GW,38.5826989,-118.6612464,S,NAD83, 4016.07,.05,NGVD29,16050304,qw,00010,,0,,wat,PHY,1645597,0,1979-04-11,1979-04-11,1
USGS,383458118393701,110C N08 E30 05BDB 1    USA Site 30 USGS Well 51,GW,38.5826989,-118.6612464,S,NAD83, 4016.07,.05,NGVD29,16050304,qw,00095,,0,,wat,PHY,1646694,0,1979-04-11,1979-04-11,1
USGS,383458118393701,110C N08 E30 05BDB 1    USA Site 30 USGS Well 51,GW,38.5826989,-118.6612464,S,NAD83, 4016.07,.05,NGVD29,16050304,qw,00600,,0,,wat,NUT,52450988,0,1979-04-11,1979-04-11,1
USGS,383458118393701,110C N08 E30 05BDB 1    USA Site 30 USGS Well 51,GW,38.5826989,-118.6612464,S,NAD83, 4016.07,.05,NGVD29,16050304,qw,00605,,0,,wat,NUT,17297623,0,1979-04-11,1979-04-11,1
USGS,383458118393701,110C N08 E30 05BDB 1    USA Site 30 USGS Well 51,GW,38.5826989,-118.6612464,S,NAD83, 4016.07,.05,NGVD29,16050304,qw,00610,,0,,wat,NUT,966655,0,1979-04-11,1979-04-11,1
USGS,383458118393701,110C N08 E30 05BDB 1    USA Site 30 USGS Well 51,GW,38.5826989,-118.6612464,S,NAD83, 4016.07,.05,NGVD29,16050304,qw,00615,,0,,wat,NUT,197194,0,1979-04-11,1979-04-11,1
USGS,383458118393701,110C N08 E30 05BDB 1    USA Site 30 USGS Well 51,GW,38.5826989,-118.6612464,S,NAD83, 4016.07,.05,NGVD29,16050304,qw,00620,,0,,wat,NUT,197186,0,1979-04-11,1979-04-11,1
USGS,383458118393701,110C N08 E30 05BDB 1    USA Site 30 USGS Well 51,GW,38.5826989,-118.6612464,S,NAD83, 4016.07,.05,NGVD29,16050304,qw,00680,,0,,wat,OOT,701250,0,1979-04-11,1979-04-11,1
USGS,383458118393701,110C N08 E30 05BDB 1    USA Site 30 USGS Well 51,GW,38.5826989,-118.6612464,S,NAD83, 4016.07,.05,NGVD29,16050304,qw,71845,,0,,wat,NUT,966655,0,1979-04-11,1979-04-11,1
USGS,383501118402701,110C N08 E30 06ACB 1    USA Site 13 USGS Well 44,GW,38.58353227,-118.6751357,S,NAD83, 3989.48,.05,NGVD29,16050304,gw,62610,,0,,wat,,1642461,0,1978-09-23,1995-04-26,7
USGS,383501118402701,110C N08 E30 06ACB 1    USA Site 13 USGS Well 44,GW,38.58353227,-118.6751357,S,NAD83, 3989.48,.05,NGVD29,16050304,gw,62611,,0,,wat,,1642461,0,1978-09-23,1995-04-26,7
USGS,383501118402701,110C N08 E30 06ACB 1    USA Site 13 USGS Well 44,GW,38.58353227,-118.6751357,S,NAD83, 3989.48,.05,NGVD29,16050304,gw,72019,,0,,wat,,1642008,0,1978-09-23,1995-04-26,7
USGS,383501118402701,110C N08 E30 06ACB 1    USA Site 13 USGS Well 44,GW,38.58353227,-118.6751357,S,NAD83, 3989.48,.05,NGVD29,16050304,qw,,,0,,wat,ALL,0,0,1979-03-20,1979-03-20,1
USGS,383501118402701,110C N08 E30 06ACB 1    USA Site 13 USGS Well 44,GW,38.58353227,-118.6751357,S,NAD83, 3989.48,.05,NGVD29,16050304,qw,00010,,0,,wat,PHY,1645597,0,1979-03-20,1979-03-20,1
USGS,383501118402701,110C N08 E30 06ACB 1    USA Site 13 USGS Well 44,GW,38.58353227,-118.6751357,S,NAD83, 3989.48,.05,NGVD29,16050304,qw,00095,,0,,wat,PHY,1646694,0,1979-03-20,1979-03-20,1
USGS,383501118402701,110C N08 E30 06ACB 1    USA Site 13 USGS Well 44,GW,38.58353227,-118.6751357,S,NAD83, 3989.48,.05,NGVD29,16050304,qw,00600,,0,,wat,NUT,52450988,0,1979-03-20,1979-03-20,1
USGS,383501118402701,110C N08 E30 06ACB 1    USA Site 13 USGS Well 44,GW,38.58353227,-118.6751357,S,NAD83, 3989.48,.05,NGVD29,16050304,qw,00605,,0,,wat,NUT,17297623,0,1979-03-20,1979-03-20,1
USGS,383501118402701,110C N08 E30 06ACB 1    USA Site 13 USGS Well 44,GW,38.58353227,-118.6751357,S,NAD83, 3989.48,.05,NGVD29,16050304,qw,00610,,0,,wat,NUT,966655,0,1979-03-20,1979-03-20,1
USGS,383501118402701,110C N08 E30 06ACB 1    USA Site 13 USGS Well 44,GW,38.58353227,-118.6751357,S,NAD83, 3989.48,.05,NGVD29,16050304,qw,00615,,0,,wat,NUT,197194,0,1979-03-20,1979-03-20,1
USGS,383501118402701,110C N08 E30 06ACB 1    USA Site 13 USGS Well 44,GW,38.58353227,-118.6751357,S,NAD83, 3989.48,.05,NGVD29,16050304,qw,00620,,0,,wat,NUT,197186,0,1979-03-20,1979-03-20,1
USGS,383501118402701,110C N08 E30 06ACB 1    USA Site 13 USGS Well 44,GW,38.58353227,-118.6751357,S,NAD83, 3989.48,.05,NGVD29,16050304,qw,00680,,0,,wat,OOT,701250,0,1979-03-20,1979-03-20,1
USGS,383501118402701,110C N08 E30 06ACB 1    USA Site 13 USGS Well 44,GW,38.58353227,-118.6751357,S,NAD83, 3989.48,.05,NGVD29,16050304,qw,71845,,0,,wat,NUT,966655,0,1979-03-20,1979-03-20,1
USGS,383502118392601,110C N08 E30 05BDA 5    USGS Well 30,GW,38.58325448,-118.659024,S,NAD83, 4019.76,.05,NGVD29,16050304,gw,62610,,0,,wat,,1642461,0,1977-09-20,1990-05-04,5
USGS,383502118392601,110C N08 E30 05BDA 5    USGS Well 30,GW,38.58325448,-118.659024,S,NAD83, 4019.76,.05,NGVD29,16050304,gw,62611,,0,,wat,,1642461,0,1977-09-20,1990-05-04,5
USGS,383502118392601,110C N08 E30 05BDA 5    USGS Well 30,GW,38.58325448,-118.659024,S,NAD83, 4019.76,.05,NGVD29,16050304,gw,72019,,0,,wat,,1642008,0,1977-09-20,1990-05-04,5
USGS,383502118392601,110C N08 E30 05BDA 5    USGS Well 30,GW,38.58325448,-118.659024,S,NAD83, 4019.76,.05,NGVD29,16050304,qw,,,0,,wat,ALL,0,0,1977-11-14,1977-11-17,5
USGS,383502118392601,110C N08 E30 05BDA 5    USGS Well 30,GW,38.58325448,-118.659024,S,NAD83, 4019.76,.05,NGVD29,16050304,qw,00095,,0,,wat,PHY,1646694,0,1977-11-14,1977-11-17,5
USGS,383502118392601,110C N08 E30 05BDA 5    USGS Well 30,GW,38.58325448,-118.659024,S,NAD83, 4019.76,.05,NGVD29,16050304,qw,00600,,0,,wat,NUT,52450988,0,1977-11-14,1977-11-17,5
USGS,383502118392601,110C N08 E30 05BDA 5    USGS Well 30,GW,38.58325448,-118.659024,S,NAD83, 4019.76,.05,NGVD29,16050304,qw,00605,,0,,wat,NUT,17297623,0,1977-11-14,1977-11-17,5
USGS,383502118392601,110C N08 E30 05BDA 5    USGS Well 30,GW,38.58325448,-118.659024,S,NAD83, 4019.76,.05,NGVD29,16050304,qw,00610,,0,,wat,NUT,966655,0,1977-11-14,1977-11-17,5
USGS,383502118392601,110C N08 E30 05BDA 5    USGS Well 30,GW,38.58325448,-118.659024,S,NAD83, 4019.76,.05,NGVD29,16050304,qw,00615,,0,,wat,NUT,197194,0,1977-11-14,1977-11-17,5
USGS,383502118392601,110C N08 E30 05BDA 5    USGS Well 30,GW,38.58325448,-118.659024,S,NAD83, 4019.76,.05,NGVD29,16050304,qw,00620,,0,,wat,NUT,197186,0,1977-11-14,1977-11-17,5
USGS,383502118392601,110C N08 E30 05BDA 5    USGS Well 30,GW,38.58325448,-118.659024,S,NAD83, 4019.76,.05,NGVD29,16050304,qw,00625,,0,,wat,NUT,17148461,0,1977-11-14,1977-11-17,5
USGS,383502118392601,110C N08 E30 05BDA 5    USGS Well 30,GW,38.58325448,-118.659024,S,NAD83, 4019.76,.05,NGVD29,16050304,qw,00630,,0,,wat,NUT,701177,0,1977-11-14,1977-11-17,5
USGS,383502118392601,110C N08 E30 05BDA 5    USGS Well 30,GW,38.58325448,-118.659024,S,NAD83, 4019.76,.05,NGVD29,16050304,qw,71845,,0,,wat,NUT,966655,0,1977-11-14,1977-11-17,5
USGS,383502118392601,110C N08 E30 05BDA 5    USGS Well 30,GW,38.58325448,-118.659024,S,NAD83, 4019.76,.05,NGVD29,16050304,qw,71887,,0,,wat,NUT,52450988,0,1977-11-14,1977-11-17,5
USGS,383502118394701,110C N08 E30 05BCA 1    USA Site 25 USGS Well 47,GW,38.58381,-118.6640243,S,NAD83, 4009.47, 10,NGVD29,16050304,gw,62610,,0,,wat,,1642461,0,1978-10-05,2000-05-19,8
USGS,383502118394701,110C N08 E30 05BCA 1    USA Site 25 USGS Well 47,GW,38.58381,-118.6640243,S,NAD83, 4009.47, 10,NGVD29,16050304,gw,62611,,0,,wat,,1642461,0,1978-10-05,2000-05-19,8
USGS,383502118394701,110C N08 E30 05BCA 1    USA Site 25 USGS Well 47,GW,38.58381,-118.6640243,S,NAD83, 4009.47, 10,NGVD29,16050304,gw,72019,,0,,wat,,1642008,0,1978-10-05,2000-05-19,8
USGS,383502118394701,110C N08 E30 05BCA 1    USA Site 25 USGS Well 47,GW,38.58381,-118.6640243,S,NAD83, 4009.47, 10,NGVD29,16050304,qw,,,0,,wat,ALL,0,0,1979-03-07,1979-03-07,1
USGS,383502118394701,110C N08 E30 05BCA 1    USA Site 25 USGS Well 47,GW,38.58381,-118.6640243,S,NAD83, 4009.47, 10,NGVD29,16050304,qw,00010,,0,,wat,PHY,1645597,0,1979-03-07,1979-03-07,1
USGS,383502118394701,110C N08 E30 05BCA 1    USA Site 25 USGS Well 47,GW,38.58381,-118.6640243,S,NAD83, 4009.47, 10,NGVD29,16050304,qw,00028,,0,,wat,INF,0,0,1979-03-07,1979-03-07,1
USGS,383502118394701,110C N08 E30 05BCA 1    USA Site 25 USGS Well 47,GW,38.58381,-118.6640243,S,NAD83, 4009.47, 10,NGVD29,16050304,qw,00095,,0,,wat,PHY,1646694,0,1979-03-07,1979-03-07,1
USGS,383502118394701,110C N08 E30 05BCA 1    USA Site 25 USGS Well 47,GW,38.58381,-118.6640243,S,NAD83, 4009.47, 10,NGVD29,16050304,qw,00600,,0,,wat,NUT,52450988,0,1979-03-07,1979-03-07,1
USGS,383502118394701,110C N08 E30 05BCA 1    USA Site 25 USGS Well 47,GW,38.58381,-118.6640243,S,NAD83, 4009.47, 10,NGVD29,16050304,qw,00605,,0,,wat,NUT,17297623,0,1979-03-07,1979-03-07,1
USGS,383502118394701,110C N08 E30 05BCA 1    USA Site 25 USGS Well 47,GW,38.58381,-118.6640243,S,NAD83, 4009.47, 10,NGVD29,16050304,qw,00610,,0,,wat,NUT,966655,0,1979-03-07,1979-03-07,1
USGS,383502118394701,110C N08 E30 05BCA 1    USA Site 25 USGS Well 47,GW,38.58381,-118.6640243,S,NAD83, 4009.47, 10,NGVD29,16050304,qw,00615,,0,,wat,NUT,197194,0,1979-03-07,1979-03-07,1
USGS,383502118394701,110C N08 E30 05BCA 1    USA Site 25 USGS Well 47,GW,38.58381,-118.6640243,S,NAD83, 4009.47, 10,NGVD29,16050304,qw,00620,,0,,wat,NUT,197186,0,1979-03-07,1979-03-07,1
USGS,383502118394701,110C N08 E30 05BCA 1    USA Site 25 USGS Well 47,GW,38.58381,-118.6640243,S,NAD83, 4009.47, 10,NGVD29,16050304,qw,00680,,0,,wat,OOT,701250,0,1979-03-07,1979-03-07,1
USGS,383502118394701,110C N08 E30 05BCA 1    USA Site 25 USGS Well 47,GW,38.58381,-118.6640243,S,NAD83, 4009.47, 10,NGVD29,16050304,qw,00930,,0,,wat,INM,149856,0,1979-03-07,1979-03-07,1
USGS,383502118394701,110C N08 E30 05BCA 1    USA Site 25 USGS Well 47,GW,38.58381,-118.6640243,S,NAD83, 4009.47, 10,NGVD29,16050304,qw,00940,,0,,wat,INN,205955,0,1979-03-07,1979-03-07,1
USGS,383502118394701,110C N08 E30 05BCA 1    USA Site 25 USGS Well 47,GW,38.58381,-118.6640243,S,NAD83, 4009.47, 10,NGVD29,16050304,qw,00945,,0,,wat,INN,197301,0,1979-03-07,1979-03-07,1
USGS,383502118394701,110C N08 E30 05BCA 1    USA Site 25 USGS Well 47,GW,38.58381,-118.6640243,S,NAD83, 4009.47, 10,NGVD29,16050304,qw,71845,,0,,wat,NUT,966655,0,1979-03-07,1979-03-07,1
USGS,383503118392301,110C N08 E30 05ACB 4    USGS Well 31,GW,38.58353225,-118.6581908,S,NAD83, 4020.58,.05,NGVD29,16050304,gw,62610,,0,,wat,,1642461,0,1977-09-20,1990-05-04,4
USGS,383503118392301,110C N08 E30 05ACB 4    USGS Well 31,GW,38.58353225,-118.6581908,S,NAD83, 4020.58,.05,NGVD29,16050304,gw,62611,,0,,wat,,1642461,0,1977-09-20,1990-05-04,4
USGS,383503118392301,110C N08 E30 05ACB 4    USGS Well 31,GW,38.58353225,-118.6581908,S,NAD83, 4020.58,.05,NGVD29,16050304,gw,72019,,0,,wat,,1642008,0,1977-09-20,1990-05-04,4
USGS,383503118392301,110C N08 E30 05ACB 4    USGS Well 31,GW,38.58353225,-118.6581908,S,NAD83, 4020.58,.05,NGVD29,16050304,qw,,,0,,wat,ALL,0,0,1977-11-14,1977-11-14,4
USGS,383503118392301,110C N08 E30 05ACB 4    USGS Well 31,GW,38.58353225,-118.6581908,S,NAD83, 4020.58,.05,NGVD29,16050304,qw,00095,,0,,wat,PHY,1646694,0,1977-11-14,1977-11-14,4
USGS,383503118392301,110C N08 E30 05ACB 4    USGS Well 31,GW,38.58353225,-118.6581908,S,NAD83, 4020.58,.05,NGVD29,16050304,qw,00600,,0,,wat,NUT,52450988,0,1977-11-14,1977-11-14,4
USGS,383503118392301,110C N08 E30 05ACB 4    USGS Well 31,GW,38.58353225,-118.6581908,S,NAD83, 4020.58,.05,NGVD29,16050304,qw,00605,,0,,wat,NUT,17297623,0,1977-11-14,1977-11-14,4
USGS,383503118392301,110C N08 E30 05ACB 4    USGS Well 31,GW,38.58353225,-118.6581908,S,NAD83, 4020.58,.05,NGVD29,16050304,qw,00610,,0,,wat,NUT,966655,0,1977-11-14,1977-11-14,4
USGS,383503118392301,110C N08 E30 05ACB 4    USGS Well 31,GW,38.58353225,-118.6581908,S,NAD83, 4020.58,.05,NGVD29,16050304,qw,00615,,0,,wat,NUT,197194,0,1977-11-14,1977-11-14,4
USGS,383503118392301,110C N08 E30 05ACB 4    USGS Well 31,GW,38.58353225,-118.6581908,S,NAD83, 4020.58,.05,NGVD29,16050304,qw,00620,,0,,wat,NUT,197186,0,1977-11-14,1977-11-14,4
USGS,383503118392301,110C N08 E30 05ACB 4    USGS Well 31,GW,38.58353225,-118.6581908,S,NAD83, 4020.58,.05,NGVD29,16050304,qw,00625,,0,,wat,NUT,17148461,0,1977-11-14,1977-11-14,4
USGS,383503118392301,110C N08 E30 05ACB 4    USGS Well 31,GW,38.58353225,-118.6581908,S,NAD83, 4020.58,.05,NGVD29,16050304,qw,00630,,0,,wat,NUT,701177,0,1977-11-14,1977-11-14,4
USGS,383503118392301,110C N08 E30 05ACB 4    USGS Well 31,GW,38.58353225,-118.6581908,S,NAD83, 4020.58,.05,NGVD29,16050304,qw,71845,,0,,wat,NUT,966655,0,1977-11-14,1977-11-14,4
USGS,383503118392301,110C N08 E30 05ACB 4    USGS Well 31,GW,38.58353225,-118.6581908,S,NAD83, 4020.58,.05,NGVD29,16050304,qw,71887,,0,,wat,NUT,52450988,0,1977-11-14,1977-11-14,4
USGS,383503118393201,110C N08 E30 05BDA 2    USGS Well 26,GW,38.58353225,-118.6606908,S,NAD83, 4017.83,.05,NGVD29,16050304,gw,62610,,0,,wat,,1642461,0,1977-09-20,1990-05-04,6
USGS,383503118393201,110C N08 E30 05BDA 2    USGS Well 26,GW,38.58353225,-118.6606908,S,NAD83, 4017.83,.05,NGVD29,16050304,gw,62611,,0,,wat,,1642461,0,1977-09-20,1990-05-04,6
USGS,383503118393201,110C N08 E30 05BDA 2    USGS Well 26,GW,38.58353225,-118.6606908,S,NAD83, 4017.83,.05,NGVD29,16050304,gw,72019,,0,,wat,,1642008,0,1977-09-20,1990-05-04,6
USGS,383503118393201,110C N08 E30 05BDA 2    USGS Well 26,GW,38.58353225,-118.6606908,S,NAD83, 4017.83,.05,NGVD29,16050304,qw,,,0,,wat,ALL,0,0,1977-11-15,1977-11-15,4
USGS,383503118393201,110C N08 E30 05BDA 2    USGS Well 26,GW,38.58353225,-118.6606908,S,NAD83, 4017.83,.05,NGVD29,16050304,qw,00095,,0,,wat,PHY,1646694,0,1977-11-15,1977-11-15,4
USGS,383503118393201,110C N08 E30 05BDA 2    USGS Well 26,GW,38.58353225,-118.6606908,S,NAD83, 4017.83,.05,NGVD29,16050304,qw,00600,,0,,wat,NUT,52450988,0,1977-11-15,1977-11-15,4
USGS,383503118393201,110C N08 E30 05BDA 2    USGS Well 26,GW,38.58353225,-118.6606908,S,NAD83, 4017.83,.05,NGVD29,16050304,qw,00605,,0,,wat,NUT,17297623,0,1977-11-15,1977-11-15,4
USGS,383503118393201,110C N08 E30 05BDA 2    USGS Well 26,GW,38.58353225,-118.6606908,S,NAD83, 4017.83,.05,NGVD29,16050304,qw,00610,,0,,wat,NUT,966655,0,1977-11-15,1977-11-15,4
USGS,383503118393201,110C N08 E30 05BDA 2    USGS Well 26,GW,38.58353225,-118.6606908,S,NAD83, 4017.83,.05,NGVD29,16050304,qw,00615,,0,,wat,NUT,197194,0,1977-11-15,1977-11-15,4
USGS,383503118393201,110C N08 E30 05BDA 2    USGS Well 26,GW,38.58353225,-118.6606908,S,NAD83, 4017.83,.05,NGVD29,16050304,qw,00620,,0,,wat,NUT,197186,0,1977-11-15,1977-11-15,4
USGS,383503118393201,110C N08 E30 05BDA 2    USGS Well 26,GW,38.58353225,-118.6606908,S,NAD83, 4017.83,.05,NGVD29,16050304,qw,00625,,0,,wat,NUT,17148461,0,1977-11-15,1977-11-15,4
USGS,383503118393201,110C N08 E30 05BDA 2    USGS Well 26,GW,38.58353225,-118.6606908,S,NAD83, 4017.83,.05,NGVD29,16050304,qw,00630,,0,,wat,NUT,701177,0,1977-11-15,1977-11-15,4
USGS,383503118393201,110C N08 E30 05BDA 2    USGS Well 26,GW,38.58353225,-118.6606908,S,NAD83, 4017.83,.05,NGVD29,16050304,qw,71845,,0,,wat,NUT,966655,0,1977-11-15,1977-11-15,4
USGS,383503118393201,110C N08 E30 05BDA 2    USGS Well 26,GW,38.58353225,-118.6606908,S,NAD83, 4017.83,.05,NGVD29,16050304,qw,71887,,0,,wat,NUT,52450988,0,1977-11-15,1977-11-15,4
USGS,383504118391901,110C N08 E30 05ACB 3    USGS Well 12,GW,38.58353225,-118.6573574,S,NAD83, 4021.31,.01,NGVD29,16050304,gw,62610,,0,,wat,,1642461,0,1974-11-22,1985-05-10,6
USGS,383504118391901,110C N08 E30 05ACB 3    USGS Well 12,GW,38.58353225,-118.6573574,S,NAD83, 4021.31,.01,NGVD29,16050304,gw,62611,,0,,wat,,1642461,0,1974-11-22,1985-05-10,6
USGS,383504118391901,110C N08 E30 05ACB 3    USGS Well 12,GW,38.58353225,-118.6573574,S,NAD83, 4021.31,.01,NGVD29,16050304,gw,72019,,0,,wat,,1642008,0,1974-11-22,1985-05-10,6
USGS,383504118392801,110C N08 E30 05BDA 4    USGS Well 29,GW,38.58381,-118.6598575,S,NAD83, 4019.85,.05,NGVD29,16050304,gw,62610,,0,,wat,,1642461,0,1977-09-20,1985-05-10,6
USGS,383504118392801,110C N08 E30 05BDA 4    USGS Well 29,GW,38.58381,-118.6598575,S,NAD83, 4019.85,.05,NGVD29,16050304,gw,62611,,0,,wat,,1642461,0,1977-09-20,1985-05-10,6
USGS,383504118392801,110C N08 E30 05BDA 4    USGS Well 29,GW,38.58381,-118.6598575,S,NAD83, 4019.85,.05,NGVD29,16050304,gw,72019,,0,,wat,,1642008,0,1977-09-20,1985-05-10,6
USGS,383504118392801,110C N08 E30 05BDA 4    USGS Well 29,GW,38.58381,-118.6598575,S,NAD83, 4019.85,.05,NGVD29,16050304,qw,,,0,,wat,ALL,0,0,1977-11-15,1977-11-15,4
USGS,383504118392801,110C N08 E30 05BDA 4    USGS Well 29,GW,38.58381,-118.6598575,S,NAD83, 4019.85,.05,NGVD29,16050304,qw,00095,,0,,wat,PHY,1646694,0,1977-11-15,1977-11-15,4
USGS,383504118392801,110C N08 E30 05BDA 4    USGS Well 29,GW,38.58381,-118.6598575,S,NAD83, 4019.85,.05,NGVD29,16050304,qw,00600,,0,,wat,NUT,52450988,0,1977-11-15,1977-11-15,4
USGS,383504118392801,110C N08 E30 05BDA 4    USGS Well 29,GW,38.58381,-118.6598575,S,NAD83, 4019.85,.05,NGVD29,16050304,qw,00605,,0,,wat,NUT,17297623,0,1977-11-15,1977-11-15,4
USGS,383504118392801,110C N08 E30 05BDA 4    USGS Well 29,GW,38.58381,-118.6598575,S,NAD83, 4019.85,.05,NGVD29,16050304,qw,00610,,0,,wat,NUT,966655,0,1977-11-15,1977-11-15,4
USGS,383504118392801,110C N08 E30 05BDA 4    USGS Well 29,GW,38.58381,-118.6598575,S,NAD83, 4019.85,.05,NGVD29,16050304,qw,00615,,0,,wat,NUT,197194,0,1977-11-15,1977-11-15,4
USGS,383504118392801,110C N08 E30 05BDA 4    USGS Well 29,GW,38.58381,-118.6598575,S,NAD83, 4019.85,.05,NGVD29,16050304,qw,00620,,0,,wat,NUT,197186,0,1977-11-15,1977-11-15,4
USGS,383504118392801,110C N08 E30 05BDA 4    USGS Well 29,GW,38.58381,-118.6598575,S,NAD83, 4019.85,.05,NGVD29,16050304,qw,00625,,0,,wat,NUT,17148461,0,1977-11-15,1977-11-15,4
USGS,383504118392801,110C N08 E30 05BDA 4    USGS Well 29,GW,38.58381,-118.6598575,S,NAD83, 4019.85,.05,NGVD29,16050304,qw,00630,,0,,wat,NUT,701177,0,1977-11-15,1977-11-15,4
USGS,383504118392801,110C N08 E30 05BDA 4    USGS Well 29,GW,38.58381,-118.6598575,S,NAD83, 4019.85,.05,NGVD29,16050304,qw,71845,,0,,wat,NUT,966655,0,1977-11-15,1977-11-15,4
USGS,383504118392801,110C N08 E30 05BDA 4    USGS Well 29,GW,38.58381,-118.6598575,S,NAD83, 4019.85,.05,NGVD29,16050304,qw,71887,,0,,wat,NUT,52450988,0,1977-11-15,1977-11-15,4
USGS,383505118392601,110C N08 E30 05BAD 1    USGS Well 9,GW,38.5840878,-118.6590241,S,NAD83, 4019.59,.01,NGVD29,16050304,gw,62610,,0,,wat,,1642461,0,1974-11-22,1978-04-26,5
USGS,383505118392601,110C N08 E30 05BAD 1    USGS Well 9,GW,38.5840878,-118.6590241,S,NAD83, 4019.59,.01,NGVD29,16050304,gw,62611,,0,,wat,,1642461,0,1974-11-22,1978-04-26,5
USGS,383505118392601,110C N08 E30 05BAD 1    USGS Well 9,GW,38.5840878,-118.6590241,S,NAD83, 4019.59,.01,NGVD29,16050304,gw,72019,,0,,wat,,1642008,0,1974-11-22,1978-04-26,5
USGS,383506118392301,110C N08 E30 05BDA 6    USGS Well 32,GW,38.58436557,-118.6584686,S,NAD83, 4020.39,.05,NGVD29,16050304,gw,62610,,0,,wat,,1642461,0,1977-09-20,1995-04-27,5
USGS,383506118392301,110C N08 E30 05BDA 6    USGS Well 32,GW,38.58436557,-118.6584686,S,NAD83, 4020.39,.05,NGVD29,16050304,gw,62611,,0,,wat,,1642461,0,1977-09-20,1995-04-27,5
USGS,383506118392301,110C N08 E30 05BDA 6    USGS Well 32,GW,38.58436557,-118.6584686,S,NAD83, 4020.39,.05,NGVD29,16050304,gw,72019,,0,,wat,,1642008,0,1977-09-20,1995-04-27,5
USGS,383506118392301,110C N08 E30 05BDA 6    USGS Well 32,GW,38.58436557,-118.6584686,S,NAD83, 4020.39,.05,NGVD29,16050304,qw,,,0,,wat,ALL,0,0,1977-11-15,1977-11-15,4
USGS,383506118392301,110C N08 E30 05BDA 6    USGS Well 32,GW,38.58436557,-118.6584686,S,NAD83, 4020.39,.05,NGVD29,16050304,qw,00095,,0,,wat,PHY,1646694,0,1977-11-15,1977-11-15,4
USGS,383506118392301,110C N08 E30 05BDA 6    USGS Well 32,GW,38.58436557,-118.6584686,S,NAD83, 4020.39,.05,NGVD29,16050304,qw,00600,,0,,wat,NUT,52450988,0,1977-11-15,1977-11-15,4
USGS,383506118392301,110C N08 E30 05BDA 6    USGS Well 32,GW,38.58436557,-118.6584686,S,NAD83, 4020.39,.05,NGVD29,16050304,qw,00605,,0,,wat,NUT,17297623,0,1977-11-15,1977-11-15,4
USGS,383506118392301,110C N08 E30 05BDA 6    USGS Well 32,GW,38.58436557,-118.6584686,S,NAD83, 4020.39,.05,NGVD29,16050304,qw,00610,,0,,wat,NUT,966655,0,1977-11-15,1977-11-15,4
USGS,383506118392301,110C N08 E30 05BDA 6    USGS Well 32,GW,38.58436557,-118.6584686,S,NAD83, 4020.39,.05,NGVD29,16050304,qw,00615,,0,,wat,NUT,197194,0,1977-11-15,1977-11-15,4
USGS,383506118392301,110C N08 E30 05BDA 6    USGS Well 32,GW,38.58436557,-118.6584686,S,NAD83, 4020.39,.05,NGVD29,16050304,qw,00620,,0,,wat,NUT,197186,0,1977-11-15,1977-11-15,4
USGS,383506118392301,110C N08 E30 05BDA 6    USGS Well 32,GW,38.58436557,-118.6584686,S,NAD83, 4020.39,.05,NGVD29,16050304,qw,00625,,0,,wat,NUT,17148461,0,1977-11-15,1977-11-15,4
USGS,383506118392301,110C N08 E30 05BDA 6    USGS Well 32,GW,38.58436557,-118.6584686,S,NAD83, 4020.39,.05,NGVD29,16050304,qw,00630,,0,,wat,NUT,701177,0,1977-11-15,1977-11-15,4
USGS,383506118392301,110C N08 E30 05BDA 6    USGS Well 32,GW,38.58436557,-118.6584686,S,NAD83, 4020.39,.05,NGVD29,16050304,qw,71845,,0,,wat,NUT,966655,0,1977-11-15,1977-11-15,4
USGS,383506118392301,110C N08 E30 05BDA 6    USGS Well 32,GW,38.58436557,-118.6584686,S,NAD83, 4020.39,.05,NGVD29,16050304,qw,71887,,0,,wat,NUT,52450988,0,1977-11-15,1977-11-15,4
USGS,383506118393201,110C N08 E30 05BDA 3    USGS Well 27,GW,38.58436558,-118.6606908,S,NAD83, 4016.17,  5,NGVD29,16050304,gw,62610,,0,,wat,,1642461,0,1977-09-20,1978-04-26,3
USGS,383506118393201,110C N08 E30 05BDA 3    USGS Well 27,GW,38.58436558,-118.6606908,S,NAD83, 4016.17,  5,NGVD29,16050304,gw,62611,,0,,wat,,1642461,0,1977-09-20,1978-04-26,3
USGS,383506118393201,110C N08 E30 05BDA 3    USGS Well 27,GW,38.58436558,-118.6606908,S,NAD83, 4016.17,  5,NGVD29,16050304,gw,72019,,0,,wat,,1642008,0,1977-09-20,1978-04-26,3
USGS,383506118393201,110C N08 E30 05BDA 3    USGS Well 27,GW,38.58436558,-118.6606908,S,NAD83, 4016.17,  5,NGVD29,16050304,qw,,,0,,wat,ALL,0,0,1977-11-15,1977-11-16,4
USGS,383506118393201,110C N08 E30 05BDA 3    USGS Well 27,GW,38.58436558,-118.6606908,S,NAD83, 4016.17,  5,NGVD29,16050304,qw,00095,,0,,wat,PHY,1646694,0,1977-11-15,1977-11-16,4
USGS,383506118393201,110C N08 E30 05BDA 3    USGS Well 27,GW,38.58436558,-118.6606908,S,NAD83, 4016.17,  5,NGVD29,16050304,qw,00600,,0,,wat,NUT,52450988,0,1977-11-15,1977-11-16,4
USGS,383506118393201,110C N08 E30 05BDA 3    USGS Well 27,GW,38.58436558,-118.6606908,S,NAD83, 4016.17,  5,NGVD29,16050304,qw,00605,,0,,wat,NUT,17297623,0,1977-11-15,1977-11-16,4
USGS,383506118393201,110C N08 E30 05BDA 3    USGS Well 27,GW,38.58436558,-118.6606908,S,NAD83, 4016.17,  5,NGVD29,16050304,qw,00610,,0,,wat,NUT,966655,0,1977-11-15,1977-11-16,4
USGS,383506118393201,110C N08 E30 05BDA 3    USGS Well 27,GW,38.58436558,-118.6606908,S,NAD83, 4016.17,  5,NGVD29,16050304,qw,00615,,0,,wat,NUT,197194,0,1977-11-15,1977-11-16,4
USGS,383506118393201,110C N08 E30 05BDA 3    USGS Well 27,GW,38.58436558,-118.6606908,S,NAD83, 4016.17,  5,NGVD29,16050304,qw,00620,,0,,wat,NUT,197186,0,1977-11-15,1977-11-16,4
USGS,383506118393201,110C N08 E30 05BDA 3    USGS Well 27,GW,38.58436558,-118.6606908,S,NAD83, 4016.17,  5,NGVD29,16050304,qw,00625,,0,,wat,NUT,17148461,0,1977-11-15,1977-11-16,4
USGS,383506118393201,110C N08 E30 05BDA 3    USGS Well 27,GW,38.58436558,-118.6606908,S,NAD83, 4016.17,  5,NGVD29,16050304,qw,00630,,0,,wat,NUT,701177,0,1977-11-15,1977-11-16,4
USGS,383506118393201,110C N08 E30 05BDA 3    USGS Well 27,GW,38.58436558,-118.6606908,S,NAD83, 4016.17,  5,NGVD29,16050304,qw,71845,,0,,wat,NUT,966655,0,1977-11-15,1977-11-16,4
USGS,383506118393201,110C N08 E30 05BDA 3    USGS Well 27,GW,38.58436558,-118.6606908,S,NAD83, 4016.17,  5,NGVD29,16050304,qw,71887,,0,,wat,NUT,52450988,0,1977-11-15,1977-11-16,4
USGS,383506118394401,110C N08 E30 05BBD 1    USA Site 26 USGS Well 46,GW,38.5849211,-118.6631909,S,NAD83, 4009.87,.05,NGVD29,16050304,gw,62610,,0,,wat,,1642461,0,1978-10-03,1995-04-25,7
USGS,383506118394401,110C N08 E30 05BBD 1    USA Site 26 USGS Well 46,GW,38.5849211,-118.6631909,S,NAD83, 4009.87,.05,NGVD29,16050304,gw,62611,,0,,wat,,1642461,0,1978-10-03,1995-04-25,7
USGS,383506118394401,110C N08 E30 05BBD 1    USA Site 26 USGS Well 46,GW,38.5849211,-118.6631909,S,NAD83, 4009.87,.05,NGVD29,16050304,gw,72019,,0,,wat,,1642008,0,1978-10-03,1995-04-25,7
USGS,383506118394401,110C N08 E30 05BBD 1    USA Site 26 USGS Well 46,GW,38.5849211,-118.6631909,S,NAD83, 4009.87,.05,NGVD29,16050304,qw,,,0,,wat,ALL,0,0,1979-02-22,1979-02-22,1
USGS,383506118394401,110C N08 E30 05BBD 1    USA Site 26 USGS Well 46,GW,38.5849211,-118.6631909,S,NAD83, 4009.87,.05,NGVD29,16050304,qw,00010,,0,,wat,PHY,1645597,0,1979-02-22,1979-02-22,1
USGS,383506118394401,110C N08 E30 05BBD 1    USA Site 26 USGS Well 46,GW,38.5849211,-118.6631909,S,NAD83, 4009.87,.05,NGVD29,16050304,qw,00095,,0,,wat,PHY,1646694,0,1979-02-22,1979-02-22,1
USGS,383506118394401,110C N08 E30 05BBD 1    USA Site 26 USGS Well 46,GW,38.5849211,-118.6631909,S,NAD83, 4009.87,.05,NGVD29,16050304,qw,00600,,0,,wat,NUT,52450988,0,1979-02-22,1979-02-22,1
USGS,383506118394401,110C N08 E30 05BBD 1    USA Site 26 USGS Well 46,GW,38.5849211,-118.6631909,S,NAD83, 4009.87,.05,NGVD29,16050304,qw,00605,,0,,wat,NUT,17297623,0,1979-02-22,1979-02-22,1
USGS,383506118394401,110C N08 E30 05BBD 1    USA Site 26 USGS Well 46,GW,38.5849211,-118.6631909,S,NAD83, 4009.87,.05,NGVD29,16050304,qw,00610,,0,,wat,NUT,966655,0,1979-02-22,1979-02-22,1
USGS,383506118394401,110C N08 E30 05BBD 1    USA Site 26 USGS Well 46,GW,38.5849211,-118.6631909,S,NAD83, 4009.87,.05,NGVD29,16050304,qw,00615,,0,,wat,NUT,197194,0,1979-02-22,1979-02-22,1
USGS,383506118394401,110C N08 E30 05BBD 1    USA Site 26 USGS Well 46,GW,38.5849211,-118.6631909,S,NAD83, 4009.87,.05,NGVD29,16050304,qw,00620,,0,,wat,NUT,197186,0,1979-02-22,1979-02-22,1
USGS,383506118394401,110C N08 E30 05BBD 1    USA Site 26 USGS Well 46,GW,38.5849211,-118.6631909,S,NAD83, 4009.87,.05,NGVD29,16050304,qw,71845,,0,,wat,NUT,966655,0,1979-02-22,1979-02-22,1
USGS,383507118391701,110C N08 E30 05ABC 1    USGS Well 4,GW,38.58464334,-118.656524,S,NAD83, 4022.70,.01,NGVD29,16050304,gw,62610,,0,,wat,,1642461,0,1974-11-22,1975-06-16,4
USGS,383507118391701,110C N08 E30 05ABC 1    USGS Well 4,GW,38.58464334,-118.656524,S,NAD83, 4022.70,.01,NGVD29,16050304,gw,62611,,0,,wat,,1642461,0,1974-11-22,1975-06-16,4
USGS,383507118391701,110C N08 E30 05ABC 1    USGS Well 4,GW,38.58464334,-118.656524,S,NAD83, 4022.70,.01,NGVD29,16050304,gw,72019,,0,,wat,,1642008,0,1974-11-22,1975-06-16,4
USGS,383507118392001,110C N08 E30 05ABC 2    USGS Well 5,GW,38.58547667,-118.6573574,S,NAD83, 4021.09,.01,NGVD29,16050304,gw,62610,,0,,wat,,1642461,0,1974-11-22,1995-04-27,8
USGS,383507118392001,110C N08 E30 05ABC 2    USGS Well 5,GW,38.58547667,-118.6573574,S,NAD83, 4021.09,.01,NGVD29,16050304,gw,62611,,0,,wat,,1642461,0,1974-11-22,1995-04-27,8
USGS,383507118392001,110C N08 E30 05ABC 2    USGS Well 5,GW,38.58547667,-118.6573574,S,NAD83, 4021.09,.01,NGVD29,16050304,gw,72019,,0,,wat,,1642008,0,1974-11-22,1995-04-27,8
USGS,383507118392101,110C N08 E30 05ACB 1    USGS Well 10,GW,38.58436557,-118.6576352,S,NAD83, 4020.32,.01,NGVD29,16050304,gw,62610,,0,,wat,,1642461,0,1974-11-22,1990-05-03,7
USGS,383507118392101,110C N08 E30 05ACB 1    USGS Well 10,GW,38.58436557,-118.6576352,S,NAD83, 4020.32,.01,NGVD29,16050304,gw,62611,,0,,wat,,1642461,0,1974-11-22,1990-05-03,7
USGS,383507118392101,110C N08 E30 05ACB 1    USGS Well 10,GW,38.58436557,-118.6576352,S,NAD83, 4020.32,.01,NGVD29,16050304,gw,72019,,0,,wat,,1642008,0,1974-11-22,1990-05-03,7
USGS,383507118392102,110C N08 E30 05ACB 2    USGS Well 11,GW,38.58436557,-118.657913,S,NAD83, 4020.39,.01,NGVD29,16050304,gw,62610,,0,,wat,,1642461,0,1974-11-22,1978-04-26,5
USGS,383507118392102,110C N08 E30 05ACB 2    USGS Well 11,GW,38.58436557,-118.657913,S,NAD83, 4020.39,.01,NGVD29,16050304,gw,62611,,0,,wat,,1642461,0,1974-11-22,1978-04-26,5
USGS,383507118392102,110C N08 E30 05ACB 2    USGS Well 11,GW,38.58436557,-118.657913,S,NAD83, 4020.39,.01,NGVD29,16050304,gw,72019,,0,,wat,,1642008,0,1974-11-22,1978-04-26,5
USGS,383507118393001,110C N08 E30 05BAD 3    USGS Well 28,GW,38.58464335,-118.6601353,S,NAD83, 4017.76,.05,NGVD29,16050304,gw,62610,,0,,wat,,1642461,0,1977-09-20,1985-05-10,6
USGS,383507118393001,110C N08 E30 05BAD 3    USGS Well 28,GW,38.58464335,-118.6601353,S,NAD83, 4017.76,.05,NGVD29,16050304,gw,62611,,0,,wat,,1642461,0,1977-09-20,1985-05-10,6
USGS,383507118393001,110C N08 E30 05BAD 3    USGS Well 28,GW,38.58464335,-118.6601353,S,NAD83, 4017.76,.05,NGVD29,16050304,gw,72019,,0,,wat,,1642008,0,1977-09-20,1985-05-10,6
USGS,383507118393001,110C N08 E30 05BAD 3    USGS Well 28,GW,38.58464335,-118.6601353,S,NAD83, 4017.76,.05,NGVD29,16050304,qw,,,0,,wat,ALL,0,0,1977-11-01,1977-11-02,4
USGS,383507118393001,110C N08 E30 05BAD 3    USGS Well 28,GW,38.58464335,-118.6601353,S,NAD83, 4017.76,.05,NGVD29,16050304,qw,00095,,0,,wat,PHY,1646694,0,1977-11-01,1977-11-02,4
USGS,383507118393001,110C N08 E30 05BAD 3    USGS Well 28,GW,38.58464335,-118.6601353,S,NAD83, 4017.76,.05,NGVD29,16050304,qw,00600,,0,,wat,NUT,52450988,0,1977-11-01,1977-11-02,4
USGS,383507118393001,110C N08 E30 05BAD 3    USGS Well 28,GW,38.58464335,-118.6601353,S,NAD83, 4017.76,.05,NGVD29,16050304,qw,00605,,0,,wat,NUT,17297623,0,1977-11-01,1977-11-02,4
USGS,383507118393001,110C N08 E30 05BAD 3    USGS Well 28,GW,38.58464335,-118.6601353,S,NAD83, 4017.76,.05,NGVD29,16050304,qw,00610,,0,,wat,NUT,966655,0,1977-11-01,1977-11-02,4
USGS,383507118393001,110C N08 E30 05BAD 3    USGS Well 28,GW,38.58464335,-118.6601353,S,NAD83, 4017.76,.05,NGVD29,16050304,qw,00615,,0,,wat,NUT,197194,0,1977-11-01,1977-11-02,4
USGS,383507118393001,110C N08 E30 05BAD 3    USGS Well 28,GW,38.58464335,-118.6601353,S,NAD83, 4017.76,.05,NGVD29,16050304,qw,00620,,0,,wat,NUT,197186,0,1977-11-01,1977-11-02,4
USGS,383507118393001,110C N08 E30 05BAD 3    USGS Well 28,GW,38.58464335,-118.6601353,S,NAD83, 4017.76,.05,NGVD29,16050304,qw,00625,,0,,wat,NUT,17148461,0,1977-11-01,1977-11-02,4
USGS,383507118393001,110C N08 E30 05BAD 3    USGS Well 28,GW,38.58464335,-118.6601353,S,NAD83, 4017.76,.05,NGVD29,16050304,qw,00630,,0,,wat,NUT,701177,0,1977-11-01,1977-11-02,4
USGS,383507118393001,110C N08 E30 05BAD 3    USGS Well 28,GW,38.58464335,-118.6601353,S,NAD83, 4017.76,.05,NGVD29,16050304,qw,71845,,0,,wat,NUT,966655,0,1977-11-01,1977-11-02,4
USGS,383507118393001,110C N08 E30 05BAD 3    USGS Well 28,GW,38.58464335,-118.6601353,S,NAD83, 4017.76,.05,NGVD29,16050304,qw,71887,,0,,wat,NUT,52450988,0,1977-11-01,1977-11-02,4
USGS,383507118401701,110C N08 E30 06ABD 1    USA Site 14 USGS Well 43,GW,38.5851989,-118.6723579,S,NAD83, 3990.85,.05,NGVD29,16050304,gw,62610,,0,,wat,,1642461,0,1978-09-22,2000-05-18,9
USGS,383507118401701,110C N08 E30 06ABD 1    USA Site 14 USGS Well 43,GW,38.5851989,-118.6723579,S,NAD83, 3990.85,.05,NGVD29,16050304,gw,62611,,0,,wat,,1642461,0,1978-09-22,2000-05-18,9
USGS,383507118401701,110C N08 E30 06ABD 1    USA Site 14 USGS Well 43,GW,38.5851989,-118.6723579,S,NAD83, 3990.85,.05,NGVD29,16050304,gw,72019,,0,,wat,,1642008,0,1978-09-22,2000-05-18,9
USGS,383507118401701,110C N08 E30 06ABD 1    USA Site 14 USGS Well 43,GW,38.5851989,-118.6723579,S,NAD83, 3990.85,.05,NGVD29,16050304,qw,,,0,,wat,ALL,0,0,1979-02-15,1979-02-15,1
USGS,383507118401701,110C N08 E30 06ABD 1    USA Site 14 USGS Well 43,GW,38.5851989,-118.6723579,S,NAD83, 3990.85,.05,NGVD29,16050304,qw,00010,,0,,wat,PHY,1645597,0,1979-02-15,1979-02-15,1
USGS,383507118401701,110C N08 E30 06ABD 1    USA Site 14 USGS Well 43,GW,38.5851989,-118.6723579,S,NAD83, 3990.85,.05,NGVD29,16050304,qw,00095,,0,,wat,PHY,1646694,0,1979-02-15,1979-02-15,1
USGS,383507118401701,110C N08 E30 06ABD 1    USA Site 14 USGS Well 43,GW,38.5851989,-118.6723579,S,NAD83, 3990.85,.05,NGVD29,16050304,qw,00410,,0,,wat,INN,1640192,0,1979-02-15,1979-02-15,1
USGS,383507118401701,110C N08 E30 06ABD 1    USA Site 14 USGS Well 43,GW,38.5851989,-118.6723579,S,NAD83, 3990.85,.05,NGVD29,16050304,qw,00440,,0,,wat,INN,4788,0,1979-02-15,1979-02-15,1
USGS,383507118401701,110C N08 E30 06ABD 1    USA Site 14 USGS Well 43,GW,38.5851989,-118.6723579,S,NAD83, 3990.85,.05,NGVD29,16050304,qw,00600,,0,,wat,NUT,52450988,0,1979-02-15,1979-02-15,1
USGS,383507118401701,110C N08 E30 06ABD 1    USA Site 14 USGS Well 43,GW,38.5851989,-118.6723579,S,NAD83, 3990.85,.05,NGVD29,16050304,qw,00605,,0,,wat,NUT,17297623,0,1979-02-15,1979-02-15,1
USGS,383507118401701,110C N08 E30 06ABD 1    USA Site 14 USGS Well 43,GW,38.5851989,-118.6723579,S,NAD83, 3990.85,.05,NGVD29,16050304,qw,00610,,0,,wat,NUT,966655,0,1979-02-15,1979-02-15,1
USGS,383507118401701,110C N08 E30 06ABD 1    USA Site 14 USGS Well 43,GW,38.5851989,-118.6723579,S,NAD83, 3990.85,.05,NGVD29,16050304,qw,00615,,0,,wat,NUT,197194,0,1979-02-15,1979-02-15,1
USGS,383507118401701,110C N08 E30 06ABD 1    USA Site 14 USGS Well 43,GW,38.5851989,-118.6723579,S,NAD83, 3990.85,.05,NGVD29,16050304,qw,00620,,0,,wat,NUT,197186,0,1979-02-15,1979-02-15,1
USGS,383507118401701,110C N08 E30 06ABD 1    USA Site 14 USGS Well 43,GW,38.5851989,-118.6723579,S,NAD83, 3990.85,.05,NGVD29,16050304,qw,00680,,0,,wat,OOT,701250,0,1979-02-15,1979-02-15,1
USGS,383507118401701,110C N08 E30 06ABD 1    USA Site 14 USGS Well 43,GW,38.5851989,-118.6723579,S,NAD83, 3990.85,.05,NGVD29,16050304,qw,00900,,0,,wat,PHY,1640416,0,1979-02-15,1979-02-15,1
USGS,383507118401701,110C N08 E30 06ABD 1    USA Site 14 USGS Well 43,GW,38.5851989,-118.6723579,S,NAD83, 3990.85,.05,NGVD29,16050304,qw,00902,,0,,wat,PHY,1640432,0,1979-02-15,1979-02-15,1
USGS,383507118401701,110C N08 E30 06ABD 1    USA Site 14 USGS Well 43,GW,38.5851989,-118.6723579,S,NAD83, 3990.85,.05,NGVD29,16050304,qw,00915,,0,,wat,INM,150268,0,1979-02-15,1979-02-15,1
USGS,383507118401701,110C N08 E30 06ABD 1    USA Site 14 USGS Well 43,GW,38.5851989,-118.6723579,S,NAD83, 3990.85,.05,NGVD29,16050304,qw,00925,,0,,wat,INM,149617,0,1979-02-15,1979-02-15,1
USGS,383507118401701,110C N08 E30 06ABD 1    USA Site 14 USGS Well 43,GW,38.5851989,-118.6723579,S,NAD83, 3990.85,.05,NGVD29,16050304,qw,00930,,0,,wat,INM,149856,0,1979-02-15,1979-02-15,1
USGS,383507118401701,110C N08 E30 06ABD 1    USA Site 14 USGS Well 43,GW,38.5851989,-118.6723579,S,NAD83, 3990.85,.05,NGVD29,16050304,qw,00931,,0,,wat,INM,1640523,0,1979-02-15,1979-02-15,1
USGS,383507118401701,110C N08 E30 06ABD 1    USA Site 14 USGS Well 43,GW,38.5851989,-118.6723579,S,NAD83, 3990.85,.05,NGVD29,16050304,qw,00932,,0,,wat,INM,1646660,0,1979-02-15,1979-02-15,1
USGS,383507118401701,110C N08 E30 06ABD 1    USA Site 14 USGS Well 43,GW,38.5851989,-118.6723579,S,NAD83, 3990.85,.05,NGVD29,16050304,qw,00935,,0,,wat,INM,149740,0,1979-02-15,1979-02-15,1
USGS,383507118401701,110C N08 E30 06ABD 1    USA Site 14 USGS Well 43,GW,38.5851989,-118.6723579,S,NAD83, 3990.85,.05,NGVD29,16050304,qw,00940,,0,,wat,INN,205955,0,1979-02-15,1979-02-15,1
USGS,383507118401701,110C N08 E30 06ABD 1    USA Site 14 USGS Well 43,GW,38.5851989,-118.6723579,S,NAD83, 3990.85,.05,NGVD29,16050304,qw,00945,,0,,wat,INN,197301,0,1979-02-15,1979-02-15,1
USGS,383507118401701,110C N08 E30 06ABD 1    USA Site 14 USGS Well 43,GW,38.5851989,-118.6723579,S,NAD83, 3990.85,.05,NGVD29,16050304,qw,00955,,0,,wat,INN,151977,0,1979-02-15,1979-02-15,1
USGS,383507118401701,110C N08 E30 06ABD 1    USA Site 14 USGS Well 43,GW,38.5851989,-118.6723579,S,NAD83, 3990.85,.05,NGVD29,16050304,qw,70301,,0,,wat,PHY,1642222,0,1979-02-15,1979-02-15,1
USGS,383507118401701,110C N08 E30 06ABD 1    USA Site 14 USGS Well 43,GW,38.5851989,-118.6723579,S,NAD83, 3990.85,.05,NGVD29,16050304,qw,70303,,0,,wat,PHY,1642222,0,1979-02-15,1979-02-15,1
USGS,383507118401701,110C N08 E30 06ABD 1    USA Site 14 USGS Well 43,GW,38.5851989,-118.6723579,S,NAD83, 3990.85,.05,NGVD29,16050304,qw,71845,,0,,wat,NUT,966655,0,1979-02-15,1979-02-15,1
USGS,383507118401701,110C N08 E30 06ABD 1    USA Site 14 USGS Well 43,GW,38.5851989,-118.6723579,S,NAD83, 3990.85,.05,NGVD29,16050304,qw,71900,,0,,wat,IMM,149633,0,1979-02-15,1979-02-15,1
USGS,383508118392802,110C N08 E30 05BAD 4    USGS Well 33,GW,38.5849211,-118.6595797,S,NAD83, 4019.69,.05,NGVD29,16050304,gw,62610,,0,,wat,,1642461,0,1977-09-20,1990-05-04,6
USGS,383508118392802,110C N08 E30 05BAD 4    USGS Well 33,GW,38.5849211,-118.6595797,S,NAD83, 4019.69,.05,NGVD29,16050304,gw,62611,,0,,wat,,1642461,0,1977-09-20,1990-05-04,6
USGS,383508118392802,110C N08 E30 05BAD 4    USGS Well 33,GW,38.5849211,-118.6595797,S,NAD83, 4019.69,.05,NGVD29,16050304,gw,72019,,0,,wat,,1642008,0,1977-09-20,1990-05-04,6
USGS,383508118392802,110C N08 E30 05BAD 4    USGS Well 33,GW,38.5849211,-118.6595797,S,NAD83, 4019.69,.05,NGVD29,16050304,qw,,,0,,wat,ALL,0,0,1977-11-01,1977-11-04,4
USGS,383508118392802,110C N08 E30 05BAD 4    USGS Well 33,GW,38.5849211,-118.6595797,S,NAD83, 4019.69,.05,NGVD29,16050304,qw,00095,,0,,wat,PHY,1646694,0,1977-11-01,1977-11-04,4
USGS,383508118392802,110C N08 E30 05BAD 4    USGS Well 33,GW,38.5849211,-118.6595797,S,NAD83, 4019.69,.05,NGVD29,16050304,qw,00600,,0,,wat,NUT,52450988,0,1977-11-01,1977-11-04,4
USGS,383508118392802,110C N08 E30 05BAD 4    USGS Well 33,GW,38.5849211,-118.6595797,S,NAD83, 4019.69,.05,NGVD29,16050304,qw,00605,,0,,wat,NUT,17297623,0,1977-11-01,1977-11-04,4
USGS,383508118392802,110C N08 E30 05BAD 4    USGS Well 33,GW,38.5849211,-118.6595797,S,NAD83, 4019.69,.05,NGVD29,16050304,qw,00610,,0,,wat,NUT,966655,0,1977-11-01,1977-11-04,4
USGS,383508118392802,110C N08 E30 05BAD 4    USGS Well 33,GW,38.5849211,-118.6595797,S,NAD83, 4019.69,.05,NGVD29,16050304,qw,00615,,0,,wat,NUT,197194,0,1977-11-01,1977-11-04,4
USGS,383508118392802,110C N08 E30 05BAD 4    USGS Well 33,GW,38.5849211,-118.6595797,S,NAD83, 4019.69,.05,NGVD29,16050304,qw,00620,,0,,wat,NUT,197186,0,1977-11-01,1977-11-04,4
USGS,383508118392802,110C N08 E30 05BAD 4    USGS Well 33,GW,38.5849211,-118.6595797,S,NAD83, 4019.69,.05,NGVD29,16050304,qw,00625,,0,,wat,NUT,17148461,0,1977-11-01,1977-11-04,4
USGS,383508118392802,110C N08 E30 05BAD 4    USGS Well 33,GW,38.5849211,-118.6595797,S,NAD83, 4019.69,.05,NGVD29,16050304,qw,00630,,0,,wat,NUT,701177,0,1977-11-01,1977-11-04,4
USGS,383508118392802,110C N08 E30 05BAD 4    USGS Well 33,GW,38.5849211,-118.6595797,S,NAD83, 4019.69,.05,NGVD29,16050304,qw,71845,,0,,wat,NUT,966655,0,1977-11-01,1977-11-04,4
USGS,383508118392802,110C N08 E30 05BAD 4    USGS Well 33,GW,38.5849211,-118.6595797,S,NAD83, 4019.69,.05,NGVD29,16050304,qw,71887,,0,,wat,NUT,52450988,0,1977-11-01,1977-11-04,4
USGS,383509118392501,110C N08 E30 05BAD 1    USGS Well 8,GW,38.5849211,-118.6590241,S,NAD83, 4019.53,.01,NGVD29,16050304,gw,62610,,0,,wat,,1642461,0,1974-11-22,1985-05-10,10
USGS,383509118392501,110C N08 E30 05BAD 1    USGS Well 8,GW,38.5849211,-118.6590241,S,NAD83, 4019.53,.01,NGVD29,16050304,gw,62611,,0,,wat,,1642461,0,1974-11-22,1985-05-10,10
USGS,383509118392501,110C N08 E30 05BAD 1    USGS Well 8,GW,38.5849211,-118.6590241,S,NAD83, 4019.53,.01,NGVD29,16050304,gw,72019,,0,,wat,,1642008,0,1974-11-22,1985-05-10,10
USGS,383509118392501,110C N08 E30 05BAD 1    USGS Well 8,GW,38.5849211,-118.6590241,S,NAD83, 4019.53,.01,NGVD29,16050304,qw,,,0,,wat,ALL,0,0,1977-04-04,1977-11-02,11
USGS,383509118392501,110C N08 E30 05BAD 1    USGS Well 8,GW,38.5849211,-118.6590241,S,NAD83, 4019.53,.01,NGVD29,16050304,qw,00095,,0,,wat,PHY,1646694,0,1977-04-04,1977-11-02,11
USGS,383509118392501,110C N08 E30 05BAD 1    USGS Well 8,GW,38.5849211,-118.6590241,S,NAD83, 4019.53,.01,NGVD29,16050304,qw,00600,,0,,wat,NUT,52450988,0,1977-04-04,1977-11-02,11
USGS,383509118392501,110C N08 E30 05BAD 1    USGS Well 8,GW,38.5849211,-118.6590241,S,NAD83, 4019.53,.01,NGVD29,16050304,qw,00605,,0,,wat,NUT,17297623,0,1977-04-04,1977-11-02,11
USGS,383509118392501,110C N08 E30 05BAD 1    USGS Well 8,GW,38.5849211,-118.6590241,S,NAD83, 4019.53,.01,NGVD29,16050304,qw,00610,,0,,wat,NUT,966655,0,1977-04-04,1977-11-02,11
USGS,383509118392501,110C N08 E30 05BAD 1    USGS Well 8,GW,38.5849211,-118.6590241,S,NAD83, 4019.53,.01,NGVD29,16050304,qw,00615,,0,,wat,NUT,197194,0,1977-04-04,1977-11-02,11
USGS,383509118392501,110C N08 E30 05BAD 1    USGS Well 8,GW,38.5849211,-118.6590241,S,NAD83, 4019.53,.01,NGVD29,16050304,qw,00620,,0,,wat,NUT,197186,0,1977-04-04,1977-11-02,11
USGS,383509118392501,110C N08 E30 05BAD 1    USGS Well 8,GW,38.5849211,-118.6590241,S,NAD83, 4019.53,.01,NGVD29,16050304,qw,00625,,0,,wat,NUT,17148461,0,1977-04-04,1977-11-02,11
USGS,383509118392501,110C N08 E30 05BAD 1    USGS Well 8,GW,38.5849211,-118.6590241,S,NAD83, 4019.53,.01,NGVD29,16050304,qw,00630,,0,,wat,NUT,701177,0,1977-04-04,1977-11-02,11
USGS,383509118392501,110C N08 E30 05BAD 1    USGS Well 8,GW,38.5849211,-118.6590241,S,NAD83, 4019.53,.01,NGVD29,16050304,qw,71845,,0,,wat,NUT,966655,0,1977-04-04,1977-11-02,11
USGS,383509118392501,110C N08 E30 05BAD 1    USGS Well 8,GW,38.5849211,-118.6590241,S,NAD83, 4019.53,.01,NGVD29,16050304,qw,71887,,0,,wat,NUT,52450988,0,1977-04-04,1977-11-02,11
USGS,383510118393401,110C N08 E30 05BAC 2    USGS Well 24,GW,38.58547667,-118.6609686,S,NAD83, 4015.96,.05,NGVD29,16050304,gw,62610,,0,,wat,,1642461,0,1977-09-20,1995-04-27,5
USGS,383510118393401,110C N08 E30 05BAC 2    USGS Well 24,GW,38.58547667,-118.6609686,S,NAD83, 4015.96,.05,NGVD29,16050304,gw,62611,,0,,wat,,1642461,0,1977-09-20,1995-04-27,5
USGS,383510118393401,110C N08 E30 05BAC 2    USGS Well 24,GW,38.58547667,-118.6609686,S,NAD83, 4015.96,.05,NGVD29,16050304,gw,72019,,0,,wat,,1642008,0,1977-09-20,1995-04-27,5
USGS,383510118393401,110C N08 E30 05BAC 2    USGS Well 24,GW,38.58547667,-118.6609686,S,NAD83, 4015.96,.05,NGVD29,16050304,qw,,,0,,wat,ALL,0,0,1977-11-02,1977-11-18,6
USGS,383510118393401,110C N08 E30 05BAC 2    USGS Well 24,GW,38.58547667,-118.6609686,S,NAD83, 4015.96,.05,NGVD29,16050304,qw,00095,,0,,wat,PHY,1646694,0,1977-11-02,1977-11-18,6
USGS,383510118393401,110C N08 E30 05BAC 2    USGS Well 24,GW,38.58547667,-118.6609686,S,NAD83, 4015.96,.05,NGVD29,16050304,qw,00600,,0,,wat,NUT,52450988,0,1977-11-02,1977-11-18,6
USGS,383510118393401,110C N08 E30 05BAC 2    USGS Well 24,GW,38.58547667,-118.6609686,S,NAD83, 4015.96,.05,NGVD29,16050304,qw,00605,,0,,wat,NUT,17297623,0,1977-11-02,1977-11-18,6
USGS,383510118393401,110C N08 E30 05BAC 2    USGS Well 24,GW,38.58547667,-118.6609686,S,NAD83, 4015.96,.05,NGVD29,16050304,qw,00610,,0,,wat,NUT,966655,0,1977-11-02,1977-11-18,6
USGS,383510118393401,110C N08 E30 05BAC 2    USGS Well 24,GW,38.58547667,-118.6609686,S,NAD83, 4015.96,.05,NGVD29,16050304,qw,00615,,0,,wat,NUT,197194,0,1977-11-02,1977-11-18,6
USGS,383510118393401,110C N08 E30 05BAC 2    USGS Well 24,GW,38.58547667,-118.6609686,S,NAD83, 4015.96,.05,NGVD29,16050304,qw,00620,,0,,wat,NUT,197186,0,1977-11-02,1977-11-18,6
USGS,383510118393401,110C N08 E30 05BAC 2    USGS Well 24,GW,38.58547667,-118.6609686,S,NAD83, 4015.96,.05,NGVD29,16050304,qw,00625,,0,,wat,NUT,17148461,0,1977-11-02,1977-11-18,6
USGS,383510118393401,110C N08 E30 05BAC 2    USGS Well 24,GW,38.58547667,-118.6609686,S,NAD83, 4015.96,.05,NGVD29,16050304,qw,00630,,0,,wat,NUT,701177,0,1977-11-02,1977-11-18,6
USGS,383510118393401,110C N08 E30 05BAC 2    USGS Well 24,GW,38.58547667,-118.6609686,S,NAD83, 4015.96,.05,NGVD29,16050304,qw,71845,,0,,wat,NUT,966655,0,1977-11-02,1977-11-18,6
USGS,383510118393401,110C N08 E30 05BAC 2    USGS Well 24,GW,38.58547667,-118.6609686,S,NAD83, 4015.96,.05,NGVD29,16050304,qw,71887,,0,,wat,NUT,52450988,0,1977-11-02,1977-11-18,6
USGS,383510118394201,110C N08 E30 05BAC 1    USA Site 27 USGS Well 21A,GW,38.5860322,-118.6626354,S,NAD83, 4011.45,.05,NGVD29,16050304,gw,62610,,0,,wat,,1642461,0,1977-08-09,1998-06-10,12
USGS,383510118394201,110C N08 E30 05BAC 1    USA Site 27 USGS Well 21A,GW,38.5860322,-118.6626354,S,NAD83, 4011.45,.05,NGVD29,16050304,gw,62611,,0,,wat,,1642461,0,1977-08-09,1998-06-10,12
USGS,383510118394201,110C N08 E30 05BAC 1    USA Site 27 USGS Well 21A,GW,38.5860322,-118.6626354,S,NAD83, 4011.45,.05,NGVD29,16050304,gw,72019,,0,,wat,,1642008,0,1977-08-09,1998-06-10,12
USGS,383510118394201,110C N08 E30 05BAC 1    USA Site 27 USGS Well 21A,GW,38.5860322,-118.6626354,S,NAD83, 4011.45,.05,NGVD29,16050304,qw,,,0,,wat,ALL,0,0,1977-11-03,1977-11-17,8
USGS,383510118394201,110C N08 E30 05BAC 1    USA Site 27 USGS Well 21A,GW,38.5860322,-118.6626354,S,NAD83, 4011.45,.05,NGVD29,16050304,qw,00095,,0,,wat,PHY,1646694,0,1977-11-03,1977-11-17,8
USGS,383510118394201,110C N08 E30 05BAC 1    USA Site 27 USGS Well 21A,GW,38.5860322,-118.6626354,S,NAD83, 4011.45,.05,NGVD29,16050304,qw,00600,,0,,wat,NUT,52450988,0,1977-11-03,1977-11-17,8
USGS,383510118394201,110C N08 E30 05BAC 1    USA Site 27 USGS Well 21A,GW,38.5860322,-118.6626354,S,NAD83, 4011.45,.05,NGVD29,16050304,qw,00605,,0,,wat,NUT,17297623,0,1977-11-03,1977-11-17,8
USGS,383510118394201,110C N08 E30 05BAC 1    USA Site 27 USGS Well 21A,GW,38.5860322,-118.6626354,S,NAD83, 4011.45,.05,NGVD29,16050304,qw,00610,,0,,wat,NUT,966655,0,1977-11-03,1977-11-17,8
USGS,383510118394201,110C N08 E30 05BAC 1    USA Site 27 USGS Well 21A,GW,38.5860322,-118.6626354,S,NAD83, 4011.45,.05,NGVD29,16050304,qw,00615,,0,,wat,NUT,197194,0,1977-11-03,1977-11-17,8
USGS,383510118394201,110C N08 E30 05BAC 1    USA Site 27 USGS Well 21A,GW,38.5860322,-118.6626354,S,NAD83, 4011.45,.05,NGVD29,16050304,qw,00620,,0,,wat,NUT,197186,0,1977-11-03,1977-11-17,8
USGS,383510118394201,110C N08 E30 05BAC 1    USA Site 27 USGS Well 21A,GW,38.5860322,-118.6626354,S,NAD83, 4011.45,.05,NGVD29,16050304,qw,00625,,0,,wat,NUT,17148461,0,1977-11-03,1977-11-17,8
USGS,383510118394201,110C N08 E30 05BAC 1    USA Site 27 USGS Well 21A,GW,38.5860322,-118.6626354,S,NAD83, 4011.45,.05,NGVD29,16050304,qw,00630,,0,,wat,NUT,701177,0,1977-11-03,1977-11-17,8
USGS,383510118394201,110C N08 E30 05BAC 1    USA Site 27 USGS Well 21A,GW,38.5860322,-118.6626354,S,NAD83, 4011.45,.05,NGVD29,16050304,qw,71845,,0,,wat,NUT,966655,0,1977-11-03,1977-11-17,8
USGS,383510118394201,110C N08 E30 05BAC 1    USA Site 27 USGS Well 21A,GW,38.5860322,-118.6626354,S,NAD83, 4011.45,.05,NGVD29,16050304,qw,71887,,0,,wat,NUT,52450988,0,1977-11-03,1977-11-17,8
USGS,383510118394202,110C N08 E30 05BAC 3    USA Site 27 USGS Well 21B,GW,38.5860322,-118.6626354,S,NAD83, 4011.48,.05,NGVD29,16050304,gw,62610,,0,,wat,,1642461,0,1978-09-27,1998-06-10,9
USGS,383510118394202,110C N08 E30 05BAC 3    USA Site 27 USGS Well 21B,GW,38.5860322,-118.6626354,S,NAD83, 4011.48,.05,NGVD29,16050304,gw,62611,,0,,wat,,1642461,0,1978-09-27,1998-06-10,9
USGS,383510118394202,110C N08 E30 05BAC 3    USA Site 27 USGS Well 21B,GW,38.5860322,-118.6626354,S,NAD83, 4011.48,.05,NGVD29,16050304,gw,72019,,0,,wat,,1642008,0,1978-09-27,1998-06-10,9
USGS,383510118394202,110C N08 E30 05BAC 3    USA Site 27 USGS Well 21B,GW,38.5860322,-118.6626354,S,NAD83, 4011.48,.05,NGVD29,16050304,qw,,,0,,wat,ALL,0,0,1979-04-18,1979-04-18,1
USGS,383510118394202,110C N08 E30 05BAC 3    USA Site 27 USGS Well 21B,GW,38.5860322,-118.6626354,S,NAD83, 4011.48,.05,NGVD29,16050304,qw,00010,,0,,wat,PHY,1645597,0,1979-04-18,1979-04-18,1
USGS,383510118394202,110C N08 E30 05BAC 3    USA Site 27 USGS Well 21B,GW,38.5860322,-118.6626354,S,NAD83, 4011.48,.05,NGVD29,16050304,qw,00095,,0,,wat,PHY,1646694,0,1979-04-18,1979-04-18,1
USGS,383510118394202,110C N08 E30 05BAC 3    USA Site 27 USGS Well 21B,GW,38.5860322,-118.6626354,S,NAD83, 4011.48,.05,NGVD29,16050304,qw,00410,,0,,wat,INN,1640192,0,1979-04-18,1979-04-18,1
USGS,383510118394202,110C N08 E30 05BAC 3    USA Site 27 USGS Well 21B,GW,38.5860322,-118.6626354,S,NAD83, 4011.48,.05,NGVD29,16050304,qw,00440,,0,,wat,INN,4788,0,1979-04-18,1979-04-18,1
USGS,383510118394202,110C N08 E30 05BAC 3    USA Site 27 USGS Well 21B,GW,38.5860322,-118.6626354,S,NAD83, 4011.48,.05,NGVD29,16050304,qw,00600,,0,,wat,NUT,52450988,0,1979-04-18,1979-04-18,1
USGS,383510118394202,110C N08 E30 05BAC 3    USA Site 27 USGS Well 21B,GW,38.5860322,-118.6626354,S,NAD83, 4011.48,.05,NGVD29,16050304,qw,00605,,0,,wat,NUT,17297623,0,1979-04-18,1979-04-18,1
USGS,383510118394202,110C N08 E30 05BAC 3    USA Site 27 USGS Well 21B,GW,38.5860322,-118.6626354,S,NAD83, 4011.48,.05,NGVD29,16050304,qw,00610,,0,,wat,NUT,966655,0,1979-04-18,1979-04-18,1
USGS,383510118394202,110C N08 E30 05BAC 3    USA Site 27 USGS Well 21B,GW,38.5860322,-118.6626354,S,NAD83, 4011.48,.05,NGVD29,16050304,qw,00615,,0,,wat,NUT,197194,0,1979-04-18,1979-04-18,1
USGS,383510118394202,110C N08 E30 05BAC 3    USA Site 27 USGS Well 21B,GW,38.5860322,-118.6626354,S,NAD83, 4011.48,.05,NGVD29,16050304,qw,00620,,0,,wat,NUT,197186,0,1979-04-18,1979-04-18,1
USGS,383510118394202,110C N08 E30 05BAC 3    USA Site 27 USGS Well 21B,GW,38.5860322,-118.6626354,S,NAD83, 4011.48,.05,NGVD29,16050304,qw,00680,,0,,wat,OOT,701250,0,1979-04-18,1979-04-18,1
USGS,383510118394202,110C N08 E30 05BAC 3    USA Site 27 USGS Well 21B,GW,38.5860322,-118.6626354,S,NAD83, 4011.48,.05,NGVD29,16050304,qw,00900,,0,,wat,PHY,1640416,0,1979-04-18,1979-04-18,1
USGS,383510118394202,110C N08 E30 05BAC 3    USA Site 27 USGS Well 21B,GW,38.5860322,-118.6626354,S,NAD83, 4011.48,.05,NGVD29,16050304,qw,00902,,0,,wat,PHY,1640432,0,1979-04-18,1979-04-18,1
USGS,383510118394202,110C N08 E30 05BAC 3    USA Site 27 USGS Well 21B,GW,38.5860322,-118.6626354,S,NAD83, 4011.48,.05,NGVD29,16050304,qw,00915,,0,,wat,INM,150268,0,1979-04-18,1979-04-18,1
USGS,383510118394202,110C N08 E30 05BAC 3    USA Site 27 USGS Well 21B,GW,38.5860322,-118.6626354,S,NAD83, 4011.48,.05,NGVD29,16050304,qw,00925,,0,,wat,INM,149617,0,1979-04-18,1979-04-18,1
USGS,383510118394202,110C N08 E30 05BAC 3    USA Site 27 USGS Well 21B,GW,38.5860322,-118.6626354,S,NAD83, 4011.48,.05,NGVD29,16050304,qw,00930,,0,,wat,INM,149856,0,1979-04-18,1979-04-18,1
USGS,383510118394202,110C N08 E30 05BAC 3    USA Site 27 USGS Well 21B,GW,38.5860322,-118.6626354,S,NAD83, 4011.48,.05,NGVD29,16050304,qw,00931,,0,,wat,INM,1640523,0,1979-04-18,1979-04-18,1
USGS,383510118394202,110C N08 E30 05BAC 3    USA Site 27 USGS Well 21B,GW,38.5860322,-118.6626354,S,NAD83, 4011.48,.05,NGVD29,16050304,qw,00932,,0,,wat,INM,1646660,0,1979-04-18,1979-04-18,1
USGS,383510118394202,110C N08 E30 05BAC 3    USA Site 27 USGS Well 21B,GW,38.5860322,-118.6626354,S,NAD83, 4011.48,.05,NGVD29,16050304,qw,00935,,0,,wat,INM,149740,0,1979-04-18,1979-04-18,1
USGS,383510118394202,110C N08 E30 05BAC 3    USA Site 27 USGS Well 21B,GW,38.5860322,-118.6626354,S,NAD83, 4011.48,.05,NGVD29,16050304,qw,00940,,0,,wat,INN,205955,0,1979-04-18,1979-04-18,1
USGS,383510118394202,110C N08 E30 05BAC 3    USA Site 27 USGS Well 21B,GW,38.5860322,-118.6626354,S,NAD83, 4011.48,.05,NGVD29,16050304,qw,00945,,0,,wat,INN,197301,0,1979-04-18,1979-04-18,1
USGS,383510118394202,110C N08 E30 05BAC 3    USA Site 27 USGS Well 21B,GW,38.5860322,-118.6626354,S,NAD83, 4011.48,.05,NGVD29,16050304,qw,00955,,0,,wat,INN,151977,0,1979-04-18,1979-04-18,1
USGS,383510118394202,110C N08 E30 05BAC 3    USA Site 27 USGS Well 21B,GW,38.5860322,-118.6626354,S,NAD83, 4011.48,.05,NGVD29,16050304,qw,70301,,0,,wat,PHY,1642222,0,1979-04-18,1979-04-18,1
USGS,383510118394202,110C N08 E30 05BAC 3    USA Site 27 USGS Well 21B,GW,38.5860322,-118.6626354,S,NAD83, 4011.48,.05,NGVD29,16050304,qw,70303,,0,,wat,PHY,1642222,0,1979-04-18,1979-04-18,1
USGS,383510118394202,110C N08 E30 05BAC 3    USA Site 27 USGS Well 21B,GW,38.5860322,-118.6626354,S,NAD83, 4011.48,.05,NGVD29,16050304,qw,71845,,0,,wat,NUT,966655,0,1979-04-18,1979-04-18,1
USGS,383510118394202,110C N08 E30 05BAC 3    USA Site 27 USGS Well 21B,GW,38.5860322,-118.6626354,S,NAD83, 4011.48,.05,NGVD29,16050304,qw,71900,,0,,wat,IMM,149633,0,1979-04-18,1979-04-18,1
USGS,383510118394203,110C N08 E30 05BAC 4    USA Site 27 USGS Well 21C,GW,38.5860322,-118.6626354,S,NAD83, 4011.08,  5,NGVD29,16050304,gw,62610,,0,,wat,,1642461,0,1978-09-29,1979-02-14,3
USGS,383510118394203,110C N08 E30 05BAC 4    USA Site 27 USGS Well 21C,GW,38.5860322,-118.6626354,S,NAD83, 4011.08,  5,NGVD29,16050304,gw,62611,,0,,wat,,1642461,0,1978-09-29,1979-02-14,3
USGS,383510118394203,110C N08 E30 05BAC 4    USA Site 27 USGS Well 21C,GW,38.5860322,-118.6626354,S,NAD83, 4011.08,  5,NGVD29,16050304,gw,72019,,0,,wat,,1642008,0,1978-09-29,1979-02-14,3
USGS,383510118394204,110C N08 E30 05BAC 5    USA Site 27 USGS Well 21D,GW,38.5860322,-118.6626354,S,NAD83, 4011.12,.05,NGVD29,16050304,gw,62610,,0,,wat,,1642461,0,1978-11-06,1998-06-10,8
USGS,383510118394204,110C N08 E30 05BAC 5    USA Site 27 USGS Well 21D,GW,38.5860322,-118.6626354,S,NAD83, 4011.12,.05,NGVD29,16050304,gw,62611,,0,,wat,,1642461,0,1978-11-06,1998-06-10,8
USGS,383510118394204,110C N08 E30 05BAC 5    USA Site 27 USGS Well 21D,GW,38.5860322,-118.6626354,S,NAD83, 4011.12,.05,NGVD29,16050304,gw,72019,,0,,wat,,1642008,0,1978-11-06,1998-06-10,8
USGS,383510118394204,110C N08 E30 05BAC 5    USA Site 27 USGS Well 21D,GW,38.5860322,-118.6626354,S,NAD83, 4011.12,.05,NGVD29,16050304,qw,,,0,,wat,ALL,0,0,1979-04-24,1979-04-24,1
USGS,383510118394204,110C N08 E30 05BAC 5    USA Site 27 USGS Well 21D,GW,38.5860322,-118.6626354,S,NAD83, 4011.12,.05,NGVD29,16050304,qw,00010,,0,,wat,PHY,1645597,0,1979-04-24,1979-04-24,1
USGS,383510118394204,110C N08 E30 05BAC 5    USA Site 27 USGS Well 21D,GW,38.5860322,-118.6626354,S,NAD83, 4011.12,.05,NGVD29,16050304,qw,00095,,0,,wat,PHY,1646694,0,1979-04-24,1979-04-24,1
USGS,383510118394204,110C N08 E30 05BAC 5    USA Site 27 USGS Well 21D,GW,38.5860322,-118.6626354,S,NAD83, 4011.12,.05,NGVD29,16050304,qw,00410,,0,,wat,INN,1640192,0,1979-04-24,1979-04-24,1
USGS,383510118394204,110C N08 E30 05BAC 5    USA Site 27 USGS Well 21D,GW,38.5860322,-118.6626354,S,NAD83, 4011.12,.05,NGVD29,16050304,qw,00440,,0,,wat,INN,4788,0,1979-04-24,1979-04-24,1
USGS,383510118394204,110C N08 E30 05BAC 5    USA Site 27 USGS Well 21D,GW,38.5860322,-118.6626354,S,NAD83, 4011.12,.05,NGVD29,16050304,qw,00600,,0,,wat,NUT,52450988,0,1979-04-24,1979-04-24,1
USGS,383510118394204,110C N08 E30 05BAC 5    USA Site 27 USGS Well 21D,GW,38.5860322,-118.6626354,S,NAD83, 4011.12,.05,NGVD29,16050304,qw,00605,,0,,wat,NUT,17297623,0,1979-04-24,1979-04-24,1
USGS,383510118394204,110C N08 E30 05BAC 5    USA Site 27 USGS Well 21D,GW,38.5860322,-118.6626354,S,NAD83, 4011.12,.05,NGVD29,16050304,qw,00610,,0,,wat,NUT,966655,0,1979-04-24,1979-04-24,1
USGS,383510118394204,110C N08 E30 05BAC 5    USA Site 27 USGS Well 21D,GW,38.5860322,-118.6626354,S,NAD83, 4011.12,.05,NGVD29,16050304,qw,00615,,0,,wat,NUT,197194,0,1979-04-24,1979-04-24,1
USGS,383510118394204,110C N08 E30 05BAC 5    USA Site 27 USGS Well 21D,GW,38.5860322,-118.6626354,S,NAD83, 4011.12,.05,NGVD29,16050304,qw,00620,,0,,wat,NUT,197186,0,1979-04-24,1979-04-24,1
USGS,383510118394204,110C N08 E30 05BAC 5    USA Site 27 USGS Well 21D,GW,38.5860322,-118.6626354,S,NAD83, 4011.12,.05,NGVD29,16050304,qw,00680,,0,,wat,OOT,701250,0,1979-04-24,1979-04-24,1
USGS,383510118394204,110C N08 E30 05BAC 5    USA Site 27 USGS Well 21D,GW,38.5860322,-118.6626354,S,NAD83, 4011.12,.05,NGVD29,16050304,qw,00900,,0,,wat,PHY,1640416,0,1979-04-24,1979-04-24,1
USGS,383510118394204,110C N08 E30 05BAC 5    USA Site 27 USGS Well 21D,GW,38.5860322,-118.6626354,S,NAD83, 4011.12,.05,NGVD29,16050304,qw,00902,,0,,wat,PHY,1640432,0,1979-04-24,1979-04-24,1
USGS,383510118394204,110C N08 E30 05BAC 5    USA Site 27 USGS Well 21D,GW,38.5860322,-118.6626354,S,NAD83, 4011.12,.05,NGVD29,16050304,qw,00915,,0,,wat,INM,150268,0,1979-04-24,1979-04-24,1
USGS,383510118394204,110C N08 E30 05BAC 5    USA Site 27 USGS Well 21D,GW,38.5860322,-118.6626354,S,NAD83, 4011.12,.05,NGVD29,16050304,qw,00925,,0,,wat,INM,149617,0,1979-04-24,1979-04-24,1
USGS,383510118394204,110C N08 E30 05BAC 5    USA Site 27 USGS Well 21D,GW,38.5860322,-118.6626354,S,NAD83, 4011.12,.05,NGVD29,16050304,qw,00930,,0,,wat,INM,149856,0,1979-04-24,1979-04-24,1
USGS,383510118394204,110C N08 E30 05BAC 5    USA Site 27 USGS Well 21D,GW,38.5860322,-118.6626354,S,NAD83, 4011.12,.05,NGVD29,16050304,qw,00931,,0,,wat,INM,1640523,0,1979-04-24,1979-04-24,1
USGS,383510118394204,110C N08 E30 05BAC 5    USA Site 27 USGS Well 21D,GW,38.5860322,-118.6626354,S,NAD83, 4011.12,.05,NGVD29,16050304,qw,00932,,0,,wat,INM,1646660,0,1979-04-24,1979-04-24,1
USGS,383510118394204,110C N08 E30 05BAC 5    USA Site 27 USGS Well 21D,GW,38.5860322,-118.6626354,S,NAD83, 4011.12,.05,NGVD29,16050304,qw,00935,,0,,wat,INM,149740,0,1979-04-24,1979-04-24,1
USGS,383510118394204,110C N08 E30 05BAC 5    USA Site 27 USGS Well 21D,GW,38.5860322,-118.6626354,S,NAD83, 4011.12,.05,NGVD29,16050304,qw,00940,,0,,wat,INN,205955,0,1979-04-24,1979-04-24,1
USGS,383510118394204,110C N08 E30 05BAC 5    USA Site 27 USGS Well 21D,GW,38.5860322,-118.6626354,S,NAD83, 4011.12,.05,NGVD29,16050304,qw,00945,,0,,wat,INN,197301,0,1979-04-24,1979-04-24,1
USGS,383510118394204,110C N08 E30 05BAC 5    USA Site 27 USGS Well 21D,GW,38.5860322,-118.6626354,S,NAD83, 4011.12,.05,NGVD29,16050304,qw,00955,,0,,wat,INN,151977,0,1979-04-24,1979-04-24,1
USGS,383510118394204,110C N08 E30 05BAC 5    USA Site 27 USGS Well 21D,GW,38.5860322,-118.6626354,S,NAD83, 4011.12,.05,NGVD29,16050304,qw,70301,,0,,wat,PHY,1642222,0,1979-04-24,1979-04-24,1
USGS,383510118394204,110C N08 E30 05BAC 5    USA Site 27 USGS Well 21D,GW,38.5860322,-118.6626354,S,NAD83, 4011.12,.05,NGVD29,16050304,qw,70303,,0,,wat,PHY,1642222,0,1979-04-24,1979-04-24,1
USGS,383510118394204,110C N08 E30 05BAC 5    USA Site 27 USGS Well 21D,GW,38.5860322,-118.6626354,S,NAD83, 4011.12,.05,NGVD29,16050304,qw,71845,,0,,wat,NUT,966655,0,1979-04-24,1979-04-24,1
USGS,383510118394204,110C N08 E30 05BAC 5    USA Site 27 USGS Well 21D,GW,38.5860322,-118.6626354,S,NAD83, 4011.12,.05,NGVD29,16050304,qw,71900,,0,,wat,IMM,149633,0,1979-04-24,1979-04-24,1
USGS,383510118401201,110C N08 E30 06AAC 1    USA Site 15 USGS Well 42,GW,38.5860322,-118.670969,S,NAD83, 3991.17,.05,NGVD29,16050304,gw,62610,,0,,wat,,1642461,0,1978-09-21,1995-04-26,6
USGS,383510118401201,110C N08 E30 06AAC 1    USA Site 15 USGS Well 42,GW,38.5860322,-118.670969,S,NAD83, 3991.17,.05,NGVD29,16050304,gw,62611,,0,,wat,,1642461,0,1978-09-21,1995-04-26,6
USGS,383510118401201,110C N08 E30 06AAC 1    USA Site 15 USGS Well 42,GW,38.5860322,-118.670969,S,NAD83, 3991.17,.05,NGVD29,16050304,gw,72019,,0,,wat,,1642008,0,1978-09-21,1995-04-26,6
USGS,383510118401201,110C N08 E30 06AAC 1    USA Site 15 USGS Well 42,GW,38.5860322,-118.670969,S,NAD83, 3991.17,.05,NGVD29,16050304,qw,,,0,,wat,ALL,0,0,1979-02-08,1979-02-08,1
USGS,383510118401201,110C N08 E30 06AAC 1    USA Site 15 USGS Well 42,GW,38.5860322,-118.670969,S,NAD83, 3991.17,.05,NGVD29,16050304,qw,00010,,0,,wat,PHY,1645597,0,1979-02-08,1979-02-08,1
USGS,383510118401201,110C N08 E30 06AAC 1    USA Site 15 USGS Well 42,GW,38.5860322,-118.670969,S,NAD83, 3991.17,.05,NGVD29,16050304,qw,00095,,0,,wat,PHY,1646694,0,1979-02-08,1979-02-08,1
USGS,383510118401201,110C N08 E30 06AAC 1    USA Site 15 USGS Well 42,GW,38.5860322,-118.670969,S,NAD83, 3991.17,.05,NGVD29,16050304,qw,00600,,0,,wat,NUT,52450988,0,1979-02-08,1979-02-08,1
USGS,383510118401201,110C N08 E30 06AAC 1    USA Site 15 USGS Well 42,GW,38.5860322,-118.670969,S,NAD83, 3991.17,.05,NGVD29,16050304,qw,00605,,0,,wat,NUT,17297623,0,1979-02-08,1979-02-08,1
USGS,383510118401201,110C N08 E30 06AAC 1    USA Site 15 USGS Well 42,GW,38.5860322,-118.670969,S,NAD83, 3991.17,.05,NGVD29,16050304,qw,00610,,0,,wat,NUT,966655,0,1979-02-08,1979-02-08,1
USGS,383510118401201,110C N08 E30 06AAC 1    USA Site 15 USGS Well 42,GW,38.5860322,-118.670969,S,NAD83, 3991.17,.05,NGVD29,16050304,qw,00615,,0,,wat,NUT,197194,0,1979-02-08,1979-02-08,1
USGS,383510118401201,110C N08 E30 06AAC 1    USA Site 15 USGS Well 42,GW,38.5860322,-118.670969,S,NAD83, 3991.17,.05,NGVD29,16050304,qw,00620,,0,,wat,NUT,197186,0,1979-02-08,1979-02-08,1
USGS,383510118401201,110C N08 E30 06AAC 1    USA Site 15 USGS Well 42,GW,38.5860322,-118.670969,S,NAD83, 3991.17,.05,NGVD29,16050304,qw,71845,,0,,wat,NUT,966655,0,1979-02-08,1979-02-08,1
USGS,383510118410101,110C N08 E30 06BBC 1    USA Site  1 USGS Well 66,GW,38.58603225,-118.6845805,S,NAD83, 3975.60,.05,NGVD29,16050304,gw,62610,,0,,wat,,1642461,0,1978-11-04,2000-05-18,7
USGS,383510118410101,110C N08 E30 06BBC 1    USA Site  1 USGS Well 66,GW,38.58603225,-118.6845805,S,NAD83, 3975.60,.05,NGVD29,16050304,gw,62611,,0,,wat,,1642461,0,1978-11-04,2000-05-18,7
USGS,383510118410101,110C N08 E30 06BBC 1    USA Site  1 USGS Well 66,GW,38.58603225,-118.6845805,S,NAD83, 3975.60,.05,NGVD29,16050304,gw,72019,,0,,wat,,1642008,0,1978-11-04,2000-05-18,7
USGS,383511118382301,110C N08 E30 05ABC 4    USGS Well 7,GW,38.58547667,-118.6581908,S,NAD83, 4020.29,.01,NGVD29,16050304,gw,62610,,0,,wat,,1642461,0,1974-11-22,1975-06-17,3
USGS,383511118382301,110C N08 E30 05ABC 4    USGS Well 7,GW,38.58547667,-118.6581908,S,NAD83, 4020.29,.01,NGVD29,16050304,gw,62611,,0,,wat,,1642461,0,1974-11-22,1975-06-17,3
USGS,383511118382301,110C N08 E30 05ABC 4    USGS Well 7,GW,38.58547667,-118.6581908,S,NAD83, 4020.29,.01,NGVD29,16050304,gw,72019,,0,,wat,,1642008,0,1974-11-22,1975-06-17,3
USGS,383512118392401,110C N08 E30 05ABC 3    USGS Well 6,GW,38.58575444,-118.6581908,S,NAD83, 4019.77,.01,NGVD29,16050304,gw,62610,,0,,wat,,1642461,0,1974-11-22,1975-06-16,3
USGS,383512118392401,110C N08 E30 05ABC 3    USGS Well 6,GW,38.58575444,-118.6581908,S,NAD83, 4019.77,.01,NGVD29,16050304,gw,62611,,0,,wat,,1642461,0,1974-11-22,1975-06-16,3
USGS,383512118392401,110C N08 E30 05ABC 3    USGS Well 6,GW,38.58575444,-118.6581908,S,NAD83, 4019.77,.01,NGVD29,16050304,gw,72019,,0,,wat,,1642008,0,1974-11-22,1975-06-16,3
USGS,383512118392601,110C N08 E30 05BAD 5    USGS Well 34,GW,38.58575444,-118.6590241,S,NAD83, 4019.29,.05,NGVD29,16050304,gw,62610,,0,,wat,,1642461,0,1977-09-20,1995-04-27,7
USGS,383512118392601,110C N08 E30 05BAD 5    USGS Well 34,GW,38.58575444,-118.6590241,S,NAD83, 4019.29,.05,NGVD29,16050304,gw,62611,,0,,wat,,1642461,0,1977-09-20,1995-04-27,7
USGS,383512118392601,110C N08 E30 05BAD 5    USGS Well 34,GW,38.58575444,-118.6590241,S,NAD83, 4019.29,.05,NGVD29,16050304,gw,72019,,0,,wat,,1642008,0,1977-09-20,1995-04-27,7
USGS,383512118392601,110C N08 E30 05BAD 5    USGS Well 34,GW,38.58575444,-118.6590241,S,NAD83, 4019.29,.05,NGVD29,16050304,qw,,,0,,wat,ALL,0,0,1977-11-02,1977-11-02,4
USGS,383512118392601,110C N08 E30 05BAD 5    USGS Well 34,GW,38.58575444,-118.6590241,S,NAD83, 4019.29,.05,NGVD29,16050304,qw,00095,,0,,wat,PHY,1646694,0,1977-11-02,1977-11-02,4
USGS,383512118392601,110C N08 E30 05BAD 5    USGS Well 34,GW,38.58575444,-118.6590241,S,NAD83, 4019.29,.05,NGVD29,16050304,qw,00600,,0,,wat,NUT,52450988,0,1977-11-02,1977-11-02,4
USGS,383512118392601,110C N08 E30 05BAD 5    USGS Well 34,GW,38.58575444,-118.6590241,S,NAD83, 4019.29,.05,NGVD29,16050304,qw,00605,,0,,wat,NUT,17297623,0,1977-11-02,1977-11-02,4
USGS,383512118392601,110C N08 E30 05BAD 5    USGS Well 34,GW,38.58575444,-118.6590241,S,NAD83, 4019.29,.05,NGVD29,16050304,qw,00610,,0,,wat,NUT,966655,0,1977-11-02,1977-11-02,4
USGS,383512118392601,110C N08 E30 05BAD 5    USGS Well 34,GW,38.58575444,-118.6590241,S,NAD83, 4019.29,.05,NGVD29,16050304,qw,00615,,0,,wat,NUT,197194,0,1977-11-02,1977-11-02,4
USGS,383512118392601,110C N08 E30 05BAD 5    USGS Well 34,GW,38.58575444,-118.6590241,S,NAD83, 4019.29,.05,NGVD29,16050304,qw,00620,,0,,wat,NUT,197186,0,1977-11-02,1977-11-02,4
USGS,383512118392601,110C N08 E30 05BAD 5    USGS Well 34,GW,38.58575444,-118.6590241,S,NAD83, 4019.29,.05,NGVD29,16050304,qw,00625,,0,,wat,NUT,17148461,0,1977-11-02,1977-11-02,4
USGS,383512118392601,110C N08 E30 05BAD 5    USGS Well 34,GW,38.58575444,-118.6590241,S,NAD83, 4019.29,.05,NGVD29,16050304,qw,00630,,0,,wat,NUT,701177,0,1977-11-02,1977-11-02,4
USGS,383512118392601,110C N08 E30 05BAD 5    USGS Well 34,GW,38.58575444,-118.6590241,S,NAD83, 4019.29,.05,NGVD29,16050304,qw,71845,,0,,wat,NUT,966655,0,1977-11-02,1977-11-02,4
USGS,383512118392601,110C N08 E30 05BAD 5    USGS Well 34,GW,38.58575444,-118.6590241,S,NAD83, 4019.29,.05,NGVD29,16050304,qw,71887,,0,,wat,NUT,52450988,0,1977-11-02,1977-11-02,4
USGS,383512118392801,110C N08 E30 05BAD 6    USGS Well 35,GW,38.58575444,-118.6598575,S,NAD83, 4016.42,.05,NGVD29,16050304,gw,62610,,0,,wat,,1642461,0,1977-09-20,1995-04-27,5
USGS,383512118392801,110C N08 E30 05BAD 6    USGS Well 35,GW,38.58575444,-118.6598575,S,NAD83, 4016.42,.05,NGVD29,16050304,gw,62611,,0,,wat,,1642461,0,1977-09-20,1995-04-27,5
USGS,383512118392801,110C N08 E30 05BAD 6    USGS Well 35,GW,38.58575444,-118.6598575,S,NAD83, 4016.42,.05,NGVD29,16050304,gw,72019,,0,,wat,,1642008,0,1977-09-20,1995-04-27,5
USGS,383512118392801,110C N08 E30 05BAD 6    USGS Well 35,GW,38.58575444,-118.6598575,S,NAD83, 4016.42,.05,NGVD29,16050304,qw,,,0,,wat,ALL,0,0,1977-11-02,1977-11-02,4
USGS,383512118392801,110C N08 E30 05BAD 6    USGS Well 35,GW,38.58575444,-118.6598575,S,NAD83, 4016.42,.05,NGVD29,16050304,qw,00095,,0,,wat,PHY,1646694,0,1977-11-02,1977-11-02,4
USGS,383512118392801,110C N08 E30 05BAD 6    USGS Well 35,GW,38.58575444,-118.6598575,S,NAD83, 4016.42,.05,NGVD29,16050304,qw,00600,,0,,wat,NUT,52450988,0,1977-11-02,1977-11-02,4
USGS,383512118392801,110C N08 E30 05BAD 6    USGS Well 35,GW,38.58575444,-118.6598575,S,NAD83, 4016.42,.05,NGVD29,16050304,qw,00605,,0,,wat,NUT,17297623,0,1977-11-02,1977-11-02,4
USGS,383512118392801,110C N08 E30 05BAD 6    USGS Well 35,GW,38.58575444,-118.6598575,S,NAD83, 4016.42,.05,NGVD29,16050304,qw,00610,,0,,wat,NUT,966655,0,1977-11-02,1977-11-02,4
USGS,383512118392801,110C N08 E30 05BAD 6    USGS Well 35,GW,38.58575444,-118.6598575,S,NAD83, 4016.42,.05,NGVD29,16050304,qw,00615,,0,,wat,NUT,197194,0,1977-11-02,1977-11-02,4
USGS,383512118392801,110C N08 E30 05BAD 6    USGS Well 35,GW,38.58575444,-118.6598575,S,NAD83, 4016.42,.05,NGVD29,16050304,qw,00620,,0,,wat,NUT,197186,0,1977-11-02,1977-11-02,4
USGS,383512118392801,110C N08 E30 05BAD 6    USGS Well 35,GW,38.58575444,-118.6598575,S,NAD83, 4016.42,.05,NGVD29,16050304,qw,00625,,0,,wat,NUT,17148461,0,1977-11-02,1977-11-02,4
USGS,383512118392801,110C N08 E30 05BAD 6    USGS Well 35,GW,38.58575444,-118.6598575,S,NAD83, 4016.42,.05,NGVD29,16050304,qw,00630,,0,,wat,NUT,701177,0,1977-11-02,1977-11-02,4
USGS,383512118392801,110C N08 E30 05BAD 6    USGS Well 35,GW,38.58575444,-118.6598575,S,NAD83, 4016.42,.05,NGVD29,16050304,qw,71845,,0,,wat,NUT,966655,0,1977-11-02,1977-11-02,4
USGS,383512118392801,110C N08 E30 05BAD 6    USGS Well 35,GW,38.58575444,-118.6598575,S,NAD83, 4016.42,.05,NGVD29,16050304,qw,71887,,0,,wat,NUT,52450988,0,1977-11-02,1977-11-02,4
USGS,383512118393201,110C N08 E30 05BAD 2    USGS Well 25,GW,38.58575445,-118.660413,S,NAD83, 4015.78,.05,NGVD29,16050304,gw,62610,,0,,wat,,1642461,0,1977-09-20,1990-05-04,5
USGS,383512118393201,110C N08 E30 05BAD 2    USGS Well 25,GW,38.58575445,-118.660413,S,NAD83, 4015.78,.05,NGVD29,16050304,gw,62611,,0,,wat,,1642461,0,1977-09-20,1990-05-04,5
USGS,383512118393201,110C N08 E30 05BAD 2    USGS Well 25,GW,38.58575445,-118.660413,S,NAD83, 4015.78,.05,NGVD29,16050304,gw,72019,,0,,wat,,1642008,0,1977-09-20,1990-05-04,5
USGS,383512118393201,110C N08 E30 05BAD 2    USGS Well 25,GW,38.58575445,-118.660413,S,NAD83, 4015.78,.05,NGVD29,16050304,qw,,,0,,wat,ALL,0,0,1977-11-02,1977-11-16,8
USGS,383512118393201,110C N08 E30 05BAD 2    USGS Well 25,GW,38.58575445,-118.660413,S,NAD83, 4015.78,.05,NGVD29,16050304,qw,00095,,0,,wat,PHY,1646694,0,1977-11-02,1977-11-16,8
USGS,383512118393201,110C N08 E30 05BAD 2    USGS Well 25,GW,38.58575445,-118.660413,S,NAD83, 4015.78,.05,NGVD29,16050304,qw,00600,,0,,wat,NUT,52450988,0,1977-11-02,1977-11-16,8
USGS,383512118393201,110C N08 E30 05BAD 2    USGS Well 25,GW,38.58575445,-118.660413,S,NAD83, 4015.78,.05,NGVD29,16050304,qw,00605,,0,,wat,NUT,17297623,0,1977-11-02,1977-11-16,8
USGS,383512118393201,110C N08 E30 05BAD 2    USGS Well 25,GW,38.58575445,-118.660413,S,NAD83, 4015.78,.05,NGVD29,16050304,qw,00610,,0,,wat,NUT,966655,0,1977-11-02,1977-11-16,8
USGS,383512118393201,110C N08 E30 05BAD 2    USGS Well 25,GW,38.58575445,-118.660413,S,NAD83, 4015.78,.05,NGVD29,16050304,qw,00615,,0,,wat,NUT,197194,0,1977-11-02,1977-11-16,8
USGS,383512118393201,110C N08 E30 05BAD 2    USGS Well 25,GW,38.58575445,-118.660413,S,NAD83, 4015.78,.05,NGVD29,16050304,qw,00620,,0,,wat,NUT,197186,0,1977-11-02,1977-11-16,8
USGS,383512118393201,110C N08 E30 05BAD 2    USGS Well 25,GW,38.58575445,-118.660413,S,NAD83, 4015.78,.05,NGVD29,16050304,qw,00625,,0,,wat,NUT,17148461,0,1977-11-02,1977-11-16,8
USGS,383512118393201,110C N08 E30 05BAD 2    USGS Well 25,GW,38.58575445,-118.660413,S,NAD83, 4015.78,.05,NGVD29,16050304,qw,00630,,0,,wat,NUT,701177,0,1977-11-02,1977-11-16,8
USGS,383512118393201,110C N08 E30 05BAD 2    USGS Well 25,GW,38.58575445,-118.660413,S,NAD83, 4015.78,.05,NGVD29,16050304,qw,71845,,0,,wat,NUT,966655,0,1977-11-02,1977-11-16,8
USGS,383512118393201,110C N08 E30 05BAD 2    USGS Well 25,GW,38.58575445,-118.660413,S,NAD83, 4015.78,.05,NGVD29,16050304,qw,71887,,0,,wat,NUT,52450988,0,1977-11-02,1977-11-16,8
USGS,383512119001001,109  N08 E27 05BB  1,GW,38.5865833,-119.0037566,M,NAD83, 4960.00,1,NGVD29,16050301,gw,62610,,0,,wat,,1642461,0,1949-03-01,1949-03-01,1
USGS,383512119001001,109  N08 E27 05BB  1,GW,38.5865833,-119.0037566,M,NAD83, 4960.00,1,NGVD29,16050301,gw,62611,,0,,wat,,1642461,0,1949-03-01,1949-03-01,1
USGS,383512119001001,109  N08 E27 05BB  1,GW,38.5865833,-119.0037566,M,NAD83, 4960.00,1,NGVD29,16050301,gw,72019,,0,,wat,,1642008,0,1949-03-01,1949-03-01,1
USGS,383513118405001,110C N08 E30 06BBA 1    USA Site  2 USGS Well 65,GW,38.58686557,-118.6815249,S,NAD83, 3976.85,.05,NGVD29,16050304,gw,62610,,0,,wat,,1642461,0,1978-11-04,1995-04-26,7
USGS,383513118405001,110C N08 E30 06BBA 1    USA Site  2 USGS Well 65,GW,38.58686557,-118.6815249,S,NAD83, 3976.85,.05,NGVD29,16050304,gw,62611,,0,,wat,,1642461,0,1978-11-04,1995-04-26,7
USGS,383513118405001,110C N08 E30 06BBA 1    USA Site  2 USGS Well 65,GW,38.58686557,-118.6815249,S,NAD83, 3976.85,.05,NGVD29,16050304,gw,72019,,0,,wat,,1642008,0,1978-11-04,1995-04-26,7
USGS,383514118392601,110C N08 E30 05BAA 2    USGS Well 37,GW,38.58630999,-118.6593019,S,NAD83, 4019.38,.05,NGVD29,16050304,gw,62610,,0,,wat,,1642461,0,1977-09-20,1985-05-10,6
USGS,383514118392601,110C N08 E30 05BAA 2    USGS Well 37,GW,38.58630999,-118.6593019,S,NAD83, 4019.38,.05,NGVD29,16050304,gw,62611,,0,,wat,,1642461,0,1977-09-20,1985-05-10,6
USGS,383514118392601,110C N08 E30 05BAA 2    USGS Well 37,GW,38.58630999,-118.6593019,S,NAD83, 4019.38,.05,NGVD29,16050304,gw,72019,,0,,wat,,1642008,0,1977-09-20,1985-05-10,6
USGS,383514118392601,110C N08 E30 05BAA 2    USGS Well 37,GW,38.58630999,-118.6593019,S,NAD83, 4019.38,.05,NGVD29,16050304,qw,,,0,,wat,ALL,0,0,1977-11-03,1977-11-03,4
USGS,383514118392601,110C N08 E30 05BAA 2    USGS Well 37,GW,38.58630999,-118.6593019,S,NAD83, 4019.38,.05,NGVD29,16050304,qw,00095,,0,,wat,PHY,1646694,0,1977-11-03,1977-11-03,4
USGS,383514118392601,110C N08 E30 05BAA 2    USGS Well 37,GW,38.58630999,-118.6593019,S,NAD83, 4019.38,.05,NGVD29,16050304,qw,00600,,0,,wat,NUT,52450988,0,1977-11-03,1977-11-03,4
USGS,383514118392601,110C N08 E30 05BAA 2    USGS Well 37,GW,38.58630999,-118.6593019,S,NAD83, 4019.38,.05,NGVD29,16050304,qw,00605,,0,,wat,NUT,17297623,0,1977-11-03,1977-11-03,4
USGS,383514118392601,110C N08 E30 05BAA 2    USGS Well 37,GW,38.58630999,-118.6593019,S,NAD83, 4019.38,.05,NGVD29,16050304,qw,00610,,0,,wat,NUT,966655,0,1977-11-03,1977-11-03,4
USGS,383514118392601,110C N08 E30 05BAA 2    USGS Well 37,GW,38.58630999,-118.6593019,S,NAD83, 4019.38,.05,NGVD29,16050304,qw,00615,,0,,wat,NUT,197194,0,1977-11-03,1977-11-03,4
USGS,383514118392601,110C N08 E30 05BAA 2    USGS Well 37,GW,38.58630999,-118.6593019,S,NAD83, 4019.38,.05,NGVD29,16050304,qw,00620,,0,,wat,NUT,197186,0,1977-11-03,1977-11-03,4
USGS,383514118392601,110C N08 E30 05BAA 2    USGS Well 37,GW,38.58630999,-118.6593019,S,NAD83, 4019.38,.05,NGVD29,16050304,qw,00625,,0,,wat,NUT,17148461,0,1977-11-03,1977-11-03,4
USGS,383514118392601,110C N08 E30 05BAA 2    USGS Well 37,GW,38.58630999,-118.6593019,S,NAD83, 4019.38,.05,NGVD29,16050304,qw,00630,,0,,wat,NUT,701177,0,1977-11-03,1977-11-03,4
USGS,383514118392601,110C N08 E30 05BAA 2    USGS Well 37,GW,38.58630999,-118.6593019,S,NAD83, 4019.38,.05,NGVD29,16050304,qw,71845,,0,,wat,NUT,966655,0,1977-11-03,1977-11-03,4
USGS,383514118392601,110C N08 E30 05BAA 2    USGS Well 37,GW,38.58630999,-118.6593019,S,NAD83, 4019.38,.05,NGVD29,16050304,qw,71887,,0,,wat,NUT,52450988,0,1977-11-03,1977-11-03,4
USGS,383514118393001,110C N08 E30 05BAA 1    USGS Well 36,GW,38.58658777,-118.6601353,S,NAD83, 4016.41,.05,NGVD29,16050304,gw,62610,,0,,wat,,1642461,0,1977-11-02,1990-05-04,3
USGS,383514118393001,110C N08 E30 05BAA 1    USGS Well 36,GW,38.58658777,-118.6601353,S,NAD83, 4016.41,.05,NGVD29,16050304,gw,62611,,0,,wat,,1642461,0,1977-11-02,1990-05-04,3
USGS,383514118393001,110C N08 E30 05BAA 1    USGS Well 36,GW,38.58658777,-118.6601353,S,NAD83, 4016.41,.05,NGVD29,16050304,gw,72019,,0,,wat,,1642008,0,1977-11-02,1990-05-04,3
USGS,383514118393001,110C N08 E30 05BAA 1    USGS Well 36,GW,38.58658777,-118.6601353,S,NAD83, 4016.41,.05,NGVD29,16050304,qw,,,0,,wat,ALL,0,0,1977-11-03,1977-11-17,7
USGS,383514118393001,110C N08 E30 05BAA 1    USGS Well 36,GW,38.58658777,-118.6601353,S,NAD83, 4016.41,.05,NGVD29,16050304,qw,00095,,0,,wat,PHY,1646694,0,1977-11-03,1977-11-17,7
USGS,383514118393001,110C N08 E30 05BAA 1    USGS Well 36,GW,38.58658777,-118.6601353,S,NAD83, 4016.41,.05,NGVD29,16050304,qw,00600,,0,,wat,NUT,52450988,0,1977-11-03,1977-11-17,7
USGS,383514118393001,110C N08 E30 05BAA 1    USGS Well 36,GW,38.58658777,-118.6601353,S,NAD83, 4016.41,.05,NGVD29,16050304,qw,00605,,0,,wat,NUT,17297623,0,1977-11-03,1977-11-17,7
USGS,383514118393001,110C N08 E30 05BAA 1    USGS Well 36,GW,38.58658777,-118.6601353,S,NAD83, 4016.41,.05,NGVD29,16050304,qw,00610,,0,,wat,NUT,966655,0,1977-11-03,1977-11-17,7
USGS,383514118393001,110C N08 E30 05BAA 1    USGS Well 36,GW,38.58658777,-118.6601353,S,NAD83, 4016.41,.05,NGVD29,16050304,qw,00615,,0,,wat,NUT,197194,0,1977-11-03,1977-11-17,7
USGS,383514118393001,110C N08 E30 05BAA 1    USGS Well 36,GW,38.58658777,-118.6601353,S,NAD83, 4016.41,.05,NGVD29,16050304,qw,00620,,0,,wat,NUT,197186,0,1977-11-03,1977-11-17,7
USGS,383514118393001,110C N08 E30 05BAA 1    USGS Well 36,GW,38.58658777,-118.6601353,S,NAD83, 4016.41,.05,NGVD29,16050304,qw,00625,,0,,wat,NUT,17148461,0,1977-11-03,1977-11-17,7
USGS,383514118393001,110C N08 E30 05BAA 1    USGS Well 36,GW,38.58658777,-118.6601353,S,NAD83, 4016.41,.05,NGVD29,16050304,qw,00630,,0,,wat,NUT,701177,0,1977-11-03,1977-11-17,7
USGS,383514118393001,110C N08 E30 05BAA 1    USGS Well 36,GW,38.58658777,-118.6601353,S,NAD83, 4016.41,.05,NGVD29,16050304,qw,71845,,0,,wat,NUT,966655,0,1977-11-03,1977-11-17,7
USGS,383514118393001,110C N08 E30 05BAA 1    USGS Well 36,GW,38.58658777,-118.6601353,S,NAD83, 4016.41,.05,NGVD29,16050304,qw,71887,,0,,wat,NUT,52450988,0,1977-11-03,1977-11-17,7
USGS,383514118393401,110C N08 E30 05BAB 1    USGS Well 22,GW,38.58658777,-118.6615242,S,NAD83, 4014.85,.01,NGVD29,16050304,gw,62610,,0,,wat,,1642461,0,1977-09-20,1985-05-10,5
USGS,383514118393401,110C N08 E30 05BAB 1    USGS Well 22,GW,38.58658777,-118.6615242,S,NAD83, 4014.85,.01,NGVD29,16050304,gw,62611,,0,,wat,,1642461,0,1977-09-20,1985-05-10,5
USGS,383514118393401,110C N08 E30 05BAB 1    USGS Well 22,GW,38.58658777,-118.6615242,S,NAD83, 4014.85,.01,NGVD29,16050304,gw,72019,,0,,wat,,1642008,0,1977-09-20,1985-05-10,5
USGS,383514118393401,110C N08 E30 05BAB 1    USGS Well 22,GW,38.58658777,-118.6615242,S,NAD83, 4014.85,.01,NGVD29,16050304,qw,,,0,,wat,ALL,0,0,1977-11-03,1977-11-03,4
USGS,383514118393401,110C N08 E30 05BAB 1    USGS Well 22,GW,38.58658777,-118.6615242,S,NAD83, 4014.85,.01,NGVD29,16050304,qw,00095,,0,,wat,PHY,1646694,0,1977-11-03,1977-11-03,4
USGS,383514118393401,110C N08 E30 05BAB 1    USGS Well 22,GW,38.58658777,-118.6615242,S,NAD83, 4014.85,.01,NGVD29,16050304,qw,00600,,0,,wat,NUT,52450988,0,1977-11-03,1977-11-03,4
USGS,383514118393401,110C N08 E30 05BAB 1    USGS Well 22,GW,38.58658777,-118.6615242,S,NAD83, 4014.85,.01,NGVD29,16050304,qw,00605,,0,,wat,NUT,17297623,0,1977-11-03,1977-11-03,4
USGS,383514118393401,110C N08 E30 05BAB 1    USGS Well 22,GW,38.58658777,-118.6615242,S,NAD83, 4014.85,.01,NGVD29,16050304,qw,00610,,0,,wat,NUT,966655,0,1977-11-03,1977-11-03,4
USGS,383514118393401,110C N08 E30 05BAB 1    USGS Well 22,GW,38.58658777,-118.6615242,S,NAD83, 4014.85,.01,NGVD29,16050304,qw,00615,,0,,wat,NUT,197194,0,1977-11-03,1977-11-03,4
USGS,383514118393401,110C N08 E30 05BAB 1    USGS Well 22,GW,38.58658777,-118.6615242,S,NAD83, 4014.85,.01,NGVD29,16050304,qw,00620,,0,,wat,NUT,197186,0,1977-11-03,1977-11-03,4
USGS,383514118393401,110C N08 E30 05BAB 1    USGS Well 22,GW,38.58658777,-118.6615242,S,NAD83, 4014.85,.01,NGVD29,16050304,qw,00625,,0,,wat,NUT,17148461,0,1977-11-03,1977-11-03,4
USGS,383514118393401,110C N08 E30 05BAB 1    USGS Well 22,GW,38.58658777,-118.6615242,S,NAD83, 4014.85,.01,NGVD29,16050304,qw,00630,,0,,wat,NUT,701177,0,1977-11-03,1977-11-03,4
USGS,383514118393401,110C N08 E30 05BAB 1    USGS Well 22,GW,38.58658777,-118.6615242,S,NAD83, 4014.85,.01,NGVD29,16050304,qw,71845,,0,,wat,NUT,966655,0,1977-11-03,1977-11-03,4
USGS,383514118393401,110C N08 E30 05BAB 1    USGS Well 22,GW,38.58658777,-118.6615242,S,NAD83, 4014.85,.01,NGVD29,16050304,qw,71887,,0,,wat,NUT,52450988,0,1977-11-03,1977-11-03,4
USGS,383514118400801,110C N08 E30 06AAB 1    USA Site 16 USGS Well 41,GW,38.5871433,-118.6698578,S,NAD83, 3993.69,.05,NGVD29,16050304,gw,62610,,0,,wat,,1642461,0,1978-09-20,1995-04-26,7
USGS,383514118400801,110C N08 E30 06AAB 1    USA Site 16 USGS Well 41,GW,38.5871433,-118.6698578,S,NAD83, 3993.69,.05,NGVD29,16050304,gw,62611,,0,,wat,,1642461,0,1978-09-20,1995-04-26,7
USGS,383514118400801,110C N08 E30 06AAB 1    USA Site 16 USGS Well 41,GW,38.5871433,-118.6698578,S,NAD83, 3993.69,.05,NGVD29,16050304,gw,72019,,0,,wat,,1642008,0,1978-09-20,1995-04-26,7
USGS,383514118400801,110C N08 E30 06AAB 1    USA Site 16 USGS Well 41,GW,38.5871433,-118.6698578,S,NAD83, 3993.69,.05,NGVD29,16050304,qw,,,0,,wat,ALL,0,0,1979-02-07,1979-02-07,1
USGS,383514118400801,110C N08 E30 06AAB 1    USA Site 16 USGS Well 41,GW,38.5871433,-118.6698578,S,NAD83, 3993.69,.05,NGVD29,16050304,qw,00010,,0,,wat,PHY,1645597,0,1979-02-07,1979-02-07,1
USGS,383514118400801,110C N08 E30 06AAB 1    USA Site 16 USGS Well 41,GW,38.5871433,-118.6698578,S,NAD83, 3993.69,.05,NGVD29,16050304,qw,00095,,0,,wat,PHY,1646694,0,1979-02-07,1979-02-07,1
USGS,383514118400801,110C N08 E30 06AAB 1    USA Site 16 USGS Well 41,GW,38.5871433,-118.6698578,S,NAD83, 3993.69,.05,NGVD29,16050304,qw,00410,,0,,wat,INN,1640192,0,1979-02-07,1979-02-07,1
USGS,383514118400801,110C N08 E30 06AAB 1    USA Site 16 USGS Well 41,GW,38.5871433,-118.6698578,S,NAD83, 3993.69,.05,NGVD29,16050304,qw,00440,,0,,wat,INN,4788,0,1979-02-07,1979-02-07,1
USGS,383514118400801,110C N08 E30 06AAB 1    USA Site 16 USGS Well 41,GW,38.5871433,-118.6698578,S,NAD83, 3993.69,.05,NGVD29,16050304,qw,00600,,0,,wat,NUT,52450988,0,1979-02-07,1979-02-07,1
USGS,383514118400801,110C N08 E30 06AAB 1    USA Site 16 USGS Well 41,GW,38.5871433,-118.6698578,S,NAD83, 3993.69,.05,NGVD29,16050304,qw,00605,,0,,wat,NUT,17297623,0,1979-02-07,1979-02-07,1
USGS,383514118400801,110C N08 E30 06AAB 1    USA Site 16 USGS Well 41,GW,38.5871433,-118.6698578,S,NAD83, 3993.69,.05,NGVD29,16050304,qw,00610,,0,,wat,NUT,966655,0,1979-02-07,1979-02-07,1
USGS,383514118400801,110C N08 E30 06AAB 1    USA Site 16 USGS Well 41,GW,38.5871433,-118.6698578,S,NAD83, 3993.69,.05,NGVD29,16050304,qw,00615,,0,,wat,NUT,197194,0,1979-02-07,1979-02-07,1
USGS,383514118400801,110C N08 E30 06AAB 1    USA Site 16 USGS Well 41,GW,38.5871433,-118.6698578,S,NAD83, 3993.69,.05,NGVD29,16050304,qw,00620,,0,,wat,NUT,197186,0,1979-02-07,1979-02-07,1
USGS,383514118400801,110C N08 E30 06AAB 1    USA Site 16 USGS Well 41,GW,38.5871433,-118.6698578,S,NAD83, 3993.69,.05,NGVD29,16050304,qw,00680,,0,,wat,OOT,701250,0,1979-02-07,1979-02-07,1
USGS,383514118400801,110C N08 E30 06AAB 1    USA Site 16 USGS Well 41,GW,38.5871433,-118.6698578,S,NAD83, 3993.69,.05,NGVD29,16050304,qw,00900,,0,,wat,PHY,1640416,0,1979-02-07,1979-02-07,1
USGS,383514118400801,110C N08 E30 06AAB 1    USA Site 16 USGS Well 41,GW,38.5871433,-118.6698578,S,NAD83, 3993.69,.05,NGVD29,16050304,qw,00902,,0,,wat,PHY,1640432,0,1979-02-07,1979-02-07,1
USGS,383514118400801,110C N08 E30 06AAB 1    USA Site 16 USGS Well 41,GW,38.5871433,-118.6698578,S,NAD83, 3993.69,.05,NGVD29,16050304,qw,00915,,0,,wat,INM,150268,0,1979-02-07,1979-02-07,1
USGS,383514118400801,110C N08 E30 06AAB 1    USA Site 16 USGS Well 41,GW,38.5871433,-118.6698578,S,NAD83, 3993.69,.05,NGVD29,16050304,qw,00925,,0,,wat,INM,149617,0,1979-02-07,1979-02-07,1
USGS,383514118400801,110C N08 E30 06AAB 1    USA Site 16 USGS Well 41,GW,38.5871433,-118.6698578,S,NAD83, 3993.69,.05,NGVD29,16050304,qw,00930,,0,,wat,INM,149856,0,1979-02-07,1979-02-07,1
USGS,383514118400801,110C N08 E30 06AAB 1    USA Site 16 USGS Well 41,GW,38.5871433,-118.6698578,S,NAD83, 3993.69,.05,NGVD29,16050304,qw,00931,,0,,wat,INM,1640523,0,1979-02-07,1979-02-07,1
USGS,383514118400801,110C N08 E30 06AAB 1    USA Site 16 USGS Well 41,GW,38.5871433,-118.6698578,S,NAD83, 3993.69,.05,NGVD29,16050304,qw,00932,,0,,wat,INM,1646660,0,1979-02-07,1979-02-07,1
USGS,383514118400801,110C N08 E30 06AAB 1    USA Site 16 USGS Well 41,GW,38.5871433,-118.6698578,S,NAD83, 3993.69,.05,NGVD29,16050304,qw,00935,,0,,wat,INM,149740,0,1979-02-07,1979-02-07,1
USGS,383514118400801,110C N08 E30 06AAB 1    USA Site 16 USGS Well 41,GW,38.5871433,-118.6698578,S,NAD83, 3993.69,.05,NGVD29,16050304,qw,00940,,0,,wat,INN,205955,0,1979-02-07,1979-02-07,1
USGS,383514118400801,110C N08 E30 06AAB 1    USA Site 16 USGS Well 41,GW,38.5871433,-118.6698578,S,NAD83, 3993.69,.05,NGVD29,16050304,qw,00945,,0,,wat,INN,197301,0,1979-02-07,1979-02-07,1
USGS,383514118400801,110C N08 E30 06AAB 1    USA Site 16 USGS Well 41,GW,38.5871433,-118.6698578,S,NAD83, 3993.69,.05,NGVD29,16050304,qw,00955,,0,,wat,INN,151977,0,1979-02-07,1979-02-07,1
USGS,383514118400801,110C N08 E30 06AAB 1    USA Site 16 USGS Well 41,GW,38.5871433,-118.6698578,S,NAD83, 3993.69,.05,NGVD29,16050304,qw,70301,,0,,wat,PHY,1642222,0,1979-02-07,1979-02-07,1
USGS,383514118400801,110C N08 E30 06AAB 1    USA Site 16 USGS Well 41,GW,38.5871433,-118.6698578,S,NAD83, 3993.69,.05,NGVD29,16050304,qw,70303,,0,,wat,PHY,1642222,0,1979-02-07,1979-02-07,1
USGS,383514118400801,110C N08 E30 06AAB 1    USA Site 16 USGS Well 41,GW,38.5871433,-118.6698578,S,NAD83, 3993.69,.05,NGVD29,16050304,qw,71845,,0,,wat,NUT,966655,0,1979-02-07,1979-02-07,1
USGS,383514118400801,110C N08 E30 06AAB 1    USA Site 16 USGS Well 41,GW,38.5871433,-118.6698578,S,NAD83, 3993.69,.05,NGVD29,16050304,qw,71900,,0,,wat,IMM,149633,0,1979-02-07,1979-02-07,1
USGS,383515118393901,110C N08 E30 05BAB 3    USA Site 28 USGS Well 52,GW,38.58742109,-118.661802,S,NAD83, 4013.61,.05,NGVD29,16050304,gw,62610,,0,,wat,,1642461,0,1978-10-11,1979-02-14,3
USGS,383515118393901,110C N08 E30 05BAB 3    USA Site 28 USGS Well 52,GW,38.58742109,-118.661802,S,NAD83, 4013.61,.05,NGVD29,16050304,gw,62611,,0,,wat,,1642461,0,1978-10-11,1979-02-14,3
USGS,383515118393901,110C N08 E30 05BAB 3    USA Site 28 USGS Well 52,GW,38.58742109,-118.661802,S,NAD83, 4013.61,.05,NGVD29,16050304,gw,72019,,0,,wat,,1642008,0,1978-10-11,1979-02-14,3
USGS,383515118393901,110C N08 E30 05BAB 3    USA Site 28 USGS Well 52,GW,38.58742109,-118.661802,S,NAD83, 4013.61,.05,NGVD29,16050304,qw,,,0,,wat,ALL,0,0,1979-03-07,1979-03-07,1
USGS,383515118393901,110C N08 E30 05BAB 3    USA Site 28 USGS Well 52,GW,38.58742109,-118.661802,S,NAD83, 4013.61,.05,NGVD29,16050304,qw,00010,,0,,wat,PHY,1645597,0,1979-03-07,1979-03-07,1
USGS,383515118393901,110C N08 E30 05BAB 3    USA Site 28 USGS Well 52,GW,38.58742109,-118.661802,S,NAD83, 4013.61,.05,NGVD29,16050304,qw,00095,,0,,wat,PHY,1646694,0,1979-03-07,1979-03-07,1
USGS,383515118393901,110C N08 E30 05BAB 3    USA Site 28 USGS Well 52,GW,38.58742109,-118.661802,S,NAD83, 4013.61,.05,NGVD29,16050304,qw,00600,,0,,wat,NUT,52450988,0,1979-03-07,1979-03-07,1
USGS,383515118393901,110C N08 E30 05BAB 3    USA Site 28 USGS Well 52,GW,38.58742109,-118.661802,S,NAD83, 4013.61,.05,NGVD29,16050304,qw,00605,,0,,wat,NUT,17297623,0,1979-03-07,1979-03-07,1
USGS,383515118393901,110C N08 E30 05BAB 3    USA Site 28 USGS Well 52,GW,38.58742109,-118.661802,S,NAD83, 4013.61,.05,NGVD29,16050304,qw,00610,,0,,wat,NUT,966655,0,1979-03-07,1979-03-07,1
USGS,383515118393901,110C N08 E30 05BAB 3    USA Site 28 USGS Well 52,GW,38.58742109,-118.661802,S,NAD83, 4013.61,.05,NGVD29,16050304,qw,00615,,0,,wat,NUT,197194,0,1979-03-07,1979-03-07,1
USGS,383515118393901,110C N08 E30 05BAB 3    USA Site 28 USGS Well 52,GW,38.58742109,-118.661802,S,NAD83, 4013.61,.05,NGVD29,16050304,qw,00620,,0,,wat,NUT,197186,0,1979-03-07,1979-03-07,1
USGS,383515118393901,110C N08 E30 05BAB 3    USA Site 28 USGS Well 52,GW,38.58742109,-118.661802,S,NAD83, 4013.61,.05,NGVD29,16050304,qw,00680,,0,,wat,OOT,701250,0,1979-03-07,1979-03-07,1
USGS,383515118393901,110C N08 E30 05BAB 3    USA Site 28 USGS Well 52,GW,38.58742109,-118.661802,S,NAD83, 4013.61,.05,NGVD29,16050304,qw,71845,,0,,wat,NUT,966655,0,1979-03-07,1979-03-07,1
USGS,383516118404401,110C N08 E30 06BAB 1    USA Site  3 USGS Well 64,GW,38.58769889,-118.6798582,S,NAD83, 3977.51,.05,NGVD29,16050304,gw,62610,,0,,wat,,1642461,0,1978-11-04,1995-04-26,5
USGS,383516118404401,110C N08 E30 06BAB 1    USA Site  3 USGS Well 64,GW,38.58769889,-118.6798582,S,NAD83, 3977.51,.05,NGVD29,16050304,gw,62611,,0,,wat,,1642461,0,1978-11-04,1995-04-26,5
USGS,383516118404401,110C N08 E30 06BAB 1    USA Site  3 USGS Well 64,GW,38.58769889,-118.6798582,S,NAD83, 3977.51,.05,NGVD29,16050304,gw,72019,,0,,wat,,1642008,0,1978-11-04,1995-04-26,5
USGS,383517118393101,110C N08 E30 05BAB 2    USGS Well 23,GW,38.5871433,-118.6606909,S,NAD83, 4016.28,.05,NGVD29,16050304,gw,62610,,0,,wat,,1642461,0,1977-09-20,1990-05-04,6
USGS,383517118393101,110C N08 E30 05BAB 2    USGS Well 23,GW,38.5871433,-118.6606909,S,NAD83, 4016.28,.05,NGVD29,16050304,gw,62611,,0,,wat,,1642461,0,1977-09-20,1990-05-04,6
USGS,383517118393101,110C N08 E30 05BAB 2    USGS Well 23,GW,38.5871433,-118.6606909,S,NAD83, 4016.28,.05,NGVD29,16050304,gw,72019,,0,,wat,,1642008,0,1977-09-20,1990-05-04,6
USGS,383517118393101,110C N08 E30 05BAB 2    USGS Well 23,GW,38.5871433,-118.6606909,S,NAD83, 4016.28,.05,NGVD29,16050304,qw,,,0,,wat,ALL,0,0,1977-11-03,1977-11-03,4
USGS,383517118393101,110C N08 E30 05BAB 2    USGS Well 23,GW,38.5871433,-118.6606909,S,NAD83, 4016.28,.05,NGVD29,16050304,qw,00095,,0,,wat,PHY,1646694,0,1977-11-03,1977-11-03,4
USGS,383517118393101,110C N08 E30 05BAB 2    USGS Well 23,GW,38.5871433,-118.6606909,S,NAD83, 4016.28,.05,NGVD29,16050304,qw,00600,,0,,wat,NUT,52450988,0,1977-11-03,1977-11-03,4
USGS,383517118393101,110C N08 E30 05BAB 2    USGS Well 23,GW,38.5871433,-118.6606909,S,NAD83, 4016.28,.05,NGVD29,16050304,qw,00605,,0,,wat,NUT,17297623,0,1977-11-03,1977-11-03,4
USGS,383517118393101,110C N08 E30 05BAB 2    USGS Well 23,GW,38.5871433,-118.6606909,S,NAD83, 4016.28,.05,NGVD29,16050304,qw,00610,,0,,wat,NUT,966655,0,1977-11-03,1977-11-03,4
USGS,383517118393101,110C N08 E30 05BAB 2    USGS Well 23,GW,38.5871433,-118.6606909,S,NAD83, 4016.28,.05,NGVD29,16050304,qw,00615,,0,,wat,NUT,197194,0,1977-11-03,1977-11-03,4
USGS,383517118393101,110C N08 E30 05BAB 2    USGS Well 23,GW,38.5871433,-118.6606909,S,NAD83, 4016.28,.05,NGVD29,16050304,qw,00620,,0,,wat,NUT,197186,0,1977-11-03,1977-11-03,4
USGS,383517118393101,110C N08 E30 05BAB 2    USGS Well 23,GW,38.5871433,-118.6606909,S,NAD83, 4016.28,.05,NGVD29,16050304,qw,00625,,0,,wat,NUT,17148461,0,1977-11-03,1977-11-03,4
USGS,383517118393101,110C N08 E30 05BAB 2    USGS Well 23,GW,38.5871433,-118.6606909,S,NAD83, 4016.28,.05,NGVD29,16050304,qw,00630,,0,,wat,NUT,701177,0,1977-11-03,1977-11-03,4
USGS,383517118393101,110C N08 E30 05BAB 2    USGS Well 23,GW,38.5871433,-118.6606909,S,NAD83, 4016.28,.05,NGVD29,16050304,qw,71845,,0,,wat,NUT,966655,0,1977-11-03,1977-11-03,4
USGS,383517118393101,110C N08 E30 05BAB 2    USGS Well 23,GW,38.5871433,-118.6606909,S,NAD83, 4016.28,.05,NGVD29,16050304,qw,71887,,0,,wat,NUT,52450988,0,1977-11-03,1977-11-03,4
USGS,383518118400501,110C N08 E30 06AAA 2    USA Site 17 USGS Well 40,GW,38.5882544,-118.6690245,S,NAD83, 3994.84,.05,NGVD29,16050304,gw,62610,,0,,wat,,1642461,0,1978-09-19,1995-04-26,8
USGS,383518118400501,110C N08 E30 06AAA 2    USA Site 17 USGS Well 40,GW,38.5882544,-118.6690245,S,NAD83, 3994.84,.05,NGVD29,16050304,gw,62611,,0,,wat,,1642461,0,1978-09-19,1995-04-26,8
USGS,383518118400501,110C N08 E30 06AAA 2    USA Site 17 USGS Well 40,GW,38.5882544,-118.6690245,S,NAD83, 3994.84,.05,NGVD29,16050304,gw,72019,,0,,wat,,1642008,0,1978-09-19,1995-04-26,8
USGS,383518118400501,110C N08 E30 06AAA 2    USA Site 17 USGS Well 40,GW,38.5882544,-118.6690245,S,NAD83, 3994.84,.05,NGVD29,16050304,qw,,,0,,wat,ALL,0,0,1979-02-01,1979-02-01,1
USGS,383518118400501,110C N08 E30 06AAA 2    USA Site 17 USGS Well 40,GW,38.5882544,-118.6690245,S,NAD83, 3994.84,.05,NGVD29,16050304,qw,00010,,0,,wat,PHY,1645597,0,1979-02-01,1979-02-01,1
USGS,383518118400501,110C N08 E30 06AAA 2    USA Site 17 USGS Well 40,GW,38.5882544,-118.6690245,S,NAD83, 3994.84,.05,NGVD29,16050304,qw,00095,,0,,wat,PHY,1646694,0,1979-02-01,1979-02-01,1
USGS,383518118400501,110C N08 E30 06AAA 2    USA Site 17 USGS Well 40,GW,38.5882544,-118.6690245,S,NAD83, 3994.84,.05,NGVD29,16050304,qw,00600,,0,,wat,NUT,52450988,0,1979-02-01,1979-02-01,1
USGS,383518118400501,110C N08 E30 06AAA 2    USA Site 17 USGS Well 40,GW,38.5882544,-118.6690245,S,NAD83, 3994.84,.05,NGVD29,16050304,qw,00605,,0,,wat,NUT,17297623,0,1979-02-01,1979-02-01,1
USGS,383518118400501,110C N08 E30 06AAA 2    USA Site 17 USGS Well 40,GW,38.5882544,-118.6690245,S,NAD83, 3994.84,.05,NGVD29,16050304,qw,00610,,0,,wat,NUT,966655,0,1979-02-01,1979-02-01,1
USGS,383518118400501,110C N08 E30 06AAA 2    USA Site 17 USGS Well 40,GW,38.5882544,-118.6690245,S,NAD83, 3994.84,.05,NGVD29,16050304,qw,00615,,0,,wat,NUT,197194,0,1979-02-01,1979-02-01,1
USGS,383518118400501,110C N08 E30 06AAA 2    USA Site 17 USGS Well 40,GW,38.5882544,-118.6690245,S,NAD83, 3994.84,.05,NGVD29,16050304,qw,00620,,0,,wat,NUT,197186,0,1979-02-01,1979-02-01,1
USGS,383518118400501,110C N08 E30 06AAA 2    USA Site 17 USGS Well 40,GW,38.5882544,-118.6690245,S,NAD83, 3994.84,.05,NGVD29,16050304,qw,00680,,0,,wat,OOT,701250,0,1979-02-01,1979-02-01,1
USGS,383518118400501,110C N08 E30 06AAA 2    USA Site 17 USGS Well 40,GW,38.5882544,-118.6690245,S,NAD83, 3994.84,.05,NGVD29,16050304,qw,71845,,0,,wat,NUT,966655,0,1979-02-01,1979-02-01,1
USGS,383518118403801,110C N08 E30 06BAA 2    USA Site  4 USGS Well 63,GW,38.5882544,-118.6781915,S,NAD83, 3978.00,.05,NGVD29,16050304,gw,62610,,0,,wat,,1642461,0,1978-11-02,2000-05-18,8
USGS,383518118403801,110C N08 E30 06BAA 2    USA Site  4 USGS Well 63,GW,38.5882544,-118.6781915,S,NAD83, 3978.00,.05,NGVD29,16050304,gw,62611,,0,,wat,,1642461,0,1978-11-02,2000-05-18,8
USGS,383518118403801,110C N08 E30 06BAA 2    USA Site  4 USGS Well 63,GW,38.5882544,-118.6781915,S,NAD83, 3978.00,.05,NGVD29,16050304,gw,72019,,0,,wat,,1642008,0,1978-11-02,2000-05-18,8
USGS,383520118393701,110C N08 E30 05BAB 4    USA Site 29 USGS Well 53,GW,38.58880996,-118.6612465,S,NAD83, 4014.27,.05,NGVD29,16050304,gw,62610,,0,,wat,,1642461,0,1978-10-12,1998-06-11,10
USGS,383520118393701,110C N08 E30 05BAB 4    USA Site 29 USGS Well 53,GW,38.58880996,-118.6612465,S,NAD83, 4014.27,.05,NGVD29,16050304,gw,62611,,0,,wat,,1642461,0,1978-10-12,1998-06-11,10
USGS,383520118393701,110C N08 E30 05BAB 4    USA Site 29 USGS Well 53,GW,38.58880996,-118.6612465,S,NAD83, 4014.27,.05,NGVD29,16050304,gw,72019,,0,,wat,,1642008,0,1978-10-12,1998-06-11,10
USGS,383520118393701,110C N08 E30 05BAB 4    USA Site 29 USGS Well 53,GW,38.58880996,-118.6612465,S,NAD83, 4014.27,.05,NGVD29,16050304,qw,,,0,,wat,ALL,0,0,1979-03-14,1979-03-14,1
USGS,383520118393701,110C N08 E30 05BAB 4    USA Site 29 USGS Well 53,GW,38.58880996,-118.6612465,S,NAD83, 4014.27,.05,NGVD29,16050304,qw,00010,,0,,wat,PHY,1645597,0,1979-03-14,1979-03-14,1
USGS,383520118393701,110C N08 E30 05BAB 4    USA Site 29 USGS Well 53,GW,38.58880996,-118.6612465,S,NAD83, 4014.27,.05,NGVD29,16050304,qw,00028,,0,,wat,INF,0,0,1979-03-14,1979-03-14,1
USGS,383520118393701,110C N08 E30 05BAB 4    USA Site 29 USGS Well 53,GW,38.58880996,-118.6612465,S,NAD83, 4014.27,.05,NGVD29,16050304,qw,00095,,0,,wat,PHY,1646694,0,1979-03-14,1979-03-14,1
USGS,383520118393701,110C N08 E30 05BAB 4    USA Site 29 USGS Well 53,GW,38.58880996,-118.6612465,S,NAD83, 4014.27,.05,NGVD29,16050304,qw,00600,,0,,wat,NUT,52450988,0,1979-03-14,1979-03-14,1
USGS,383520118393701,110C N08 E30 05BAB 4    USA Site 29 USGS Well 53,GW,38.58880996,-118.6612465,S,NAD83, 4014.27,.05,NGVD29,16050304,qw,00605,,0,,wat,NUT,17297623,0,1979-03-14,1979-03-14,1
USGS,383520118393701,110C N08 E30 05BAB 4    USA Site 29 USGS Well 53,GW,38.58880996,-118.6612465,S,NAD83, 4014.27,.05,NGVD29,16050304,qw,00610,,0,,wat,NUT,966655,0,1979-03-14,1979-03-14,1
USGS,383520118393701,110C N08 E30 05BAB 4    USA Site 29 USGS Well 53,GW,38.58880996,-118.6612465,S,NAD83, 4014.27,.05,NGVD29,16050304,qw,00615,,0,,wat,NUT,197194,0,1979-03-14,1979-03-14,1
USGS,383520118393701,110C N08 E30 05BAB 4    USA Site 29 USGS Well 53,GW,38.58880996,-118.6612465,S,NAD83, 4014.27,.05,NGVD29,16050304,qw,00620,,0,,wat,NUT,197186,0,1979-03-14,1979-03-14,1
USGS,383520118393701,110C N08 E30 05BAB 4    USA Site 29 USGS Well 53,GW,38.58880996,-118.6612465,S,NAD83, 4014.27,.05,NGVD29,16050304,qw,00680,,0,,wat,OOT,701250,0,1979-03-14,1979-03-14,1
USGS,383520118393701,110C N08 E30 05BAB 4    USA Site 29 USGS Well 53,GW,38.58880996,-118.6612465,S,NAD83, 4014.27,.05,NGVD29,16050304,qw,00930,,0,,wat,INM,149856,0,1979-03-14,1979-03-14,1
USGS,383520118393701,110C N08 E30 05BAB 4    USA Site 29 USGS Well 53,GW,38.58880996,-118.6612465,S,NAD83, 4014.27,.05,NGVD29,16050304,qw,00940,,0,,wat,INN,205955,0,1979-03-14,1979-03-14,1
USGS,383520118393701,110C N08 E30 05BAB 4    USA Site 29 USGS Well 53,GW,38.58880996,-118.6612465,S,NAD83, 4014.27,.05,NGVD29,16050304,qw,00945,,0,,wat,INN,197301,0,1979-03-14,1979-03-14,1
USGS,383520118393701,110C N08 E30 05BAB 4    USA Site 29 USGS Well 53,GW,38.58880996,-118.6612465,S,NAD83, 4014.27,.05,NGVD29,16050304,qw,71845,,0,,wat,NUT,966655,0,1979-03-14,1979-03-14,1
USGS,383522118403301,110C N08 E30 06BAA 1    USA Site  5 USGS Well 62,GW,38.5893655,-118.6768025,S,NAD83, 3977.99,.05,NGVD29,16050304,gw,62610,,0,,wat,,1642461,0,1978-11-07,1995-04-26,4
USGS,383522118403301,110C N08 E30 06BAA 1    USA Site  5 USGS Well 62,GW,38.5893655,-118.6768025,S,NAD83, 3977.99,.05,NGVD29,16050304,gw,62611,,0,,wat,,1642461,0,1978-11-07,1995-04-26,4
USGS,383522118403301,110C N08 E30 06BAA 1    USA Site  5 USGS Well 62,GW,38.5893655,-118.6768025,S,NAD83, 3977.99,.05,NGVD29,16050304,gw,72019,,0,,wat,,1642008,0,1978-11-07,1995-04-26,4
USGS,383522118403301,110C N08 E30 06BAA 1    USA Site  5 USGS Well 62,GW,38.5893655,-118.6768025,S,NAD83, 3977.99,.05,NGVD29,16050304,qw,,,0,,wat,ALL,0,0,1979-04-27,1979-04-27,1
USGS,383522118403301,110C N08 E30 06BAA 1    USA Site  5 USGS Well 62,GW,38.5893655,-118.6768025,S,NAD83, 3977.99,.05,NGVD29,16050304,qw,00010,,0,,wat,PHY,1645597,0,1979-04-27,1979-04-27,1
USGS,383522118403301,110C N08 E30 06BAA 1    USA Site  5 USGS Well 62,GW,38.5893655,-118.6768025,S,NAD83, 3977.99,.05,NGVD29,16050304,qw,00095,,0,,wat,PHY,1646694,0,1979-04-27,1979-04-27,1
USGS,383522118403301,110C N08 E30 06BAA 1    USA Site  5 USGS Well 62,GW,38.5893655,-118.6768025,S,NAD83, 3977.99,.05,NGVD29,16050304,qw,00600,,0,,wat,NUT,52450988,0,1979-04-27,1979-04-27,1
USGS,383522118403301,110C N08 E30 06BAA 1    USA Site  5 USGS Well 62,GW,38.5893655,-118.6768025,S,NAD83, 3977.99,.05,NGVD29,16050304,qw,00605,,0,,wat,NUT,17297623,0,1979-04-27,1979-04-27,1
USGS,383522118403301,110C N08 E30 06BAA 1    USA Site  5 USGS Well 62,GW,38.5893655,-118.6768025,S,NAD83, 3977.99,.05,NGVD29,16050304,qw,00610,,0,,wat,NUT,966655,0,1979-04-27,1979-04-27,1
USGS,383522118403301,110C N08 E30 06BAA 1    USA Site  5 USGS Well 62,GW,38.5893655,-118.6768025,S,NAD83, 3977.99,.05,NGVD29,16050304,qw,00615,,0,,wat,NUT,197194,0,1979-04-27,1979-04-27,1
USGS,383522118403301,110C N08 E30 06BAA 1    USA Site  5 USGS Well 62,GW,38.5893655,-118.6768025,S,NAD83, 3977.99,.05,NGVD29,16050304,qw,00620,,0,,wat,NUT,197186,0,1979-04-27,1979-04-27,1
USGS,383522118403301,110C N08 E30 06BAA 1    USA Site  5 USGS Well 62,GW,38.5893655,-118.6768025,S,NAD83, 3977.99,.05,NGVD29,16050304,qw,71845,,0,,wat,NUT,966655,0,1979-04-27,1979-04-27,1
USGS,383523118400201,110C N08 E30 06AAA 1    USA Site 18 USGS Well 39,GW,38.58964329,-118.6681912,S,NAD83, 3996.26,.05,NGVD29,16050304,gw,62610,,0,,wat,,1642461,0,1978-09-19,2000-05-18,11
USGS,383523118400201,110C N08 E30 06AAA 1    USA Site 18 USGS Well 39,GW,38.58964329,-118.6681912,S,NAD83, 3996.26,.05,NGVD29,16050304,gw,62611,,0,,wat,,1642461,0,1978-09-19,2000-05-18,11
USGS,383523118400201,110C N08 E30 06AAA 1    USA Site 18 USGS Well 39,GW,38.58964329,-118.6681912,S,NAD83, 3996.26,.05,NGVD29,16050304,gw,72019,,0,,wat,,1642008,0,1978-09-19,2000-05-18,11
USGS,383523118400201,110C N08 E30 06AAA 1    USA Site 18 USGS Well 39,GW,38.58964329,-118.6681912,S,NAD83, 3996.26,.05,NGVD29,16050304,qw,,,0,,wat,ALL,0,0,1979-02-28,1979-02-28,1
USGS,383523118400201,110C N08 E30 06AAA 1    USA Site 18 USGS Well 39,GW,38.58964329,-118.6681912,S,NAD83, 3996.26,.05,NGVD29,16050304,qw,00010,,0,,wat,PHY,1645597,0,1979-02-28,1979-02-28,1
USGS,383523118400201,110C N08 E30 06AAA 1    USA Site 18 USGS Well 39,GW,38.58964329,-118.6681912,S,NAD83, 3996.26,.05,NGVD29,16050304,qw,00095,,0,,wat,PHY,1646694,0,1979-02-28,1979-02-28,1
USGS,383523118400201,110C N08 E30 06AAA 1    USA Site 18 USGS Well 39,GW,38.58964329,-118.6681912,S,NAD83, 3996.26,.05,NGVD29,16050304,qw,00410,,0,,wat,INN,1640192,0,1979-02-28,1979-02-28,1
USGS,383523118400201,110C N08 E30 06AAA 1    USA Site 18 USGS Well 39,GW,38.58964329,-118.6681912,S,NAD83, 3996.26,.05,NGVD29,16050304,qw,00440,,0,,wat,INN,4788,0,1979-02-28,1979-02-28,1
USGS,383523118400201,110C N08 E30 06AAA 1    USA Site 18 USGS Well 39,GW,38.58964329,-118.6681912,S,NAD83, 3996.26,.05,NGVD29,16050304,qw,00600,,0,,wat,NUT,52450988,0,1979-02-28,1979-02-28,1
USGS,383523118400201,110C N08 E30 06AAA 1    USA Site 18 USGS Well 39,GW,38.58964329,-118.6681912,S,NAD83, 3996.26,.05,NGVD29,16050304,qw,00605,,0,,wat,NUT,17297623,0,1979-02-28,1979-02-28,1
USGS,383523118400201,110C N08 E30 06AAA 1    USA Site 18 USGS Well 39,GW,38.58964329,-118.6681912,S,NAD83, 3996.26,.05,NGVD29,16050304,qw,00610,,0,,wat,NUT,966655,0,1979-02-28,1979-02-28,1
USGS,383523118400201,110C N08 E30 06AAA 1    USA Site 18 USGS Well 39,GW,38.58964329,-118.6681912,S,NAD83, 3996.26,.05,NGVD29,16050304,qw,00615,,0,,wat,NUT,197194,0,1979-02-28,1979-02-28,1
USGS,383523118400201,110C N08 E30 06AAA 1    USA Site 18 USGS Well 39,GW,38.58964329,-118.6681912,S,NAD83, 3996.26,.05,NGVD29,16050304,qw,00620,,0,,wat,NUT,197186,0,1979-02-28,1979-02-28,1
USGS,383523118400201,110C N08 E30 06AAA 1    USA Site 18 USGS Well 39,GW,38.58964329,-118.6681912,S,NAD83, 3996.26,.05,NGVD29,16050304,qw,00680,,0,,wat,OOT,701250,0,1979-02-28,1979-02-28,1
USGS,383523118400201,110C N08 E30 06AAA 1    USA Site 18 USGS Well 39,GW,38.58964329,-118.6681912,S,NAD83, 3996.26,.05,NGVD29,16050304,qw,00900,,0,,wat,PHY,1640416,0,1979-02-28,1979-02-28,1
USGS,383523118400201,110C N08 E30 06AAA 1    USA Site 18 USGS Well 39,GW,38.58964329,-118.6681912,S,NAD83, 3996.26,.05,NGVD29,16050304,qw,00902,,0,,wat,PHY,1640432,0,1979-02-28,1979-02-28,1
USGS,383523118400201,110C N08 E30 06AAA 1    USA Site 18 USGS Well 39,GW,38.58964329,-118.6681912,S,NAD83, 3996.26,.05,NGVD29,16050304,qw,00915,,0,,wat,INM,150268,0,1979-02-28,1979-02-28,1
USGS,383523118400201,110C N08 E30 06AAA 1    USA Site 18 USGS Well 39,GW,38.58964329,-118.6681912,S,NAD83, 3996.26,.05,NGVD29,16050304,qw,00925,,0,,wat,INM,149617,0,1979-02-28,1979-02-28,1
USGS,383523118400201,110C N08 E30 06AAA 1    USA Site 18 USGS Well 39,GW,38.58964329,-118.6681912,S,NAD83, 3996.26,.05,NGVD29,16050304,qw,00930,,0,,wat,INM,149856,0,1979-02-28,1979-02-28,1
USGS,383523118400201,110C N08 E30 06AAA 1    USA Site 18 USGS Well 39,GW,38.58964329,-118.6681912,S,NAD83, 3996.26,.05,NGVD29,16050304,qw,00931,,0,,wat,INM,1640523,0,1979-02-28,1979-02-28,1
USGS,383523118400201,110C N08 E30 06AAA 1    USA Site 18 USGS Well 39,GW,38.58964329,-118.6681912,S,NAD83, 3996.26,.05,NGVD29,16050304,qw,00932,,0,,wat,INM,1646660,0,1979-02-28,1979-02-28,1
USGS,383523118400201,110C N08 E30 06AAA 1    USA Site 18 USGS Well 39,GW,38.58964329,-118.6681912,S,NAD83, 3996.26,.05,NGVD29,16050304,qw,00935,,0,,wat,INM,149740,0,1979-02-28,1979-02-28,1
USGS,383523118400201,110C N08 E30 06AAA 1    USA Site 18 USGS Well 39,GW,38.58964329,-118.6681912,S,NAD83, 3996.26,.05,NGVD29,16050304,qw,00940,,0,,wat,INN,205955,0,1979-02-28,1979-02-28,1
USGS,383523118400201,110C N08 E30 06AAA 1    USA Site 18 USGS Well 39,GW,38.58964329,-118.6681912,S,NAD83, 3996.26,.05,NGVD29,16050304,qw,00945,,0,,wat,INN,197301,0,1979-02-28,1979-02-28,1
USGS,383523118400201,110C N08 E30 06AAA 1    USA Site 18 USGS Well 39,GW,38.58964329,-118.6681912,S,NAD83, 3996.26,.05,NGVD29,16050304,qw,00955,,0,,wat,INN,151977,0,1979-02-28,1979-02-28,1
USGS,383523118400201,110C N08 E30 06AAA 1    USA Site 18 USGS Well 39,GW,38.58964329,-118.6681912,S,NAD83, 3996.26,.05,NGVD29,16050304,qw,70301,,0,,wat,PHY,1642222,0,1979-02-28,1979-02-28,1
USGS,383523118400201,110C N08 E30 06AAA 1    USA Site 18 USGS Well 39,GW,38.58964329,-118.6681912,S,NAD83, 3996.26,.05,NGVD29,16050304,qw,70303,,0,,wat,PHY,1642222,0,1979-02-28,1979-02-28,1
USGS,383523118400201,110C N08 E30 06AAA 1    USA Site 18 USGS Well 39,GW,38.58964329,-118.6681912,S,NAD83, 3996.26,.05,NGVD29,16050304,qw,71845,,0,,wat,NUT,966655,0,1979-02-28,1979-02-28,1
USGS,383523118400201,110C N08 E30 06AAA 1    USA Site 18 USGS Well 39,GW,38.58964329,-118.6681912,S,NAD83, 3996.26,.05,NGVD29,16050304,qw,71900,,0,,wat,IMM,149633,0,1979-02-28,1979-02-28,1
USGS,383525118375101,110C N08 E30 04AAA 1    USGS WELL 3,GW,38.5901988,-118.631801,S,NAD83, 4058,  1,NGVD29,16050304,ad,,,0,,wat,,0,0,2005,2010,5
USGS,383525118375101,110C N08 E30 04AAA 1    USGS WELL 3,GW,38.5901988,-118.631801,S,NAD83, 4058,  1,NGVD29,16050304,aw,,,0,,wat,,0,0,1968,2021,54
USGS,383525118375101,110C N08 E30 04AAA 1    USGS WELL 3,GW,38.5901988,-118.631801,S,NAD83, 4058,  1,NGVD29,16050304,gw,62610,,0,,wat,,1642461,0,1968-03-18,2024-02-29,60
USGS,383525118375101,110C N08 E30 04AAA 1    USGS WELL 3,GW,38.5901988,-118.631801,S,NAD83, 4058,  1,NGVD29,16050304,gw,62611,,0,,wat,,1642461,0,1968-03-18,2024-02-29,60
USGS,383525118375101,110C N08 E30 04AAA 1    USGS WELL 3,GW,38.5901988,-118.631801,S,NAD83, 4058,  1,NGVD29,16050304,gw,72019,,0,,wat,,1642008,0,1968-03-18,2024-02-29,60
USGS,383526118402901,110C N08 E30 06ABB 1    USA Site  6 USGS Well 61,GW,38.5904766,-118.6756914,S,NAD83, 3979.65,.05,NGVD29,16050304,gw,62610,,0,,wat,,1642461,0,1978-11-02,1995-04-26,6
USGS,383526118402901,110C N08 E30 06ABB 1    USA Site  6 USGS Well 61,GW,38.5904766,-118.6756914,S,NAD83, 3979.65,.05,NGVD29,16050304,gw,62611,,0,,wat,,1642461,0,1978-11-02,1995-04-26,6
USGS,383526118402901,110C N08 E30 06ABB 1    USA Site  6 USGS Well 61,GW,38.5904766,-118.6756914,S,NAD83, 3979.65,.05,NGVD29,16050304,gw,72019,,0,,wat,,1642008,0,1978-11-02,1995-04-26,6
USGS,383527118395901,110C N08 E30 31DDD 1    USA Site 19 USGS Well 38,GW,38.59075439,-118.6673578,S,NAD83, 3996.68, .5,NGVD29,16050304,gw,62610,,0,,wat,,1642461,0,1978-09-19,1995-04-26,7
USGS,383527118395901,110C N08 E30 31DDD 1    USA Site 19 USGS Well 38,GW,38.59075439,-118.6673578,S,NAD83, 3996.68, .5,NGVD29,16050304,gw,62611,,0,,wat,,1642461,0,1978-09-19,1995-04-26,7
USGS,383527118395901,110C N08 E30 31DDD 1    USA Site 19 USGS Well 38,GW,38.59075439,-118.6673578,S,NAD83, 3996.68, .5,NGVD29,16050304,gw,72019,,0,,wat,,1642008,0,1978-09-19,1995-04-26,7
USGS,383527118395901,110C N08 E30 31DDD 1    USA Site 19 USGS Well 38,GW,38.59075439,-118.6673578,S,NAD83, 3996.68, .5,NGVD29,16050304,qw,,,0,,wat,ALL,0,0,1979-03-01,1979-03-01,1
USGS,383527118395901,110C N08 E30 31DDD 1    USA Site 19 USGS Well 38,GW,38.59075439,-118.6673578,S,NAD83, 3996.68, .5,NGVD29,16050304,qw,00010,,0,,wat,PHY,1645597,0,1979-03-01,1979-03-01,1
USGS,383527118395901,110C N08 E30 31DDD 1    USA Site 19 USGS Well 38,GW,38.59075439,-118.6673578,S,NAD83, 3996.68, .5,NGVD29,16050304,qw,00028,,0,,wat,INF,0,0,1979-03-01,1979-03-01,1
USGS,383527118395901,110C N08 E30 31DDD 1    USA Site 19 USGS Well 38,GW,38.59075439,-118.6673578,S,NAD83, 3996.68, .5,NGVD29,16050304,qw,00095,,0,,wat,PHY,1646694,0,1979-03-01,1979-03-01,1
USGS,383527118395901,110C N08 E30 31DDD 1    USA Site 19 USGS Well 38,GW,38.59075439,-118.6673578,S,NAD83, 3996.68, .5,NGVD29,16050304,qw,00600,,0,,wat,NUT,52450988,0,1979-03-01,1979-03-01,1
USGS,383527118395901,110C N08 E30 31DDD 1    USA Site 19 USGS Well 38,GW,38.59075439,-118.6673578,S,NAD83, 3996.68, .5,NGVD29,16050304,qw,00605,,0,,wat,NUT,17297623,0,1979-03-01,1979-03-01,1
USGS,383527118395901,110C N08 E30 31DDD 1    USA Site 19 USGS Well 38,GW,38.59075439,-118.6673578,S,NAD83, 3996.68, .5,NGVD29,16050304,qw,00610,,0,,wat,NUT,966655,0,1979-03-01,1979-03-01,1
USGS,383527118395901,110C N08 E30 31DDD 1    USA Site 19 USGS Well 38,GW,38.59075439,-118.6673578,S,NAD83, 3996.68, .5,NGVD29,16050304,qw,00615,,0,,wat,NUT,197194,0,1979-03-01,1979-03-01,1
USGS,383527118395901,110C N08 E30 31DDD 1    USA Site 19 USGS Well 38,GW,38.59075439,-118.6673578,S,NAD83, 3996.68, .5,NGVD29,16050304,qw,00620,,0,,wat,NUT,197186,0,1979-03-01,1979-03-01,1
USGS,383527118395901,110C N08 E30 31DDD 1    USA Site 19 USGS Well 38,GW,38.59075439,-118.6673578,S,NAD83, 3996.68, .5,NGVD29,16050304,qw,00930,,0,,wat,INM,149856,0,1979-03-01,1979-03-01,1
USGS,383527118395901,110C N08 E30 31DDD 1    USA Site 19 USGS Well 38,GW,38.59075439,-118.6673578,S,NAD83, 3996.68, .5,NGVD29,16050304,qw,00940,,0,,wat,INN,205955,0,1979-03-01,1979-03-01,1
USGS,383527118395901,110C N08 E30 31DDD 1    USA Site 19 USGS Well 38,GW,38.59075439,-118.6673578,S,NAD83, 3996.68, .5,NGVD29,16050304,qw,00945,,0,,wat,INN,197301,0,1979-03-01,1979-03-01,1
USGS,383527118395901,110C N08 E30 31DDD 1    USA Site 19 USGS Well 38,GW,38.59075439,-118.6673578,S,NAD83, 3996.68, .5,NGVD29,16050304,qw,71845,,0,,wat,NUT,966655,0,1979-03-01,1979-03-01,1
USGS,383530118402601,110C N09 E30 31DCD 1    USA Site  7 USGS Well 60,GW,38.5915877,-118.674858,S,NAD83, 3980.25,.05,NGVD29,16050304,gw,62610,,0,,wat,,1642461,0,1978-10-31,2000-05-18,8
USGS,383530118402601,110C N09 E30 31DCD 1    USA Site  7 USGS Well 60,GW,38.5915877,-118.674858,S,NAD83, 3980.25,.05,NGVD29,16050304,gw,62611,,0,,wat,,1642461,0,1978-10-31,2000-05-18,8
USGS,383530118402601,110C N09 E30 31DCD 1    USA Site  7 USGS Well 60,GW,38.5915877,-118.674858,S,NAD83, 3980.25,.05,NGVD29,16050304,gw,72019,,0,,wat,,1642008,0,1978-10-31,2000-05-18,8
USGS,383530118402601,110C N09 E30 31DCD 1    USA Site  7 USGS Well 60,GW,38.5915877,-118.674858,S,NAD83, 3980.25,.05,NGVD29,16050304,qw,,,0,,wat,ALL,0,0,1979-04-26,1979-04-26,1
USGS,383530118402601,110C N09 E30 31DCD 1    USA Site  7 USGS Well 60,GW,38.5915877,-118.674858,S,NAD83, 3980.25,.05,NGVD29,16050304,qw,00010,,0,,wat,PHY,1645597,0,1979-04-26,1979-04-26,1
USGS,383530118402601,110C N09 E30 31DCD 1    USA Site  7 USGS Well 60,GW,38.5915877,-118.674858,S,NAD83, 3980.25,.05,NGVD29,16050304,qw,00095,,0,,wat,PHY,1646694,0,1979-04-26,1979-04-26,1
USGS,383530118402601,110C N09 E30 31DCD 1    USA Site  7 USGS Well 60,GW,38.5915877,-118.674858,S,NAD83, 3980.25,.05,NGVD29,16050304,qw,00410,,0,,wat,INN,1640192,0,1979-04-26,1979-04-26,1
USGS,383530118402601,110C N09 E30 31DCD 1    USA Site  7 USGS Well 60,GW,38.5915877,-118.674858,S,NAD83, 3980.25,.05,NGVD29,16050304,qw,00440,,0,,wat,INN,4788,0,1979-04-26,1979-04-26,1
USGS,383530118402601,110C N09 E30 31DCD 1    USA Site  7 USGS Well 60,GW,38.5915877,-118.674858,S,NAD83, 3980.25,.05,NGVD29,16050304,qw,00605,,0,,wat,NUT,17297623,0,1979-04-26,1979-04-26,1
USGS,383530118402601,110C N09 E30 31DCD 1    USA Site  7 USGS Well 60,GW,38.5915877,-118.674858,S,NAD83, 3980.25,.05,NGVD29,16050304,qw,00610,,0,,wat,NUT,966655,0,1979-04-26,1979-04-26,1
USGS,383530118402601,110C N09 E30 31DCD 1    USA Site  7 USGS Well 60,GW,38.5915877,-118.674858,S,NAD83, 3980.25,.05,NGVD29,16050304,qw,00615,,0,,wat,NUT,197194,0,1979-04-26,1979-04-26,1
USGS,383530118402601,110C N09 E30 31DCD 1    USA Site  7 USGS Well 60,GW,38.5915877,-118.674858,S,NAD83, 3980.25,.05,NGVD29,16050304,qw,00620,,0,,wat,NUT,197186,0,1979-04-26,1979-04-26,1
USGS,383530118402601,110C N09 E30 31DCD 1    USA Site  7 USGS Well 60,GW,38.5915877,-118.674858,S,NAD83, 3980.25,.05,NGVD29,16050304,qw,00680,,0,,wat,OOT,701250,0,1979-04-26,1979-04-26,1
USGS,383530118402601,110C N09 E30 31DCD 1    USA Site  7 USGS Well 60,GW,38.5915877,-118.674858,S,NAD83, 3980.25,.05,NGVD29,16050304,qw,00900,,0,,wat,PHY,1640416,0,1979-04-26,1979-04-26,1
USGS,383530118402601,110C N09 E30 31DCD 1    USA Site  7 USGS Well 60,GW,38.5915877,-118.674858,S,NAD83, 3980.25,.05,NGVD29,16050304,qw,00902,,0,,wat,PHY,1640432,0,1979-04-26,1979-04-26,1
USGS,383530118402601,110C N09 E30 31DCD 1    USA Site  7 USGS Well 60,GW,38.5915877,-118.674858,S,NAD83, 3980.25,.05,NGVD29,16050304,qw,00915,,0,,wat,INM,150268,0,1979-04-26,1979-04-26,1
USGS,383530118402601,110C N09 E30 31DCD 1    USA Site  7 USGS Well 60,GW,38.5915877,-118.674858,S,NAD83, 3980.25,.05,NGVD29,16050304,qw,00925,,0,,wat,INM,149617,0,1979-04-26,1979-04-26,1
USGS,383530118402601,110C N09 E30 31DCD 1    USA Site  7 USGS Well 60,GW,38.5915877,-118.674858,S,NAD83, 3980.25,.05,NGVD29,16050304,qw,00930,,0,,wat,INM,149856,0,1979-04-26,1979-04-26,1
USGS,383530118402601,110C N09 E30 31DCD 1    USA Site  7 USGS Well 60,GW,38.5915877,-118.674858,S,NAD83, 3980.25,.05,NGVD29,16050304,qw,00931,,0,,wat,INM,1640523,0,1979-04-26,1979-04-26,1
USGS,383530118402601,110C N09 E30 31DCD 1    USA Site  7 USGS Well 60,GW,38.5915877,-118.674858,S,NAD83, 3980.25,.05,NGVD29,16050304,qw,00932,,0,,wat,INM,1646660,0,1979-04-26,1979-04-26,1
USGS,383530118402601,110C N09 E30 31DCD 1    USA Site  7 USGS Well 60,GW,38.5915877,-118.674858,S,NAD83, 3980.25,.05,NGVD29,16050304,qw,00935,,0,,wat,INM,149740,0,1979-04-26,1979-04-26,1
USGS,383530118402601,110C N09 E30 31DCD 1    USA Site  7 USGS Well 60,GW,38.5915877,-118.674858,S,NAD83, 3980.25,.05,NGVD29,16050304,qw,00940,,0,,wat,INN,205955,0,1979-04-26,1979-04-26,1
USGS,383530118402601,110C N09 E30 31DCD 1    USA Site  7 USGS Well 60,GW,38.5915877,-118.674858,S,NAD83, 3980.25,.05,NGVD29,16050304,qw,00945,,0,,wat,INN,197301,0,1979-04-26,1979-04-26,1
USGS,383530118402601,110C N09 E30 31DCD 1    USA Site  7 USGS Well 60,GW,38.5915877,-118.674858,S,NAD83, 3980.25,.05,NGVD29,16050304,qw,00955,,0,,wat,INN,151977,0,1979-04-26,1979-04-26,1
USGS,383530118402601,110C N09 E30 31DCD 1    USA Site  7 USGS Well 60,GW,38.5915877,-118.674858,S,NAD83, 3980.25,.05,NGVD29,16050304,qw,70301,,0,,wat,PHY,1642222,0,1979-04-26,1979-04-26,1
USGS,383530118402601,110C N09 E30 31DCD 1    USA Site  7 USGS Well 60,GW,38.5915877,-118.674858,S,NAD83, 3980.25,.05,NGVD29,16050304,qw,70303,,0,,wat,PHY,1642222,0,1979-04-26,1979-04-26,1
USGS,383530118402601,110C N09 E30 31DCD 1    USA Site  7 USGS Well 60,GW,38.5915877,-118.674858,S,NAD83, 3980.25,.05,NGVD29,16050304,qw,71845,,0,,wat,NUT,966655,0,1979-04-26,1979-04-26,1
USGS,383530118402601,110C N09 E30 31DCD 1    USA Site  7 USGS Well 60,GW,38.5915877,-118.674858,S,NAD83, 3980.25,.05,NGVD29,16050304,qw,71900,,0,,wat,IMM,149633,0,1979-04-26,1979-04-26,1
USGS,383532118395701,110C N09 E30 32CCC 1    USA Site 20 USGS Well 54,GW,38.59214325,-118.6668023,S,NAD83, 3996.06,.05,NGVD29,16050304,gw,62610,,0,,wat,,1642461,0,1978-10-25,1990-05-03,6
USGS,383532118395701,110C N09 E30 32CCC 1    USA Site 20 USGS Well 54,GW,38.59214325,-118.6668023,S,NAD83, 3996.06,.05,NGVD29,16050304,gw,62611,,0,,wat,,1642461,0,1978-10-25,1990-05-03,6
USGS,383532118395701,110C N09 E30 32CCC 1    USA Site 20 USGS Well 54,GW,38.59214325,-118.6668023,S,NAD83, 3996.06,.05,NGVD29,16050304,gw,72019,,0,,wat,,1642008,0,1978-10-25,1990-05-03,6
USGS,383532118395701,110C N09 E30 32CCC 1    USA Site 20 USGS Well 54,GW,38.59214325,-118.6668023,S,NAD83, 3996.06,.05,NGVD29,16050304,qw,,,0,,wat,ALL,0,0,1979-01-31,1979-01-31,1
USGS,383532118395701,110C N09 E30 32CCC 1    USA Site 20 USGS Well 54,GW,38.59214325,-118.6668023,S,NAD83, 3996.06,.05,NGVD29,16050304,qw,00010,,0,,wat,PHY,1645597,0,1979-01-31,1979-01-31,1
USGS,383532118395701,110C N09 E30 32CCC 1    USA Site 20 USGS Well 54,GW,38.59214325,-118.6668023,S,NAD83, 3996.06,.05,NGVD29,16050304,qw,00095,,0,,wat,PHY,1646694,0,1979-01-31,1979-01-31,1
USGS,383532118395701,110C N09 E30 32CCC 1    USA Site 20 USGS Well 54,GW,38.59214325,-118.6668023,S,NAD83, 3996.06,.05,NGVD29,16050304,qw,00600,,0,,wat,NUT,52450988,0,1979-01-31,1979-01-31,1
USGS,383532118395701,110C N09 E30 32CCC 1    USA Site 20 USGS Well 54,GW,38.59214325,-118.6668023,S,NAD83, 3996.06,.05,NGVD29,16050304,qw,00605,,0,,wat,NUT,17297623,0,1979-01-31,1979-01-31,1
USGS,383532118395701,110C N09 E30 32CCC 1    USA Site 20 USGS Well 54,GW,38.59214325,-118.6668023,S,NAD83, 3996.06,.05,NGVD29,16050304,qw,00610,,0,,wat,NUT,966655,0,1979-01-31,1979-01-31,1
USGS,383532118395701,110C N09 E30 32CCC 1    USA Site 20 USGS Well 54,GW,38.59214325,-118.6668023,S,NAD83, 3996.06,.05,NGVD29,16050304,qw,00615,,0,,wat,NUT,197194,0,1979-01-31,1979-01-31,1
USGS,383532118395701,110C N09 E30 32CCC 1    USA Site 20 USGS Well 54,GW,38.59214325,-118.6668023,S,NAD83, 3996.06,.05,NGVD29,16050304,qw,00620,,0,,wat,NUT,197186,0,1979-01-31,1979-01-31,1
USGS,383532118395701,110C N09 E30 32CCC 1    USA Site 20 USGS Well 54,GW,38.59214325,-118.6668023,S,NAD83, 3996.06,.05,NGVD29,16050304,qw,00680,,0,,wat,OOT,701250,0,1979-01-31,1979-01-31,1
USGS,383532118395701,110C N09 E30 32CCC 1    USA Site 20 USGS Well 54,GW,38.59214325,-118.6668023,S,NAD83, 3996.06,.05,NGVD29,16050304,qw,71845,,0,,wat,NUT,966655,0,1979-01-31,1979-01-31,1
USGS,383534118402201,110C N09 E30 31DCA 1    USA Site  8 USGS Well 59,GW,38.5926988,-118.6737469,S,NAD83, 3980.21,.05,NGVD29,16050304,gw,62610,,0,,wat,,1642461,0,1978-10-31,1995-04-26,7
USGS,383534118402201,110C N09 E30 31DCA 1    USA Site  8 USGS Well 59,GW,38.5926988,-118.6737469,S,NAD83, 3980.21,.05,NGVD29,16050304,gw,62611,,0,,wat,,1642461,0,1978-10-31,1995-04-26,7
USGS,383534118402201,110C N09 E30 31DCA 1    USA Site  8 USGS Well 59,GW,38.5926988,-118.6737469,S,NAD83, 3980.21,.05,NGVD29,16050304,gw,72019,,0,,wat,,1642008,0,1978-10-31,1995-04-26,7
USGS,383539118401901,110C N09 E30 31DDB 1    USA Site  9 USGS Well 58,GW,38.59408768,-118.6729136,S,NAD83, 3980.03,.05,NGVD29,16050304,gw,62610,,0,,wat,,1642461,0,1978-10-30,1995-04-26,5
USGS,383539118401901,110C N09 E30 31DDB 1    USA Site  9 USGS Well 58,GW,38.59408768,-118.6729136,S,NAD83, 3980.03,.05,NGVD29,16050304,gw,62611,,0,,wat,,1642461,0,1978-10-30,1995-04-26,5
USGS,383539118401901,110C N09 E30 31DDB 1    USA Site  9 USGS Well 58,GW,38.59408768,-118.6729136,S,NAD83, 3980.03,.05,NGVD29,16050304,gw,72019,,0,,wat,,1642008,0,1978-10-30,1995-04-26,5
USGS,383541118395301,110C N09 E30 32CBD 1    USA Site 21 USGS Well 55,GW,38.5946432,-118.6656911,S,NAD83, 3996.69,.05,NGVD29,16050304,gw,62610,,0,,wat,,1642461,0,1978-10-26,2000-05-18,8
USGS,383541118395301,110C N09 E30 32CBD 1    USA Site 21 USGS Well 55,GW,38.5946432,-118.6656911,S,NAD83, 3996.69,.05,NGVD29,16050304,gw,62611,,0,,wat,,1642461,0,1978-10-26,2000-05-18,8
USGS,383541118395301,110C N09 E30 32CBD 1    USA Site 21 USGS Well 55,GW,38.5946432,-118.6656911,S,NAD83, 3996.69,.05,NGVD29,16050304,gw,72019,,0,,wat,,1642008,0,1978-10-26,2000-05-18,8
USGS,383541118395301,110C N09 E30 32CBD 1    USA Site 21 USGS Well 55,GW,38.5946432,-118.6656911,S,NAD83, 3996.69,.05,NGVD29,16050304,qw,,,0,,wat,ALL,0,0,1979-01-25,1979-01-25,1
USGS,383541118395301,110C N09 E30 32CBD 1    USA Site 21 USGS Well 55,GW,38.5946432,-118.6656911,S,NAD83, 3996.69,.05,NGVD29,16050304,qw,00010,,0,,wat,PHY,1645597,0,1979-01-25,1979-01-25,1
USGS,383541118395301,110C N09 E30 32CBD 1    USA Site 21 USGS Well 55,GW,38.5946432,-118.6656911,S,NAD83, 3996.69,.05,NGVD29,16050304,qw,00095,,0,,wat,PHY,1646694,0,1979-01-25,1979-01-25,1
USGS,383541118395301,110C N09 E30 32CBD 1    USA Site 21 USGS Well 55,GW,38.5946432,-118.6656911,S,NAD83, 3996.69,.05,NGVD29,16050304,qw,00410,,0,,wat,INN,1640192,0,1979-01-25,1979-01-25,1
USGS,383541118395301,110C N09 E30 32CBD 1    USA Site 21 USGS Well 55,GW,38.5946432,-118.6656911,S,NAD83, 3996.69,.05,NGVD29,16050304,qw,00440,,0,,wat,INN,4788,0,1979-01-25,1979-01-25,1
USGS,383541118395301,110C N09 E30 32CBD 1    USA Site 21 USGS Well 55,GW,38.5946432,-118.6656911,S,NAD83, 3996.69,.05,NGVD29,16050304,qw,00600,,0,,wat,NUT,52450988,0,1979-01-25,1979-01-25,1
USGS,383541118395301,110C N09 E30 32CBD 1    USA Site 21 USGS Well 55,GW,38.5946432,-118.6656911,S,NAD83, 3996.69,.05,NGVD29,16050304,qw,00605,,0,,wat,NUT,17297623,0,1979-01-25,1979-01-25,1
USGS,383541118395301,110C N09 E30 32CBD 1    USA Site 21 USGS Well 55,GW,38.5946432,-118.6656911,S,NAD83, 3996.69,.05,NGVD29,16050304,qw,00610,,0,,wat,NUT,966655,0,1979-01-25,1979-01-25,1
USGS,383541118395301,110C N09 E30 32CBD 1    USA Site 21 USGS Well 55,GW,38.5946432,-118.6656911,S,NAD83, 3996.69,.05,NGVD29,16050304,qw,00615,,0,,wat,NUT,197194,0,1979-01-25,1979-01-25,1
USGS,383541118395301,110C N09 E30 32CBD 1    USA Site 21 USGS Well 55,GW,38.5946432,-118.6656911,S,NAD83, 3996.69,.05,NGVD29,16050304,qw,00620,,0,,wat,NUT,197186,0,1979-01-25,1979-01-25,1
USGS,383541118395301,110C N09 E30 32CBD 1    USA Site 21 USGS Well 55,GW,38.5946432,-118.6656911,S,NAD83, 3996.69,.05,NGVD29,16050304,qw,00680,,0,,wat,OOT,701250,0,1979-01-25,1979-01-25,1
USGS,383541118395301,110C N09 E30 32CBD 1    USA Site 21 USGS Well 55,GW,38.5946432,-118.6656911,S,NAD83, 3996.69,.05,NGVD29,16050304,qw,00900,,0,,wat,PHY,1640416,0,1979-01-25,1979-01-25,1
USGS,383541118395301,110C N09 E30 32CBD 1    USA Site 21 USGS Well 55,GW,38.5946432,-118.6656911,S,NAD83, 3996.69,.05,NGVD29,16050304,qw,00902,,0,,wat,PHY,1640432,0,1979-01-25,1979-01-25,1
USGS,383541118395301,110C N09 E30 32CBD 1    USA Site 21 USGS Well 55,GW,38.5946432,-118.6656911,S,NAD83, 3996.69,.05,NGVD29,16050304,qw,00915,,0,,wat,INM,150268,0,1979-01-25,1979-01-25,1
USGS,383541118395301,110C N09 E30 32CBD 1    USA Site 21 USGS Well 55,GW,38.5946432,-118.6656911,S,NAD83, 3996.69,.05,NGVD29,16050304,qw,00925,,0,,wat,INM,149617,0,1979-01-25,1979-01-25,1
USGS,383541118395301,110C N09 E30 32CBD 1    USA Site 21 USGS Well 55,GW,38.5946432,-118.6656911,S,NAD83, 3996.69,.05,NGVD29,16050304,qw,00930,,0,,wat,INM,149856,0,1979-01-25,1979-01-25,1
USGS,383541118395301,110C N09 E30 32CBD 1    USA Site 21 USGS Well 55,GW,38.5946432,-118.6656911,S,NAD83, 3996.69,.05,NGVD29,16050304,qw,00931,,0,,wat,INM,1640523,0,1979-01-25,1979-01-25,1
USGS,383541118395301,110C N09 E30 32CBD 1    USA Site 21 USGS Well 55,GW,38.5946432,-118.6656911,S,NAD83, 3996.69,.05,NGVD29,16050304,qw,00932,,0,,wat,INM,1646660,0,1979-01-25,1979-01-25,1
USGS,383541118395301,110C N09 E30 32CBD 1    USA Site 21 USGS Well 55,GW,38.5946432,-118.6656911,S,NAD83, 3996.69,.05,NGVD29,16050304,qw,00935,,0,,wat,INM,149740,0,1979-01-25,1979-01-25,1
USGS,383541118395301,110C N09 E30 32CBD 1    USA Site 21 USGS Well 55,GW,38.5946432,-118.6656911,S,NAD83, 3996.69,.05,NGVD29,16050304,qw,00940,,0,,wat,INN,205955,0,1979-01-25,1979-01-25,1
USGS,383541118395301,110C N09 E30 32CBD 1    USA Site 21 USGS Well 55,GW,38.5946432,-118.6656911,S,NAD83, 3996.69,.05,NGVD29,16050304,qw,00945,,0,,wat,INN,197301,0,1979-01-25,1979-01-25,1
USGS,383541118395301,110C N09 E30 32CBD 1    USA Site 21 USGS Well 55,GW,38.5946432,-118.6656911,S,NAD83, 3996.69,.05,NGVD29,16050304,qw,00955,,0,,wat,INN,151977,0,1979-01-25,1979-01-25,1
USGS,383541118395301,110C N09 E30 32CBD 1    USA Site 21 USGS Well 55,GW,38.5946432,-118.6656911,S,NAD83, 3996.69,.05,NGVD29,16050304,qw,70301,,0,,wat,PHY,1642222,0,1979-01-25,1979-01-25,1
USGS,383541118395301,110C N09 E30 32CBD 1    USA Site 21 USGS Well 55,GW,38.5946432,-118.6656911,S,NAD83, 3996.69,.05,NGVD29,16050304,qw,70303,,0,,wat,PHY,1642222,0,1979-01-25,1979-01-25,1
USGS,383541118395301,110C N09 E30 32CBD 1    USA Site 21 USGS Well 55,GW,38.5946432,-118.6656911,S,NAD83, 3996.69,.05,NGVD29,16050304,qw,71845,,0,,wat,NUT,966655,0,1979-01-25,1979-01-25,1
USGS,383541118395301,110C N09 E30 32CBD 1    USA Site 21 USGS Well 55,GW,38.5946432,-118.6656911,S,NAD83, 3996.69,.05,NGVD29,16050304,qw,71900,,0,,wat,IMM,149633,0,1979-01-25,1979-01-25,1
USGS,383543118401701,110C N09 E30 31DAC 1    USA Site 10 USGS Well 57,GW,38.59519877,-118.672358,S,NAD83, 3977.98,.05,NGVD29,16050304,gw,62610,,0,,wat,,1642461,0,1978-10-28,1995-04-26,6
USGS,383543118401701,110C N09 E30 31DAC 1    USA Site 10 USGS Well 57,GW,38.59519877,-118.672358,S,NAD83, 3977.98,.05,NGVD29,16050304,gw,62611,,0,,wat,,1642461,0,1978-10-28,1995-04-26,6
USGS,383543118401701,110C N09 E30 31DAC 1    USA Site 10 USGS Well 57,GW,38.59519877,-118.672358,S,NAD83, 3977.98,.05,NGVD29,16050304,gw,72019,,0,,wat,,1642008,0,1978-10-28,1995-04-26,6
USGS,383550118382201,110C N09 E30 33CAA 1    USGS WELL 2,GW,38.5975,-118.6405556,S,NAD83, 4036,  1,NGVD29,16050304,ad,,,0,,wat,,0,0,2005,2009,4
USGS,383550118382201,110C N09 E30 33CAA 1    USGS WELL 2,GW,38.5975,-118.6405556,S,NAD83, 4036,  1,NGVD29,16050304,aw,,,0,,wat,,0,0,1968,2021,52
USGS,383550118382201,110C N09 E30 33CAA 1    USGS WELL 2,GW,38.5975,-118.6405556,S,NAD83, 4036,  1,NGVD29,16050304,gw,62610,,0,,wat,,1642461,0,1968-03-18,2024-02-29,58
USGS,383550118382201,110C N09 E30 33CAA 1    USGS WELL 2,GW,38.5975,-118.6405556,S,NAD83, 4036,  1,NGVD29,16050304,gw,62611,,0,,wat,,1642461,0,1968-03-18,2024-02-29,58
USGS,383550118382201,110C N09 E30 33CAA 1    USGS WELL 2,GW,38.5975,-118.6405556,S,NAD83, 4036,  1,NGVD29,16050304,gw,72019,,0,,wat,,1642008,0,1968-03-18,2024-02-29,58
USGS,383552118401201,110C N09 E30 31DAB 1    USA Site 11 USGS Well 56,GW,38.59769874,-118.6709691,S,NAD83, 3977.70,.05,NGVD29,16050304,gw,62610,,0,,wat,,1642461,0,1978-10-27,2000-05-18,7
USGS,383552118401201,110C N09 E30 31DAB 1    USA Site 11 USGS Well 56,GW,38.59769874,-118.6709691,S,NAD83, 3977.70,.05,NGVD29,16050304,gw,62611,,0,,wat,,1642461,0,1978-10-27,2000-05-18,7
USGS,383552118401201,110C N09 E30 31DAB 1    USA Site 11 USGS Well 56,GW,38.59769874,-118.6709691,S,NAD83, 3977.70,.05,NGVD29,16050304,gw,72019,,0,,wat,,1642008,0,1978-10-27,2000-05-18,7
USGS,383624118385801,110C N09 E30 29DDD 1    USGS WELL 1,GW,38.60658748,-118.650413,S,NAD83, 4007,  1,NGVD29,16050304,ad,,,0,,wat,,0,0,2005,2009,4
USGS,383624118385801,110C N09 E30 29DDD 1    USGS WELL 1,GW,38.60658748,-118.650413,S,NAD83, 4007,  1,NGVD29,16050304,aw,,,0,,wat,,0,0,1968,2021,47
USGS,383624118385801,110C N09 E30 29DDD 1    USGS WELL 1,GW,38.60658748,-118.650413,S,NAD83, 4007,  1,NGVD29,16050304,gw,62610,,0,,wat,,1642461,0,1968-03-18,2024-02-29,53
USGS,383624118385801,110C N09 E30 29DDD 1    USGS WELL 1,GW,38.60658748,-118.650413,S,NAD83, 4007,  1,NGVD29,16050304,gw,62611,,0,,wat,,1642461,0,1968-03-18,2024-02-29,53
USGS,383624118385801,110C N09 E30 29DDD 1    USGS WELL 1,GW,38.60658748,-118.650413,S,NAD83, 4007,  1,NGVD29,16050304,gw,72019,,0,,wat,,1642008,0,1968-03-18,2024-02-29,53
USGS,383633119001001,109  N09 E27 30DA  1,GW,38.6090833,-119.0018124,M,NAD83, 4930.00,1,NGVD29,16050301,gw,62610,,0,,wat,,1642461,0,1960-07-01,1960-07-01,1
USGS,383633119001001,109  N09 E27 30DA  1,GW,38.6090833,-119.0018124,M,NAD83, 4930.00,1,NGVD29,16050301,gw,62611,,0,,wat,,1642461,0,1960-07-01,1960-07-01,1
USGS,383633119001001,109  N09 E27 30DA  1,GW,38.6090833,-119.0018124,M,NAD83, 4930.00,1,NGVD29,16050301,gw,72019,,0,,wat,,1642008,0,1960-07-01,1960-07-01,1
USGS,383635118595401,109  N09 E27 29CB  1,GW,38.61130559,-118.9993124,M,NAD83, 4930.00,1,NGVD29,16050301,gw,62610,,0,,wat,,1642461,0,1949-02-01,1949-02-01,1
USGS,383635118595401,109  N09 E27 29CB  1,GW,38.61130559,-118.9993124,M,NAD83, 4930.00,1,NGVD29,16050301,gw,62611,,0,,wat,,1642461,0,1949-02-01,1949-02-01,1
USGS,383635118595401,109  N09 E27 29CB  1,GW,38.61130559,-118.9993124,M,NAD83, 4930.00,1,NGVD29,16050301,gw,72019,,0,,wat,,1642008,0,1949-02-01,1949-02-01,1
USGS,383845118451601,110B N09 E29 16BBAA1    SND,GW,38.64580556,-118.7545,1,NAD83, 4065, 15,NGVD29,16050304,ad,,,0,,wat,,0,0,2005,2005,1
USGS,383845118451601,110B N09 E29 16BBAA1    SND,GW,38.64580556,-118.7545,1,NAD83, 4065, 15,NGVD29,16050304,gw,62610,,0,,wat,,1642461,0,2004-03-16,2010-11-16,6
USGS,383845118451601,110B N09 E29 16BBAA1    SND,GW,38.64580556,-118.7545,1,NAD83, 4065, 15,NGVD29,16050304,gw,62611,,0,,wat,,1642461,0,2004-03-16,2010-11-16,6
USGS,383845118451601,110B N09 E29 16BBAA1    SND,GW,38.64580556,-118.7545,1,NAD83, 4065, 15,NGVD29,16050304,gw,72019,,0,,wat,,1642008,0,2004-03-16,2010-11-16,6
USGS,383902118451301,110B N09 E29 09CBDC1,GW,38.6503925,-118.7545839,S,NAD83, 4020., 10,NGVD29,16050304,gw,62610,,0,,wat,,1642461,0,1984-07-09,2003-09-15,2
USGS,383902118451301,110B N09 E29 09CBDC1,GW,38.6503925,-118.7545839,S,NAD83, 4020., 10,NGVD29,16050304,gw,62611,,0,,wat,,1642461,0,1984-07-09,2003-09-15,2
USGS,383902118451301,110B N09 E29 09CBDC1,GW,38.6503925,-118.7545839,S,NAD83, 4020., 10,NGVD29,16050304,gw,72019,,0,,wat,,1642008,0,1984-07-09,2003-09-15,2
USGS,383902118451301,110B N09 E29 09CBDC1,GW,38.6503925,-118.7545839,S,NAD83, 4020., 10,NGVD29,16050304,qw,,,0,,wat,ALL,0,0,2003-09-15,2003-09-15,1
USGS,383902118451301,110B N09 E29 09CBDC1,GW,38.6503925,-118.7545839,S,NAD83, 4020., 10,NGVD29,16050304,qw,00010,,0,,wat,PHY,1645597,0,2003-09-15,2003-09-15,1
USGS,383902118451301,110B N09 E29 09CBDC1,GW,38.6503925,-118.7545839,S,NAD83, 4020., 10,NGVD29,16050304,qw,00025,,0,,wat,PHY,1641265,0,2003-09-15,2003-09-15,1
USGS,383902118451301,110B N09 E29 09CBDC1,GW,38.6503925,-118.7545839,S,NAD83, 4020., 10,NGVD29,16050304,qw,00028,,0,,wat,INF,0,0,2003-09-15,2003-09-15,1
USGS,383902118451301,110B N09 E29 09CBDC1,GW,38.6503925,-118.7545839,S,NAD83, 4020., 10,NGVD29,16050304,qw,00059,,0,,wat,PHY,1643253,0,2003-09-15,2003-09-15,1
USGS,383902118451301,110B N09 E29 09CBDC1,GW,38.6503925,-118.7545839,S,NAD83, 4020., 10,NGVD29,16050304,qw,00095,,0,,wat,PHY,1646694,0,2003-09-15,2003-09-15,1
USGS,383902118451301,110B N09 E29 09CBDC1,GW,38.6503925,-118.7545839,S,NAD83, 4020., 10,NGVD29,16050304,qw,00191,,0,,wat,INN,1640572,0,2003-09-15,2003-09-15,1
USGS,383902118451301,110B N09 E29 09CBDC1,GW,38.6503925,-118.7545839,S,NAD83, 4020., 10,NGVD29,16050304,qw,00300,,0,,wat,INN,154302,0,2003-09-15,2003-09-15,1
USGS,383902118451301,110B N09 E29 09CBDC1,GW,38.6503925,-118.7545839,S,NAD83, 4020., 10,NGVD29,16050304,qw,00301,,0,,wat,INN,154302,0,2003-09-15,2003-09-15,1
USGS,383902118451301,110B N09 E29 09CBDC1,GW,38.6503925,-118.7545839,S,NAD83, 4020., 10,NGVD29,16050304,qw,00400,,0,,wat,PHY,17028275,0,2003-09-15,2003-09-15,1
USGS,383902118451301,110B N09 E29 09CBDC1,GW,38.6503925,-118.7545839,S,NAD83, 4020., 10,NGVD29,16050304,qw,00602,,0,,wat,NUT,52450988,0,2003-09-15,2003-09-15,1
USGS,383902118451301,110B N09 E29 09CBDC1,GW,38.6503925,-118.7545839,S,NAD83, 4020., 10,NGVD29,16050304,qw,00607,,0,,wat,NUT,17297623,0,2003-09-15,2003-09-15,1
USGS,383902118451301,110B N09 E29 09CBDC1,GW,38.6503925,-118.7545839,S,NAD83, 4020., 10,NGVD29,16050304,qw,00608,,0,,wat,NUT,966655,0,2003-09-15,2003-09-15,1
USGS,383902118451301,110B N09 E29 09CBDC1,GW,38.6503925,-118.7545839,S,NAD83, 4020., 10,NGVD29,16050304,qw,00613,,0,,wat,NUT,197194,0,2003-09-15,2003-09-15,1
USGS,383902118451301,110B N09 E29 09CBDC1,GW,38.6503925,-118.7545839,S,NAD83, 4020., 10,NGVD29,16050304,qw,00618,,0,,wat,NUT,197186,0,2003-09-15,2003-09-15,1
USGS,383902118451301,110B N09 E29 09CBDC1,GW,38.6503925,-118.7545839,S,NAD83, 4020., 10,NGVD29,16050304,qw,00623,,0,,wat,NUT,17148461,0,2003-09-15,2003-09-15,1
USGS,383902118451301,110B N09 E29 09CBDC1,GW,38.6503925,-118.7545839,S,NAD83, 4020., 10,NGVD29,16050304,qw,00631,,0,,wat,NUT,701177,0,2003-09-15,2003-09-15,1
USGS,383902118451301,110B N09 E29 09CBDC1,GW,38.6503925,-118.7545839,S,NAD83, 4020., 10,NGVD29,16050304,qw,00660,,0,,wat,NUT,194464,0,2003-09-15,2003-09-15,1
USGS,383902118451301,110B N09 E29 09CBDC1,GW,38.6503925,-118.7545839,S,NAD83, 4020., 10,NGVD29,16050304,qw,00671,,0,,wat,NUT,194464,0,2003-09-15,2003-09-15,1
USGS,383902118451301,110B N09 E29 09CBDC1,GW,38.6503925,-118.7545839,S,NAD83, 4020., 10,NGVD29,16050304,qw,30210,,0,,wat,PHY,1642040,0,2003-09-15,2003-09-15,1
USGS,383902118451301,110B N09 E29 09CBDC1,GW,38.6503925,-118.7545839,S,NAD83, 4020., 10,NGVD29,16050304,qw,70300,,0,,wat,PHY,1642222,0,2003-09-15,2003-09-15,1
USGS,383902118451301,110B N09 E29 09CBDC1,GW,38.6503925,-118.7545839,S,NAD83, 4020., 10,NGVD29,16050304,qw,70303,,0,,wat,PHY,1642222,0,2003-09-15,2003-09-15,1
USGS,383902118451301,110B N09 E29 09CBDC1,GW,38.6503925,-118.7545839,S,NAD83, 4020., 10,NGVD29,16050304,qw,71846,,0,,wat,NUT,966655,0,2003-09-15,2003-09-15,1
USGS,383902118451301,110B N09 E29 09CBDC1,GW,38.6503925,-118.7545839,S,NAD83, 4020., 10,NGVD29,16050304,qw,71851,,0,,wat,NUT,197186,0,2003-09-15,2003-09-15,1
USGS,383902118451301,110B N09 E29 09CBDC1,GW,38.6503925,-118.7545839,S,NAD83, 4020., 10,NGVD29,16050304,qw,71856,,0,,wat,NUT,197194,0,2003-09-15,2003-09-15,1
USGS,383902118451301,110B N09 E29 09CBDC1,GW,38.6503925,-118.7545839,S,NAD83, 4020., 10,NGVD29,16050304,qw,72019,,0,,wat,PHY,1642008,0,2003-09-15,2003-09-15,1
USGS,383912118451601,110B N09 E29 09CBAA1,GW,38.65341667,-118.7545556,1,NAD83, 4015, 15,NGVD29,16050304,ad,,,0,,wat,,0,0,2007,2007,1
USGS,383912118451601,110B N09 E29 09CBAA1,GW,38.65341667,-118.7545556,1,NAD83, 4015, 15,NGVD29,16050304,gw,62610,,0,,wat,,1642461,0,2004-03-16,2006-12-06,3
USGS,383912118451601,110B N09 E29 09CBAA1,GW,38.65341667,-118.7545556,1,NAD83, 4015, 15,NGVD29,16050304,gw,62611,,0,,wat,,1642461,0,2004-03-16,2006-12-06,3
USGS,383912118451601,110B N09 E29 09CBAA1,GW,38.65341667,-118.7545556,1,NAD83, 4015, 15,NGVD29,16050304,gw,72019,,0,,wat,,1642008,0,2004-03-16,2006-12-06,3
USGS,383919118454101,110B N09 E29 08ADC 1    RVP,GW,38.65516667,-118.7613889,1,NAD83, 4092, 15,NGVD29,16050304,ad,,,0,,wat,,0,0,2007,2008,2
USGS,383919118454101,110B N09 E29 08ADC 1    RVP,GW,38.65516667,-118.7613889,1,NAD83, 4092, 15,NGVD29,16050304,gw,62610,,0,,wat,,1642461,0,1979-09-03,2013-12-04,47
USGS,383919118454101,110B N09 E29 08ADC 1    RVP,GW,38.65516667,-118.7613889,1,NAD83, 4092, 15,NGVD29,16050304,gw,62611,,0,,wat,,1642461,0,1979-09-03,2013-12-04,47
USGS,383919118454101,110B N09 E29 08ADC 1    RVP,GW,38.65516667,-118.7613889,1,NAD83, 4092, 15,NGVD29,16050304,gw,72019,,0,,wat,,1642008,0,1979-09-03,2013-12-04,47
USGS,383919118454102,110B  N09 E29 08ADC 2    RVP2,GW,38.65516667,-118.7613889,E,NAD83, 4093,4.3,NAVD88,16050304,aw,,,0,,wat,,0,0,2015,2021,13
USGS,383919118454102,110B  N09 E29 08ADC 2    RVP2,GW,38.65516667,-118.7613889,E,NAD83, 4093,4.3,NAVD88,16050304,gw,62610,,0,,wat,,1642461,0,2015-04-02,2023-03-16,16
USGS,383919118454102,110B  N09 E29 08ADC 2    RVP2,GW,38.65516667,-118.7613889,E,NAD83, 4093,4.3,NAVD88,16050304,gw,62611,,0,,wat,,1642461,0,2015-04-02,2023-03-16,16
USGS,383919118454102,110B  N09 E29 08ADC 2    RVP2,GW,38.65516667,-118.7613889,E,NAD83, 4093,4.3,NAVD88,16050304,gw,72019,,0,,wat,,1642008,0,2015-04-02,2023-03-16,16
USGS,384017118584901,109  N09 E27 04BB  1,GW,38.67130584,-118.9812572,M,NAD83, 4790.00,1,NGVD29,16050301,gw,62610,,0,,wat,,1642461,0,1949-02-01,1949-02-01,1
USGS,384017118584901,109  N09 E27 04BB  1,GW,38.67130584,-118.9812572,M,NAD83, 4790.00,1,NGVD29,16050301,gw,62611,,0,,wat,,1642461,0,1949-02-01,1949-02-01,1
USGS,384017118584901,109  N09 E27 04BB  1,GW,38.67130584,-118.9812572,M,NAD83, 4790.00,1,NGVD29,16050301,gw,72019,,0,,wat,,1642008,0,1949-02-01,1949-02-01,1
USGS,384234118390801,110B N10 E30 20DDAB1    EAST LAKE SHALLOW,GW,38.70938889,-118.6522778,1,NAD83, 4131, 25,NGVD29,16050303,ad,,,0,,wat,,0,0,2007,2008,2
USGS,384234118390801,110B N10 E30 20DDAB1    EAST LAKE SHALLOW,GW,38.70938889,-118.6522778,1,NAD83, 4131, 25,NGVD29,16050303,aw,,,0,,wat,,0,0,2007,2021,65
USGS,384234118390801,110B N10 E30 20DDAB1    EAST LAKE SHALLOW,GW,38.70938889,-118.6522778,1,NAD83, 4131, 25,NGVD29,16050303,gw,62610,,0,,wat,,1642461,0,2007-03-12,2023-03-16,69
USGS,384234118390801,110B N10 E30 20DDAB1    EAST LAKE SHALLOW,GW,38.70938889,-118.6522778,1,NAD83, 4131, 25,NGVD29,16050303,gw,62611,,0,,wat,,1642461,0,2007-03-12,2023-03-16,69
USGS,384234118390801,110B N10 E30 20DDAB1    EAST LAKE SHALLOW,GW,38.70938889,-118.6522778,1,NAD83, 4131, 25,NGVD29,16050303,gw,72019,,0,,wat,,1642008,0,2007-03-12,2023-03-16,69
USGS,384234118390801,110B N10 E30 20DDAB1    EAST LAKE SHALLOW,GW,38.70938889,-118.6522778,1,NAD83, 4131, 25,NGVD29,16050303,qw,,,0,,wat,ALL,0,0,2007-07-10,2007-07-10,1
USGS,384234118390801,110B N10 E30 20DDAB1    EAST LAKE SHALLOW,GW,38.70938889,-118.6522778,1,NAD83, 4131, 25,NGVD29,16050303,qw,00003,,0,,wat,INF,0,0,2007-07-10,2007-07-10,1
USGS,384234118390801,110B N10 E30 20DDAB1    EAST LAKE SHALLOW,GW,38.70938889,-118.6522778,1,NAD83, 4131, 25,NGVD29,16050303,qw,00010,,0,,wat,PHY,1645597,0,2007-07-10,2007-07-10,1
USGS,384234118390801,110B N10 E30 20DDAB1    EAST LAKE SHALLOW,GW,38.70938889,-118.6522778,1,NAD83, 4131, 25,NGVD29,16050303,qw,00020,,0,,wat,PHY,1645712,0,2007-07-10,2007-07-10,1
USGS,384234118390801,110B N10 E30 20DDAB1    EAST LAKE SHALLOW,GW,38.70938889,-118.6522778,1,NAD83, 4131, 25,NGVD29,16050303,qw,00025,,0,,wat,PHY,1641265,0,2007-07-10,2007-07-10,1
USGS,384234118390801,110B N10 E30 20DDAB1    EAST LAKE SHALLOW,GW,38.70938889,-118.6522778,1,NAD83, 4131, 25,NGVD29,16050303,qw,00059,,0,,wat,PHY,1643253,0,2007-07-10,2007-07-10,1
USGS,384234118390801,110B N10 E30 20DDAB1    EAST LAKE SHALLOW,GW,38.70938889,-118.6522778,1,NAD83, 4131, 25,NGVD29,16050303,qw,00095,,0,,wat,PHY,1646694,0,2007-07-10,2007-07-10,1
USGS,384234118390801,110B N10 E30 20DDAB1    EAST LAKE SHALLOW,GW,38.70938889,-118.6522778,1,NAD83, 4131, 25,NGVD29,16050303,qw,00191,,0,,wat,INN,1640572,0,2007-07-10,2007-07-10,1
USGS,384234118390801,110B N10 E30 20DDAB1    EAST LAKE SHALLOW,GW,38.70938889,-118.6522778,1,NAD83, 4131, 25,NGVD29,16050303,qw,00300,,0,,wat,INN,154302,0,2007-07-10,2007-07-10,1
USGS,384234118390801,110B N10 E30 20DDAB1    EAST LAKE SHALLOW,GW,38.70938889,-118.6522778,1,NAD83, 4131, 25,NGVD29,16050303,qw,00301,,0,,wat,INN,154302,0,2007-07-10,2007-07-10,1
USGS,384234118390801,110B N10 E30 20DDAB1    EAST LAKE SHALLOW,GW,38.70938889,-118.6522778,1,NAD83, 4131, 25,NGVD29,16050303,qw,00400,,0,,wat,PHY,17028275,0,2007-07-10,2007-07-10,1
USGS,384234118390801,110B N10 E30 20DDAB1    EAST LAKE SHALLOW,GW,38.70938889,-118.6522778,1,NAD83, 4131, 25,NGVD29,16050303,qw,00403,,0,,wat,PHY,1644335,0,2007-07-10,2007-07-10,1
USGS,384234118390801,110B N10 E30 20DDAB1    EAST LAKE SHALLOW,GW,38.70938889,-118.6522778,1,NAD83, 4131, 25,NGVD29,16050303,qw,00405,,0,,wat,INN,33548,0,2007-07-10,2007-07-10,1
USGS,384234118390801,110B N10 E30 20DDAB1    EAST LAKE SHALLOW,GW,38.70938889,-118.6522778,1,NAD83, 4131, 25,NGVD29,16050303,qw,00900,,0,,wat,PHY,1640416,0,2007-07-10,2007-07-10,1
USGS,384234118390801,110B N10 E30 20DDAB1    EAST LAKE SHALLOW,GW,38.70938889,-118.6522778,1,NAD83, 4131, 25,NGVD29,16050303,qw,00915,,0,,wat,INM,150268,0,2007-07-10,2007-07-10,1
USGS,384234118390801,110B N10 E30 20DDAB1    EAST LAKE SHALLOW,GW,38.70938889,-118.6522778,1,NAD83, 4131, 25,NGVD29,16050303,qw,00925,,0,,wat,INM,149617,0,2007-07-10,2007-07-10,1
USGS,384234118390801,110B N10 E30 20DDAB1    EAST LAKE SHALLOW,GW,38.70938889,-118.6522778,1,NAD83, 4131, 25,NGVD29,16050303,qw,00930,,0,,wat,INM,149856,0,2007-07-10,2007-07-10,1
USGS,384234118390801,110B N10 E30 20DDAB1    EAST LAKE SHALLOW,GW,38.70938889,-118.6522778,1,NAD83, 4131, 25,NGVD29,16050303,qw,00931,,0,,wat,INM,1640523,0,2007-07-10,2007-07-10,1
USGS,384234118390801,110B N10 E30 20DDAB1    EAST LAKE SHALLOW,GW,38.70938889,-118.6522778,1,NAD83, 4131, 25,NGVD29,16050303,qw,00932,,0,,wat,INM,1646660,0,2007-07-10,2007-07-10,1
USGS,384234118390801,110B N10 E30 20DDAB1    EAST LAKE SHALLOW,GW,38.70938889,-118.6522778,1,NAD83, 4131, 25,NGVD29,16050303,qw,00935,,0,,wat,INM,149740,0,2007-07-10,2007-07-10,1
USGS,384234118390801,110B N10 E30 20DDAB1    EAST LAKE SHALLOW,GW,38.70938889,-118.6522778,1,NAD83, 4131, 25,NGVD29,16050303,qw,00940,,0,,wat,INN,205955,0,2007-07-10,2007-07-10,1
USGS,384234118390801,110B N10 E30 20DDAB1    EAST LAKE SHALLOW,GW,38.70938889,-118.6522778,1,NAD83, 4131, 25,NGVD29,16050303,qw,00945,,0,,wat,INN,197301,0,2007-07-10,2007-07-10,1
USGS,384234118390801,110B N10 E30 20DDAB1    EAST LAKE SHALLOW,GW,38.70938889,-118.6522778,1,NAD83, 4131, 25,NGVD29,16050303,qw,00950,,0,,wat,INN,206706,0,2007-07-10,2007-07-10,1
USGS,384234118390801,110B N10 E30 20DDAB1    EAST LAKE SHALLOW,GW,38.70938889,-118.6522778,1,NAD83, 4131, 25,NGVD29,16050303,qw,00955,,0,,wat,INN,151977,0,2007-07-10,2007-07-10,1
USGS,384234118390801,110B N10 E30 20DDAB1    EAST LAKE SHALLOW,GW,38.70938889,-118.6522778,1,NAD83, 4131, 25,NGVD29,16050303,qw,01046,,0,,wat,IMM,149559,0,2007-07-10,2007-07-10,1
USGS,384234118390801,110B N10 E30 20DDAB1    EAST LAKE SHALLOW,GW,38.70938889,-118.6522778,1,NAD83, 4131, 25,NGVD29,16050303,qw,01056,,0,,wat,IMM,149625,0,2007-07-10,2007-07-10,1
USGS,384234118390801,110B N10 E30 20DDAB1    EAST LAKE SHALLOW,GW,38.70938889,-118.6522778,1,NAD83, 4131, 25,NGVD29,16050303,qw,22603,,0,,wat,RAD,150185,0,2007-07-10,2007-07-10,1
USGS,384234118390801,110B N10 E30 20DDAB1    EAST LAKE SHALLOW,GW,38.70938889,-118.6522778,1,NAD83, 4131, 25,NGVD29,16050303,qw,22610,,0,,wat,RAD,192708,0,2007-07-10,2007-07-10,1
USGS,384234118390801,110B N10 E30 20DDAB1    EAST LAKE SHALLOW,GW,38.70938889,-118.6522778,1,NAD83, 4131, 25,NGVD29,16050303,qw,22620,,0,,wat,RAD,198606,0,2007-07-10,2007-07-10,1
USGS,384234118390801,110B N10 E30 20DDAB1    EAST LAKE SHALLOW,GW,38.70938889,-118.6522778,1,NAD83, 4131, 25,NGVD29,16050303,qw,29801,,0,,wat,INN,1640192,0,2007-07-10,2007-07-10,1
USGS,384234118390801,110B N10 E30 20DDAB1    EAST LAKE SHALLOW,GW,38.70938889,-118.6522778,1,NAD83, 4131, 25,NGVD29,16050303,qw,30210,,0,,wat,PHY,1642040,0,2007-07-10,2007-07-10,1
USGS,384234118390801,110B N10 E30 20DDAB1    EAST LAKE SHALLOW,GW,38.70938889,-118.6522778,1,NAD83, 4131, 25,NGVD29,16050303,qw,49932,,0,,wat,ISO,967356,0,2007-07-10,2007-07-10,1
USGS,384234118390801,110B N10 E30 20DDAB1    EAST LAKE SHALLOW,GW,38.70938889,-118.6522778,1,NAD83, 4131, 25,NGVD29,16050303,qw,70300,,0,,wat,PHY,1642222,0,2007-07-10,2007-07-10,1
USGS,384234118390801,110B N10 E30 20DDAB1    EAST LAKE SHALLOW,GW,38.70938889,-118.6522778,1,NAD83, 4131, 25,NGVD29,16050303,qw,70301,,0,,wat,PHY,1642222,0,2007-07-10,2007-07-10,1
USGS,384234118390801,110B N10 E30 20DDAB1    EAST LAKE SHALLOW,GW,38.70938889,-118.6522778,1,NAD83, 4131, 25,NGVD29,16050303,qw,70303,,0,,wat,PHY,1642222,0,2007-07-10,2007-07-10,1
USGS,384234118390801,110B N10 E30 20DDAB1    EAST LAKE SHALLOW,GW,38.70938889,-118.6522778,1,NAD83, 4131, 25,NGVD29,16050303,qw,71870,,0,,wat,INN,227538,0,2007-07-10,2007-07-10,1
USGS,384234118390801,110B N10 E30 20DDAB1    EAST LAKE SHALLOW,GW,38.70938889,-118.6522778,1,NAD83, 4131, 25,NGVD29,16050303,qw,72019,,0,,wat,PHY,1642008,0,2007-07-10,2007-07-10,1
USGS,384234118390801,110B N10 E30 20DDAB1    EAST LAKE SHALLOW,GW,38.70938889,-118.6522778,1,NAD83, 4131, 25,NGVD29,16050303,qw,90095,,0,,wat,PHY,1646694,0,2007-07-10,2007-07-10,1
USGS,384234118390802,110B N10 E30 20DDAB2    EAST LAKE DEEP,GW,38.70938889,-118.6522778,1,NAD83, 4131, 25,NGVD29,16050303,ad,,,0,,wat,,0,0,2007,2008,2
USGS,384234118390802,110B N10 E30 20DDAB2    EAST LAKE DEEP,GW,38.70938889,-118.6522778,1,NAD83, 4131, 25,NGVD29,16050303,aw,,,0,,wat,,0,0,2007,2021,66
USGS,384234118390802,110B N10 E30 20DDAB2    EAST LAKE DEEP,GW,38.70938889,-118.6522778,1,NAD83, 4131, 25,NGVD29,16050303,gw,62610,,0,,wat,,1642461,0,2007-03-12,2023-03-16,70
USGS,384234118390802,110B N10 E30 20DDAB2    EAST LAKE DEEP,GW,38.70938889,-118.6522778,1,NAD83, 4131, 25,NGVD29,16050303,gw,62611,,0,,wat,,1642461,0,2007-03-12,2023-03-16,70
USGS,384234118390802,110B N10 E30 20DDAB2    EAST LAKE DEEP,GW,38.70938889,-118.6522778,1,NAD83, 4131, 25,NGVD29,16050303,gw,72019,,0,,wat,,1642008,0,2007-03-12,2023-03-16,70
USGS,384234118390802,110B N10 E30 20DDAB2    EAST LAKE DEEP,GW,38.70938889,-118.6522778,1,NAD83, 4131, 25,NGVD29,16050303,qw,,,0,,wat,ALL,0,0,2007-07-10,2007-07-10,2
USGS,384234118390802,110B N10 E30 20DDAB2    EAST LAKE DEEP,GW,38.70938889,-118.6522778,1,NAD83, 4131, 25,NGVD29,16050303,qw,00003,,0,,wat,INF,0,0,2007-07-10,2007-07-10,1
USGS,384234118390802,110B N10 E30 20DDAB2    EAST LAKE DEEP,GW,38.70938889,-118.6522778,1,NAD83, 4131, 25,NGVD29,16050303,qw,00010,,0,,wat,PHY,1645597,0,2007-07-10,2007-07-10,1
USGS,384234118390802,110B N10 E30 20DDAB2    EAST LAKE DEEP,GW,38.70938889,-118.6522778,1,NAD83, 4131, 25,NGVD29,16050303,qw,00059,,0,,wat,PHY,1643253,0,2007-07-10,2007-07-10,1
USGS,384234118390802,110B N10 E30 20DDAB2    EAST LAKE DEEP,GW,38.70938889,-118.6522778,1,NAD83, 4131, 25,NGVD29,16050303,qw,00095,,0,,wat,PHY,1646694,0,2007-07-10,2007-07-10,1
USGS,384234118390802,110B N10 E30 20DDAB2    EAST LAKE DEEP,GW,38.70938889,-118.6522778,1,NAD83, 4131, 25,NGVD29,16050303,qw,00191,,0,,wat,INN,1640572,0,2007-07-10,2007-07-10,1
USGS,384234118390802,110B N10 E30 20DDAB2    EAST LAKE DEEP,GW,38.70938889,-118.6522778,1,NAD83, 4131, 25,NGVD29,16050303,qw,00300,,0,,wat,INN,154302,0,2007-07-10,2007-07-10,1
USGS,384234118390802,110B N10 E30 20DDAB2    EAST LAKE DEEP,GW,38.70938889,-118.6522778,1,NAD83, 4131, 25,NGVD29,16050303,qw,00400,,0,,wat,PHY,17028275,0,2007-07-10,2007-07-10,1
USGS,384234118390802,110B N10 E30 20DDAB2    EAST LAKE DEEP,GW,38.70938889,-118.6522778,1,NAD83, 4131, 25,NGVD29,16050303,qw,00403,,0,,wat,PHY,1644335,0,2007-07-10,2007-07-10,1
USGS,384234118390802,110B N10 E30 20DDAB2    EAST LAKE DEEP,GW,38.70938889,-118.6522778,1,NAD83, 4131, 25,NGVD29,16050303,qw,00405,,0,,wat,INN,33548,0,2007-07-10,2007-07-10,1
USGS,384234118390802,110B N10 E30 20DDAB2    EAST LAKE DEEP,GW,38.70938889,-118.6522778,1,NAD83, 4131, 25,NGVD29,16050303,qw,00900,,0,,wat,PHY,1640416,0,2007-07-10,2007-07-10,1
USGS,384234118390802,110B N10 E30 20DDAB2    EAST LAKE DEEP,GW,38.70938889,-118.6522778,1,NAD83, 4131, 25,NGVD29,16050303,qw,00915,,0,,wat,INM,150268,0,2007-07-10,2007-07-10,1
USGS,384234118390802,110B N10 E30 20DDAB2    EAST LAKE DEEP,GW,38.70938889,-118.6522778,1,NAD83, 4131, 25,NGVD29,16050303,qw,00925,,0,,wat,INM,149617,0,2007-07-10,2007-07-10,1
USGS,384234118390802,110B N10 E30 20DDAB2    EAST LAKE DEEP,GW,38.70938889,-118.6522778,1,NAD83, 4131, 25,NGVD29,16050303,qw,00930,,0,,wat,INM,149856,0,2007-07-10,2007-07-10,1
USGS,384234118390802,110B N10 E30 20DDAB2    EAST LAKE DEEP,GW,38.70938889,-118.6522778,1,NAD83, 4131, 25,NGVD29,16050303,qw,00931,,0,,wat,INM,1640523,0,2007-07-10,2007-07-10,1
USGS,384234118390802,110B N10 E30 20DDAB2    EAST LAKE DEEP,GW,38.70938889,-118.6522778,1,NAD83, 4131, 25,NGVD29,16050303,qw,00932,,0,,wat,INM,1646660,0,2007-07-10,2007-07-10,1
USGS,384234118390802,110B N10 E30 20DDAB2    EAST LAKE DEEP,GW,38.70938889,-118.6522778,1,NAD83, 4131, 25,NGVD29,16050303,qw,00935,,0,,wat,INM,149740,0,2007-07-10,2007-07-10,1
USGS,384234118390802,110B N10 E30 20DDAB2    EAST LAKE DEEP,GW,38.70938889,-118.6522778,1,NAD83, 4131, 25,NGVD29,16050303,qw,00940,,0,,wat,INN,205955,0,2007-07-10,2007-07-10,1
USGS,384234118390802,110B N10 E30 20DDAB2    EAST LAKE DEEP,GW,38.70938889,-118.6522778,1,NAD83, 4131, 25,NGVD29,16050303,qw,00945,,0,,wat,INN,197301,0,2007-07-10,2007-07-10,1
USGS,384234118390802,110B N10 E30 20DDAB2    EAST LAKE DEEP,GW,38.70938889,-118.6522778,1,NAD83, 4131, 25,NGVD29,16050303,qw,00950,,0,,wat,INN,206706,0,2007-07-10,2007-07-10,1
USGS,384234118390802,110B N10 E30 20DDAB2    EAST LAKE DEEP,GW,38.70938889,-118.6522778,1,NAD83, 4131, 25,NGVD29,16050303,qw,00955,,0,,wat,INN,151977,0,2007-07-10,2007-07-10,1
USGS,384234118390802,110B N10 E30 20DDAB2    EAST LAKE DEEP,GW,38.70938889,-118.6522778,1,NAD83, 4131, 25,NGVD29,16050303,qw,01046,,0,,wat,IMM,149559,0,2007-07-10,2007-07-10,1
USGS,384234118390802,110B N10 E30 20DDAB2    EAST LAKE DEEP,GW,38.70938889,-118.6522778,1,NAD83, 4131, 25,NGVD29,16050303,qw,01056,,0,,wat,IMM,149625,0,2007-07-10,2007-07-10,1
USGS,384234118390802,110B N10 E30 20DDAB2    EAST LAKE DEEP,GW,38.70938889,-118.6522778,1,NAD83, 4131, 25,NGVD29,16050303,qw,22603,,0,,wat,RAD,150185,0,2007-07-10,2007-07-10,1
USGS,384234118390802,110B N10 E30 20DDAB2    EAST LAKE DEEP,GW,38.70938889,-118.6522778,1,NAD83, 4131, 25,NGVD29,16050303,qw,22610,,0,,wat,RAD,192708,0,2007-07-10,2007-07-10,1
USGS,384234118390802,110B N10 E30 20DDAB2    EAST LAKE DEEP,GW,38.70938889,-118.6522778,1,NAD83, 4131, 25,NGVD29,16050303,qw,22620,,0,,wat,RAD,198606,0,2007-07-10,2007-07-10,1
USGS,384234118390802,110B N10 E30 20DDAB2    EAST LAKE DEEP,GW,38.70938889,-118.6522778,1,NAD83, 4131, 25,NGVD29,16050303,qw,29801,,0,,wat,INN,1640192,0,2007-07-10,2007-07-10,1
USGS,384234118390802,110B N10 E30 20DDAB2    EAST LAKE DEEP,GW,38.70938889,-118.6522778,1,NAD83, 4131, 25,NGVD29,16050303,qw,30210,,0,,wat,PHY,1642040,0,2007-07-10,2007-07-10,1
USGS,384234118390802,110B N10 E30 20DDAB2    EAST LAKE DEEP,GW,38.70938889,-118.6522778,1,NAD83, 4131, 25,NGVD29,16050303,qw,49932,,0,,wat,ISO,967356,0,2007-07-10,2007-07-10,1
USGS,384234118390802,110B N10 E30 20DDAB2    EAST LAKE DEEP,GW,38.70938889,-118.6522778,1,NAD83, 4131, 25,NGVD29,16050303,qw,70300,,0,,wat,PHY,1642222,0,2007-07-10,2007-07-10,1
USGS,384234118390802,110B N10 E30 20DDAB2    EAST LAKE DEEP,GW,38.70938889,-118.6522778,1,NAD83, 4131, 25,NGVD29,16050303,qw,70301,,0,,wat,PHY,1642222,0,2007-07-10,2007-07-10,1
USGS,384234118390802,110B N10 E30 20DDAB2    EAST LAKE DEEP,GW,38.70938889,-118.6522778,1,NAD83, 4131, 25,NGVD29,16050303,qw,70303,,0,,wat,PHY,1642222,0,2007-07-10,2007-07-10,1
USGS,384234118390802,110B N10 E30 20DDAB2    EAST LAKE DEEP,GW,38.70938889,-118.6522778,1,NAD83, 4131, 25,NGVD29,16050303,qw,71870,,0,,wat,INN,227538,0,2007-07-10,2007-07-10,1
USGS,384234118390802,110B N10 E30 20DDAB2    EAST LAKE DEEP,GW,38.70938889,-118.6522778,1,NAD83, 4131, 25,NGVD29,16050303,qw,72019,,0,,wat,PHY,1642008,0,2007-07-10,2007-07-10,1
USGS,384234118390802,110B N10 E30 20DDAB2    EAST LAKE DEEP,GW,38.70938889,-118.6522778,1,NAD83, 4131, 25,NGVD29,16050303,qw,82082,,0,,wat,ISO,1642107,0,2007-07-10,2007-07-10,2
USGS,384234118390802,110B N10 E30 20DDAB2    EAST LAKE DEEP,GW,38.70938889,-118.6522778,1,NAD83, 4131, 25,NGVD29,16050303,qw,82085,,0,,wat,ISO,967034,0,2007-07-10,2007-07-10,2
USGS,384234118390802,110B N10 E30 20DDAB2    EAST LAKE DEEP,GW,38.70938889,-118.6522778,1,NAD83, 4131, 25,NGVD29,16050303,qw,90095,,0,,wat,PHY,1646694,0,2007-07-10,2007-07-10,1
USGS,384726119083501,108  N11 E25 26BADB1    USBLM,GW,38.7917222,-119.1546667,1,NAD83, 4827, 15,NGVD29,16050303,gw,62610,,0,,wat,,1642461,0,1966-03-18,2004-02-23,3
USGS,384726119083501,108  N11 E25 26BADB1    USBLM,GW,38.7917222,-119.1546667,1,NAD83, 4827, 15,NGVD29,16050303,gw,62611,,0,,wat,,1642461,0,1966-03-18,2004-02-23,3
USGS,384726119083501,108  N11 E25 26BADB1    USBLM,GW,38.7917222,-119.1546667,1,NAD83, 4827, 15,NGVD29,16050303,gw,72019,,0,,wat,,1642008,0,1966-03-18,2004-02-23,3
USGS,384748118433801,110B N11 E29       5    MOUTH LB1,GW,38.79680556,-118.7273333,1,NAD83, 3949,  1,NGVD29,16050304,ad,,,0,,wat,,0,0,2005,2005,1
USGS,384748118433801,110B N11 E29       5    MOUTH LB1,GW,38.79680556,-118.7273333,1,NAD83, 3949,  1,NGVD29,16050304,gw,62610,,0,,wat,,1642461,0,2005-02-16,2005-05-12,2
USGS,384748118433801,110B N11 E29       5    MOUTH LB1,GW,38.79680556,-118.7273333,1,NAD83, 3949,  1,NGVD29,16050304,gw,62611,,0,,wat,,1642461,0,2005-02-16,2005-05-12,2
USGS,384748118433801,110B N11 E29       5    MOUTH LB1,GW,38.79680556,-118.7273333,1,NAD83, 3949,  1,NGVD29,16050304,gw,72019,,0,,wat,,1642008,0,2005-02-16,2005-05-12,2
USGS,384748118434401,110B N11 E29       2    MOUTH RB DS1,GW,38.7965833,-118.7288889,1,NAD83, 3948,  1,NGVD29,16050304,ad,,,0,,wat,,0,0,2005,2005,1
USGS,384748118434401,110B N11 E29       2    MOUTH RB DS1,GW,38.7965833,-118.7288889,1,NAD83, 3948,  1,NGVD29,16050304,gw,62610,,0,,wat,,1642461,0,2005-02-08,2005-05-12,3
USGS,384748118434401,110B N11 E29       2    MOUTH RB DS1,GW,38.7965833,-118.7288889,1,NAD83, 3948,  1,NGVD29,16050304,gw,62611,,0,,wat,,1642461,0,2005-02-08,2005-05-12,3
USGS,384748118434401,110B N11 E29       2    MOUTH RB DS1,GW,38.7965833,-118.7288889,1,NAD83, 3948,  1,NGVD29,16050304,gw,72019,,0,,wat,,1642008,0,2005-02-08,2005-05-12,3
USGS,384749118434301,110B N11 E29       1    MOUTH RB US1,GW,38.79691667,-118.7287222,1,NAD83, 3948,  1,NGVD29,16050304,ad,,,0,,wat,,0,0,2005,2005,1
USGS,384749118434301,110B N11 E29       1    MOUTH RB US1,GW,38.79691667,-118.7287222,1,NAD83, 3948,  1,NGVD29,16050304,gw,62610,,0,,wat,,1642461,0,2005-02-15,2005-05-12,3
USGS,384749118434301,110B N11 E29       1    MOUTH RB US1,GW,38.79691667,-118.7287222,1,NAD83, 3948,  1,NGVD29,16050304,gw,62611,,0,,wat,,1642461,0,2005-02-15,2005-05-12,3
USGS,384749118434301,110B N11 E29       1    MOUTH RB US1,GW,38.79691667,-118.7287222,1,NAD83, 3948,  1,NGVD29,16050304,gw,72019,,0,,wat,,1642008,0,2005-02-15,2005-05-12,3
USGS,384756118433901,110B N11 E29       4    MOUTH RB DS2,GW,38.7988333,-118.7273889,1,NAD83, 3951,  1,NGVD29,16050304,ad,,,0,,wat,,0,0,2005,2005,1
USGS,384756118433901,110B N11 E29       4    MOUTH RB DS2,GW,38.7988333,-118.7273889,1,NAD83, 3951,  1,NGVD29,16050304,gw,62610,,0,,wat,,1642461,0,2005-07-21,2005-09-27,5
USGS,384756118433901,110B N11 E29       4    MOUTH RB DS2,GW,38.7988333,-118.7273889,1,NAD83, 3951,  1,NGVD29,16050304,gw,62611,,0,,wat,,1642461,0,2005-07-21,2005-09-27,5
USGS,384756118433901,110B N11 E29       4    MOUTH RB DS2,GW,38.7988333,-118.7273889,1,NAD83, 3951,  1,NGVD29,16050304,gw,72019,,0,,wat,,1642008,0,2005-07-21,2005-09-27,5
USGS,384757118433901,110B N11 E29       3    MOUTH RB US2,GW,38.7991111,-118.7273889,1,NAD83, 3952,  1,NGVD29,16050304,ad,,,0,,wat,,0,0,2005,2005,1
USGS,384757118433901,110B N11 E29       3    MOUTH RB US2,GW,38.7991111,-118.7273889,1,NAD83, 3952,  1,NGVD29,16050304,gw,62610,,0,,wat,,1642461,0,2005-07-19,2005-09-27,5
USGS,384757118433901,110B N11 E29       3    MOUTH RB US2,GW,38.7991111,-118.7273889,1,NAD83, 3952,  1,NGVD29,16050304,gw,62611,,0,,wat,,1642461,0,2005-07-19,2005-09-27,5
USGS,384757118433901,110B N11 E29       3    MOUTH RB US2,GW,38.7991111,-118.7273889,1,NAD83, 3952,  1,NGVD29,16050304,gw,72019,,0,,wat,,1642008,0,2005-07-19,2005-09-27,5
USGS,384818119051801,108  N11 E26 20BA  1    USBLM,GW,38.80491614,-119.0893176,M,NAD83, 4839.,35.,NGVD29,16050303,gw,62610,,0,,wat,,1642461,0,1966-08-18,1966-08-18,1
USGS,384818119051801,108  N11 E26 20BA  1    USBLM,GW,38.80491614,-119.0893176,M,NAD83, 4839.,35.,NGVD29,16050303,gw,62611,,0,,wat,,1642461,0,1966-08-18,1966-08-18,1
USGS,384818119051801,108  N11 E26 20BA  1    USBLM,GW,38.80491614,-119.0893176,M,NAD83, 4839.,35.,NGVD29,16050303,gw,72019,,0,,wat,,1642008,0,1966-08-18,1966-08-18,1
USGS,384917118421601,110B N11 E29 15CCAD1    TLS,GW,38.8213611,-118.7044722,1,NAD83, 4133, 25,NGVD29,16050303,ad,,,0,,wat,,0,0,2007,2008,2
USGS,384917118421601,110B N11 E29 15CCAD1    TLS,GW,38.8213611,-118.7044722,1,NAD83, 4133, 25,NGVD29,16050303,aw,,,0,,wat,,0,0,2007,2021,66
USGS,384917118421601,110B N11 E29 15CCAD1    TLS,GW,38.8213611,-118.7044722,1,NAD83, 4133, 25,NGVD29,16050303,gw,62610,,0,,wat,,1642461,0,2007-03-13,2023-03-08,70
USGS,384917118421601,110B N11 E29 15CCAD1    TLS,GW,38.8213611,-118.7044722,1,NAD83, 4133, 25,NGVD29,16050303,gw,62611,,0,,wat,,1642461,0,2007-03-13,2023-03-08,70
USGS,384917118421601,110B N11 E29 15CCAD1    TLS,GW,38.8213611,-118.7044722,1,NAD83, 4133, 25,NGVD29,16050303,gw,72019,,0,,wat,,1642008,0,2007-03-13,2023-03-08,70
USGS,384917118421601,110B N11 E29 15CCAD1    TLS,GW,38.8213611,-118.7044722,1,NAD83, 4133, 25,NGVD29,16050303,qw,,,0,,wat,ALL,0,0,2007-07-11,2007-07-11,1
USGS,384917118421601,110B N11 E29 15CCAD1    TLS,GW,38.8213611,-118.7044722,1,NAD83, 4133, 25,NGVD29,16050303,qw,00003,,0,,wat,INF,0,0,2007-07-11,2007-07-11,1
USGS,384917118421601,110B N11 E29 15CCAD1    TLS,GW,38.8213611,-118.7044722,1,NAD83, 4133, 25,NGVD29,16050303,qw,00010,,0,,wat,PHY,1645597,0,2007-07-11,2007-07-11,1
USGS,384917118421601,110B N11 E29 15CCAD1    TLS,GW,38.8213611,-118.7044722,1,NAD83, 4133, 25,NGVD29,16050303,qw,00020,,0,,wat,PHY,1645712,0,2007-07-11,2007-07-11,1
USGS,384917118421601,110B N11 E29 15CCAD1    TLS,GW,38.8213611,-118.7044722,1,NAD83, 4133, 25,NGVD29,16050303,qw,00025,,0,,wat,PHY,1641265,0,2007-07-11,2007-07-11,1
USGS,384917118421601,110B N11 E29 15CCAD1    TLS,GW,38.8213611,-118.7044722,1,NAD83, 4133, 25,NGVD29,16050303,qw,00059,,0,,wat,PHY,1643253,0,2007-07-11,2007-07-11,1
USGS,384917118421601,110B N11 E29 15CCAD1    TLS,GW,38.8213611,-118.7044722,1,NAD83, 4133, 25,NGVD29,16050303,qw,00095,,0,,wat,PHY,1646694,0,2007-07-11,2007-07-11,1
USGS,384917118421601,110B N11 E29 15CCAD1    TLS,GW,38.8213611,-118.7044722,1,NAD83, 4133, 25,NGVD29,16050303,qw,00191,,0,,wat,INN,1640572,0,2007-07-11,2007-07-11,1
USGS,384917118421601,110B N11 E29 15CCAD1    TLS,GW,38.8213611,-118.7044722,1,NAD83, 4133, 25,NGVD29,16050303,qw,00300,,0,,wat,INN,154302,0,2007-07-11,2007-07-11,1
USGS,384917118421601,110B N11 E29 15CCAD1    TLS,GW,38.8213611,-118.7044722,1,NAD83, 4133, 25,NGVD29,16050303,qw,00301,,0,,wat,INN,154302,0,2007-07-11,2007-07-11,1
USGS,384917118421601,110B N11 E29 15CCAD1    TLS,GW,38.8213611,-118.7044722,1,NAD83, 4133, 25,NGVD29,16050303,qw,00400,,0,,wat,PHY,17028275,0,2007-07-11,2007-07-11,1
USGS,384917118421601,110B N11 E29 15CCAD1    TLS,GW,38.8213611,-118.7044722,1,NAD83, 4133, 25,NGVD29,16050303,qw,00403,,0,,wat,PHY,1644335,0,2007-07-11,2007-07-11,1
USGS,384917118421601,110B N11 E29 15CCAD1    TLS,GW,38.8213611,-118.7044722,1,NAD83, 4133, 25,NGVD29,16050303,qw,00405,,0,,wat,INN,33548,0,2007-07-11,2007-07-11,1
USGS,384917118421601,110B N11 E29 15CCAD1    TLS,GW,38.8213611,-118.7044722,1,NAD83, 4133, 25,NGVD29,16050303,qw,00900,,0,,wat,PHY,1640416,0,2007-07-11,2007-07-11,1
USGS,384917118421601,110B N11 E29 15CCAD1    TLS,GW,38.8213611,-118.7044722,1,NAD83, 4133, 25,NGVD29,16050303,qw,00915,,0,,wat,INM,150268,0,2007-07-11,2007-07-11,1
USGS,384917118421601,110B N11 E29 15CCAD1    TLS,GW,38.8213611,-118.7044722,1,NAD83, 4133, 25,NGVD29,16050303,qw,00925,,0,,wat,INM,149617,0,2007-07-11,2007-07-11,1
USGS,384917118421601,110B N11 E29 15CCAD1    TLS,GW,38.8213611,-118.7044722,1,NAD83, 4133, 25,NGVD29,16050303,qw,00930,,0,,wat,INM,149856,0,2007-07-11,2007-07-11,1
USGS,384917118421601,110B N11 E29 15CCAD1    TLS,GW,38.8213611,-118.7044722,1,NAD83, 4133, 25,NGVD29,16050303,qw,00931,,0,,wat,INM,1640523,0,2007-07-11,2007-07-11,1
USGS,384917118421601,110B N11 E29 15CCAD1    TLS,GW,38.8213611,-118.7044722,1,NAD83, 4133, 25,NGVD29,16050303,qw,00932,,0,,wat,INM,1646660,0,2007-07-11,2007-07-11,1
USGS,384917118421601,110B N11 E29 15CCAD1    TLS,GW,38.8213611,-118.7044722,1,NAD83, 4133, 25,NGVD29,16050303,qw,00935,,0,,wat,INM,149740,0,2007-07-11,2007-07-11,1
USGS,384917118421601,110B N11 E29 15CCAD1    TLS,GW,38.8213611,-118.7044722,1,NAD83, 4133, 25,NGVD29,16050303,qw,00940,,0,,wat,INN,205955,0,2007-07-11,2007-07-11,1
USGS,384917118421601,110B N11 E29 15CCAD1    TLS,GW,38.8213611,-118.7044722,1,NAD83, 4133, 25,NGVD29,16050303,qw,00945,,0,,wat,INN,197301,0,2007-07-11,2007-07-11,1
USGS,384917118421601,110B N11 E29 15CCAD1    TLS,GW,38.8213611,-118.7044722,1,NAD83, 4133, 25,NGVD29,16050303,qw,00950,,0,,wat,INN,206706,0,2007-07-11,2007-07-11,1
USGS,384917118421601,110B N11 E29 15CCAD1    TLS,GW,38.8213611,-118.7044722,1,NAD83, 4133, 25,NGVD29,16050303,qw,00955,,0,,wat,INN,151977,0,2007-07-11,2007-07-11,1
USGS,384917118421601,110B N11 E29 15CCAD1    TLS,GW,38.8213611,-118.7044722,1,NAD83, 4133, 25,NGVD29,16050303,qw,01046,,0,,wat,IMM,149559,0,2007-07-11,2007-07-11,1
USGS,384917118421601,110B N11 E29 15CCAD1    TLS,GW,38.8213611,-118.7044722,1,NAD83, 4133, 25,NGVD29,16050303,qw,01056,,0,,wat,IMM,149625,0,2007-07-11,2007-07-11,1
USGS,384917118421601,110B N11 E29 15CCAD1    TLS,GW,38.8213611,-118.7044722,1,NAD83, 4133, 25,NGVD29,16050303,qw,22603,,0,,wat,RAD,150185,0,2007-07-11,2007-07-11,1
USGS,384917118421601,110B N11 E29 15CCAD1    TLS,GW,38.8213611,-118.7044722,1,NAD83, 4133, 25,NGVD29,16050303,qw,22610,,0,,wat,RAD,192708,0,2007-07-11,2007-07-11,1
USGS,384917118421601,110B N11 E29 15CCAD1    TLS,GW,38.8213611,-118.7044722,1,NAD83, 4133, 25,NGVD29,16050303,qw,22620,,0,,wat,RAD,198606,0,2007-07-11,2007-07-11,1
USGS,384917118421601,110B N11 E29 15CCAD1    TLS,GW,38.8213611,-118.7044722,1,NAD83, 4133, 25,NGVD29,16050303,qw,29801,,0,,wat,INN,1640192,0,2007-07-11,2007-07-11,1
USGS,384917118421601,110B N11 E29 15CCAD1    TLS,GW,38.8213611,-118.7044722,1,NAD83, 4133, 25,NGVD29,16050303,qw,30210,,0,,wat,PHY,1642040,0,2007-07-11,2007-07-11,1
USGS,384917118421601,110B N11 E29 15CCAD1    TLS,GW,38.8213611,-118.7044722,1,NAD83, 4133, 25,NGVD29,16050303,qw,49932,,0,,wat,ISO,967356,0,2007-07-11,2007-07-11,1
USGS,384917118421601,110B N11 E29 15CCAD1    TLS,GW,38.8213611,-118.7044722,1,NAD83, 4133, 25,NGVD29,16050303,qw,70300,,0,,wat,PHY,1642222,0,2007-07-11,2007-07-11,1
USGS,384917118421601,110B N11 E29 15CCAD1    TLS,GW,38.8213611,-118.7044722,1,NAD83, 4133, 25,NGVD29,16050303,qw,70301,,0,,wat,PHY,1642222,0,2007-07-11,2007-07-11,1
USGS,384917118421601,110B N11 E29 15CCAD1    TLS,GW,38.8213611,-118.7044722,1,NAD83, 4133, 25,NGVD29,16050303,qw,70303,,0,,wat,PHY,1642222,0,2007-07-11,2007-07-11,1
USGS,384917118421601,110B N11 E29 15CCAD1    TLS,GW,38.8213611,-118.7044722,1,NAD83, 4133, 25,NGVD29,16050303,qw,71870,,0,,wat,INN,227538,0,2007-07-11,2007-07-11,1
USGS,384917118421601,110B N11 E29 15CCAD1    TLS,GW,38.8213611,-118.7044722,1,NAD83, 4133, 25,NGVD29,16050303,qw,72019,,0,,wat,PHY,1642008,0,2007-07-11,2007-07-11,1
USGS,384917118421601,110B N11 E29 15CCAD1    TLS,GW,38.8213611,-118.7044722,1,NAD83, 4133, 25,NGVD29,16050303,qw,82082,,0,,wat,ISO,1642107,0,2007-07-11,2007-07-11,1
USGS,384917118421601,110B N11 E29 15CCAD1    TLS,GW,38.8213611,-118.7044722,1,NAD83, 4133, 25,NGVD29,16050303,qw,82085,,0,,wat,ISO,967034,0,2007-07-11,2007-07-11,1
USGS,384917118421601,110B N11 E29 15CCAD1    TLS,GW,38.8213611,-118.7044722,1,NAD83, 4133, 25,NGVD29,16050303,qw,90095,,0,,wat,PHY,1646694,0,2007-07-11,2007-07-11,1
USGS,384917118421602,110B N11 E29 15CCAD2    TRANSMISSION LINE-DEEP,GW,38.8213611,-118.7044722,1,NAD83, 4133, 25,NGVD29,16050303,ad,,,0,,wat,,0,0,2007,2008,2
USGS,384917118421602,110B N11 E29 15CCAD2    TRANSMISSION LINE-DEEP,GW,38.8213611,-118.7044722,1,NAD83, 4133, 25,NGVD29,16050303,aw,,,0,,wat,,0,0,2007,2021,67
USGS,384917118421602,110B N11 E29 15CCAD2    TRANSMISSION LINE-DEEP,GW,38.8213611,-118.7044722,1,NAD83, 4133, 25,NGVD29,16050303,gw,62610,,0,,wat,,1642461,0,2007-03-13,2023-03-08,71
USGS,384917118421602,110B N11 E29 15CCAD2    TRANSMISSION LINE-DEEP,GW,38.8213611,-118.7044722,1,NAD83, 4133, 25,NGVD29,16050303,gw,62611,,0,,wat,,1642461,0,2007-03-13,2023-03-08,71
USGS,384917118421602,110B N11 E29 15CCAD2    TRANSMISSION LINE-DEEP,GW,38.8213611,-118.7044722,1,NAD83, 4133, 25,NGVD29,16050303,gw,72019,,0,,wat,,1642008,0,2007-03-13,2023-03-08,71
USGS,384917118421602,110B N11 E29 15CCAD2    TRANSMISSION LINE-DEEP,GW,38.8213611,-118.7044722,1,NAD83, 4133, 25,NGVD29,16050303,qw,,,0,,wat,ALL,0,0,2007-07-11,2007-07-11,1
USGS,384917118421602,110B N11 E29 15CCAD2    TRANSMISSION LINE-DEEP,GW,38.8213611,-118.7044722,1,NAD83, 4133, 25,NGVD29,16050303,qw,00003,,0,,wat,INF,0,0,2007-07-11,2007-07-11,1
USGS,384917118421602,110B N11 E29 15CCAD2    TRANSMISSION LINE-DEEP,GW,38.8213611,-118.7044722,1,NAD83, 4133, 25,NGVD29,16050303,qw,00010,,0,,wat,PHY,1645597,0,2007-07-11,2007-07-11,1
USGS,384917118421602,110B N11 E29 15CCAD2    TRANSMISSION LINE-DEEP,GW,38.8213611,-118.7044722,1,NAD83, 4133, 25,NGVD29,16050303,qw,00020,,0,,wat,PHY,1645712,0,2007-07-11,2007-07-11,1
USGS,384917118421602,110B N11 E29 15CCAD2    TRANSMISSION LINE-DEEP,GW,38.8213611,-118.7044722,1,NAD83, 4133, 25,NGVD29,16050303,qw,00059,,0,,wat,PHY,1643253,0,2007-07-11,2007-07-11,1
USGS,384917118421602,110B N11 E29 15CCAD2    TRANSMISSION LINE-DEEP,GW,38.8213611,-118.7044722,1,NAD83, 4133, 25,NGVD29,16050303,qw,00095,,0,,wat,PHY,1646694,0,2007-07-11,2007-07-11,1
USGS,384917118421602,110B N11 E29 15CCAD2    TRANSMISSION LINE-DEEP,GW,38.8213611,-118.7044722,1,NAD83, 4133, 25,NGVD29,16050303,qw,00191,,0,,wat,INN,1640572,0,2007-07-11,2007-07-11,1
USGS,384917118421602,110B N11 E29 15CCAD2    TRANSMISSION LINE-DEEP,GW,38.8213611,-118.7044722,1,NAD83, 4133, 25,NGVD29,16050303,qw,00300,,0,,wat,INN,154302,0,2007-07-11,2007-07-11,1
USGS,384917118421602,110B N11 E29 15CCAD2    TRANSMISSION LINE-DEEP,GW,38.8213611,-118.7044722,1,NAD83, 4133, 25,NGVD29,16050303,qw,00400,,0,,wat,PHY,17028275,0,2007-07-11,2007-07-11,1
USGS,384917118421602,110B N11 E29 15CCAD2    TRANSMISSION LINE-DEEP,GW,38.8213611,-118.7044722,1,NAD83, 4133, 25,NGVD29,16050303,qw,00403,,0,,wat,PHY,1644335,0,2007-07-11,2007-07-11,1
USGS,384917118421602,110B N11 E29 15CCAD2    TRANSMISSION LINE-DEEP,GW,38.8213611,-118.7044722,1,NAD83, 4133, 25,NGVD29,16050303,qw,00405,,0,,wat,INN,33548,0,2007-07-11,2007-07-11,1
USGS,384917118421602,110B N11 E29 15CCAD2    TRANSMISSION LINE-DEEP,GW,38.8213611,-118.7044722,1,NAD83, 4133, 25,NGVD29,16050303,qw,00900,,0,,wat,PHY,1640416,0,2007-07-11,2007-07-11,1
USGS,384917118421602,110B N11 E29 15CCAD2    TRANSMISSION LINE-DEEP,GW,38.8213611,-118.7044722,1,NAD83, 4133, 25,NGVD29,16050303,qw,00915,,0,,wat,INM,150268,0,2007-07-11,2007-07-11,1
USGS,384917118421602,110B N11 E29 15CCAD2    TRANSMISSION LINE-DEEP,GW,38.8213611,-118.7044722,1,NAD83, 4133, 25,NGVD29,16050303,qw,00925,,0,,wat,INM,149617,0,2007-07-11,2007-07-11,1
USGS,384917118421602,110B N11 E29 15CCAD2    TRANSMISSION LINE-DEEP,GW,38.8213611,-118.7044722,1,NAD83, 4133, 25,NGVD29,16050303,qw,00930,,0,,wat,INM,149856,0,2007-07-11,2007-07-11,1
USGS,384917118421602,110B N11 E29 15CCAD2    TRANSMISSION LINE-DEEP,GW,38.8213611,-118.7044722,1,NAD83, 4133, 25,NGVD29,16050303,qw,00931,,0,,wat,INM,1640523,0,2007-07-11,2007-07-11,1
USGS,384917118421602,110B N11 E29 15CCAD2    TRANSMISSION LINE-DEEP,GW,38.8213611,-118.7044722,1,NAD83, 4133, 25,NGVD29,16050303,qw,00932,,0,,wat,INM,1646660,0,2007-07-11,2007-07-11,1
USGS,384917118421602,110B N11 E29 15CCAD2    TRANSMISSION LINE-DEEP,GW,38.8213611,-118.7044722,1,NAD83, 4133, 25,NGVD29,16050303,qw,00935,,0,,wat,INM,149740,0,2007-07-11,2007-07-11,1
USGS,384917118421602,110B N11 E29 15CCAD2    TRANSMISSION LINE-DEEP,GW,38.8213611,-118.7044722,1,NAD83, 4133, 25,NGVD29,16050303,qw,00940,,0,,wat,INN,205955,0,2007-07-11,2007-07-11,1
USGS,384917118421602,110B N11 E29 15CCAD2    TRANSMISSION LINE-DEEP,GW,38.8213611,-118.7044722,1,NAD83, 4133, 25,NGVD29,16050303,qw,00945,,0,,wat,INN,197301,0,2007-07-11,2007-07-11,1
USGS,384917118421602,110B N11 E29 15CCAD2    TRANSMISSION LINE-DEEP,GW,38.8213611,-118.7044722,1,NAD83, 4133, 25,NGVD29,16050303,qw,00950,,0,,wat,INN,206706,0,2007-07-11,2007-07-11,1
USGS,384917118421602,110B N11 E29 15CCAD2    TRANSMISSION LINE-DEEP,GW,38.8213611,-118.7044722,1,NAD83, 4133, 25,NGVD29,16050303,qw,00955,,0,,wat,INN,151977,0,2007-07-11,2007-07-11,1
USGS,384917118421602,110B N11 E29 15CCAD2    TRANSMISSION LINE-DEEP,GW,38.8213611,-118.7044722,1,NAD83, 4133, 25,NGVD29,16050303,qw,01046,,0,,wat,IMM,149559,0,2007-07-11,2007-07-11,1
USGS,384917118421602,110B N11 E29 15CCAD2    TRANSMISSION LINE-DEEP,GW,38.8213611,-118.7044722,1,NAD83, 4133, 25,NGVD29,16050303,qw,01056,,0,,wat,IMM,149625,0,2007-07-11,2007-07-11,1
USGS,384917118421602,110B N11 E29 15CCAD2    TRANSMISSION LINE-DEEP,GW,38.8213611,-118.7044722,1,NAD83, 4133, 25,NGVD29,16050303,qw,22603,,0,,wat,RAD,150185,0,2007-07-11,2007-07-11,1
USGS,384917118421602,110B N11 E29 15CCAD2    TRANSMISSION LINE-DEEP,GW,38.8213611,-118.7044722,1,NAD83, 4133, 25,NGVD29,16050303,qw,22610,,0,,wat,RAD,192708,0,2007-07-11,2007-07-11,1
USGS,384917118421602,110B N11 E29 15CCAD2    TRANSMISSION LINE-DEEP,GW,38.8213611,-118.7044722,1,NAD83, 4133, 25,NGVD29,16050303,qw,22620,,0,,wat,RAD,198606,0,2007-07-11,2007-07-11,1
USGS,384917118421602,110B N11 E29 15CCAD2    TRANSMISSION LINE-DEEP,GW,38.8213611,-118.7044722,1,NAD83, 4133, 25,NGVD29,16050303,qw,29801,,0,,wat,INN,1640192,0,2007-07-11,2007-07-11,1
USGS,384917118421602,110B N11 E29 15CCAD2    TRANSMISSION LINE-DEEP,GW,38.8213611,-118.7044722,1,NAD83, 4133, 25,NGVD29,16050303,qw,30210,,0,,wat,PHY,1642040,0,2007-07-11,2007-07-11,1
USGS,384917118421602,110B N11 E29 15CCAD2    TRANSMISSION LINE-DEEP,GW,38.8213611,-118.7044722,1,NAD83, 4133, 25,NGVD29,16050303,qw,49932,,0,,wat,ISO,967356,0,2007-07-11,2007-07-11,1
USGS,384917118421602,110B N11 E29 15CCAD2    TRANSMISSION LINE-DEEP,GW,38.8213611,-118.7044722,1,NAD83, 4133, 25,NGVD29,16050303,qw,70300,,0,,wat,PHY,1642222,0,2007-07-11,2007-07-11,1
USGS,384917118421602,110B N11 E29 15CCAD2    TRANSMISSION LINE-DEEP,GW,38.8213611,-118.7044722,1,NAD83, 4133, 25,NGVD29,16050303,qw,70301,,0,,wat,PHY,1642222,0,2007-07-11,2007-07-11,1
USGS,384917118421602,110B N11 E29 15CCAD2    TRANSMISSION LINE-DEEP,GW,38.8213611,-118.7044722,1,NAD83, 4133, 25,NGVD29,16050303,qw,70303,,0,,wat,PHY,1642222,0,2007-07-11,2007-07-11,1
USGS,384917118421602,110B N11 E29 15CCAD2    TRANSMISSION LINE-DEEP,GW,38.8213611,-118.7044722,1,NAD83, 4133, 25,NGVD29,16050303,qw,71870,,0,,wat,INN,227538,0,2007-07-11,2007-07-11,1
USGS,384917118421602,110B N11 E29 15CCAD2    TRANSMISSION LINE-DEEP,GW,38.8213611,-118.7044722,1,NAD83, 4133, 25,NGVD29,16050303,qw,72019,,0,,wat,PHY,1642008,0,2007-07-11,2007-07-11,1
USGS,384917118421602,110B N11 E29 15CCAD2    TRANSMISSION LINE-DEEP,GW,38.8213611,-118.7044722,1,NAD83, 4133, 25,NGVD29,16050303,qw,82082,,0,,wat,ISO,1642107,0,2007-07-11,2007-07-11,1
USGS,384917118421602,110B N11 E29 15CCAD2    TRANSMISSION LINE-DEEP,GW,38.8213611,-118.7044722,1,NAD83, 4133, 25,NGVD29,16050303,qw,82085,,0,,wat,ISO,967034,0,2007-07-11,2007-07-11,1
USGS,384917118421602,110B N11 E29 15CCAD2    TRANSMISSION LINE-DEEP,GW,38.8213611,-118.7044722,1,NAD83, 4133, 25,NGVD29,16050303,qw,90095,,0,,wat,PHY,1646694,0,2007-07-11,2007-07-11,1
USGS,384942119100801,108  N11 E25 10DBCD1,GW,38.82802778,-119.170361,1,NAD83, 4565, 15,NGVD29,16050303,ad,,,0,,wat,,0,0,2005,2013,9
USGS,384942119100801,108  N11 E25 10DBCD1,GW,38.82802778,-119.170361,1,NAD83, 4565, 15,NGVD29,16050303,gw,62610,,0,,wat,,1642461,0,1961-05-13,2024-02-29,57
USGS,384942119100801,108  N11 E25 10DBCD1,GW,38.82802778,-119.170361,1,NAD83, 4565, 15,NGVD29,16050303,gw,62611,,0,,wat,,1642461,0,1961-05-13,2024-02-29,57
USGS,384942119100801,108  N11 E25 10DBCD1,GW,38.82802778,-119.170361,1,NAD83, 4565, 15,NGVD29,16050303,gw,72019,,0,,wat,,1642008,0,1961-05-13,2024-02-29,57
USGS,384951119103001,108  N11 E25 09AC  1,GW,38.83074867,-119.1759868,M,NAD83, 4520.,1,NGVD29,16050303,gw,62610,,0,,wat,,1642461,0,1966-03-14,1966-03-14,1
USGS,384951119103001,108  N11 E25 09AC  1,GW,38.83074867,-119.1759868,M,NAD83, 4520.,1,NGVD29,16050303,gw,62611,,0,,wat,,1642461,0,1966-03-14,1966-03-14,1
USGS,384951119103001,108  N11 E25 09AC  1,GW,38.83074867,-119.1759868,M,NAD83, 4520.,1,NGVD29,16050303,gw,72019,,0,,wat,,1642008,0,1966-03-14,1966-03-14,1
USGS,384955119101701,108  N11 E25 09AD  1,GW,38.8235,-119.17175,1,NAD83, 4590, 20,NGVD29,16050303,gw,62610,,0,,wat,,1642461,0,1966-03-13,1966-03-13,1
USGS,384955119101701,108  N11 E25 09AD  1,GW,38.8235,-119.17175,1,NAD83, 4590, 20,NGVD29,16050303,gw,62611,,0,,wat,,1642461,0,1966-03-13,1966-03-13,1
USGS,384955119101701,108  N11 E25 09AD  1,GW,38.8235,-119.17175,1,NAD83, 4590, 20,NGVD29,16050303,gw,72019,,0,,wat,,1642008,0,1966-03-13,1966-03-13,1
USGS,384957119084601,108  N11 E25 11BC  1,GW,38.8324157,-119.147097,M,NAD83, 4565.,1,NGVD29,16050303,gw,62610,,0,,wat,,1642461,0,1966-03-14,1966-03-14,1
USGS,384957119084601,108  N11 E25 11BC  1,GW,38.8324157,-119.147097,M,NAD83, 4565.,1,NGVD29,16050303,gw,62611,,0,,wat,,1642461,0,1966-03-14,1966-03-14,1
USGS,384957119084601,108  N11 E25 11BC  1,GW,38.8324157,-119.147097,M,NAD83, 4565.,1,NGVD29,16050303,gw,72019,,0,,wat,,1642008,0,1966-03-14,1966-03-14,1
USGS,385003119085201,108  N11 E25 11AACC1,GW,38.8340824,-119.1487638,S,NAD83, 4565, 15,NGVD29,16050303,ad,,,0,,wat,,0,0,2005,2006,2
USGS,385003119085201,108  N11 E25 11AACC1,GW,38.8340824,-119.1487638,S,NAD83, 4565, 15,NGVD29,16050303,gw,62610,,0,,wat,,1642461,0,1948-05-05,2010-11-23,19
USGS,385003119085201,108  N11 E25 11AACC1,GW,38.8340824,-119.1487638,S,NAD83, 4565, 15,NGVD29,16050303,gw,62611,,0,,wat,,1642461,0,1948-05-05,2010-11-23,19
USGS,385003119085201,108  N11 E25 11AACC1,GW,38.8340824,-119.1487638,S,NAD83, 4565, 15,NGVD29,16050303,gw,72019,,0,,wat,,1642008,0,1948-05-05,2010-11-23,19
USGS,385018119091101,108  N11 E25 02CDDD1,GW,38.83813889,-119.1538889,1,NAD83, 4544, 15,NGVD29,16050303,ad,,,0,,wat,,0,0,2005,2007,3
USGS,385018119091101,108  N11 E25 02CDDD1,GW,38.83813889,-119.1538889,1,NAD83, 4544, 15,NGVD29,16050303,gw,62610,,0,,wat,,1642461,0,1977-05-14,2010-11-23,17
USGS,385018119091101,108  N11 E25 02CDDD1,GW,38.83813889,-119.1538889,1,NAD83, 4544, 15,NGVD29,16050303,gw,62611,,0,,wat,,1642461,0,1977-05-14,2010-11-23,17
USGS,385018119091101,108  N11 E25 02CDDD1,GW,38.83813889,-119.1538889,1,NAD83, 4544, 15,NGVD29,16050303,gw,72019,,0,,wat,,1642008,0,1977-05-14,2010-11-23,17
USGS,385034119070201,108  N11 E25 01AD  1,GW,38.842694,-119.1182075,M,NAD83, 4562.,1,NGVD29,16050303,gw,62610,,0,,wat,,1642461,0,1966-03-15,1966-03-15,1
USGS,385034119070201,108  N11 E25 01AD  1,GW,38.842694,-119.1182075,M,NAD83, 4562.,1,NGVD29,16050303,gw,62611,,0,,wat,,1642461,0,1966-03-15,1966-03-15,1
USGS,385034119070201,108  N11 E25 01AD  1,GW,38.842694,-119.1182075,M,NAD83, 4562.,1,NGVD29,16050303,gw,72019,,0,,wat,,1642008,0,1966-03-15,1966-03-15,1
USGS,385038119084801,108  N11 E25 02BC  1,GW,38.84380476,-119.1476527,M,NAD83, 4497.,1,NGVD29,16050303,gw,62610,,0,,wat,,1642461,0,1966-03-08,1966-03-08,1
USGS,385038119084801,108  N11 E25 02BC  1,GW,38.84380476,-119.1476527,M,NAD83, 4497.,1,NGVD29,16050303,gw,62611,,0,,wat,,1642461,0,1966-03-08,1966-03-08,1
USGS,385038119084801,108  N11 E25 02BC  1,GW,38.84380476,-119.1476527,M,NAD83, 4497.,1,NGVD29,16050303,gw,72019,,0,,wat,,1642008,0,1966-03-08,1966-03-08,1
USGS,385040119063301,108  N11 E26 06BC  1,GW,38.8443608,-119.1101517,M,NAD83, 4540.,1,NGVD29,16050303,gw,62610,,0,,wat,,1642461,0,1966-03-14,1966-03-14,1
USGS,385040119063301,108  N11 E26 06BC  1,GW,38.8443608,-119.1101517,M,NAD83, 4540.,1,NGVD29,16050303,gw,62611,,0,,wat,,1642461,0,1966-03-14,1966-03-14,1
USGS,385040119063301,108  N11 E26 06BC  1,GW,38.8443608,-119.1101517,M,NAD83, 4540.,1,NGVD29,16050303,gw,72019,,0,,wat,,1642008,0,1966-03-14,1966-03-14,1
USGS,385042119074101,108  N11 E25 01BC  1,GW,38.8449161,-119.129041,M,NAD83, 4522.,1,NGVD29,16050303,gw,62610,,0,,wat,,1642461,0,1966-03-14,1966-03-14,1
USGS,385042119074101,108  N11 E25 01BC  1,GW,38.8449161,-119.129041,M,NAD83, 4522.,1,NGVD29,16050303,gw,62611,,0,,wat,,1642461,0,1966-03-14,1966-03-14,1
USGS,385042119074101,108  N11 E25 01BC  1,GW,38.8449161,-119.129041,M,NAD83, 4522.,1,NGVD29,16050303,gw,72019,,0,,wat,,1642008,0,1966-03-14,1966-03-14,1
USGS,385047119080401,108  N11 E25 01ACCB1,GW,38.84630495,-119.1354302,F,NAD83, 4547, 15,NGVD29,16050303,ad,,,0,,wat,,0,0,2005,2007,3
USGS,385047119080401,108  N11 E25 01ACCB1,GW,38.84630495,-119.1354302,F,NAD83, 4547, 15,NGVD29,16050303,gw,62610,,0,,wat,,1642461,0,1992-05-27,2010-11-23,18
USGS,385047119080401,108  N11 E25 01ACCB1,GW,38.84630495,-119.1354302,F,NAD83, 4547, 15,NGVD29,16050303,gw,62611,,0,,wat,,1642461,0,1992-05-27,2010-11-23,18
USGS,385047119080401,108  N11 E25 01ACCB1,GW,38.84630495,-119.1354302,F,NAD83, 4547, 15,NGVD29,16050303,gw,72019,,0,,wat,,1642008,0,1992-05-27,2010-11-23,18
USGS,385051119063101,108  N11 E26 06BB  1,GW,38.8474164,-119.1095962,M,NAD83, 4540.,1,NGVD29,16050303,gw,62610,,0,,wat,,1642461,0,1966-03-14,1966-03-14,1
USGS,385051119063101,108  N11 E26 06BB  1,GW,38.8474164,-119.1095962,M,NAD83, 4540.,1,NGVD29,16050303,gw,62611,,0,,wat,,1642461,0,1966-03-14,1966-03-14,1
USGS,385051119063101,108  N11 E26 06BB  1,GW,38.8474164,-119.1095962,M,NAD83, 4540.,1,NGVD29,16050303,gw,72019,,0,,wat,,1642008,0,1966-03-14,1966-03-14,1
USGS,385102119075301,108  N11 E25 01ABDD1,GW,38.8504717,-119.1323745,S,NAD83, 4542, 15,NGVD29,16050303,ad,,,0,,wat,,0,0,2005,2005,1
USGS,385102119075301,108  N11 E25 01ABDD1,GW,38.8504717,-119.1323745,S,NAD83, 4542, 15,NGVD29,16050303,gw,62610,,0,,wat,,1642461,0,1960-06-30,2005-03-03,14
USGS,385102119075301,108  N11 E25 01ABDD1,GW,38.8504717,-119.1323745,S,NAD83, 4542, 15,NGVD29,16050303,gw,62611,,0,,wat,,1642461,0,1960-06-30,2005-03-03,14
USGS,385102119075301,108  N11 E25 01ABDD1,GW,38.8504717,-119.1323745,S,NAD83, 4542, 15,NGVD29,16050303,gw,72019,,0,,wat,,1642008,0,1960-06-30,2005-03-03,14
USGS,385103118462801,110A N11 E29 06AAAC1    TAMARISK RB,GW,38.85088889,-118.7745,1,NAD83, 4011,  1,NGVD29,16050303,ad,,,0,,wat,,0,0,2005,2008,4
USGS,385103118462801,110A N11 E29 06AAAC1    TAMARISK RB,GW,38.85088889,-118.7745,1,NAD83, 4011,  1,NGVD29,16050303,aw,,,0,,wat,,0,0,2005,2021,44
USGS,385103118462801,110A N11 E29 06AAAC1    TAMARISK RB,GW,38.85088889,-118.7745,1,NAD83, 4011,  1,NGVD29,16050303,gw,62610,,0,,wat,,1642461,0,2005-04-04,2023-03-16,48
USGS,385103118462801,110A N11 E29 06AAAC1    TAMARISK RB,GW,38.85088889,-118.7745,1,NAD83, 4011,  1,NGVD29,16050303,gw,62611,,0,,wat,,1642461,0,2005-04-04,2023-03-16,48
USGS,385103118462801,110A N11 E29 06AAAC1    TAMARISK RB,GW,38.85088889,-118.7745,1,NAD83, 4011,  1,NGVD29,16050303,gw,72019,,0,,wat,,1642008,0,2005-04-04,2023-03-16,48
USGS,385109119085601,108  N12 E25 35DCDD2,GW,38.85241595,-119.149875,F,NAD83, 4505, 15,NGVD29,16050303,ad,,,0,,wat,,0,0,2005,2007,3
USGS,385109119085601,108  N12 E25 35DCDD2,GW,38.85241595,-119.149875,F,NAD83, 4505, 15,NGVD29,16050303,gw,62610,,0,,wat,,1642461,0,1992-02-26,2010-11-22,20
USGS,385109119085601,108  N12 E25 35DCDD2,GW,38.85241595,-119.149875,F,NAD83, 4505, 15,NGVD29,16050303,gw,62611,,0,,wat,,1642461,0,1992-02-26,2010-11-22,20
USGS,385109119085601,108  N12 E25 35DCDD2,GW,38.85241595,-119.149875,F,NAD83, 4505, 15,NGVD29,16050303,gw,72019,,0,,wat,,1642008,0,1992-02-26,2010-11-22,20
USGS,385116119081201,108  N12 E25 35DC  2,GW,38.85436058,-119.1376525,M,NAD83, 4500.,1,NGVD29,16050303,gw,62610,,0,,wat,,1642461,0,1966-03-07,1966-03-07,1
USGS,385116119081201,108  N12 E25 35DC  2,GW,38.85436058,-119.1376525,M,NAD83, 4500.,1,NGVD29,16050303,gw,62611,,0,,wat,,1642461,0,1966-03-07,1966-03-07,1
USGS,385116119081201,108  N12 E25 35DC  2,GW,38.85436058,-119.1376525,M,NAD83, 4500.,1,NGVD29,16050303,gw,72019,,0,,wat,,1642008,0,1966-03-07,1966-03-07,1
USGS,385138119352701,108  N12 E25 35BD  1,GW,38.86130488,-119.1559863,M,NAD83, 4480.,1,NGVD29,16050303,gw,62610,,0,,wat,,1642461,0,1966-03-09,1966-03-09,1
USGS,385138119352701,108  N12 E25 35BD  1,GW,38.86130488,-119.1559863,M,NAD83, 4480.,1,NGVD29,16050303,gw,62611,,0,,wat,,1642461,0,1966-03-09,1966-03-09,1
USGS,385138119352701,108  N12 E25 35BD  1,GW,38.86130488,-119.1559863,M,NAD83, 4480.,1,NGVD29,16050303,gw,72019,,0,,wat,,1642008,0,1966-03-09,1966-03-09,1
USGS,385142119073801,108  N12 E25 36BC  1,GW,38.861583,-119.1282078,M,NAD83, 4502.,1,NGVD29,16050303,gw,62610,,0,,wat,,1642461,0,1966-03-09,1966-03-09,1
USGS,385142119073801,108  N12 E25 36BC  1,GW,38.861583,-119.1282078,M,NAD83, 4502.,1,NGVD29,16050303,gw,62611,,0,,wat,,1642461,0,1966-03-09,1966-03-09,1
USGS,385142119073801,108  N12 E25 36BC  1,GW,38.861583,-119.1282078,M,NAD83, 4502.,1,NGVD29,16050303,gw,72019,,0,,wat,,1642008,0,1966-03-09,1966-03-09,1
USGS,385142119111301,108  N12 E25 33ACBD1,GW,38.8624722,-119.1891944,1,NAD83, 4495, 15,NGVD29,16050303,ad,,,0,,wat,,0,0,2005,2007,3
USGS,385142119111301,108  N12 E25 33ACBD1,GW,38.8624722,-119.1891944,1,NAD83, 4495, 15,NGVD29,16050303,aw,,,0,,wat,,0,0,1949,2021,32
USGS,385142119111301,108  N12 E25 33ACBD1,GW,38.8624722,-119.1891944,1,NAD83, 4495, 15,NGVD29,16050303,gw,62610,,0,,wat,,1642461,0,1949-01-26,2023-03-14,35
USGS,385142119111301,108  N12 E25 33ACBD1,GW,38.8624722,-119.1891944,1,NAD83, 4495, 15,NGVD29,16050303,gw,62611,,0,,wat,,1642461,0,1949-01-26,2023-03-14,35
USGS,385142119111301,108  N12 E25 33ACBD1,GW,38.8624722,-119.1891944,1,NAD83, 4495, 15,NGVD29,16050303,gw,72019,,0,,wat,,1642008,0,1949-01-26,2023-03-14,35
USGS,385148119094801,108  N12 E25 34ADAA1,GW,38.86325,-119.1634444,1,NAD83, 4466, 25,NGVD29,16050303,ad,,,0,,wat,,0,0,2005,2012,4
USGS,385148119094801,108  N12 E25 34ADAA1,GW,38.86325,-119.1634444,1,NAD83, 4466, 25,NGVD29,16050303,gw,62610,,0,,wat,,1642461,0,2004-02-24,2012-03-27,10
USGS,385148119094801,108  N12 E25 34ADAA1,GW,38.86325,-119.1634444,1,NAD83, 4466, 25,NGVD29,16050303,gw,62611,,0,,wat,,1642461,0,2004-02-24,2012-03-27,10
USGS,385148119094801,108  N12 E25 34ADAA1,GW,38.86325,-119.1634444,1,NAD83, 4466, 25,NGVD29,16050303,gw,72019,,0,,wat,,1642008,0,2004-02-24,2012-03-27,10
USGS,385148119094801,108  N12 E25 34ADAA1,GW,38.86325,-119.1634444,1,NAD83, 4466, 25,NGVD29,16050303,qw,,,0,,wat,ALL,0,0,2011-11-16,2011-11-16,1
USGS,385148119094801,108  N12 E25 34ADAA1,GW,38.86325,-119.1634444,1,NAD83, 4466, 25,NGVD29,16050303,qw,00010,,0,,wat,PHY,1645597,0,2011-11-16,2011-11-16,1
USGS,385148119094801,108  N12 E25 34ADAA1,GW,38.86325,-119.1634444,1,NAD83, 4466, 25,NGVD29,16050303,qw,00095,,0,,wat,PHY,1646694,0,2011-11-16,2011-11-16,1
USGS,385148119094801,108  N12 E25 34ADAA1,GW,38.86325,-119.1634444,1,NAD83, 4466, 25,NGVD29,16050303,qw,50280,,0,,wat,INF,0,0,2011-11-16,2011-11-16,1
USGS,385153119065901,108  N12 E25 36AA  1,GW,38.86463874,-119.1173742,M,NAD83, 4500.,1,NGVD29,16050303,gw,62610,,0,,wat,,1642461,0,1966-03-08,1966-03-08,1
USGS,385153119065901,108  N12 E25 36AA  1,GW,38.86463874,-119.1173742,M,NAD83, 4500.,1,NGVD29,16050303,gw,62611,,0,,wat,,1642461,0,1966-03-08,1966-03-08,1
USGS,385153119065901,108  N12 E25 36AA  1,GW,38.86463874,-119.1173742,M,NAD83, 4500.,1,NGVD29,16050303,gw,72019,,0,,wat,,1642008,0,1966-03-08,1966-03-08,1
USGS,385201119080901,108  N12 E25 25CDDD1,GW,38.8669722,-119.1355833,1,NAD83, 4486, 25,NGVD29,16050303,ad,,,0,,wat,,0,0,2005,2007,3
USGS,385201119080901,108  N12 E25 25CDDD1,GW,38.8669722,-119.1355833,1,NAD83, 4486, 25,NGVD29,16050303,gw,62610,,0,,wat,,1642461,0,2004-02-23,2012-03-27,10
USGS,385201119080901,108  N12 E25 25CDDD1,GW,38.8669722,-119.1355833,1,NAD83, 4486, 25,NGVD29,16050303,gw,62611,,0,,wat,,1642461,0,2004-02-23,2012-03-27,10
USGS,385201119080901,108  N12 E25 25CDDD1,GW,38.8669722,-119.1355833,1,NAD83, 4486, 25,NGVD29,16050303,gw,72019,,0,,wat,,1642008,0,2004-02-23,2012-03-27,10
USGS,385203118452001,110A N12 E29 29DDDA1    SOLAR STOCK,GW,38.8674722,-118.7555833,1,NAD83, 4017, 25,NGVD29,16050303,ad,,,0,,wat,,0,0,2005,2008,4
USGS,385203118452001,110A N12 E29 29DDDA1    SOLAR STOCK,GW,38.8674722,-118.7555833,1,NAD83, 4017, 25,NGVD29,16050303,gw,62610,,0,,wat,,1642461,0,2004-12-15,2023-03-08,51
USGS,385203118452001,110A N12 E29 29DDDA1    SOLAR STOCK,GW,38.8674722,-118.7555833,1,NAD83, 4017, 25,NGVD29,16050303,gw,62611,,0,,wat,,1642461,0,2004-12-15,2023-03-08,51
USGS,385203118452001,110A N12 E29 29DDDA1    SOLAR STOCK,GW,38.8674722,-118.7555833,1,NAD83, 4017, 25,NGVD29,16050303,gw,72019,,0,,wat,,1642008,0,2004-12-15,2023-03-08,51
USGS,385203118452001,110A N12 E29 29DDDA1    SOLAR STOCK,GW,38.8674722,-118.7555833,1,NAD83, 4017, 25,NGVD29,16050303,qw,,,0,,wat,ALL,0,0,2006-08-04,2006-08-04,1
USGS,385203118452001,110A N12 E29 29DDDA1    SOLAR STOCK,GW,38.8674722,-118.7555833,1,NAD83, 4017, 25,NGVD29,16050303,qw,00003,,0,,wat,INF,0,0,2006-08-04,2006-08-04,1
USGS,385203118452001,110A N12 E29 29DDDA1    SOLAR STOCK,GW,38.8674722,-118.7555833,1,NAD83, 4017, 25,NGVD29,16050303,qw,00010,,0,,wat,PHY,1645597,0,2006-08-04,2006-08-04,1
USGS,385203118452001,110A N12 E29 29DDDA1    SOLAR STOCK,GW,38.8674722,-118.7555833,1,NAD83, 4017, 25,NGVD29,16050303,qw,00020,,0,,wat,PHY,1645712,0,2006-08-04,2006-08-04,1
USGS,385203118452001,110A N12 E29 29DDDA1    SOLAR STOCK,GW,38.8674722,-118.7555833,1,NAD83, 4017, 25,NGVD29,16050303,qw,00025,,0,,wat,PHY,1641265,0,2006-08-04,2006-08-04,1
USGS,385203118452001,110A N12 E29 29DDDA1    SOLAR STOCK,GW,38.8674722,-118.7555833,1,NAD83, 4017, 25,NGVD29,16050303,qw,00028,,0,,wat,INF,0,0,2006-08-04,2006-08-04,1
USGS,385203118452001,110A N12 E29 29DDDA1    SOLAR STOCK,GW,38.8674722,-118.7555833,1,NAD83, 4017, 25,NGVD29,16050303,qw,00059,,0,,wat,PHY,1643253,0,2006-08-04,2006-08-04,1
USGS,385203118452001,110A N12 E29 29DDDA1    SOLAR STOCK,GW,38.8674722,-118.7555833,1,NAD83, 4017, 25,NGVD29,16050303,qw,00095,,0,,wat,PHY,1646694,0,2006-08-04,2006-08-04,1
USGS,385203118452001,110A N12 E29 29DDDA1    SOLAR STOCK,GW,38.8674722,-118.7555833,1,NAD83, 4017, 25,NGVD29,16050303,qw,00191,,0,,wat,INN,1640572,0,2006-08-04,2006-08-04,1
USGS,385203118452001,110A N12 E29 29DDDA1    SOLAR STOCK,GW,38.8674722,-118.7555833,1,NAD83, 4017, 25,NGVD29,16050303,qw,00300,,0,,wat,INN,154302,0,2006-08-04,2006-08-04,1
USGS,385203118452001,110A N12 E29 29DDDA1    SOLAR STOCK,GW,38.8674722,-118.7555833,1,NAD83, 4017, 25,NGVD29,16050303,qw,00301,,0,,wat,INN,154302,0,2006-08-04,2006-08-04,1
USGS,385203118452001,110A N12 E29 29DDDA1    SOLAR STOCK,GW,38.8674722,-118.7555833,1,NAD83, 4017, 25,NGVD29,16050303,qw,00400,,0,,wat,PHY,17028275,0,2006-08-04,2006-08-04,1
USGS,385203118452001,110A N12 E29 29DDDA1    SOLAR STOCK,GW,38.8674722,-118.7555833,1,NAD83, 4017, 25,NGVD29,16050303,qw,00403,,0,,wat,PHY,1644335,0,2006-08-04,2006-08-04,1
USGS,385203118452001,110A N12 E29 29DDDA1    SOLAR STOCK,GW,38.8674722,-118.7555833,1,NAD83, 4017, 25,NGVD29,16050303,qw,00405,,0,,wat,INN,33548,0,2006-08-04,2006-08-04,1
USGS,385203118452001,110A N12 E29 29DDDA1    SOLAR STOCK,GW,38.8674722,-118.7555833,1,NAD83, 4017, 25,NGVD29,16050303,qw,00900,,0,,wat,PHY,1640416,0,2006-08-04,2006-08-04,1
USGS,385203118452001,110A N12 E29 29DDDA1    SOLAR STOCK,GW,38.8674722,-118.7555833,1,NAD83, 4017, 25,NGVD29,16050303,qw,00904,,0,,wat,PHY,1640432,0,2006-08-04,2006-08-04,1
USGS,385203118452001,110A N12 E29 29DDDA1    SOLAR STOCK,GW,38.8674722,-118.7555833,1,NAD83, 4017, 25,NGVD29,16050303,qw,00915,,0,,wat,INM,150268,0,2006-08-04,2006-08-04,1
USGS,385203118452001,110A N12 E29 29DDDA1    SOLAR STOCK,GW,38.8674722,-118.7555833,1,NAD83, 4017, 25,NGVD29,16050303,qw,00925,,0,,wat,INM,149617,0,2006-08-04,2006-08-04,1
USGS,385203118452001,110A N12 E29 29DDDA1    SOLAR STOCK,GW,38.8674722,-118.7555833,1,NAD83, 4017, 25,NGVD29,16050303,qw,00930,,0,,wat,INM,149856,0,2006-08-04,2006-08-04,1
USGS,385203118452001,110A N12 E29 29DDDA1    SOLAR STOCK,GW,38.8674722,-118.7555833,1,NAD83, 4017, 25,NGVD29,16050303,qw,00931,,0,,wat,INM,1640523,0,2006-08-04,2006-08-04,1
USGS,385203118452001,110A N12 E29 29DDDA1    SOLAR STOCK,GW,38.8674722,-118.7555833,1,NAD83, 4017, 25,NGVD29,16050303,qw,00932,,0,,wat,INM,1646660,0,2006-08-04,2006-08-04,1
USGS,385203118452001,110A N12 E29 29DDDA1    SOLAR STOCK,GW,38.8674722,-118.7555833,1,NAD83, 4017, 25,NGVD29,16050303,qw,00935,,0,,wat,INM,149740,0,2006-08-04,2006-08-04,1
USGS,385203118452001,110A N12 E29 29DDDA1    SOLAR STOCK,GW,38.8674722,-118.7555833,1,NAD83, 4017, 25,NGVD29,16050303,qw,00940,,0,,wat,INN,205955,0,2006-08-04,2006-08-04,1
USGS,385203118452001,110A N12 E29 29DDDA1    SOLAR STOCK,GW,38.8674722,-118.7555833,1,NAD83, 4017, 25,NGVD29,16050303,qw,00945,,0,,wat,INN,197301,0,2006-08-04,2006-08-04,1
USGS,385203118452001,110A N12 E29 29DDDA1    SOLAR STOCK,GW,38.8674722,-118.7555833,1,NAD83, 4017, 25,NGVD29,16050303,qw,00950,,0,,wat,INN,206706,0,2006-08-04,2006-08-04,1
USGS,385203118452001,110A N12 E29 29DDDA1    SOLAR STOCK,GW,38.8674722,-118.7555833,1,NAD83, 4017, 25,NGVD29,16050303,qw,00955,,0,,wat,INN,151977,0,2006-08-04,2006-08-04,1
USGS,385203118452001,110A N12 E29 29DDDA1    SOLAR STOCK,GW,38.8674722,-118.7555833,1,NAD83, 4017, 25,NGVD29,16050303,qw,01020,,0,,wat,IMN,150011,0,2006-08-04,2006-08-04,1
USGS,385203118452001,110A N12 E29 29DDDA1    SOLAR STOCK,GW,38.8674722,-118.7555833,1,NAD83, 4017, 25,NGVD29,16050303,qw,01046,,0,,wat,IMM,149559,0,2006-08-04,2006-08-04,1
USGS,385203118452001,110A N12 E29 29DDDA1    SOLAR STOCK,GW,38.8674722,-118.7555833,1,NAD83, 4017, 25,NGVD29,16050303,qw,01056,,0,,wat,IMM,149625,0,2006-08-04,2006-08-04,1
USGS,385203118452001,110A N12 E29 29DDDA1    SOLAR STOCK,GW,38.8674722,-118.7555833,1,NAD83, 4017, 25,NGVD29,16050303,qw,01080,,0,,wat,IMM,149864,0,2006-08-04,2006-08-04,1
USGS,385203118452001,110A N12 E29 29DDDA1    SOLAR STOCK,GW,38.8674722,-118.7555833,1,NAD83, 4017, 25,NGVD29,16050303,qw,22603,,0,,wat,RAD,150185,0,2006-08-04,2006-08-04,1
USGS,385203118452001,110A N12 E29 29DDDA1    SOLAR STOCK,GW,38.8674722,-118.7555833,1,NAD83, 4017, 25,NGVD29,16050303,qw,22610,,0,,wat,RAD,192708,0,2006-08-04,2006-08-04,1
USGS,385203118452001,110A N12 E29 29DDDA1    SOLAR STOCK,GW,38.8674722,-118.7555833,1,NAD83, 4017, 25,NGVD29,16050303,qw,22620,,0,,wat,RAD,198606,0,2006-08-04,2006-08-04,1
USGS,385203118452001,110A N12 E29 29DDDA1    SOLAR STOCK,GW,38.8674722,-118.7555833,1,NAD83, 4017, 25,NGVD29,16050303,qw,30210,,0,,wat,PHY,1642040,0,2006-08-04,2006-08-04,1
USGS,385203118452001,110A N12 E29 29DDDA1    SOLAR STOCK,GW,38.8674722,-118.7555833,1,NAD83, 4017, 25,NGVD29,16050303,qw,39086,,0,,wat,INN,1640192,0,2006-08-04,2006-08-04,1
USGS,385203118452001,110A N12 E29 29DDDA1    SOLAR STOCK,GW,38.8674722,-118.7555833,1,NAD83, 4017, 25,NGVD29,16050303,qw,49932,,0,,wat,ISO,967356,0,2006-08-04,2006-08-04,1
USGS,385203118452001,110A N12 E29 29DDDA1    SOLAR STOCK,GW,38.8674722,-118.7555833,1,NAD83, 4017, 25,NGVD29,16050303,qw,62648,,0,,wat,ISO,0,0,2006-08-04,2006-08-04,1
USGS,385203118452001,110A N12 E29 29DDDA1    SOLAR STOCK,GW,38.8674722,-118.7555833,1,NAD83, 4017, 25,NGVD29,16050303,qw,70300,,0,,wat,PHY,1642222,0,2006-08-04,2006-08-04,1
USGS,385203118452001,110A N12 E29 29DDDA1    SOLAR STOCK,GW,38.8674722,-118.7555833,1,NAD83, 4017, 25,NGVD29,16050303,qw,70301,,0,,wat,PHY,1642222,0,2006-08-04,2006-08-04,1
USGS,385203118452001,110A N12 E29 29DDDA1    SOLAR STOCK,GW,38.8674722,-118.7555833,1,NAD83, 4017, 25,NGVD29,16050303,qw,70303,,0,,wat,PHY,1642222,0,2006-08-04,2006-08-04,1
USGS,385203118452001,110A N12 E29 29DDDA1    SOLAR STOCK,GW,38.8674722,-118.7555833,1,NAD83, 4017, 25,NGVD29,16050303,qw,71870,,0,,wat,INN,227538,0,2006-08-04,2006-08-04,1
USGS,385203118452001,110A N12 E29 29DDDA1    SOLAR STOCK,GW,38.8674722,-118.7555833,1,NAD83, 4017, 25,NGVD29,16050303,qw,72019,,0,,wat,PHY,1642008,0,2006-08-04,2006-08-04,1
USGS,385203118452001,110A N12 E29 29DDDA1    SOLAR STOCK,GW,38.8674722,-118.7555833,1,NAD83, 4017, 25,NGVD29,16050303,qw,75978,,0,,wat,ISO,17148297,0,2006-08-04,2006-08-04,1
USGS,385203118452001,110A N12 E29 29DDDA1    SOLAR STOCK,GW,38.8674722,-118.7555833,1,NAD83, 4017, 25,NGVD29,16050303,qw,82082,,0,,wat,ISO,1642107,0,2006-08-04,2006-08-04,1
USGS,385203118452001,110A N12 E29 29DDDA1    SOLAR STOCK,GW,38.8674722,-118.7555833,1,NAD83, 4017, 25,NGVD29,16050303,qw,82085,,0,,wat,ISO,967034,0,2006-08-04,2006-08-04,1
USGS,385203118452001,110A N12 E29 29DDDA1    SOLAR STOCK,GW,38.8674722,-118.7555833,1,NAD83, 4017, 25,NGVD29,16050303,qw,84164,,0,,wat,INF,0,0,2006-08-04,2006-08-04,1
USGS,385203118452001,110A N12 E29 29DDDA1    SOLAR STOCK,GW,38.8674722,-118.7555833,1,NAD83, 4017, 25,NGVD29,16050303,qw,90095,,0,,wat,PHY,1646694,0,2006-08-04,2006-08-04,1
USGS,385204119075201,108  N12 E25 35DC  1,GW,38.86769415,-119.1320968,S,NAD83, 4500., 20,NGVD29,16050303,gw,62610,,0,,wat,,1642461,0,1952-01-29,1993-03-10,17
USGS,385204119075201,108  N12 E25 35DC  1,GW,38.86769415,-119.1320968,S,NAD83, 4500., 20,NGVD29,16050303,gw,62611,,0,,wat,,1642461,0,1952-01-29,1993-03-10,17
USGS,385204119075201,108  N12 E25 35DC  1,GW,38.86769415,-119.1320968,S,NAD83, 4500., 20,NGVD29,16050303,gw,72019,,0,,wat,,1642008,0,1952-01-29,1993-03-10,17
USGS,385216119091401,108  N12 E25 27DB  1,GW,38.87102724,-119.1548751,M,NAD83, 4460.,1,NGVD29,16050303,gw,62610,,0,,wat,,1642461,0,1966-03-10,1966-03-10,1
USGS,385216119091401,108  N12 E25 27DB  1,GW,38.87102724,-119.1548751,M,NAD83, 4460.,1,NGVD29,16050303,gw,62611,,0,,wat,,1642461,0,1966-03-10,1966-03-10,1
USGS,385216119091401,108  N12 E25 27DB  1,GW,38.87102724,-119.1548751,M,NAD83, 4460.,1,NGVD29,16050303,gw,72019,,0,,wat,,1642008,0,1966-03-10,1966-03-10,1
USGS,385225119094801,108  N12 E25 27DAAA1,GW,38.87352716,-119.1643198,S,NAD83, 4460, 15,NGVD29,16050303,ad,,,0,,wat,,0,0,2005,2007,3
USGS,385225119094801,108  N12 E25 27DAAA1,GW,38.87352716,-119.1643198,S,NAD83, 4460, 15,NGVD29,16050303,gw,62610,,0,,wat,,1642461,0,1977-03-11,2007-03-14,33
USGS,385225119094801,108  N12 E25 27DAAA1,GW,38.87352716,-119.1643198,S,NAD83, 4460, 15,NGVD29,16050303,gw,62611,,0,,wat,,1642461,0,1977-03-11,2007-03-14,33
USGS,385225119094801,108  N12 E25 27DAAA1,GW,38.87352716,-119.1643198,S,NAD83, 4460, 15,NGVD29,16050303,gw,72019,,0,,wat,,1642008,0,1977-03-11,2007-03-14,33
USGS,385228119083001,108  N12 E25 26BD  1,GW,38.87436077,-119.1426526,M,NAD83, 4463.,1,NGVD29,16050303,gw,62610,,0,,wat,,1642461,0,1966-03-14,1966-03-14,1
USGS,385228119083001,108  N12 E25 26BD  1,GW,38.87436077,-119.1426526,M,NAD83, 4463.,1,NGVD29,16050303,gw,62611,,0,,wat,,1642461,0,1966-03-14,1966-03-14,1
USGS,385228119083001,108  N12 E25 26BD  1,GW,38.87436077,-119.1426526,M,NAD83, 4463.,1,NGVD29,16050303,gw,72019,,0,,wat,,1642008,0,1966-03-14,1966-03-14,1
USGS,385230119075901,108  N12 E25 26AD  1,GW,38.87491644,-119.1340413,M,NAD83, 4470.,1,NGVD29,16050303,gw,62610,,0,,wat,,1642461,0,1966-03-14,1966-03-14,1
USGS,385230119075901,108  N12 E25 26AD  1,GW,38.87491644,-119.1340413,M,NAD83, 4470.,1,NGVD29,16050303,gw,62611,,0,,wat,,1642461,0,1966-03-14,1966-03-14,1
USGS,385230119075901,108  N12 E25 26AD  1,GW,38.87491644,-119.1340413,M,NAD83, 4470.,1,NGVD29,16050303,gw,72019,,0,,wat,,1642008,0,1966-03-14,1966-03-14,1
USGS,385252119080701,108  N12 E25 25ABBB1,GW,38.8810833,-119.13525,1,NAD83, 4479, 15,NGVD29,16050303,gw,62610,,0,,wat,,1642461,0,1982-01-07,2004-02-23,2
USGS,385252119080701,108  N12 E25 25ABBB1,GW,38.8810833,-119.13525,1,NAD83, 4479, 15,NGVD29,16050303,gw,62611,,0,,wat,,1642461,0,1982-01-07,2004-02-23,2
USGS,385252119080701,108  N12 E25 25ABBB1,GW,38.8810833,-119.13525,1,NAD83, 4479, 15,NGVD29,16050303,gw,72019,,0,,wat,,1642008,0,1982-01-07,2004-02-23,2
USGS,385252119085002,FOX DITCH 1 SW/GW - BANK PIEZO 1,GW,38.8811111,-119.1472222,H,NAD83, 4471.35, .1,NAVD88,16050301,dv,72019,00003,103394,,wat,,1642008,0,2012-04-20,2012-08-17,85
USGS,385252119085002,FOX DITCH 1 SW/GW - BANK PIEZO 1,GW,38.8811111,-119.1472222,H,NAD83, 4471.35, .1,NAVD88,16050301,gw,62610,,0,,wat,,1642461,0,2012-03-26,2013-01-24,9
USGS,385252119085002,FOX DITCH 1 SW/GW - BANK PIEZO 1,GW,38.8811111,-119.1472222,H,NAD83, 4471.35, .1,NAVD88,16050301,gw,62611,,0,,wat,,1642461,0,2012-03-26,2013-01-24,9
USGS,385252119085002,FOX DITCH 1 SW/GW - BANK PIEZO 1,GW,38.8811111,-119.1472222,H,NAD83, 4471.35, .1,NAVD88,16050301,gw,72019,,0,,wat,,1642008,0,2012-03-26,2013-01-24,9
USGS,385252119085002,FOX DITCH 1 SW/GW - BANK PIEZO 1,GW,38.8811111,-119.1472222,H,NAD83, 4471.35, .1,NAVD88,16050301,uv,72019,,104387,,wat,,1642008,0,2012-04-20,2012-08-17,119
USGS,385252119085003,FOX DITCH 1 SW/GW - BANK PIEZO 2,GW,38.8811111,-119.1472222,H,NAD83, 4471.26, .1,NAVD88,16050301,dv,72019,00003,103395,,wat,,1642008,0,2012-03-27,2012-09-02,160
USGS,385252119085003,FOX DITCH 1 SW/GW - BANK PIEZO 2,GW,38.8811111,-119.1472222,H,NAD83, 4471.26, .1,NAVD88,16050301,gw,62610,,0,,wat,,1642461,0,2012-03-26,2013-01-24,8
USGS,385252119085003,FOX DITCH 1 SW/GW - BANK PIEZO 2,GW,38.8811111,-119.1472222,H,NAD83, 4471.26, .1,NAVD88,16050301,gw,62611,,0,,wat,,1642461,0,2012-03-26,2013-01-24,8
USGS,385252119085003,FOX DITCH 1 SW/GW - BANK PIEZO 2,GW,38.8811111,-119.1472222,H,NAD83, 4471.26, .1,NAVD88,16050301,gw,72019,,0,,wat,,1642008,0,2012-03-26,2013-01-24,8
USGS,385252119085003,FOX DITCH 1 SW/GW - BANK PIEZO 2,GW,38.8811111,-119.1472222,H,NAD83, 4471.26, .1,NAVD88,16050301,uv,72019,,104390,,wat,,1642008,0,2012-03-27,2012-09-02,159
USGS,385255119090501,108  N12 E25 23DCC 1,GW,38.88186075,-119.152375,S,NAD83, 4462, 25,NGVD29,16050303,ad,,,0,,wat,,0,0,2005,2012,4
USGS,385255119090501,108  N12 E25 23DCC 1,GW,38.88186075,-119.152375,S,NAD83, 4462, 25,NGVD29,16050303,gw,62610,,0,,wat,,1642461,0,1965-04-20,2010-11-23,30
USGS,385255119090501,108  N12 E25 23DCC 1,GW,38.88186075,-119.152375,S,NAD83, 4462, 25,NGVD29,16050303,gw,62611,,0,,wat,,1642461,0,1965-04-20,2010-11-23,30
USGS,385255119090501,108  N12 E25 23DCC 1,GW,38.88186075,-119.152375,S,NAD83, 4462, 25,NGVD29,16050303,gw,72019,,0,,wat,,1642008,0,1965-04-20,2010-11-23,30
USGS,385255119090501,108  N12 E25 23DCC 1,GW,38.88186075,-119.152375,S,NAD83, 4462, 25,NGVD29,16050303,qw,,,0,,wat,ALL,0,0,2011-11-16,2011-11-16,1
USGS,385255119090501,108  N12 E25 23DCC 1,GW,38.88186075,-119.152375,S,NAD83, 4462, 25,NGVD29,16050303,qw,00010,,0,,wat,PHY,1645597,0,2011-11-16,2011-11-16,1
USGS,385255119090501,108  N12 E25 23DCC 1,GW,38.88186075,-119.152375,S,NAD83, 4462, 25,NGVD29,16050303,qw,00095,,0,,wat,PHY,1646694,0,2011-11-16,2011-11-16,1
USGS,385255119090501,108  N12 E25 23DCC 1,GW,38.88186075,-119.152375,S,NAD83, 4462, 25,NGVD29,16050303,qw,50280,,0,,wat,INF,0,0,2011-11-16,2011-11-16,1
USGS,385256119085002,MICKEY DITCH 1 SW/GW - BANK PIEZO 1,GW,38.8822222,-119.1472222,H,NAD83, 4463.34, .1,NAVD88,16050301,dv,72019,00003,103398,,wat,,1642008,0,2012-03-27,2013-08-20,490
USGS,385256119085002,MICKEY DITCH 1 SW/GW - BANK PIEZO 1,GW,38.8822222,-119.1472222,H,NAD83, 4463.34, .1,NAVD88,16050301,gw,62610,,0,,wat,,1642461,0,2012-03-26,2013-09-06,17
USGS,385256119085002,MICKEY DITCH 1 SW/GW - BANK PIEZO 1,GW,38.8822222,-119.1472222,H,NAD83, 4463.34, .1,NAVD88,16050301,gw,62611,,0,,wat,,1642461,0,2012-03-26,2013-09-06,17
USGS,385256119085002,MICKEY DITCH 1 SW/GW - BANK PIEZO 1,GW,38.8822222,-119.1472222,H,NAD83, 4463.34, .1,NAVD88,16050301,gw,72019,,0,,wat,,1642008,0,2012-03-26,2013-09-06,17
USGS,385256119085002,MICKEY DITCH 1 SW/GW - BANK PIEZO 1,GW,38.8822222,-119.1472222,H,NAD83, 4463.34, .1,NAVD88,16050301,uv,72019,,104399,,wat,,1642008,0,2012-03-27,2013-08-20,511
USGS,385256119085003,MICKEY DITCH 1 SW/GW - BANK PIEZO 2,GW,38.8822222,-119.1472222,H,NAD83, 4465.11, .1,NAVD88,16050301,dv,72019,00003,103399,,wat,,1642008,0,2012-08-01,2013-08-04,202
USGS,385256119085003,MICKEY DITCH 1 SW/GW - BANK PIEZO 2,GW,38.8822222,-119.1472222,H,NAD83, 4465.11, .1,NAVD88,16050301,gw,62610,,0,,wat,,1642461,0,2012-03-26,2013-09-06,17
USGS,385256119085003,MICKEY DITCH 1 SW/GW - BANK PIEZO 2,GW,38.8822222,-119.1472222,H,NAD83, 4465.11, .1,NAVD88,16050301,gw,62611,,0,,wat,,1642461,0,2012-03-26,2013-09-06,17
USGS,385256119085003,MICKEY DITCH 1 SW/GW - BANK PIEZO 2,GW,38.8822222,-119.1472222,H,NAD83, 4465.11, .1,NAVD88,16050301,gw,72019,,0,,wat,,1642008,0,2012-03-26,2013-09-06,17
USGS,385256119085003,MICKEY DITCH 1 SW/GW - BANK PIEZO 2,GW,38.8822222,-119.1472222,H,NAD83, 4465.11, .1,NAVD88,16050301,uv,72019,,104402,,wat,,1642008,0,2012-03-26,2013-08-04,496
USGS,385257119082801,108  N12 E25 23CD  1,GW,38.8824164,-119.142097,M,NAD83, 4460.,1,NGVD29,16050303,gw,62610,,0,,wat,,1642461,0,1966-03-14,1966-03-14,1
USGS,385257119082801,108  N12 E25 23CD  1,GW,38.8824164,-119.142097,M,NAD83, 4460.,1,NGVD29,16050303,gw,62611,,0,,wat,,1642461,0,1966-03-14,1966-03-14,1
USGS,385257119082801,108  N12 E25 23CD  1,GW,38.8824164,-119.142097,M,NAD83, 4460.,1,NGVD29,16050303,gw,72019,,0,,wat,,1642008,0,1966-03-14,1966-03-14,1
USGS,385259119073601,108  N12 E25 24CC  1,GW,38.88297217,-119.1276523,M,NAD83, 4472.,1,NGVD29,16050303,gw,62610,,0,,wat,,1642461,0,1966-03-14,1966-03-14,1
USGS,385259119073601,108  N12 E25 24CC  1,GW,38.88297217,-119.1276523,M,NAD83, 4472.,1,NGVD29,16050303,gw,62611,,0,,wat,,1642461,0,1966-03-14,1966-03-14,1
USGS,385259119073601,108  N12 E25 24CC  1,GW,38.88297217,-119.1276523,M,NAD83, 4472.,1,NGVD29,16050303,gw,72019,,0,,wat,,1642008,0,1966-03-14,1966-03-14,1
USGS,385307119080201,108  N12 E25 23DA  1,GW,38.8851943,-119.1348747,M,NAD83, 4465.,1,NGVD29,16050303,gw,62610,,0,,wat,,1642461,0,1966-03-14,1966-03-14,1
USGS,385307119080201,108  N12 E25 23DA  1,GW,38.8851943,-119.1348747,M,NAD83, 4465.,1,NGVD29,16050303,gw,62611,,0,,wat,,1642461,0,1966-03-14,1966-03-14,1
USGS,385307119080201,108  N12 E25 23DA  1,GW,38.8851943,-119.1348747,M,NAD83, 4465.,1,NGVD29,16050303,gw,72019,,0,,wat,,1642008,0,1966-03-14,1966-03-14,1
USGS,385320119101401,108  N12 E25 21AC  1,GW,38.88880505,-119.1715422,M,NAD83, 4460.,1,NGVD29,16050303,gw,62610,,0,,wat,,1642461,0,1966-03-15,1966-03-15,1
USGS,385320119101401,108  N12 E25 21AC  1,GW,38.88880505,-119.1715422,M,NAD83, 4460.,1,NGVD29,16050303,gw,62611,,0,,wat,,1642461,0,1966-03-15,1966-03-15,1
USGS,385320119101401,108  N12 E25 21AC  1,GW,38.88880505,-119.1715422,M,NAD83, 4460.,1,NGVD29,16050303,gw,72019,,0,,wat,,1642008,0,1966-03-15,1966-03-15,1
USGS,385322119082801,108  N12 E25 23BD  1,GW,38.88936097,-119.142097,M,NAD83, 4454.,1,NGVD29,16050303,gw,62610,,0,,wat,,1642461,0,1966-03-14,1966-03-14,1
USGS,385322119082801,108  N12 E25 23BD  1,GW,38.88936097,-119.142097,M,NAD83, 4454.,1,NGVD29,16050303,gw,62611,,0,,wat,,1642461,0,1966-03-14,1966-03-14,1
USGS,385322119082801,108  N12 E25 23BD  1,GW,38.88936097,-119.142097,M,NAD83, 4454.,1,NGVD29,16050303,gw,72019,,0,,wat,,1642008,0,1966-03-14,1966-03-14,1
USGS,385325118455001,110A N12 E29 20ACBC1    FEEDLOT WRPT,GW,38.89016667,-118.7639167,1,NAD83, 4067,  1,NGVD29,16050303,ad,,,0,,wat,,0,0,2005,2008,4
USGS,385325118455001,110A N12 E29 20ACBC1    FEEDLOT WRPT,GW,38.89016667,-118.7639167,1,NAD83, 4067,  1,NGVD29,16050303,aw,,,0,,wat,,0,0,1977,2021,78
USGS,385325118455001,110A N12 E29 20ACBC1    FEEDLOT WRPT,GW,38.89016667,-118.7639167,1,NAD83, 4067,  1,NGVD29,16050303,gw,62610,,0,,wat,,1642461,0,1977-08-31,2023-03-08,82
USGS,385325118455001,110A N12 E29 20ACBC1    FEEDLOT WRPT,GW,38.89016667,-118.7639167,1,NAD83, 4067,  1,NGVD29,16050303,gw,62611,,0,,wat,,1642461,0,1977-08-31,2023-03-08,82
USGS,385325118455001,110A N12 E29 20ACBC1    FEEDLOT WRPT,GW,38.89016667,-118.7639167,1,NAD83, 4067,  1,NGVD29,16050303,gw,72019,,0,,wat,,1642008,0,1977-08-31,2023-03-08,82
USGS,385332119083701,108  N12 E25 24BBCC1,GW,38.89213889,-119.1436667,1,NAD83, 4460, 15,NGVD29,16050303,gw,62610,,0,,wat,,1642461,0,1978-11-28,2004-02-23,2
USGS,385332119083701,108  N12 E25 24BBCC1,GW,38.89213889,-119.1436667,1,NAD83, 4460, 15,NGVD29,16050303,gw,62611,,0,,wat,,1642461,0,1978-11-28,2004-02-23,2
USGS,385332119083701,108  N12 E25 24BBCC1,GW,38.89213889,-119.1436667,1,NAD83, 4460, 15,NGVD29,16050303,gw,72019,,0,,wat,,1642008,0,1978-11-28,2004-02-23,2
USGS,385332119110601,108  N12 E25 21ACA 1,GW,38.89213825,-119.185987,S,NAD83, 4446, 15,NGVD29,16050303,ad,,,0,,wat,,0,0,2005,2007,3
USGS,385332119110601,108  N12 E25 21ACA 1,GW,38.89213825,-119.185987,S,NAD83, 4446, 15,NGVD29,16050303,gw,62610,,0,,wat,,1642461,0,1965-04-15,2006-12-04,22
USGS,385332119110601,108  N12 E25 21ACA 1,GW,38.89213825,-119.185987,S,NAD83, 4446, 15,NGVD29,16050303,gw,62611,,0,,wat,,1642461,0,1965-04-15,2006-12-04,22
USGS,385332119110601,108  N12 E25 21ACA 1,GW,38.89213825,-119.185987,S,NAD83, 4446, 15,NGVD29,16050303,gw,72019,,0,,wat,,1642008,0,1965-04-15,2006-12-04,22
USGS,385333118461601,110A N12 E29 20BBC 1    RABBIT BRUSH,GW,38.89238889,-118.7710833,1,NAD83, 4070, 25,NGVD29,16050303,ad,,,0,,wat,,0,0,2005,2006,2
USGS,385333118461601,110A N12 E29 20BBC 1    RABBIT BRUSH,GW,38.89238889,-118.7710833,1,NAD83, 4070, 25,NGVD29,16050303,aw,,,0,,wat,,0,0,2005,2021,33
USGS,385333118461601,110A N12 E29 20BBC 1    RABBIT BRUSH,GW,38.89238889,-118.7710833,1,NAD83, 4070, 25,NGVD29,16050303,gw,62610,,0,,wat,,1642461,0,2005-04-05,2023-11-20,38
USGS,385333118461601,110A N12 E29 20BBC 1    RABBIT BRUSH,GW,38.89238889,-118.7710833,1,NAD83, 4070, 25,NGVD29,16050303,gw,62611,,0,,wat,,1642461,0,2005-04-05,2023-11-20,38
USGS,385333118461601,110A N12 E29 20BBC 1    RABBIT BRUSH,GW,38.89238889,-118.7710833,1,NAD83, 4070, 25,NGVD29,16050303,gw,72019,,0,,wat,,1642008,0,2005-04-05,2023-11-20,38
USGS,385333118461601,110A N12 E29 20BBC 1    RABBIT BRUSH,GW,38.89238889,-118.7710833,1,NAD83, 4070, 25,NGVD29,16050303,qw,,,0,,wat,ALL,0,0,2006-08-04,2006-08-04,1
USGS,385333118461601,110A N12 E29 20BBC 1    RABBIT BRUSH,GW,38.89238889,-118.7710833,1,NAD83, 4070, 25,NGVD29,16050303,qw,00003,,0,,wat,INF,0,0,2006-08-04,2006-08-04,1
USGS,385333118461601,110A N12 E29 20BBC 1    RABBIT BRUSH,GW,38.89238889,-118.7710833,1,NAD83, 4070, 25,NGVD29,16050303,qw,00010,,0,,wat,PHY,1645597,0,2006-08-04,2006-08-04,1
USGS,385333118461601,110A N12 E29 20BBC 1    RABBIT BRUSH,GW,38.89238889,-118.7710833,1,NAD83, 4070, 25,NGVD29,16050303,qw,00020,,0,,wat,PHY,1645712,0,2006-08-04,2006-08-04,1
USGS,385333118461601,110A N12 E29 20BBC 1    RABBIT BRUSH,GW,38.89238889,-118.7710833,1,NAD83, 4070, 25,NGVD29,16050303,qw,00025,,0,,wat,PHY,1641265,0,2006-08-04,2006-08-04,1
USGS,385333118461601,110A N12 E29 20BBC 1    RABBIT BRUSH,GW,38.89238889,-118.7710833,1,NAD83, 4070, 25,NGVD29,16050303,qw,00028,,0,,wat,INF,0,0,2006-08-04,2006-08-04,1
USGS,385333118461601,110A N12 E29 20BBC 1    RABBIT BRUSH,GW,38.89238889,-118.7710833,1,NAD83, 4070, 25,NGVD29,16050303,qw,00095,,0,,wat,PHY,1646694,0,2006-08-04,2006-08-04,1
USGS,385333118461601,110A N12 E29 20BBC 1    RABBIT BRUSH,GW,38.89238889,-118.7710833,1,NAD83, 4070, 25,NGVD29,16050303,qw,00191,,0,,wat,INN,1640572,0,2006-08-04,2006-08-04,1
USGS,385333118461601,110A N12 E29 20BBC 1    RABBIT BRUSH,GW,38.89238889,-118.7710833,1,NAD83, 4070, 25,NGVD29,16050303,qw,00300,,0,,wat,INN,154302,0,2006-08-04,2006-08-04,1
USGS,385333118461601,110A N12 E29 20BBC 1    RABBIT BRUSH,GW,38.89238889,-118.7710833,1,NAD83, 4070, 25,NGVD29,16050303,qw,00301,,0,,wat,INN,154302,0,2006-08-04,2006-08-04,1
USGS,385333118461601,110A N12 E29 20BBC 1    RABBIT BRUSH,GW,38.89238889,-118.7710833,1,NAD83, 4070, 25,NGVD29,16050303,qw,00400,,0,,wat,PHY,17028275,0,2006-08-04,2006-08-04,1
USGS,385333118461601,110A N12 E29 20BBC 1    RABBIT BRUSH,GW,38.89238889,-118.7710833,1,NAD83, 4070, 25,NGVD29,16050303,qw,00403,,0,,wat,PHY,1644335,0,2006-08-04,2006-08-04,1
USGS,385333118461601,110A N12 E29 20BBC 1    RABBIT BRUSH,GW,38.89238889,-118.7710833,1,NAD83, 4070, 25,NGVD29,16050303,qw,00405,,0,,wat,INN,33548,0,2006-08-04,2006-08-04,1
USGS,385333118461601,110A N12 E29 20BBC 1    RABBIT BRUSH,GW,38.89238889,-118.7710833,1,NAD83, 4070, 25,NGVD29,16050303,qw,00900,,0,,wat,PHY,1640416,0,2006-08-04,2006-08-04,1
USGS,385333118461601,110A N12 E29 20BBC 1    RABBIT BRUSH,GW,38.89238889,-118.7710833,1,NAD83, 4070, 25,NGVD29,16050303,qw,00904,,0,,wat,PHY,1640432,0,2006-08-04,2006-08-04,1
USGS,385333118461601,110A N12 E29 20BBC 1    RABBIT BRUSH,GW,38.89238889,-118.7710833,1,NAD83, 4070, 25,NGVD29,16050303,qw,00915,,0,,wat,INM,150268,0,2006-08-04,2006-08-04,1
USGS,385333118461601,110A N12 E29 20BBC 1    RABBIT BRUSH,GW,38.89238889,-118.7710833,1,NAD83, 4070, 25,NGVD29,16050303,qw,00925,,0,,wat,INM,149617,0,2006-08-04,2006-08-04,1
USGS,385333118461601,110A N12 E29 20BBC 1    RABBIT BRUSH,GW,38.89238889,-118.7710833,1,NAD83, 4070, 25,NGVD29,16050303,qw,00930,,0,,wat,INM,149856,0,2006-08-04,2006-08-04,1
USGS,385333118461601,110A N12 E29 20BBC 1    RABBIT BRUSH,GW,38.89238889,-118.7710833,1,NAD83, 4070, 25,NGVD29,16050303,qw,00931,,0,,wat,INM,1640523,0,2006-08-04,2006-08-04,1
USGS,385333118461601,110A N12 E29 20BBC 1    RABBIT BRUSH,GW,38.89238889,-118.7710833,1,NAD83, 4070, 25,NGVD29,16050303,qw,00932,,0,,wat,INM,1646660,0,2006-08-04,2006-08-04,1
USGS,385333118461601,110A N12 E29 20BBC 1    RABBIT BRUSH,GW,38.89238889,-118.7710833,1,NAD83, 4070, 25,NGVD29,16050303,qw,00935,,0,,wat,INM,149740,0,2006-08-04,2006-08-04,1
USGS,385333118461601,110A N12 E29 20BBC 1    RABBIT BRUSH,GW,38.89238889,-118.7710833,1,NAD83, 4070, 25,NGVD29,16050303,qw,00940,,0,,wat,INN,205955,0,2006-08-04,2006-08-04,1
USGS,385333118461601,110A N12 E29 20BBC 1    RABBIT BRUSH,GW,38.89238889,-118.7710833,1,NAD83, 4070, 25,NGVD29,16050303,qw,00945,,0,,wat,INN,197301,0,2006-08-04,2006-08-04,1
USGS,385333118461601,110A N12 E29 20BBC 1    RABBIT BRUSH,GW,38.89238889,-118.7710833,1,NAD83, 4070, 25,NGVD29,16050303,qw,00950,,0,,wat,INN,206706,0,2006-08-04,2006-08-04,1
USGS,385333118461601,110A N12 E29 20BBC 1    RABBIT BRUSH,GW,38.89238889,-118.7710833,1,NAD83, 4070, 25,NGVD29,16050303,qw,00955,,0,,wat,INN,151977,0,2006-08-04,2006-08-04,1
USGS,385333118461601,110A N12 E29 20BBC 1    RABBIT BRUSH,GW,38.89238889,-118.7710833,1,NAD83, 4070, 25,NGVD29,16050303,qw,01020,,0,,wat,IMN,150011,0,2006-08-04,2006-08-04,1
USGS,385333118461601,110A N12 E29 20BBC 1    RABBIT BRUSH,GW,38.89238889,-118.7710833,1,NAD83, 4070, 25,NGVD29,16050303,qw,01046,,0,,wat,IMM,149559,0,2006-08-04,2006-08-04,1
USGS,385333118461601,110A N12 E29 20BBC 1    RABBIT BRUSH,GW,38.89238889,-118.7710833,1,NAD83, 4070, 25,NGVD29,16050303,qw,01056,,0,,wat,IMM,149625,0,2006-08-04,2006-08-04,1
USGS,385333118461601,110A N12 E29 20BBC 1    RABBIT BRUSH,GW,38.89238889,-118.7710833,1,NAD83, 4070, 25,NGVD29,16050303,qw,01080,,0,,wat,IMM,149864,0,2006-08-04,2006-08-04,1
USGS,385333118461601,110A N12 E29 20BBC 1    RABBIT BRUSH,GW,38.89238889,-118.7710833,1,NAD83, 4070, 25,NGVD29,16050303,qw,22603,,0,,wat,RAD,150185,0,2006-08-04,2006-08-04,1
USGS,385333118461601,110A N12 E29 20BBC 1    RABBIT BRUSH,GW,38.89238889,-118.7710833,1,NAD83, 4070, 25,NGVD29,16050303,qw,22610,,0,,wat,RAD,192708,0,2006-08-04,2006-08-04,1
USGS,385333118461601,110A N12 E29 20BBC 1    RABBIT BRUSH,GW,38.89238889,-118.7710833,1,NAD83, 4070, 25,NGVD29,16050303,qw,22620,,0,,wat,RAD,198606,0,2006-08-04,2006-08-04,1
USGS,385333118461601,110A N12 E29 20BBC 1    RABBIT BRUSH,GW,38.89238889,-118.7710833,1,NAD83, 4070, 25,NGVD29,16050303,qw,30210,,0,,wat,PHY,1642040,0,2006-08-04,2006-08-04,1
USGS,385333118461601,110A N12 E29 20BBC 1    RABBIT BRUSH,GW,38.89238889,-118.7710833,1,NAD83, 4070, 25,NGVD29,16050303,qw,39086,,0,,wat,INN,1640192,0,2006-08-04,2006-08-04,1
USGS,385333118461601,110A N12 E29 20BBC 1    RABBIT BRUSH,GW,38.89238889,-118.7710833,1,NAD83, 4070, 25,NGVD29,16050303,qw,49932,,0,,wat,ISO,967356,0,2006-08-04,2006-08-04,1
USGS,385333118461601,110A N12 E29 20BBC 1    RABBIT BRUSH,GW,38.89238889,-118.7710833,1,NAD83, 4070, 25,NGVD29,16050303,qw,62648,,0,,wat,ISO,0,0,2006-08-04,2006-08-04,1
USGS,385333118461601,110A N12 E29 20BBC 1    RABBIT BRUSH,GW,38.89238889,-118.7710833,1,NAD83, 4070, 25,NGVD29,16050303,qw,70300,,0,,wat,PHY,1642222,0,2006-08-04,2006-08-04,1
USGS,385333118461601,110A N12 E29 20BBC 1    RABBIT BRUSH,GW,38.89238889,-118.7710833,1,NAD83, 4070, 25,NGVD29,16050303,qw,70301,,0,,wat,PHY,1642222,0,2006-08-04,2006-08-04,1
USGS,385333118461601,110A N12 E29 20BBC 1    RABBIT BRUSH,GW,38.89238889,-118.7710833,1,NAD83, 4070, 25,NGVD29,16050303,qw,70303,,0,,wat,PHY,1642222,0,2006-08-04,2006-08-04,1
USGS,385333118461601,110A N12 E29 20BBC 1    RABBIT BRUSH,GW,38.89238889,-118.7710833,1,NAD83, 4070, 25,NGVD29,16050303,qw,71870,,0,,wat,INN,227538,0,2006-08-04,2006-08-04,1
USGS,385333118461601,110A N12 E29 20BBC 1    RABBIT BRUSH,GW,38.89238889,-118.7710833,1,NAD83, 4070, 25,NGVD29,16050303,qw,72019,,0,,wat,PHY,1642008,0,2006-08-04,2006-08-04,1
USGS,385333118461601,110A N12 E29 20BBC 1    RABBIT BRUSH,GW,38.89238889,-118.7710833,1,NAD83, 4070, 25,NGVD29,16050303,qw,75978,,0,,wat,ISO,17148297,0,2006-08-04,2006-08-04,1
USGS,385333118461601,110A N12 E29 20BBC 1    RABBIT BRUSH,GW,38.89238889,-118.7710833,1,NAD83, 4070, 25,NGVD29,16050303,qw,82082,,0,,wat,ISO,1642107,0,2006-08-04,2006-08-04,1
USGS,385333118461601,110A N12 E29 20BBC 1    RABBIT BRUSH,GW,38.89238889,-118.7710833,1,NAD83, 4070, 25,NGVD29,16050303,qw,82085,,0,,wat,ISO,967034,0,2006-08-04,2006-08-04,1
USGS,385333118461601,110A N12 E29 20BBC 1    RABBIT BRUSH,GW,38.89238889,-118.7710833,1,NAD83, 4070, 25,NGVD29,16050303,qw,84164,,0,,wat,INF,0,0,2006-08-04,2006-08-04,1
USGS,385333118461601,110A N12 E29 20BBC 1    RABBIT BRUSH,GW,38.89238889,-118.7710833,1,NAD83, 4070, 25,NGVD29,16050303,qw,90095,,0,,wat,PHY,1646694,0,2006-08-04,2006-08-04,1
USGS,385342118443201,110A N12 E29 21ABAB1    AGAI PAH,GW,38.8950833,-118.7422778,1,NAD83, 4079,  1,NGVD29,16050303,ad,,,0,,wat,,0,0,2005,2007,2
USGS,385342118443201,110A N12 E29 21ABAB1    AGAI PAH,GW,38.8950833,-118.7422778,1,NAD83, 4079,  1,NGVD29,16050303,aw,,,0,,wat,,0,0,1992,2021,24
USGS,385342118443201,110A N12 E29 21ABAB1    AGAI PAH,GW,38.8950833,-118.7422778,1,NAD83, 4079,  1,NGVD29,16050303,gw,62610,,0,,wat,,1642461,0,1992-04-05,2023-03-08,28
USGS,385342118443201,110A N12 E29 21ABAB1    AGAI PAH,GW,38.8950833,-118.7422778,1,NAD83, 4079,  1,NGVD29,16050303,gw,62611,,0,,wat,,1642461,0,1992-04-05,2023-03-08,28
USGS,385342118443201,110A N12 E29 21ABAB1    AGAI PAH,GW,38.8950833,-118.7422778,1,NAD83, 4079,  1,NGVD29,16050303,gw,72019,,0,,wat,,1642008,0,1992-04-05,2023-03-08,28
USGS,385342118473101,110A N12 E29 19BBBB1    POWERLINE RD W 1,GW,38.89502778,-118.7919722,1,NAD83, 4082.93, 25,NGVD29,16050303,ad,,,0,,wat,,0,0,2005,2008,3
USGS,385342118473101,110A N12 E29 19BBBB1    POWERLINE RD W 1,GW,38.89502778,-118.7919722,1,NAD83, 4082.93, 25,NGVD29,16050303,aw,,,0,,wat,,0,0,1977,2021,26
USGS,385342118473101,110A N12 E29 19BBBB1    POWERLINE RD W 1,GW,38.89502778,-118.7919722,1,NAD83, 4082.93, 25,NGVD29,16050303,gw,62610,,0,,wat,,1642461,0,1977-10-07,2021-03-17,27
USGS,385342118473101,110A N12 E29 19BBBB1    POWERLINE RD W 1,GW,38.89502778,-118.7919722,1,NAD83, 4082.93, 25,NGVD29,16050303,gw,62611,,0,,wat,,1642461,0,1977-10-07,2021-03-17,27
USGS,385342118473101,110A N12 E29 19BBBB1    POWERLINE RD W 1,GW,38.89502778,-118.7919722,1,NAD83, 4082.93, 25,NGVD29,16050303,gw,72019,,0,,wat,,1642008,0,1977-10-07,2021-03-17,27
USGS,385343118473101,110A N12 E29 19BBBB2    POWERLINE RD OBSERVATION 1,GW,38.89516667,-118.7919444,1,NAD83, 4077.75,.01,NGVD29,16050303,ad,,,0,,wat,,0,0,2005,2008,4
USGS,385343118473101,110A N12 E29 19BBBB2    POWERLINE RD OBSERVATION 1,GW,38.89516667,-118.7919444,1,NAD83, 4077.75,.01,NGVD29,16050303,aw,,,0,,wat,,0,0,2004,2021,76
USGS,385343118473101,110A N12 E29 19BBBB2    POWERLINE RD OBSERVATION 1,GW,38.89516667,-118.7919444,1,NAD83, 4077.75,.01,NGVD29,16050303,gw,62610,,0,,wat,,1642461,0,2004-11-16,2023-03-16,81
USGS,385343118473101,110A N12 E29 19BBBB2    POWERLINE RD OBSERVATION 1,GW,38.89516667,-118.7919444,1,NAD83, 4077.75,.01,NGVD29,16050303,gw,62611,,0,,wat,,1642461,0,2004-11-16,2023-03-16,81
USGS,385343118473101,110A N12 E29 19BBBB2    POWERLINE RD OBSERVATION 1,GW,38.89516667,-118.7919444,1,NAD83, 4077.75,.01,NGVD29,16050303,gw,72019,,0,,wat,,1642008,0,2004-11-16,2023-03-16,81
USGS,385343118473102,110A N12 E29 19BBBB3    POWERLINE RD OBSERVATION 2,GW,38.89527778,-118.7918889,1,NAD83, 4081., 25,NAVD88,16050303,ad,,,0,,wat,,0,0,2007,2008,2
USGS,385343118473102,110A N12 E29 19BBBB3    POWERLINE RD OBSERVATION 2,GW,38.89527778,-118.7918889,1,NAD83, 4081., 25,NAVD88,16050303,gw,62610,,0,,wat,,1642461,0,2007-04-05,2014-03-11,15
USGS,385343118473102,110A N12 E29 19BBBB3    POWERLINE RD OBSERVATION 2,GW,38.89527778,-118.7918889,1,NAD83, 4081., 25,NAVD88,16050303,gw,62611,,0,,wat,,1642461,0,2007-04-05,2014-03-11,15
USGS,385343118473102,110A N12 E29 19BBBB3    POWERLINE RD OBSERVATION 2,GW,38.89527778,-118.7918889,1,NAD83, 4081., 25,NAVD88,16050303,gw,72019,,0,,wat,,1642008,0,2007-04-05,2014-03-11,15
USGS,385344118470301,110A N12 E29 18CDDC2    POWERLINE RB DS,GW,38.8955,-118.7842778,1,NAD83, 4053.07, 25,NGVD29,16050303,ad,,,0,,wat,,0,0,2005,2012,5
USGS,385344118470301,110A N12 E29 18CDDC2    POWERLINE RB DS,GW,38.8955,-118.7842778,1,NAD83, 4053.07, 25,NGVD29,16050303,gw,62610,,0,,wat,,1642461,0,2005-01-26,2014-03-11,38
USGS,385344118470301,110A N12 E29 18CDDC2    POWERLINE RB DS,GW,38.8955,-118.7842778,1,NAD83, 4053.07, 25,NGVD29,16050303,gw,62611,,0,,wat,,1642461,0,2005-01-26,2014-03-11,38
USGS,385344118470301,110A N12 E29 18CDDC2    POWERLINE RB DS,GW,38.8955,-118.7842778,1,NAD83, 4053.07, 25,NGVD29,16050303,gw,72019,,0,,wat,,1642008,0,2005-01-26,2014-03-11,38
USGS,385344118470301,110A N12 E29 18CDDC2    POWERLINE RB DS,GW,38.8955,-118.7842778,1,NAD83, 4053.07, 25,NGVD29,16050303,qw,,,0,,wat,ALL,0,0,2006-08-03,2011-11-17,3
USGS,385344118470301,110A N12 E29 18CDDC2    POWERLINE RB DS,GW,38.8955,-118.7842778,1,NAD83, 4053.07, 25,NGVD29,16050303,qw,00003,,0,,wat,INF,0,0,2006-08-03,2006-08-03,1
USGS,385344118470301,110A N12 E29 18CDDC2    POWERLINE RB DS,GW,38.8955,-118.7842778,1,NAD83, 4053.07, 25,NGVD29,16050303,qw,00010,,0,,wat,PHY,1645597,0,2006-08-03,2011-11-17,2
USGS,385344118470301,110A N12 E29 18CDDC2    POWERLINE RB DS,GW,38.8955,-118.7842778,1,NAD83, 4053.07, 25,NGVD29,16050303,qw,00020,,0,,wat,PHY,1645712,0,2006-08-03,2006-08-03,1
USGS,385344118470301,110A N12 E29 18CDDC2    POWERLINE RB DS,GW,38.8955,-118.7842778,1,NAD83, 4053.07, 25,NGVD29,16050303,qw,00025,,0,,wat,PHY,1641265,0,2006-08-03,2006-08-03,1
USGS,385344118470301,110A N12 E29 18CDDC2    POWERLINE RB DS,GW,38.8955,-118.7842778,1,NAD83, 4053.07, 25,NGVD29,16050303,qw,00028,,0,,wat,INF,0,0,2006-08-03,2006-08-03,1
USGS,385344118470301,110A N12 E29 18CDDC2    POWERLINE RB DS,GW,38.8955,-118.7842778,1,NAD83, 4053.07, 25,NGVD29,16050303,qw,00095,,0,,wat,PHY,1646694,0,2006-08-03,2011-11-17,2
USGS,385344118470301,110A N12 E29 18CDDC2    POWERLINE RB DS,GW,38.8955,-118.7842778,1,NAD83, 4053.07, 25,NGVD29,16050303,qw,00191,,0,,wat,INN,1640572,0,2006-08-03,2006-08-03,1
USGS,385344118470301,110A N12 E29 18CDDC2    POWERLINE RB DS,GW,38.8955,-118.7842778,1,NAD83, 4053.07, 25,NGVD29,16050303,qw,00300,,0,,wat,INN,154302,0,2006-08-03,2006-08-03,1
USGS,385344118470301,110A N12 E29 18CDDC2    POWERLINE RB DS,GW,38.8955,-118.7842778,1,NAD83, 4053.07, 25,NGVD29,16050303,qw,00301,,0,,wat,INN,154302,0,2006-08-03,2006-08-03,1
USGS,385344118470301,110A N12 E29 18CDDC2    POWERLINE RB DS,GW,38.8955,-118.7842778,1,NAD83, 4053.07, 25,NGVD29,16050303,qw,00400,,0,,wat,PHY,17028275,0,2006-08-03,2006-08-03,1
USGS,385344118470301,110A N12 E29 18CDDC2    POWERLINE RB DS,GW,38.8955,-118.7842778,1,NAD83, 4053.07, 25,NGVD29,16050303,qw,00403,,0,,wat,PHY,1644335,0,2006-08-03,2006-08-03,1
USGS,385344118470301,110A N12 E29 18CDDC2    POWERLINE RB DS,GW,38.8955,-118.7842778,1,NAD83, 4053.07, 25,NGVD29,16050303,qw,00405,,0,,wat,INN,33548,0,2006-08-03,2006-08-03,1
USGS,385344118470301,110A N12 E29 18CDDC2    POWERLINE RB DS,GW,38.8955,-118.7842778,1,NAD83, 4053.07, 25,NGVD29,16050303,qw,00900,,0,,wat,PHY,1640416,0,2006-08-03,2006-08-03,1
USGS,385344118470301,110A N12 E29 18CDDC2    POWERLINE RB DS,GW,38.8955,-118.7842778,1,NAD83, 4053.07, 25,NGVD29,16050303,qw,00915,,0,,wat,INM,150268,0,2006-08-03,2006-08-03,1
USGS,385344118470301,110A N12 E29 18CDDC2    POWERLINE RB DS,GW,38.8955,-118.7842778,1,NAD83, 4053.07, 25,NGVD29,16050303,qw,00925,,0,,wat,INM,149617,0,2006-08-03,2006-08-03,1
USGS,385344118470301,110A N12 E29 18CDDC2    POWERLINE RB DS,GW,38.8955,-118.7842778,1,NAD83, 4053.07, 25,NGVD29,16050303,qw,00930,,0,,wat,INM,149856,0,2006-08-03,2006-08-03,1
USGS,385344118470301,110A N12 E29 18CDDC2    POWERLINE RB DS,GW,38.8955,-118.7842778,1,NAD83, 4053.07, 25,NGVD29,16050303,qw,00931,,0,,wat,INM,1640523,0,2006-08-03,2006-08-03,1
USGS,385344118470301,110A N12 E29 18CDDC2    POWERLINE RB DS,GW,38.8955,-118.7842778,1,NAD83, 4053.07, 25,NGVD29,16050303,qw,00932,,0,,wat,INM,1646660,0,2006-08-03,2006-08-03,1
USGS,385344118470301,110A N12 E29 18CDDC2    POWERLINE RB DS,GW,38.8955,-118.7842778,1,NAD83, 4053.07, 25,NGVD29,16050303,qw,00935,,0,,wat,INM,149740,0,2006-08-03,2006-08-03,1
USGS,385344118470301,110A N12 E29 18CDDC2    POWERLINE RB DS,GW,38.8955,-118.7842778,1,NAD83, 4053.07, 25,NGVD29,16050303,qw,00940,,0,,wat,INN,205955,0,2006-08-03,2006-08-03,1
USGS,385344118470301,110A N12 E29 18CDDC2    POWERLINE RB DS,GW,38.8955,-118.7842778,1,NAD83, 4053.07, 25,NGVD29,16050303,qw,00945,,0,,wat,INN,197301,0,2006-08-03,2006-08-03,1
USGS,385344118470301,110A N12 E29 18CDDC2    POWERLINE RB DS,GW,38.8955,-118.7842778,1,NAD83, 4053.07, 25,NGVD29,16050303,qw,00950,,0,,wat,INN,206706,0,2006-08-03,2006-08-03,1
USGS,385344118470301,110A N12 E29 18CDDC2    POWERLINE RB DS,GW,38.8955,-118.7842778,1,NAD83, 4053.07, 25,NGVD29,16050303,qw,00955,,0,,wat,INN,151977,0,2006-08-03,2006-08-03,1
USGS,385344118470301,110A N12 E29 18CDDC2    POWERLINE RB DS,GW,38.8955,-118.7842778,1,NAD83, 4053.07, 25,NGVD29,16050303,qw,01020,,0,,wat,IMN,150011,0,2006-08-03,2006-08-03,1
USGS,385344118470301,110A N12 E29 18CDDC2    POWERLINE RB DS,GW,38.8955,-118.7842778,1,NAD83, 4053.07, 25,NGVD29,16050303,qw,01046,,0,,wat,IMM,149559,0,2006-08-03,2006-08-03,1
USGS,385344118470301,110A N12 E29 18CDDC2    POWERLINE RB DS,GW,38.8955,-118.7842778,1,NAD83, 4053.07, 25,NGVD29,16050303,qw,01056,,0,,wat,IMM,149625,0,2006-08-03,2006-08-03,1
USGS,385344118470301,110A N12 E29 18CDDC2    POWERLINE RB DS,GW,38.8955,-118.7842778,1,NAD83, 4053.07, 25,NGVD29,16050303,qw,01080,,0,,wat,IMM,149864,0,2006-08-03,2006-08-03,1
USGS,385344118470301,110A N12 E29 18CDDC2    POWERLINE RB DS,GW,38.8955,-118.7842778,1,NAD83, 4053.07, 25,NGVD29,16050303,qw,22603,,0,,wat,RAD,150185,0,2006-08-03,2006-08-03,2
USGS,385344118470301,110A N12 E29 18CDDC2    POWERLINE RB DS,GW,38.8955,-118.7842778,1,NAD83, 4053.07, 25,NGVD29,16050303,qw,22610,,0,,wat,RAD,192708,0,2006-08-03,2006-08-03,2
USGS,385344118470301,110A N12 E29 18CDDC2    POWERLINE RB DS,GW,38.8955,-118.7842778,1,NAD83, 4053.07, 25,NGVD29,16050303,qw,22620,,0,,wat,RAD,198606,0,2006-08-03,2006-08-03,2
USGS,385344118470301,110A N12 E29 18CDDC2    POWERLINE RB DS,GW,38.8955,-118.7842778,1,NAD83, 4053.07, 25,NGVD29,16050303,qw,30210,,0,,wat,PHY,1642040,0,2006-08-03,2006-08-03,1
USGS,385344118470301,110A N12 E29 18CDDC2    POWERLINE RB DS,GW,38.8955,-118.7842778,1,NAD83, 4053.07, 25,NGVD29,16050303,qw,39086,,0,,wat,INN,1640192,0,2006-08-03,2006-08-03,1
USGS,385344118470301,110A N12 E29 18CDDC2    POWERLINE RB DS,GW,38.8955,-118.7842778,1,NAD83, 4053.07, 25,NGVD29,16050303,qw,49932,,0,,wat,ISO,967356,0,2006-08-03,2006-08-03,1
USGS,385344118470301,110A N12 E29 18CDDC2    POWERLINE RB DS,GW,38.8955,-118.7842778,1,NAD83, 4053.07, 25,NGVD29,16050303,qw,50280,,0,,wat,INF,0,0,2011-11-17,2011-11-17,1
USGS,385344118470301,110A N12 E29 18CDDC2    POWERLINE RB DS,GW,38.8955,-118.7842778,1,NAD83, 4053.07, 25,NGVD29,16050303,qw,62648,,0,,wat,ISO,0,0,2006-08-03,2006-08-03,1
USGS,385344118470301,110A N12 E29 18CDDC2    POWERLINE RB DS,GW,38.8955,-118.7842778,1,NAD83, 4053.07, 25,NGVD29,16050303,qw,70300,,0,,wat,PHY,1642222,0,2006-08-03,2006-08-03,1
USGS,385344118470301,110A N12 E29 18CDDC2    POWERLINE RB DS,GW,38.8955,-118.7842778,1,NAD83, 4053.07, 25,NGVD29,16050303,qw,70301,,0,,wat,PHY,1642222,0,2006-08-03,2006-08-03,1
USGS,385344118470301,110A N12 E29 18CDDC2    POWERLINE RB DS,GW,38.8955,-118.7842778,1,NAD83, 4053.07, 25,NGVD29,16050303,qw,70303,,0,,wat,PHY,1642222,0,2006-08-03,2006-08-03,1
USGS,385344118470301,110A N12 E29 18CDDC2    POWERLINE RB DS,GW,38.8955,-118.7842778,1,NAD83, 4053.07, 25,NGVD29,16050303,qw,71870,,0,,wat,INN,227538,0,2006-08-03,2006-08-03,1
USGS,385344118470301,110A N12 E29 18CDDC2    POWERLINE RB DS,GW,38.8955,-118.7842778,1,NAD83, 4053.07, 25,NGVD29,16050303,qw,72019,,0,,wat,PHY,1642008,0,2006-08-03,2006-08-03,1
USGS,385344118470301,110A N12 E29 18CDDC2    POWERLINE RB DS,GW,38.8955,-118.7842778,1,NAD83, 4053.07, 25,NGVD29,16050303,qw,75978,,0,,wat,ISO,17148297,0,2006-08-03,2006-08-03,1
USGS,385344118470301,110A N12 E29 18CDDC2    POWERLINE RB DS,GW,38.8955,-118.7842778,1,NAD83, 4053.07, 25,NGVD29,16050303,qw,82082,,0,,wat,ISO,1642107,0,2006-08-03,2006-08-03,1
USGS,385344118470301,110A N12 E29 18CDDC2    POWERLINE RB DS,GW,38.8955,-118.7842778,1,NAD83, 4053.07, 25,NGVD29,16050303,qw,82085,,0,,wat,ISO,967034,0,2006-08-03,2006-08-03,1
USGS,385344118470301,110A N12 E29 18CDDC2    POWERLINE RB DS,GW,38.8955,-118.7842778,1,NAD83, 4053.07, 25,NGVD29,16050303,qw,84164,,0,,wat,INF,0,0,2006-08-03,2006-08-03,1
USGS,385344118470301,110A N12 E29 18CDDC2    POWERLINE RB DS,GW,38.8955,-118.7842778,1,NAD83, 4053.07, 25,NGVD29,16050303,qw,90095,,0,,wat,PHY,1646694,0,2006-08-03,2006-08-03,1
USGS,385345118470001,110A N12 E29 18CDDD1    POWERLINE LB,GW,38.89575,-118.7833333,1,NAD83, 4060.08,.01,NGVD29,16050303,ad,,,0,,wat,,0,0,2005,2008,4
USGS,385345118470001,110A N12 E29 18CDDD1    POWERLINE LB,GW,38.89575,-118.7833333,1,NAD83, 4060.08,.01,NGVD29,16050303,gw,62610,,0,,wat,,1642461,0,2005-01-27,2014-03-07,35
USGS,385345118470001,110A N12 E29 18CDDD1    POWERLINE LB,GW,38.89575,-118.7833333,1,NAD83, 4060.08,.01,NGVD29,16050303,gw,62611,,0,,wat,,1642461,0,2005-01-27,2014-03-07,35
USGS,385345118470001,110A N12 E29 18CDDD1    POWERLINE LB,GW,38.89575,-118.7833333,1,NAD83, 4060.08,.01,NGVD29,16050303,gw,72019,,0,,wat,,1642008,0,2005-01-27,2014-03-07,35
USGS,385345118470401,110A N12 E29 18CDDC1    POWERLINE RB US,GW,38.89575,-118.7844444,1,NAD83, 4053,  1,NGVD29,16050303,ad,,,0,,wat,,0,0,2005,2008,4
USGS,385345118470401,110A N12 E29 18CDDC1    POWERLINE RB US,GW,38.89575,-118.7844444,1,NAD83, 4053,  1,NGVD29,16050303,gw,62610,,0,,wat,,1642461,0,2005-01-24,2013-02-21,40
USGS,385345118470401,110A N12 E29 18CDDC1    POWERLINE RB US,GW,38.89575,-118.7844444,1,NAD83, 4053,  1,NGVD29,16050303,gw,62611,,0,,wat,,1642461,0,2005-01-24,2013-02-21,40
USGS,385345118470401,110A N12 E29 18CDDC1    POWERLINE RB US,GW,38.89575,-118.7844444,1,NAD83, 4053,  1,NGVD29,16050303,gw,72019,,0,,wat,,1642008,0,2005-01-24,2013-02-21,40
USGS,385345118473001,110A N12 E29 18CCCC1    POWERLINE RD OBSERVATION 3,GW,38.89577778,-118.7916944,1,NAD83, 4079, 25,NGVD29,16050303,ad,,,0,,wat,,0,0,2007,2008,2
USGS,385345118473001,110A N12 E29 18CCCC1    POWERLINE RD OBSERVATION 3,GW,38.89577778,-118.7916944,1,NAD83, 4079, 25,NGVD29,16050303,gw,62610,,0,,wat,,1642461,0,2007-04-05,2014-03-11,14
USGS,385345118473001,110A N12 E29 18CCCC1    POWERLINE RD OBSERVATION 3,GW,38.89577778,-118.7916944,1,NAD83, 4079, 25,NGVD29,16050303,gw,62611,,0,,wat,,1642461,0,2007-04-05,2014-03-11,14
USGS,385345118473001,110A N12 E29 18CCCC1    POWERLINE RD OBSERVATION 3,GW,38.89577778,-118.7916944,1,NAD83, 4079, 25,NGVD29,16050303,gw,72019,,0,,wat,,1642008,0,2007-04-05,2014-03-11,14
USGS,385351119084601,108  N12 E25 14CC  1,GW,38.89741657,-119.1470972,M,NAD83, 4446.,  1,NGVD29,16050303,gw,62610,,0,,wat,,1642461,0,1966-03-14,1966-03-14,1
USGS,385351119084601,108  N12 E25 14CC  1,GW,38.89741657,-119.1470972,M,NAD83, 4446.,  1,NGVD29,16050303,gw,62611,,0,,wat,,1642461,0,1966-03-14,1966-03-14,1
USGS,385351119084601,108  N12 E25 14CC  1,GW,38.89741657,-119.1470972,M,NAD83, 4446.,  1,NGVD29,16050303,gw,72019,,0,,wat,,1642008,0,1966-03-14,1966-03-14,1
USGS,385353119080401,108  N12 E25 14DD  1,GW,38.89797227,-119.1354303,M,NAD83, 4458.,1,NGVD29,16050303,gw,62610,,0,,wat,,1642461,0,1966-03-14,1966-03-14,1
USGS,385353119080401,108  N12 E25 14DD  1,GW,38.89797227,-119.1354303,M,NAD83, 4458.,1,NGVD29,16050303,gw,62611,,0,,wat,,1642461,0,1966-03-14,1966-03-14,1
USGS,385353119080401,108  N12 E25 14DD  1,GW,38.89797227,-119.1354303,M,NAD83, 4458.,1,NGVD29,16050303,gw,72019,,0,,wat,,1642008,0,1966-03-14,1966-03-14,1
USGS,385407119083001,108  N12 E25 14BD  1,GW,38.9018611,-119.1426527,M,NAD83, 4443.,1,NGVD29,16050303,gw,62610,,0,,wat,,1642461,0,1966-03-14,1966-03-14,1
USGS,385407119083001,108  N12 E25 14BD  1,GW,38.9018611,-119.1426527,M,NAD83, 4443.,1,NGVD29,16050303,gw,62611,,0,,wat,,1642461,0,1966-03-14,1966-03-14,1
USGS,385407119083001,108  N12 E25 14BD  1,GW,38.9018611,-119.1426527,M,NAD83, 4443.,1,NGVD29,16050303,gw,72019,,0,,wat,,1642008,0,1966-03-14,1966-03-14,1
USGS,385409118595001,108  N12 E27 18BC  1    USBLM,GW,38.9024184,-118.998205,M,NAD83, 4875.,1,NGVD29,16050303,gw,62610,,0,,wat,,1642461,0,1941-01-01,1941-01-01,1
USGS,385409118595001,108  N12 E27 18BC  1    USBLM,GW,38.9024184,-118.998205,M,NAD83, 4875.,1,NGVD29,16050303,gw,62611,,0,,wat,,1642461,0,1941-01-01,1941-01-01,1
USGS,385409118595001,108  N12 E27 18BC  1    USBLM,GW,38.9024184,-118.998205,M,NAD83, 4875.,1,NGVD29,16050303,gw,72019,,0,,wat,,1642008,0,1941-01-01,1941-01-01,1
USGS,385409119084301,108  N12 E25 14BC  1,GW,38.90241664,-119.1462639,M,NAD83, 4497.,1,NGVD29,16050303,gw,62610,,0,,wat,,1642461,0,1966-03-08,1966-03-08,1
USGS,385409119084301,108  N12 E25 14BC  1,GW,38.90241664,-119.1462639,M,NAD83, 4497.,1,NGVD29,16050303,gw,62611,,0,,wat,,1642461,0,1966-03-08,1966-03-08,1
USGS,385409119084301,108  N12 E25 14BC  1,GW,38.90241664,-119.1462639,M,NAD83, 4497.,1,NGVD29,16050303,gw,72019,,0,,wat,,1642008,0,1966-03-08,1966-03-08,1
USGS,385410119100401,108  N12 E25 15DB  1,GW,38.90269415,-119.1687644,S,NAD83, 4445, 15,NGVD29,16050303,ad,,,0,,wat,,0,0,2005,2007,3
USGS,385410119100401,108  N12 E25 15DB  1,GW,38.90269415,-119.1687644,S,NAD83, 4445, 15,NGVD29,16050303,gw,62610,,0,,wat,,1642461,0,1965-04-09,2007-02-14,31
USGS,385410119100401,108  N12 E25 15DB  1,GW,38.90269415,-119.1687644,S,NAD83, 4445, 15,NGVD29,16050303,gw,62611,,0,,wat,,1642461,0,1965-04-09,2007-02-14,31
USGS,385410119100401,108  N12 E25 15DB  1,GW,38.90269415,-119.1687644,S,NAD83, 4445, 15,NGVD29,16050303,gw,72019,,0,,wat,,1642008,0,1965-04-09,2007-02-14,31
USGS,385423118440801,110A N12 E29 15BBCC1    GREASEWOOD,GW,38.90627778,-118.7356389,1,NAD83, 4082, 25,NGVD29,16050303,ad,,,0,,wat,,0,0,2005,2007,3
USGS,385423118440801,110A N12 E29 15BBCC1    GREASEWOOD,GW,38.90627778,-118.7356389,1,NAD83, 4082, 25,NGVD29,16050303,aw,,,0,,wat,,0,0,2005,2021,32
USGS,385423118440801,110A N12 E29 15BBCC1    GREASEWOOD,GW,38.90627778,-118.7356389,1,NAD83, 4082, 25,NGVD29,16050303,gw,62610,,0,,wat,,1642461,0,2005-04-06,2023-11-20,36
USGS,385423118440801,110A N12 E29 15BBCC1    GREASEWOOD,GW,38.90627778,-118.7356389,1,NAD83, 4082, 25,NGVD29,16050303,gw,62611,,0,,wat,,1642461,0,2005-04-06,2023-11-20,36
USGS,385423118440801,110A N12 E29 15BBCC1    GREASEWOOD,GW,38.90627778,-118.7356389,1,NAD83, 4082, 25,NGVD29,16050303,gw,72019,,0,,wat,,1642008,0,2005-04-06,2023-11-20,36
USGS,385423118440801,110A N12 E29 15BBCC1    GREASEWOOD,GW,38.90627778,-118.7356389,1,NAD83, 4082, 25,NGVD29,16050303,qw,,,0,,wat,ALL,0,0,2006-08-11,2006-08-11,1
USGS,385423118440801,110A N12 E29 15BBCC1    GREASEWOOD,GW,38.90627778,-118.7356389,1,NAD83, 4082, 25,NGVD29,16050303,qw,00003,,0,,wat,INF,0,0,2006-08-11,2006-08-11,1
USGS,385423118440801,110A N12 E29 15BBCC1    GREASEWOOD,GW,38.90627778,-118.7356389,1,NAD83, 4082, 25,NGVD29,16050303,qw,00010,,0,,wat,PHY,1645597,0,2006-08-11,2006-08-11,1
USGS,385423118440801,110A N12 E29 15BBCC1    GREASEWOOD,GW,38.90627778,-118.7356389,1,NAD83, 4082, 25,NGVD29,16050303,qw,00020,,0,,wat,PHY,1645712,0,2006-08-11,2006-08-11,1
USGS,385423118440801,110A N12 E29 15BBCC1    GREASEWOOD,GW,38.90627778,-118.7356389,1,NAD83, 4082, 25,NGVD29,16050303,qw,00025,,0,,wat,PHY,1641265,0,2006-08-11,2006-08-11,1
USGS,385423118440801,110A N12 E29 15BBCC1    GREASEWOOD,GW,38.90627778,-118.7356389,1,NAD83, 4082, 25,NGVD29,16050303,qw,00028,,0,,wat,INF,0,0,2006-08-11,2006-08-11,1
USGS,385423118440801,110A N12 E29 15BBCC1    GREASEWOOD,GW,38.90627778,-118.7356389,1,NAD83, 4082, 25,NGVD29,16050303,qw,00059,,0,,wat,PHY,1643253,0,2006-08-11,2006-08-11,1
USGS,385423118440801,110A N12 E29 15BBCC1    GREASEWOOD,GW,38.90627778,-118.7356389,1,NAD83, 4082, 25,NGVD29,16050303,qw,00095,,0,,wat,PHY,1646694,0,2006-08-11,2006-08-11,1
USGS,385423118440801,110A N12 E29 15BBCC1    GREASEWOOD,GW,38.90627778,-118.7356389,1,NAD83, 4082, 25,NGVD29,16050303,qw,00191,,0,,wat,INN,1640572,0,2006-08-11,2006-08-11,1
USGS,385423118440801,110A N12 E29 15BBCC1    GREASEWOOD,GW,38.90627778,-118.7356389,1,NAD83, 4082, 25,NGVD29,16050303,qw,00300,,0,,wat,INN,154302,0,2006-08-11,2006-08-11,1
USGS,385423118440801,110A N12 E29 15BBCC1    GREASEWOOD,GW,38.90627778,-118.7356389,1,NAD83, 4082, 25,NGVD29,16050303,qw,00301,,0,,wat,INN,154302,0,2006-08-11,2006-08-11,1
USGS,385423118440801,110A N12 E29 15BBCC1    GREASEWOOD,GW,38.90627778,-118.7356389,1,NAD83, 4082, 25,NGVD29,16050303,qw,00400,,0,,wat,PHY,17028275,0,2006-08-11,2006-08-11,1
USGS,385423118440801,110A N12 E29 15BBCC1    GREASEWOOD,GW,38.90627778,-118.7356389,1,NAD83, 4082, 25,NGVD29,16050303,qw,00403,,0,,wat,PHY,1644335,0,2006-08-11,2006-08-11,1
USGS,385423118440801,110A N12 E29 15BBCC1    GREASEWOOD,GW,38.90627778,-118.7356389,1,NAD83, 4082, 25,NGVD29,16050303,qw,00405,,0,,wat,INN,33548,0,2006-08-11,2006-08-11,1
USGS,385423118440801,110A N12 E29 15BBCC1    GREASEWOOD,GW,38.90627778,-118.7356389,1,NAD83, 4082, 25,NGVD29,16050303,qw,00452,,0,,wat,INN,119396,0,2006-08-11,2006-08-11,1
USGS,385423118440801,110A N12 E29 15BBCC1    GREASEWOOD,GW,38.90627778,-118.7356389,1,NAD83, 4082, 25,NGVD29,16050303,qw,00900,,0,,wat,PHY,1640416,0,2006-08-11,2006-08-11,1
USGS,385423118440801,110A N12 E29 15BBCC1    GREASEWOOD,GW,38.90627778,-118.7356389,1,NAD83, 4082, 25,NGVD29,16050303,qw,00915,,0,,wat,INM,150268,0,2006-08-11,2006-08-11,1
USGS,385423118440801,110A N12 E29 15BBCC1    GREASEWOOD,GW,38.90627778,-118.7356389,1,NAD83, 4082, 25,NGVD29,16050303,qw,00925,,0,,wat,INM,149617,0,2006-08-11,2006-08-11,1
USGS,385423118440801,110A N12 E29 15BBCC1    GREASEWOOD,GW,38.90627778,-118.7356389,1,NAD83, 4082, 25,NGVD29,16050303,qw,00930,,0,,wat,INM,149856,0,2006-08-11,2006-08-11,1
USGS,385423118440801,110A N12 E29 15BBCC1    GREASEWOOD,GW,38.90627778,-118.7356389,1,NAD83, 4082, 25,NGVD29,16050303,qw,00931,,0,,wat,INM,1640523,0,2006-08-11,2006-08-11,1
USGS,385423118440801,110A N12 E29 15BBCC1    GREASEWOOD,GW,38.90627778,-118.7356389,1,NAD83, 4082, 25,NGVD29,16050303,qw,00932,,0,,wat,INM,1646660,0,2006-08-11,2006-08-11,1
USGS,385423118440801,110A N12 E29 15BBCC1    GREASEWOOD,GW,38.90627778,-118.7356389,1,NAD83, 4082, 25,NGVD29,16050303,qw,00935,,0,,wat,INM,149740,0,2006-08-11,2006-08-11,1
USGS,385423118440801,110A N12 E29 15BBCC1    GREASEWOOD,GW,38.90627778,-118.7356389,1,NAD83, 4082, 25,NGVD29,16050303,qw,00940,,0,,wat,INN,205955,0,2006-08-11,2006-08-11,1
USGS,385423118440801,110A N12 E29 15BBCC1    GREASEWOOD,GW,38.90627778,-118.7356389,1,NAD83, 4082, 25,NGVD29,16050303,qw,00945,,0,,wat,INN,197301,0,2006-08-11,2006-08-11,1
USGS,385423118440801,110A N12 E29 15BBCC1    GREASEWOOD,GW,38.90627778,-118.7356389,1,NAD83, 4082, 25,NGVD29,16050303,qw,00950,,0,,wat,INN,206706,0,2006-08-11,2006-08-11,1
USGS,385423118440801,110A N12 E29 15BBCC1    GREASEWOOD,GW,38.90627778,-118.7356389,1,NAD83, 4082, 25,NGVD29,16050303,qw,00955,,0,,wat,INN,151977,0,2006-08-11,2006-08-11,1
USGS,385423118440801,110A N12 E29 15BBCC1    GREASEWOOD,GW,38.90627778,-118.7356389,1,NAD83, 4082, 25,NGVD29,16050303,qw,01020,,0,,wat,IMN,150011,0,2006-08-11,2006-08-11,1
USGS,385423118440801,110A N12 E29 15BBCC1    GREASEWOOD,GW,38.90627778,-118.7356389,1,NAD83, 4082, 25,NGVD29,16050303,qw,01046,,0,,wat,IMM,149559,0,2006-08-11,2006-08-11,1
USGS,385423118440801,110A N12 E29 15BBCC1    GREASEWOOD,GW,38.90627778,-118.7356389,1,NAD83, 4082, 25,NGVD29,16050303,qw,01056,,0,,wat,IMM,149625,0,2006-08-11,2006-08-11,1
USGS,385423118440801,110A N12 E29 15BBCC1    GREASEWOOD,GW,38.90627778,-118.7356389,1,NAD83, 4082, 25,NGVD29,16050303,qw,01080,,0,,wat,IMM,149864,0,2006-08-11,2006-08-11,1
USGS,385423118440801,110A N12 E29 15BBCC1    GREASEWOOD,GW,38.90627778,-118.7356389,1,NAD83, 4082, 25,NGVD29,16050303,qw,22603,,0,,wat,RAD,150185,0,2006-08-11,2006-08-11,1
USGS,385423118440801,110A N12 E29 15BBCC1    GREASEWOOD,GW,38.90627778,-118.7356389,1,NAD83, 4082, 25,NGVD29,16050303,qw,22610,,0,,wat,RAD,192708,0,2006-08-11,2006-08-11,1
USGS,385423118440801,110A N12 E29 15BBCC1    GREASEWOOD,GW,38.90627778,-118.7356389,1,NAD83, 4082, 25,NGVD29,16050303,qw,22620,,0,,wat,RAD,198606,0,2006-08-11,2006-08-11,1
USGS,385423118440801,110A N12 E29 15BBCC1    GREASEWOOD,GW,38.90627778,-118.7356389,1,NAD83, 4082, 25,NGVD29,16050303,qw,30210,,0,,wat,PHY,1642040,0,2006-08-11,2006-08-11,1
USGS,385423118440801,110A N12 E29 15BBCC1    GREASEWOOD,GW,38.90627778,-118.7356389,1,NAD83, 4082, 25,NGVD29,16050303,qw,39086,,0,,wat,INN,1640192,0,2006-08-11,2006-08-11,1
USGS,385423118440801,110A N12 E29 15BBCC1    GREASEWOOD,GW,38.90627778,-118.7356389,1,NAD83, 4082, 25,NGVD29,16050303,qw,49932,,0,,wat,ISO,967356,0,2006-08-11,2006-08-11,1
USGS,385423118440801,110A N12 E29 15BBCC1    GREASEWOOD,GW,38.90627778,-118.7356389,1,NAD83, 4082, 25,NGVD29,16050303,qw,62648,,0,,wat,ISO,0,0,2006-08-11,2006-08-11,1
USGS,385423118440801,110A N12 E29 15BBCC1    GREASEWOOD,GW,38.90627778,-118.7356389,1,NAD83, 4082, 25,NGVD29,16050303,qw,70300,,0,,wat,PHY,1642222,0,2006-08-11,2006-08-11,1
USGS,385423118440801,110A N12 E29 15BBCC1    GREASEWOOD,GW,38.90627778,-118.7356389,1,NAD83, 4082, 25,NGVD29,16050303,qw,70301,,0,,wat,PHY,1642222,0,2006-08-11,2006-08-11,1
USGS,385423118440801,110A N12 E29 15BBCC1    GREASEWOOD,GW,38.90627778,-118.7356389,1,NAD83, 4082, 25,NGVD29,16050303,qw,70303,,0,,wat,PHY,1642222,0,2006-08-11,2006-08-11,1
USGS,385423118440801,110A N12 E29 15BBCC1    GREASEWOOD,GW,38.90627778,-118.7356389,1,NAD83, 4082, 25,NGVD29,16050303,qw,71870,,0,,wat,INN,227538,0,2006-08-11,2006-08-11,1
USGS,385423118440801,110A N12 E29 15BBCC1    GREASEWOOD,GW,38.90627778,-118.7356389,1,NAD83, 4082, 25,NGVD29,16050303,qw,72004,,0,,wat,INF,0,0,2006-08-11,2006-08-11,1
USGS,385423118440801,110A N12 E29 15BBCC1    GREASEWOOD,GW,38.90627778,-118.7356389,1,NAD83, 4082, 25,NGVD29,16050303,qw,72019,,0,,wat,PHY,1642008,0,2006-08-11,2006-08-11,1
USGS,385423118440801,110A N12 E29 15BBCC1    GREASEWOOD,GW,38.90627778,-118.7356389,1,NAD83, 4082, 25,NGVD29,16050303,qw,75978,,0,,wat,ISO,17148297,0,2006-08-11,2006-08-11,1
USGS,385423118440801,110A N12 E29 15BBCC1    GREASEWOOD,GW,38.90627778,-118.7356389,1,NAD83, 4082, 25,NGVD29,16050303,qw,82082,,0,,wat,ISO,1642107,0,2006-08-11,2006-08-11,1
USGS,385423118440801,110A N12 E29 15BBCC1    GREASEWOOD,GW,38.90627778,-118.7356389,1,NAD83, 4082, 25,NGVD29,16050303,qw,82085,,0,,wat,ISO,967034,0,2006-08-11,2006-08-11,1
USGS,385423118440801,110A N12 E29 15BBCC1    GREASEWOOD,GW,38.90627778,-118.7356389,1,NAD83, 4082, 25,NGVD29,16050303,qw,84164,,0,,wat,INF,0,0,2006-08-11,2006-08-11,1
USGS,385423118440801,110A N12 E29 15BBCC1    GREASEWOOD,GW,38.90627778,-118.7356389,1,NAD83, 4082, 25,NGVD29,16050303,qw,90095,,0,,wat,PHY,1646694,0,2006-08-11,2006-08-11,1
USGS,385439119115401,108  N12 E25 09CCCD1,GW,38.91091667,-119.1984167,1,NAD83, 4479, 25,NGVD29,16050303,ad,,,0,,wat,,0,0,2005,2007,3
USGS,385439119115401,108  N12 E25 09CCCD1,GW,38.91091667,-119.1984167,1,NAD83, 4479, 25,NGVD29,16050303,gw,62610,,0,,wat,,1642461,0,2004-03-04,2014-03-06,15
USGS,385439119115401,108  N12 E25 09CCCD1,GW,38.91091667,-119.1984167,1,NAD83, 4479, 25,NGVD29,16050303,gw,62611,,0,,wat,,1642461,0,2004-03-04,2014-03-06,15
USGS,385439119115401,108  N12 E25 09CCCD1,GW,38.91091667,-119.1984167,1,NAD83, 4479, 25,NGVD29,16050303,gw,72019,,0,,wat,,1642008,0,2004-03-04,2014-03-06,15
USGS,385443119082201,108  N12 E25 11CD  1,GW,38.91186127,-119.1404304,M,NAD83, 4438.,1,NGVD29,16050303,gw,62610,,0,,wat,,1642461,0,1966-03-15,1966-03-15,1
USGS,385443119082201,108  N12 E25 11CD  1,GW,38.91186127,-119.1404304,M,NAD83, 4438.,1,NGVD29,16050303,gw,62611,,0,,wat,,1642461,0,1966-03-15,1966-03-15,1
USGS,385443119082201,108  N12 E25 11CD  1,GW,38.91186127,-119.1404304,M,NAD83, 4438.,1,NGVD29,16050303,gw,72019,,0,,wat,,1642008,0,1966-03-15,1966-03-15,1
USGS,385447119073801,108  N12 E25 12CB  1,GW,38.91297254,-119.128208,M,NAD83, 4440.,1,NGVD29,16050303,gw,62610,,0,,wat,,1642461,0,1966-03-15,1966-03-15,1
USGS,385447119073801,108  N12 E25 12CB  1,GW,38.91297254,-119.128208,M,NAD83, 4440.,1,NGVD29,16050303,gw,62611,,0,,wat,,1642461,0,1966-03-15,1966-03-15,1
USGS,385447119073801,108  N12 E25 12CB  1,GW,38.91297254,-119.128208,M,NAD83, 4440.,1,NGVD29,16050303,gw,72019,,0,,wat,,1642008,0,1966-03-15,1966-03-15,1
USGS,385447119075901,108  N12 E25 12CDAA1,GW,38.91297248,-119.1340414,S,NAD83, 4476, 15,NGVD29,16050303,ad,,,0,,wat,,0,0,2005,2007,3
USGS,385447119075901,108  N12 E25 12CDAA1,GW,38.91297248,-119.1340414,S,NAD83, 4476, 15,NGVD29,16050303,gw,62610,,0,,wat,,1642461,0,1978-06-28,2010-11-24,28
USGS,385447119075901,108  N12 E25 12CDAA1,GW,38.91297248,-119.1340414,S,NAD83, 4476, 15,NGVD29,16050303,gw,62611,,0,,wat,,1642461,0,1978-06-28,2010-11-24,28
USGS,385447119075901,108  N12 E25 12CDAA1,GW,38.91297248,-119.1340414,S,NAD83, 4476, 15,NGVD29,16050303,gw,72019,,0,,wat,,1642008,0,1978-06-28,2010-11-24,28
USGS,385447119094301,108  N12 E25 10CA  1,GW,38.9129721,-119.1629309,M,NAD83,4443,50,NAVD88,16050303,gw,62610,,0,,wat,,1642461,0,1966-03-14,1966-03-14,1
USGS,385447119094301,108  N12 E25 10CA  1,GW,38.9129721,-119.1629309,M,NAD83,4443,50,NAVD88,16050303,gw,62611,,0,,wat,,1642461,0,1966-03-14,1966-03-14,1
USGS,385447119094301,108  N12 E25 10CA  1,GW,38.9129721,-119.1629309,M,NAD83,4443,50,NAVD88,16050303,gw,72019,,0,,wat,,1642008,0,1966-03-14,1966-03-14,1
USGS,385450118425301,110A N12 E29 14ACAB1    OLD RR GRADE,GW,38.90563889,-118.7055833,M,NAD83, 4122,  1,NGVD29,16050303,ad,,,0,,wat,,0,0,2005,2007,2
USGS,385450118425301,110A N12 E29 14ACAB1    OLD RR GRADE,GW,38.90563889,-118.7055833,M,NAD83, 4122,  1,NGVD29,16050303,aw,,,0,,wat,,0,0,2004,2020,24
USGS,385450118425301,110A N12 E29 14ACAB1    OLD RR GRADE,GW,38.90563889,-118.7055833,M,NAD83, 4122,  1,NGVD29,16050303,gw,62610,,0,,wat,,1642461,0,2004-12-16,2023-03-08,26
USGS,385450118425301,110A N12 E29 14ACAB1    OLD RR GRADE,GW,38.90563889,-118.7055833,M,NAD83, 4122,  1,NGVD29,16050303,gw,62611,,0,,wat,,1642461,0,2004-12-16,2023-03-08,26
USGS,385450118425301,110A N12 E29 14ACAB1    OLD RR GRADE,GW,38.90563889,-118.7055833,M,NAD83, 4122,  1,NGVD29,16050303,gw,72019,,0,,wat,,1642008,0,2004-12-16,2023-03-08,26
USGS,385451119070201,108  N12 E25 12DA  1,GW,38.91408379,-119.1182077,M,NAD83, 4480.,1,NGVD29,16050303,gw,62610,,0,,wat,,1642461,0,1966-03-14,1966-03-14,1
USGS,385451119070201,108  N12 E25 12DA  1,GW,38.91408379,-119.1182077,M,NAD83, 4480.,1,NGVD29,16050303,gw,62611,,0,,wat,,1642461,0,1966-03-14,1966-03-14,1
USGS,385451119070201,108  N12 E25 12DA  1,GW,38.91408379,-119.1182077,M,NAD83, 4480.,1,NGVD29,16050303,gw,72019,,0,,wat,,1642008,0,1966-03-14,1966-03-14,1
USGS,385453119100601,108  N12 E25 09DDDA1,GW,38.91419444,-119.1819167,1,NAD83, 4430, 15,NGVD29,16050303,ad,,,0,,wat,,0,0,2005,2007,3
USGS,385453119100601,108  N12 E25 09DDDA1,GW,38.91419444,-119.1819167,1,NAD83, 4430, 15,NGVD29,16050303,gw,62610,,0,,wat,,1642461,0,1966-03-14,2006-12-04,7
USGS,385453119100601,108  N12 E25 09DDDA1,GW,38.91419444,-119.1819167,1,NAD83, 4430, 15,NGVD29,16050303,gw,62611,,0,,wat,,1642461,0,1966-03-14,2006-12-04,7
USGS,385453119100601,108  N12 E25 09DDDA1,GW,38.91419444,-119.1819167,1,NAD83, 4430, 15,NGVD29,16050303,gw,72019,,0,,wat,,1642008,0,1966-03-14,2006-12-04,7
USGS,385453119105301,108  N12 E25 09CB  1,GW,38.91463859,-119.1823758,M,NAD83, 4450.,1,NGVD29,16050303,gw,62610,,0,,wat,,1642461,0,1966-03-15,1966-03-15,1
USGS,385453119105301,108  N12 E25 09CB  1,GW,38.91463859,-119.1823758,M,NAD83, 4450.,1,NGVD29,16050303,gw,62611,,0,,wat,,1642461,0,1966-03-15,1966-03-15,1
USGS,385453119105301,108  N12 E25 09CB  1,GW,38.91463859,-119.1823758,M,NAD83, 4450.,1,NGVD29,16050303,gw,72019,,0,,wat,,1642008,0,1966-03-15,1966-03-15,1
USGS,385455119114501,108  N12 E25 09CACC4,GW,38.91516667,-119.1957222,1,NAD83, 4451, 25,NGVD29,16050303,ad,,,0,,wat,,0,0,2005,2007,3
USGS,385455119114501,108  N12 E25 09CACC4,GW,38.91516667,-119.1957222,1,NAD83, 4451, 25,NGVD29,16050303,gw,62610,,0,,wat,,1642461,0,1998-11-16,2014-03-06,16
USGS,385455119114501,108  N12 E25 09CACC4,GW,38.91516667,-119.1957222,1,NAD83, 4451, 25,NGVD29,16050303,gw,62611,,0,,wat,,1642461,0,1998-11-16,2014-03-06,16
USGS,385455119114501,108  N12 E25 09CACC4,GW,38.91516667,-119.1957222,1,NAD83, 4451, 25,NGVD29,16050303,gw,72019,,0,,wat,,1642008,0,1998-11-16,2014-03-06,16
USGS,385456119091901,108  N12 E25 11CACD1,GW,38.91547224,-119.1562641,S,NAD83, 4439, 15,NGVD29,16050303,ad,,,0,,wat,,0,0,2005,2007,3
USGS,385456119091901,108  N12 E25 11CACD1,GW,38.91547224,-119.1562641,S,NAD83, 4439, 15,NGVD29,16050303,gw,62610,,0,,wat,,1642461,0,1961-04-01,2010-11-23,31
USGS,385456119091901,108  N12 E25 11CACD1,GW,38.91547224,-119.1562641,S,NAD83, 4439, 15,NGVD29,16050303,gw,62611,,0,,wat,,1642461,0,1961-04-01,2010-11-23,31
USGS,385456119091901,108  N12 E25 11CACD1,GW,38.91547224,-119.1562641,S,NAD83, 4439, 15,NGVD29,16050303,gw,72019,,0,,wat,,1642008,0,1961-04-01,2010-11-23,31
USGS,385457119113601,108  N12 E25 09CDBA1,GW,38.91574957,-119.1943205,S,NAD83, 4430., 20,NGVD29,16050303,gw,62610,,0,,wat,,1642461,0,1965-04-20,1983-01-19,6
USGS,385457119113601,108  N12 E25 09CDBA1,GW,38.91574957,-119.1943205,S,NAD83, 4430., 20,NGVD29,16050303,gw,62611,,0,,wat,,1642461,0,1965-04-20,1983-01-19,6
USGS,385457119113601,108  N12 E25 09CDBA1,GW,38.91574957,-119.1943205,S,NAD83, 4430., 20,NGVD29,16050303,gw,72019,,0,,wat,,1642008,0,1965-04-20,1983-01-19,6
USGS,385500119114201,108  N12 E25 09CABC1,GW,38.9165833,-119.1949722,1,NAD83, 4448, 25,NGVD29,16050303,ad,,,0,,wat,,0,0,2005,2007,3
USGS,385500119114201,108  N12 E25 09CABC1,GW,38.9165833,-119.1949722,1,NAD83, 4448, 25,NGVD29,16050303,gw,62610,,0,,wat,,1642461,0,2004-03-04,2013-11-25,13
USGS,385500119114201,108  N12 E25 09CABC1,GW,38.9165833,-119.1949722,1,NAD83, 4448, 25,NGVD29,16050303,gw,62611,,0,,wat,,1642461,0,2004-03-04,2013-11-25,13
USGS,385500119114201,108  N12 E25 09CABC1,GW,38.9165833,-119.1949722,1,NAD83, 4448, 25,NGVD29,16050303,gw,72019,,0,,wat,,1642008,0,2004-03-04,2013-11-25,13
USGS,385503118454401,110A N12 E29 08AC  1,GW,38.91742016,-118.7631988,U,NAD83,,,,16050303,qw,,,0,,wat,ALL,0,0,1978-01-12,1978-01-12,1
USGS,385503118454401,110A N12 E29 08AC  1,GW,38.91742016,-118.7631988,U,NAD83,,,,16050303,qw,00010,,0,,wat,PHY,1645597,0,1978-01-12,1978-01-12,1
USGS,385503118454401,110A N12 E29 08AC  1,GW,38.91742016,-118.7631988,U,NAD83,,,,16050303,qw,00095,,0,,wat,PHY,1646694,0,1978-01-12,1978-01-12,1
USGS,385503118454401,110A N12 E29 08AC  1,GW,38.91742016,-118.7631988,U,NAD83,,,,16050303,qw,00191,,0,,wat,INN,1640572,0,1978-01-12,1978-01-12,1
USGS,385503118454401,110A N12 E29 08AC  1,GW,38.91742016,-118.7631988,U,NAD83,,,,16050303,qw,00400,,0,,wat,PHY,17028275,0,1978-01-12,1978-01-12,1
USGS,385503118454401,110A N12 E29 08AC  1,GW,38.91742016,-118.7631988,U,NAD83,,,,16050303,qw,00405,,0,,wat,INN,33548,0,1978-01-12,1978-01-12,1
USGS,385503118454401,110A N12 E29 08AC  1,GW,38.91742016,-118.7631988,U,NAD83,,,,16050303,qw,00410,,0,,wat,INN,1640192,0,1978-01-12,1978-01-12,1
USGS,385503118454401,110A N12 E29 08AC  1,GW,38.91742016,-118.7631988,U,NAD83,,,,16050303,qw,00440,,0,,wat,INN,4788,0,1978-01-12,1978-01-12,1
USGS,385503118454401,110A N12 E29 08AC  1,GW,38.91742016,-118.7631988,U,NAD83,,,,16050303,qw,00445,,0,,wat,INN,119396,0,1978-01-12,1978-01-12,1
USGS,385503118454401,110A N12 E29 08AC  1,GW,38.91742016,-118.7631988,U,NAD83,,,,16050303,qw,00900,,0,,wat,PHY,1640416,0,1978-01-12,1978-01-12,1
USGS,385503118454401,110A N12 E29 08AC  1,GW,38.91742016,-118.7631988,U,NAD83,,,,16050303,qw,00902,,0,,wat,PHY,1640432,0,1978-01-12,1978-01-12,1
USGS,385503118454401,110A N12 E29 08AC  1,GW,38.91742016,-118.7631988,U,NAD83,,,,16050303,qw,00915,,0,,wat,INM,150268,0,1978-01-12,1978-01-12,1
USGS,385503118454401,110A N12 E29 08AC  1,GW,38.91742016,-118.7631988,U,NAD83,,,,16050303,qw,00925,,0,,wat,INM,149617,0,1978-01-12,1978-01-12,1
USGS,385503118454401,110A N12 E29 08AC  1,GW,38.91742016,-118.7631988,U,NAD83,,,,16050303,qw,00930,,0,,wat,INM,149856,0,1978-01-12,1978-01-12,1
USGS,385503118454401,110A N12 E29 08AC  1,GW,38.91742016,-118.7631988,U,NAD83,,,,16050303,qw,00931,,0,,wat,INM,1640523,0,1978-01-12,1978-01-12,1
USGS,385503118454401,110A N12 E29 08AC  1,GW,38.91742016,-118.7631988,U,NAD83,,,,16050303,qw,00932,,0,,wat,INM,1646660,0,1978-01-12,1978-01-12,1
USGS,385503118454401,110A N12 E29 08AC  1,GW,38.91742016,-118.7631988,U,NAD83,,,,16050303,qw,00935,,0,,wat,INM,149740,0,1978-01-12,1978-01-12,1
USGS,385503118454401,110A N12 E29 08AC  1,GW,38.91742016,-118.7631988,U,NAD83,,,,16050303,qw,00940,,0,,wat,INN,205955,0,1978-01-12,1978-01-12,1
USGS,385503118454401,110A N12 E29 08AC  1,GW,38.91742016,-118.7631988,U,NAD83,,,,16050303,qw,00945,,0,,wat,INN,197301,0,1978-01-12,1978-01-12,1
USGS,385503118454401,110A N12 E29 08AC  1,GW,38.91742016,-118.7631988,U,NAD83,,,,16050303,qw,00950,,0,,wat,INN,206706,0,1978-01-12,1978-01-12,1
USGS,385503118454401,110A N12 E29 08AC  1,GW,38.91742016,-118.7631988,U,NAD83,,,,16050303,qw,00955,,0,,wat,INN,151977,0,1978-01-12,1978-01-12,1
USGS,385503118454401,110A N12 E29 08AC  1,GW,38.91742016,-118.7631988,U,NAD83,,,,16050303,qw,01020,,0,,wat,IMN,150011,0,1978-01-12,1978-01-12,1
USGS,385503118454401,110A N12 E29 08AC  1,GW,38.91742016,-118.7631988,U,NAD83,,,,16050303,qw,01046,,0,,wat,IMM,149559,0,1978-01-12,1978-01-12,1
USGS,385503118454401,110A N12 E29 08AC  1,GW,38.91742016,-118.7631988,U,NAD83,,,,16050303,qw,70301,,0,,wat,PHY,1642222,0,1978-01-12,1978-01-12,1
USGS,385503118454401,110A N12 E29 08AC  1,GW,38.91742016,-118.7631988,U,NAD83,,,,16050303,qw,70303,,0,,wat,PHY,1642222,0,1978-01-12,1978-01-12,1
USGS,385503119084101,108  N12 E25 11BC  1,GW,38.9174168,-119.1457083,M,NAD83, 4430.,1,NGVD29,16050303,gw,62610,,0,,wat,,1642461,0,1966-03-16,1966-03-16,1
USGS,385503119084101,108  N12 E25 11BC  1,GW,38.9174168,-119.1457083,M,NAD83, 4430.,1,NGVD29,16050303,gw,62611,,0,,wat,,1642461,0,1966-03-16,1966-03-16,1
USGS,385503119084101,108  N12 E25 11BC  1,GW,38.9174168,-119.1457083,M,NAD83, 4430.,1,NGVD29,16050303,gw,72019,,0,,wat,,1642008,0,1966-03-16,1966-03-16,1
USGS,385505119072501,108  N12 E25 12BD  1,GW,38.91797265,-119.1245968,M,NAD83, 4460.,1,NGVD29,16050303,gw,62610,,0,,wat,,1642461,0,1966-03-15,1966-03-15,1
USGS,385505119072501,108  N12 E25 12BD  1,GW,38.91797265,-119.1245968,M,NAD83, 4460.,1,NGVD29,16050303,gw,62611,,0,,wat,,1642461,0,1966-03-15,1966-03-15,1
USGS,385505119072501,108  N12 E25 12BD  1,GW,38.91797265,-119.1245968,M,NAD83, 4460.,1,NGVD29,16050303,gw,72019,,0,,wat,,1642008,0,1966-03-15,1966-03-15,1
USGS,385507119101901,108  N12 E25 09AC  1,GW,38.91852764,-119.1729311,M,NAD83, 4420.,1,NGVD29,16050303,gw,62610,,0,,wat,,1642461,0,1966-03-15,1966-03-15,1
USGS,385507119101901,108  N12 E25 09AC  1,GW,38.91852764,-119.1729311,M,NAD83, 4420.,1,NGVD29,16050303,gw,62611,,0,,wat,,1642461,0,1966-03-15,1966-03-15,1
USGS,385507119101901,108  N12 E25 09AC  1,GW,38.91852764,-119.1729311,M,NAD83, 4420.,1,NGVD29,16050303,gw,72019,,0,,wat,,1642008,0,1966-03-15,1966-03-15,1
USGS,385510118451301,110A N12 E29 09BC  1,GW,38.91936467,-118.7545874,U,NAD83,,,,16050303,qw,,,0,,wat,ALL,0,0,1978-01-12,1978-01-12,1
USGS,385510118451301,110A N12 E29 09BC  1,GW,38.91936467,-118.7545874,U,NAD83,,,,16050303,qw,00010,,0,,wat,PHY,1645597,0,1978-01-12,1978-01-12,1
USGS,385510118451301,110A N12 E29 09BC  1,GW,38.91936467,-118.7545874,U,NAD83,,,,16050303,qw,00095,,0,,wat,PHY,1646694,0,1978-01-12,1978-01-12,1
USGS,385510118451301,110A N12 E29 09BC  1,GW,38.91936467,-118.7545874,U,NAD83,,,,16050303,qw,00191,,0,,wat,INN,1640572,0,1978-01-12,1978-01-12,1
USGS,385510118451301,110A N12 E29 09BC  1,GW,38.91936467,-118.7545874,U,NAD83,,,,16050303,qw,00400,,0,,wat,PHY,17028275,0,1978-01-12,1978-01-12,1
USGS,385510118451301,110A N12 E29 09BC  1,GW,38.91936467,-118.7545874,U,NAD83,,,,16050303,qw,00405,,0,,wat,INN,33548,0,1978-01-12,1978-01-12,1
USGS,385510118451301,110A N12 E29 09BC  1,GW,38.91936467,-118.7545874,U,NAD83,,,,16050303,qw,00410,,0,,wat,INN,1640192,0,1978-01-12,1978-01-12,1
USGS,385510118451301,110A N12 E29 09BC  1,GW,38.91936467,-118.7545874,U,NAD83,,,,16050303,qw,00440,,0,,wat,INN,4788,0,1978-01-12,1978-01-12,1
USGS,385510118451301,110A N12 E29 09BC  1,GW,38.91936467,-118.7545874,U,NAD83,,,,16050303,qw,00445,,0,,wat,INN,119396,0,1978-01-12,1978-01-12,1
USGS,385510118451301,110A N12 E29 09BC  1,GW,38.91936467,-118.7545874,U,NAD83,,,,16050303,qw,00900,,0,,wat,PHY,1640416,0,1978-01-12,1978-01-12,1
USGS,385510118451301,110A N12 E29 09BC  1,GW,38.91936467,-118.7545874,U,NAD83,,,,16050303,qw,00902,,0,,wat,PHY,1640432,0,1978-01-12,1978-01-12,1
USGS,385510118451301,110A N12 E29 09BC  1,GW,38.91936467,-118.7545874,U,NAD83,,,,16050303,qw,00915,,0,,wat,INM,150268,0,1978-01-12,1978-01-12,1
USGS,385510118451301,110A N12 E29 09BC  1,GW,38.91936467,-118.7545874,U,NAD83,,,,16050303,qw,00925,,0,,wat,INM,149617,0,1978-01-12,1978-01-12,1
USGS,385510118451301,110A N12 E29 09BC  1,GW,38.91936467,-118.7545874,U,NAD83,,,,16050303,qw,00930,,0,,wat,INM,149856,0,1978-01-12,1978-01-12,1
USGS,385510118451301,110A N12 E29 09BC  1,GW,38.91936467,-118.7545874,U,NAD83,,,,16050303,qw,00931,,0,,wat,INM,1640523,0,1978-01-12,1978-01-12,1
USGS,385510118451301,110A N12 E29 09BC  1,GW,38.91936467,-118.7545874,U,NAD83,,,,16050303,qw,00932,,0,,wat,INM,1646660,0,1978-01-12,1978-01-12,1
USGS,385510118451301,110A N12 E29 09BC  1,GW,38.91936467,-118.7545874,U,NAD83,,,,16050303,qw,00935,,0,,wat,INM,149740,0,1978-01-12,1978-01-12,1
USGS,385510118451301,110A N12 E29 09BC  1,GW,38.91936467,-118.7545874,U,NAD83,,,,16050303,qw,00940,,0,,wat,INN,205955,0,1978-01-12,1978-01-12,1
USGS,385510118451301,110A N12 E29 09BC  1,GW,38.91936467,-118.7545874,U,NAD83,,,,16050303,qw,00945,,0,,wat,INN,197301,0,1978-01-12,1978-01-12,1
USGS,385510118451301,110A N12 E29 09BC  1,GW,38.91936467,-118.7545874,U,NAD83,,,,16050303,qw,00950,,0,,wat,INN,206706,0,1978-01-12,1978-01-12,1
USGS,385510118451301,110A N12 E29 09BC  1,GW,38.91936467,-118.7545874,U,NAD83,,,,16050303,qw,00955,,0,,wat,INN,151977,0,1978-01-12,1978-01-12,1
USGS,385510118451301,110A N12 E29 09BC  1,GW,38.91936467,-118.7545874,U,NAD83,,,,16050303,qw,01020,,0,,wat,IMN,150011,0,1978-01-12,1978-01-12,1
USGS,385510118451301,110A N12 E29 09BC  1,GW,38.91936467,-118.7545874,U,NAD83,,,,16050303,qw,01046,,0,,wat,IMM,149559,0,1978-01-12,1978-01-12,1
USGS,385510118451301,110A N12 E29 09BC  1,GW,38.91936467,-118.7545874,U,NAD83,,,,16050303,qw,70301,,0,,wat,PHY,1642222,0,1978-01-12,1978-01-12,1
USGS,385510118451301,110A N12 E29 09BC  1,GW,38.91936467,-118.7545874,U,NAD83,,,,16050303,qw,70303,,0,,wat,PHY,1642222,0,1978-01-12,1978-01-12,1
USGS,385515118453301,110A N12 E29 08AA  1,GW,38.9207535,-118.7601432,U,NAD83,,,,16050303,qw,,,0,,wat,ALL,0,0,1978-01-12,1978-01-12,1
USGS,385515118453301,110A N12 E29 08AA  1,GW,38.9207535,-118.7601432,U,NAD83,,,,16050303,qw,00010,,0,,wat,PHY,1645597,0,1978-01-12,1978-01-12,1
USGS,385515118453301,110A N12 E29 08AA  1,GW,38.9207535,-118.7601432,U,NAD83,,,,16050303,qw,00095,,0,,wat,PHY,1646694,0,1978-01-12,1978-01-12,1
USGS,385515118453301,110A N12 E29 08AA  1,GW,38.9207535,-118.7601432,U,NAD83,,,,16050303,qw,00191,,0,,wat,INN,1640572,0,1978-01-12,1978-01-12,1
USGS,385515118453301,110A N12 E29 08AA  1,GW,38.9207535,-118.7601432,U,NAD83,,,,16050303,qw,00400,,0,,wat,PHY,17028275,0,1978-01-12,1978-01-12,1
USGS,385515118453301,110A N12 E29 08AA  1,GW,38.9207535,-118.7601432,U,NAD83,,,,16050303,qw,00405,,0,,wat,INN,33548,0,1978-01-12,1978-01-12,1
USGS,385515118453301,110A N12 E29 08AA  1,GW,38.9207535,-118.7601432,U,NAD83,,,,16050303,qw,00410,,0,,wat,INN,1640192,0,1978-01-12,1978-01-12,1
USGS,385515118453301,110A N12 E29 08AA  1,GW,38.9207535,-118.7601432,U,NAD83,,,,16050303,qw,00440,,0,,wat,INN,4788,0,1978-01-12,1978-01-12,1
USGS,385515118453301,110A N12 E29 08AA  1,GW,38.9207535,-118.7601432,U,NAD83,,,,16050303,qw,00445,,0,,wat,INN,119396,0,1978-01-12,1978-01-12,1
USGS,385515118453301,110A N12 E29 08AA  1,GW,38.9207535,-118.7601432,U,NAD83,,,,16050303,qw,00900,,0,,wat,PHY,1640416,0,1978-01-12,1978-01-12,1
USGS,385515118453301,110A N12 E29 08AA  1,GW,38.9207535,-118.7601432,U,NAD83,,,,16050303,qw,00902,,0,,wat,PHY,1640432,0,1978-01-12,1978-01-12,1
USGS,385515118453301,110A N12 E29 08AA  1,GW,38.9207535,-118.7601432,U,NAD83,,,,16050303,qw,00915,,0,,wat,INM,150268,0,1978-01-12,1978-01-12,1
USGS,385515118453301,110A N12 E29 08AA  1,GW,38.9207535,-118.7601432,U,NAD83,,,,16050303,qw,00925,,0,,wat,INM,149617,0,1978-01-12,1978-01-12,1
USGS,385515118453301,110A N12 E29 08AA  1,GW,38.9207535,-118.7601432,U,NAD83,,,,16050303,qw,00930,,0,,wat,INM,149856,0,1978-01-12,1978-01-12,1
USGS,385515118453301,110A N12 E29 08AA  1,GW,38.9207535,-118.7601432,U,NAD83,,,,16050303,qw,00931,,0,,wat,INM,1640523,0,1978-01-12,1978-01-12,1
USGS,385515118453301,110A N12 E29 08AA  1,GW,38.9207535,-118.7601432,U,NAD83,,,,16050303,qw,00932,,0,,wat,INM,1646660,0,1978-01-12,1978-01-12,1
USGS,385515118453301,110A N12 E29 08AA  1,GW,38.9207535,-118.7601432,U,NAD83,,,,16050303,qw,00935,,0,,wat,INM,149740,0,1978-01-12,1978-01-12,1
USGS,385515118453301,110A N12 E29 08AA  1,GW,38.9207535,-118.7601432,U,NAD83,,,,16050303,qw,00940,,0,,wat,INN,205955,0,1978-01-12,1978-01-12,1
USGS,385515118453301,110A N12 E29 08AA  1,GW,38.9207535,-118.7601432,U,NAD83,,,,16050303,qw,00945,,0,,wat,INN,197301,0,1978-01-12,1978-01-12,1
USGS,385515118453301,110A N12 E29 08AA  1,GW,38.9207535,-118.7601432,U,NAD83,,,,16050303,qw,00950,,0,,wat,INN,206706,0,1978-01-12,1978-01-12,1
USGS,385515118453301,110A N12 E29 08AA  1,GW,38.9207535,-118.7601432,U,NAD83,,,,16050303,qw,00955,,0,,wat,INN,151977,0,1978-01-12,1978-01-12,1
USGS,385515118453301,110A N12 E29 08AA  1,GW,38.9207535,-118.7601432,U,NAD83,,,,16050303,qw,01020,,0,,wat,IMN,150011,0,1978-01-12,1978-01-12,1
USGS,385515118453301,110A N12 E29 08AA  1,GW,38.9207535,-118.7601432,U,NAD83,,,,16050303,qw,01046,,0,,wat,IMM,149559,0,1978-01-12,1978-01-12,1
USGS,385515118453301,110A N12 E29 08AA  1,GW,38.9207535,-118.7601432,U,NAD83,,,,16050303,qw,70301,,0,,wat,PHY,1642222,0,1978-01-12,1978-01-12,1
USGS,385515118453301,110A N12 E29 08AA  1,GW,38.9207535,-118.7601432,U,NAD83,,,,16050303,qw,70303,,0,,wat,PHY,1642222,0,1978-01-12,1978-01-12,1
USGS,385516119083501,108  N12 E25 11BB  1,GW,38.921028,-119.1440416,M,NAD83, 4427.,1,NGVD29,16050303,gw,62610,,0,,wat,,1642461,0,1966-03-15,1966-03-15,1
USGS,385516119083501,108  N12 E25 11BB  1,GW,38.921028,-119.1440416,M,NAD83, 4427.,1,NGVD29,16050303,gw,62611,,0,,wat,,1642461,0,1966-03-15,1966-03-15,1
USGS,385516119083501,108  N12 E25 11BB  1,GW,38.921028,-119.1440416,M,NAD83, 4427.,1,NGVD29,16050303,gw,72019,,0,,wat,,1642008,0,1966-03-15,1966-03-15,1
USGS,385518119072301,108  N12 E25 12BA  1,GW,38.9215838,-119.1240412,M,NAD83, 4442.,1,NGVD29,16050303,gw,62610,,0,,wat,,1642461,0,1966-03-15,1966-03-15,1
USGS,385518119072301,108  N12 E25 12BA  1,GW,38.9215838,-119.1240412,M,NAD83, 4442.,1,NGVD29,16050303,gw,62611,,0,,wat,,1642461,0,1966-03-15,1966-03-15,1
USGS,385518119072301,108  N12 E25 12BA  1,GW,38.9215838,-119.1240412,M,NAD83, 4442.,1,NGVD29,16050303,gw,72019,,0,,wat,,1642008,0,1966-03-15,1966-03-15,1
USGS,385520118460801,110A N12 E29 08BA  1,GW,38.92214237,-118.7698657,U,NAD83,,,,16050303,qw,,,0,,wat,ALL,0,0,1978-01-12,1978-01-12,1
USGS,385520118460801,110A N12 E29 08BA  1,GW,38.92214237,-118.7698657,U,NAD83,,,,16050303,qw,00010,,0,,wat,PHY,1645597,0,1978-01-12,1978-01-12,1
USGS,385520118460801,110A N12 E29 08BA  1,GW,38.92214237,-118.7698657,U,NAD83,,,,16050303,qw,00095,,0,,wat,PHY,1646694,0,1978-01-12,1978-01-12,1
USGS,385520118460801,110A N12 E29 08BA  1,GW,38.92214237,-118.7698657,U,NAD83,,,,16050303,qw,00191,,0,,wat,INN,1640572,0,1978-01-12,1978-01-12,1
USGS,385520118460801,110A N12 E29 08BA  1,GW,38.92214237,-118.7698657,U,NAD83,,,,16050303,qw,00400,,0,,wat,PHY,17028275,0,1978-01-12,1978-01-12,1
USGS,385520118460801,110A N12 E29 08BA  1,GW,38.92214237,-118.7698657,U,NAD83,,,,16050303,qw,00405,,0,,wat,INN,33548,0,1978-01-12,1978-01-12,1
USGS,385520118460801,110A N12 E29 08BA  1,GW,38.92214237,-118.7698657,U,NAD83,,,,16050303,qw,00410,,0,,wat,INN,1640192,0,1978-01-12,1978-01-12,1
USGS,385520118460801,110A N12 E29 08BA  1,GW,38.92214237,-118.7698657,U,NAD83,,,,16050303,qw,00440,,0,,wat,INN,4788,0,1978-01-12,1978-01-12,1
USGS,385520118460801,110A N12 E29 08BA  1,GW,38.92214237,-118.7698657,U,NAD83,,,,16050303,qw,00445,,0,,wat,INN,119396,0,1978-01-12,1978-01-12,1
USGS,385520118460801,110A N12 E29 08BA  1,GW,38.92214237,-118.7698657,U,NAD83,,,,16050303,qw,00900,,0,,wat,PHY,1640416,0,1978-01-12,1978-01-12,1
USGS,385520118460801,110A N12 E29 08BA  1,GW,38.92214237,-118.7698657,U,NAD83,,,,16050303,qw,00902,,0,,wat,PHY,1640432,0,1978-01-12,1978-01-12,1
USGS,385520118460801,110A N12 E29 08BA  1,GW,38.92214237,-118.7698657,U,NAD83,,,,16050303,qw,00915,,0,,wat,INM,150268,0,1978-01-12,1978-01-12,1
USGS,385520118460801,110A N12 E29 08BA  1,GW,38.92214237,-118.7698657,U,NAD83,,,,16050303,qw,00925,,0,,wat,INM,149617,0,1978-01-12,1978-01-12,1
USGS,385520118460801,110A N12 E29 08BA  1,GW,38.92214237,-118.7698657,U,NAD83,,,,16050303,qw,00930,,0,,wat,INM,149856,0,1978-01-12,1978-01-12,1
USGS,385520118460801,110A N12 E29 08BA  1,GW,38.92214237,-118.7698657,U,NAD83,,,,16050303,qw,00931,,0,,wat,INM,1640523,0,1978-01-12,1978-01-12,1
USGS,385520118460801,110A N12 E29 08BA  1,GW,38.92214237,-118.7698657,U,NAD83,,,,16050303,qw,00932,,0,,wat,INM,1646660,0,1978-01-12,1978-01-12,1
USGS,385520118460801,110A N12 E29 08BA  1,GW,38.92214237,-118.7698657,U,NAD83,,,,16050303,qw,00935,,0,,wat,INM,149740,0,1978-01-12,1978-01-12,1
USGS,385520118460801,110A N12 E29 08BA  1,GW,38.92214237,-118.7698657,U,NAD83,,,,16050303,qw,00940,,0,,wat,INN,205955,0,1978-01-12,1978-01-12,1
USGS,385520118460801,110A N12 E29 08BA  1,GW,38.92214237,-118.7698657,U,NAD83,,,,16050303,qw,00945,,0,,wat,INN,197301,0,1978-01-12,1978-01-12,1
USGS,385520118460801,110A N12 E29 08BA  1,GW,38.92214237,-118.7698657,U,NAD83,,,,16050303,qw,00950,,0,,wat,INN,206706,0,1978-01-12,1978-01-12,1
USGS,385520118460801,110A N12 E29 08BA  1,GW,38.92214237,-118.7698657,U,NAD83,,,,16050303,qw,00955,,0,,wat,INN,151977,0,1978-01-12,1978-01-12,1
USGS,385520118460801,110A N12 E29 08BA  1,GW,38.92214237,-118.7698657,U,NAD83,,,,16050303,qw,01020,,0,,wat,IMN,150011,0,1978-01-12,1978-01-12,1
USGS,385520118460801,110A N12 E29 08BA  1,GW,38.92214237,-118.7698657,U,NAD83,,,,16050303,qw,01046,,0,,wat,IMM,149559,0,1978-01-12,1978-01-12,1
USGS,385520118460801,110A N12 E29 08BA  1,GW,38.92214237,-118.7698657,U,NAD83,,,,16050303,qw,70301,,0,,wat,PHY,1642222,0,1978-01-12,1978-01-12,1
USGS,385520118460801,110A N12 E29 08BA  1,GW,38.92214237,-118.7698657,U,NAD83,,,,16050303,qw,70303,,0,,wat,PHY,1642222,0,1978-01-12,1978-01-12,1
USGS,385528119061201,108  N12 E26 06CD  1,GW,38.92436186,-119.1043186,M,NAD83, 4483.,1,NGVD29,16050303,gw,62610,,0,,wat,,1642461,0,1966-03-15,1966-03-15,1
USGS,385528119061201,108  N12 E26 06CD  1,GW,38.92436186,-119.1043186,M,NAD83, 4483.,1,NGVD29,16050303,gw,62611,,0,,wat,,1642461,0,1966-03-15,1966-03-15,1
USGS,385528119061201,108  N12 E26 06CD  1,GW,38.92436186,-119.1043186,M,NAD83, 4483.,1,NGVD29,16050303,gw,72019,,0,,wat,,1642008,0,1966-03-15,1966-03-15,1
USGS,385530119070401,108  N12 E25 01DD  1,GW,38.92491725,-119.1187633,M,NAD83, 4460.,1,NGVD29,16050303,gw,62610,,0,,wat,,1642461,0,1966-03-15,1966-03-15,1
USGS,385530119070401,108  N12 E25 01DD  1,GW,38.92491725,-119.1187633,M,NAD83, 4460.,1,NGVD29,16050303,gw,62611,,0,,wat,,1642461,0,1966-03-15,1966-03-15,1
USGS,385530119070401,108  N12 E25 01DD  1,GW,38.92491725,-119.1187633,M,NAD83, 4460.,1,NGVD29,16050303,gw,72019,,0,,wat,,1642008,0,1966-03-15,1966-03-15,1
USGS,385538119080901,108  N12 E25 02DB  1,GW,38.92713929,-119.1368193,M,NAD83, 4427.,1,NGVD29,16050303,gw,62610,,0,,wat,,1642461,0,1966-03-15,1966-03-15,1
USGS,385538119080901,108  N12 E25 02DB  1,GW,38.92713929,-119.1368193,M,NAD83, 4427.,1,NGVD29,16050303,gw,62611,,0,,wat,,1642461,0,1966-03-15,1966-03-15,1
USGS,385538119080901,108  N12 E25 02DB  1,GW,38.92713929,-119.1368193,M,NAD83, 4427.,1,NGVD29,16050303,gw,72019,,0,,wat,,1642008,0,1966-03-15,1966-03-15,1
USGS,385538119090401,108  N12 E25 03DA  1,GW,38.9271391,-119.1520974,M,NAD83, 4419.,1,NGVD29,16050303,gw,62610,,0,,wat,,1642461,0,1966-03-15,1966-03-15,1
USGS,385538119090401,108  N12 E25 03DA  1,GW,38.9271391,-119.1520974,M,NAD83, 4419.,1,NGVD29,16050303,gw,62611,,0,,wat,,1642461,0,1966-03-15,1966-03-15,1
USGS,385538119090401,108  N12 E25 03DA  1,GW,38.9271391,-119.1520974,M,NAD83, 4419.,1,NGVD29,16050303,gw,72019,,0,,wat,,1642008,0,1966-03-15,1966-03-15,1
USGS,385549118575101,108  N12 E27 04BC  1    USBLM,GW,38.9301967,-118.9651488,M,NAD83, 5630.,35.,NGVD29,16050303,gw,62610,,0,,wat,,1642461,0,1965-08-06,1965-08-06,1
USGS,385549118575101,108  N12 E27 04BC  1    USBLM,GW,38.9301967,-118.9651488,M,NAD83, 5630.,35.,NGVD29,16050303,gw,62611,,0,,wat,,1642461,0,1965-08-06,1965-08-06,1
USGS,385549118575101,108  N12 E27 04BC  1    USBLM,GW,38.9301967,-118.9651488,M,NAD83, 5630.,35.,NGVD29,16050303,gw,72019,,0,,wat,,1642008,0,1965-08-06,1965-08-06,1
USGS,385551119031001,108  N12 E26 03BDCC1,GW,38.93291667,-119.0651389,1,NAD83, 4671, 25,NGVD29,16050303,ad,,,0,,wat,,0,0,2005,2007,3
USGS,385551119031001,108  N12 E26 03BDCC1,GW,38.93291667,-119.0651389,1,NAD83, 4671, 25,NGVD29,16050303,gw,62610,,0,,wat,,1642461,0,1961-02-20,2014-03-06,17
USGS,385551119031001,108  N12 E26 03BDCC1,GW,38.93291667,-119.0651389,1,NAD83, 4671, 25,NGVD29,16050303,gw,62611,,0,,wat,,1642461,0,1961-02-20,2014-03-06,17
USGS,385551119031001,108  N12 E26 03BDCC1,GW,38.93291667,-119.0651389,1,NAD83, 4671, 25,NGVD29,16050303,gw,72019,,0,,wat,,1642008,0,1961-02-20,2014-03-06,17
USGS,385553119042101,108  N12 E26 04BD  1,GW,38.93130675,-119.0734847,M,NAD83, 4540.,1,NGVD29,16050303,gw,62610,,0,,wat,,1642461,0,1966-03-15,1966-03-15,1
USGS,385553119042101,108  N12 E26 04BD  1,GW,38.93130675,-119.0734847,M,NAD83, 4540.,1,NGVD29,16050303,gw,62611,,0,,wat,,1642461,0,1966-03-15,1966-03-15,1
USGS,385553119042101,108  N12 E26 04BD  1,GW,38.93130675,-119.0734847,M,NAD83, 4540.,1,NGVD29,16050303,gw,72019,,0,,wat,,1642008,0,1966-03-15,1966-03-15,1
USGS,385555119103701,108  N12 E25 03CBBA1,GW,38.93244444,-119.1795833,1,NAD83, 4417, 15,NGVD29,16050303,ad,,,0,,wat,,0,0,2005,2006,2
USGS,385555119103701,108  N12 E25 03CBBA1,GW,38.93244444,-119.1795833,1,NAD83, 4417, 15,NGVD29,16050303,gw,62610,,0,,wat,,1642461,0,1961-05-18,2005-02-24,8
USGS,385555119103701,108  N12 E25 03CBBA1,GW,38.93244444,-119.1795833,1,NAD83, 4417, 15,NGVD29,16050303,gw,62611,,0,,wat,,1642461,0,1961-05-18,2005-02-24,8
USGS,385555119103701,108  N12 E25 03CBBA1,GW,38.93244444,-119.1795833,1,NAD83, 4417, 15,NGVD29,16050303,gw,72019,,0,,wat,,1642008,0,1961-05-18,2005-02-24,8
USGS,385556119080901,108  N12 E25 01BDDD1,GW,38.9320833,-119.1356944,1,NAD83, 4443, 25,NGVD29,16050303,ad,,,0,,wat,,0,0,2005,2007,3
USGS,385556119080901,108  N12 E25 01BDDD1,GW,38.9320833,-119.1356944,1,NAD83, 4443, 25,NGVD29,16050303,gw,62610,,0,,wat,,1642461,0,2004-02-23,2012-12-07,12
USGS,385556119080901,108  N12 E25 01BDDD1,GW,38.9320833,-119.1356944,1,NAD83, 4443, 25,NGVD29,16050303,gw,62611,,0,,wat,,1642461,0,2004-02-23,2012-12-07,12
USGS,385556119080901,108  N12 E25 01BDDD1,GW,38.9320833,-119.1356944,1,NAD83, 4443, 25,NGVD29,16050303,gw,72019,,0,,wat,,1642008,0,2004-02-23,2012-12-07,12
USGS,385557119055401,108  N12 E26 06ADBB1,GW,38.93575,-119.1121944,1,NAD83, 4477, 15,NGVD29,16050303,ad,,,0,,wat,,0,0,2005,2007,3
USGS,385557119055401,108  N12 E26 06ADBB1,GW,38.93575,-119.1121944,1,NAD83, 4477, 15,NGVD29,16050303,gw,62610,,0,,wat,,1642461,0,2004-02-24,2006-03-09,5
USGS,385557119055401,108  N12 E26 06ADBB1,GW,38.93575,-119.1121944,1,NAD83, 4477, 15,NGVD29,16050303,gw,62611,,0,,wat,,1642461,0,2004-02-24,2006-03-09,5
USGS,385557119055401,108  N12 E26 06ADBB1,GW,38.93575,-119.1121944,1,NAD83, 4477, 15,NGVD29,16050303,gw,72019,,0,,wat,,1642008,0,2004-02-24,2006-03-09,5
USGS,385559119061801,108  N12 E26 06BB  1,GW,38.93297306,-119.1059853,M,NAD83, 4460.,1,NGVD29,16050303,gw,62610,,0,,wat,,1642461,0,1966-03-15,1966-03-15,1
USGS,385559119061801,108  N12 E26 06BB  1,GW,38.93297306,-119.1059853,M,NAD83, 4460.,1,NGVD29,16050303,gw,62611,,0,,wat,,1642461,0,1966-03-15,1966-03-15,1
USGS,385559119061801,108  N12 E26 06BB  1,GW,38.93297306,-119.1059853,M,NAD83, 4460.,1,NGVD29,16050303,gw,72019,,0,,wat,,1642008,0,1966-03-15,1966-03-15,1
USGS,385601119052301,108  N12 E26 05BB  1,GW,38.9335288,-119.0907072,M,NAD83, 4479.,1,NGVD29,16050303,gw,62610,,0,,wat,,1642461,0,1966-03-15,1966-03-15,1
USGS,385601119052301,108  N12 E26 05BB  1,GW,38.9335288,-119.0907072,M,NAD83, 4479.,1,NGVD29,16050303,gw,62611,,0,,wat,,1642461,0,1966-03-15,1966-03-15,1
USGS,385601119052301,108  N12 E26 05BB  1,GW,38.9335288,-119.0907072,M,NAD83, 4479.,1,NGVD29,16050303,gw,72019,,0,,wat,,1642008,0,1966-03-15,1966-03-15,1
USGS,385602118511501,110A N12 E28 04D   1,GW,38.9338086,-118.8465345,M,NAD83, 4898.,35.,NGVD29,16050303,gw,62610,,0,,wat,,1642461,0,1964-07-01,1964-07-01,1
USGS,385602118511501,110A N12 E28 04D   1,GW,38.9338086,-118.8465345,M,NAD83, 4898.,35.,NGVD29,16050303,gw,62611,,0,,wat,,1642461,0,1964-07-01,1964-07-01,1
USGS,385602118511501,110A N12 E28 04D   1,GW,38.9338086,-118.8465345,M,NAD83, 4898.,35.,NGVD29,16050303,gw,72019,,0,,wat,,1642008,0,1964-07-01,1964-07-01,1
USGS,385603119040201,108  N12 E26 04BA  1,GW,38.9340846,-119.0682068,M,NAD83, 4560.,1,NGVD29,16050303,gw,62610,,0,,wat,,1642461,0,1966-03-15,1966-03-15,1
USGS,385603119040201,108  N12 E26 04BA  1,GW,38.9340846,-119.0682068,M,NAD83, 4560.,1,NGVD29,16050303,gw,62611,,0,,wat,,1642461,0,1966-03-15,1966-03-15,1
USGS,385603119040201,108  N12 E26 04BA  1,GW,38.9340846,-119.0682068,M,NAD83, 4560.,1,NGVD29,16050303,gw,72019,,0,,wat,,1642008,0,1966-03-15,1966-03-15,1
USGS,385603119041801,108  N12 E26 04BB  1,GW,38.93408457,-119.0726513,M,NAD83, 4520.,1,NGVD29,16050303,gw,62610,,0,,wat,,1642461,0,1966-03-15,1966-03-15,1
USGS,385603119041801,108  N12 E26 04BB  1,GW,38.93408457,-119.0726513,M,NAD83, 4520.,1,NGVD29,16050303,gw,62611,,0,,wat,,1642461,0,1966-03-15,1966-03-15,1
USGS,385603119041801,108  N12 E26 04BB  1,GW,38.93408457,-119.0726513,M,NAD83, 4520.,1,NGVD29,16050303,gw,72019,,0,,wat,,1642008,0,1966-03-15,1966-03-15,1
USGS,385603119061201,108  N12 E26 06BA  1,GW,38.9340842,-119.1043186,M,NAD83, 4462.,1,NGVD29,16050303,gw,62610,,0,,wat,,1642461,0,1966-03-15,1966-03-15,1
USGS,385603119061201,108  N12 E26 06BA  1,GW,38.9340842,-119.1043186,M,NAD83, 4462.,1,NGVD29,16050303,gw,62611,,0,,wat,,1642461,0,1966-03-15,1966-03-15,1
USGS,385603119061201,108  N12 E26 06BA  1,GW,38.9340842,-119.1043186,M,NAD83, 4462.,1,NGVD29,16050303,gw,72019,,0,,wat,,1642008,0,1966-03-15,1966-03-15,1
USGS,385603119070401,108  N12 E25 01AA  1,GW,38.934084,-119.1187634,M,NAD83, 4450.,1,NGVD29,16050303,gw,62610,,0,,wat,,1642461,0,1966-03-15,1966-03-15,1
USGS,385603119070401,108  N12 E25 01AA  1,GW,38.934084,-119.1187634,M,NAD83, 4450.,1,NGVD29,16050303,gw,62611,,0,,wat,,1642461,0,1966-03-15,1966-03-15,1
USGS,385603119070401,108  N12 E25 01AA  1,GW,38.934084,-119.1187634,M,NAD83, 4450.,1,NGVD29,16050303,gw,72019,,0,,wat,,1642008,0,1966-03-15,1966-03-15,1
USGS,385605118440601,110A N12 E29 03BCBA1    SAND DUNE,GW,38.9346111,-118.7350556,1,NAD83, 4135,  1,NGVD29,16050303,ad,,,0,,wat,,0,0,2006,2006,1
USGS,385605118440601,110A N12 E29 03BCBA1    SAND DUNE,GW,38.9346111,-118.7350556,1,NAD83, 4135,  1,NGVD29,16050303,aw,,,0,,wat,,0,0,1948,2021,21
USGS,385605118440601,110A N12 E29 03BCBA1    SAND DUNE,GW,38.9346111,-118.7350556,1,NAD83, 4135,  1,NGVD29,16050303,gw,62610,,0,,wat,,1642461,0,1948-07-01,2023-03-08,25
USGS,385605118440601,110A N12 E29 03BCBA1    SAND DUNE,GW,38.9346111,-118.7350556,1,NAD83, 4135,  1,NGVD29,16050303,gw,62611,,0,,wat,,1642461,0,1948-07-01,2023-03-08,25
USGS,385605118440601,110A N12 E29 03BCBA1    SAND DUNE,GW,38.9346111,-118.7350556,1,NAD83, 4135,  1,NGVD29,16050303,gw,72019,,0,,wat,,1642008,0,1948-07-01,2023-03-08,25
USGS,385612118472201,110A N12 E29 06BB  1,GW,38.9365868,-118.7904219,U,NAD83,,,,16050303,qw,,,0,,wat,ALL,0,0,1978-01-12,1978-01-12,1
USGS,385612118472201,110A N12 E29 06BB  1,GW,38.9365868,-118.7904219,U,NAD83,,,,16050303,qw,00010,,0,,wat,PHY,1645597,0,1978-01-12,1978-01-12,1
USGS,385612118472201,110A N12 E29 06BB  1,GW,38.9365868,-118.7904219,U,NAD83,,,,16050303,qw,00095,,0,,wat,PHY,1646694,0,1978-01-12,1978-01-12,1
USGS,385612118472201,110A N12 E29 06BB  1,GW,38.9365868,-118.7904219,U,NAD83,,,,16050303,qw,00191,,0,,wat,INN,1640572,0,1978-01-12,1978-01-12,1
USGS,385612118472201,110A N12 E29 06BB  1,GW,38.9365868,-118.7904219,U,NAD83,,,,16050303,qw,00400,,0,,wat,PHY,17028275,0,1978-01-12,1978-01-12,1
USGS,385612118472201,110A N12 E29 06BB  1,GW,38.9365868,-118.7904219,U,NAD83,,,,16050303,qw,00405,,0,,wat,INN,33548,0,1978-01-12,1978-01-12,1
USGS,385612118472201,110A N12 E29 06BB  1,GW,38.9365868,-118.7904219,U,NAD83,,,,16050303,qw,00410,,0,,wat,INN,1640192,0,1978-01-12,1978-01-12,1
USGS,385612118472201,110A N12 E29 06BB  1,GW,38.9365868,-118.7904219,U,NAD83,,,,16050303,qw,00440,,0,,wat,INN,4788,0,1978-01-12,1978-01-12,1
USGS,385612118472201,110A N12 E29 06BB  1,GW,38.9365868,-118.7904219,U,NAD83,,,,16050303,qw,00445,,0,,wat,INN,119396,0,1978-01-12,1978-01-12,1
USGS,385612118472201,110A N12 E29 06BB  1,GW,38.9365868,-118.7904219,U,NAD83,,,,16050303,qw,00900,,0,,wat,PHY,1640416,0,1978-01-12,1978-01-12,1
USGS,385612118472201,110A N12 E29 06BB  1,GW,38.9365868,-118.7904219,U,NAD83,,,,16050303,qw,00902,,0,,wat,PHY,1640432,0,1978-01-12,1978-01-12,1
USGS,385612118472201,110A N12 E29 06BB  1,GW,38.9365868,-118.7904219,U,NAD83,,,,16050303,qw,00915,,0,,wat,INM,150268,0,1978-01-12,1978-01-12,1
USGS,385612118472201,110A N12 E29 06BB  1,GW,38.9365868,-118.7904219,U,NAD83,,,,16050303,qw,00925,,0,,wat,INM,149617,0,1978-01-12,1978-01-12,1
USGS,385612118472201,110A N12 E29 06BB  1,GW,38.9365868,-118.7904219,U,NAD83,,,,16050303,qw,00930,,0,,wat,INM,149856,0,1978-01-12,1978-01-12,1
USGS,385612118472201,110A N12 E29 06BB  1,GW,38.9365868,-118.7904219,U,NAD83,,,,16050303,qw,00931,,0,,wat,INM,1640523,0,1978-01-12,1978-01-12,1
USGS,385612118472201,110A N12 E29 06BB  1,GW,38.9365868,-118.7904219,U,NAD83,,,,16050303,qw,00932,,0,,wat,INM,1646660,0,1978-01-12,1978-01-12,1
USGS,385612118472201,110A N12 E29 06BB  1,GW,38.9365868,-118.7904219,U,NAD83,,,,16050303,qw,00935,,0,,wat,INM,149740,0,1978-01-12,1978-01-12,1
USGS,385612118472201,110A N12 E29 06BB  1,GW,38.9365868,-118.7904219,U,NAD83,,,,16050303,qw,00940,,0,,wat,INN,205955,0,1978-01-12,1978-01-12,1
USGS,385612118472201,110A N12 E29 06BB  1,GW,38.9365868,-118.7904219,U,NAD83,,,,16050303,qw,00945,,0,,wat,INN,197301,0,1978-01-12,1978-01-12,1
USGS,385612118472201,110A N12 E29 06BB  1,GW,38.9365868,-118.7904219,U,NAD83,,,,16050303,qw,00950,,0,,wat,INN,206706,0,1978-01-12,1978-01-12,1
USGS,385612118472201,110A N12 E29 06BB  1,GW,38.9365868,-118.7904219,U,NAD83,,,,16050303,qw,00955,,0,,wat,INN,151977,0,1978-01-12,1978-01-12,1
USGS,385612118472201,110A N12 E29 06BB  1,GW,38.9365868,-118.7904219,U,NAD83,,,,16050303,qw,01020,,0,,wat,IMN,150011,0,1978-01-12,1978-01-12,1
USGS,385612118472201,110A N12 E29 06BB  1,GW,38.9365868,-118.7904219,U,NAD83,,,,16050303,qw,01046,,0,,wat,IMM,149559,0,1978-01-12,1978-01-12,1
USGS,385612118472201,110A N12 E29 06BB  1,GW,38.9365868,-118.7904219,U,NAD83,,,,16050303,qw,70301,,0,,wat,PHY,1642222,0,1978-01-12,1978-01-12,1
USGS,385612118472201,110A N12 E29 06BB  1,GW,38.9365868,-118.7904219,U,NAD83,,,,16050303,qw,70303,,0,,wat,PHY,1642222,0,1978-01-12,1978-01-12,1
USGS,385616119035901,108  N12 E26 03BBAD1,GW,38.93780556,-119.0662778,1,NAD83, 4614, 25,NGVD29,16050303,ad,,,0,,wat,,0,0,2005,2007,3
USGS,385616119035901,108  N12 E26 03BBAD1,GW,38.93780556,-119.0662778,1,NAD83, 4614, 25,NGVD29,16050303,gw,62610,,0,,wat,,1642461,0,2004-02-24,2014-03-06,15
USGS,385616119035901,108  N12 E26 03BBAD1,GW,38.93780556,-119.0662778,1,NAD83, 4614, 25,NGVD29,16050303,gw,62611,,0,,wat,,1642461,0,2004-02-24,2014-03-06,15
USGS,385616119035901,108  N12 E26 03BBAD1,GW,38.93780556,-119.0662778,1,NAD83, 4614, 25,NGVD29,16050303,gw,72019,,0,,wat,,1642008,0,2004-02-24,2014-03-06,15
USGS,385619118483201,110A N12 E28 01BBBA1    SES,GW,38.93863889,-118.809,1,NAD83, 4178,  1,NGVD29,16050303,ad,,,0,,wat,,0,0,2005,2008,4
USGS,385619118483201,110A N12 E28 01BBBA1    SES,GW,38.93863889,-118.809,1,NAD83, 4178,  1,NGVD29,16050303,aw,,,0,,wat,,0,0,1997,2021,68
USGS,385619118483201,110A N12 E28 01BBBA1    SES,GW,38.93863889,-118.809,1,NAD83, 4178,  1,NGVD29,16050303,gw,62610,,0,,wat,,1642461,0,1997-12-23,2023-03-16,72
USGS,385619118483201,110A N12 E28 01BBBA1    SES,GW,38.93863889,-118.809,1,NAD83, 4178,  1,NGVD29,16050303,gw,62611,,0,,wat,,1642461,0,1997-12-23,2023-03-16,72
USGS,385619118483201,110A N12 E28 01BBBA1    SES,GW,38.93863889,-118.809,1,NAD83, 4178,  1,NGVD29,16050303,gw,72019,,0,,wat,,1642008,0,1997-12-23,2023-03-16,72
USGS,385619118483601,110A N12 E28 02AA  1,GW,38.9385311,-118.810978,U,NAD83,,,,16050303,qw,,,0,,wat,ALL,0,0,1978-04-17,1978-04-17,1
USGS,385619118483601,110A N12 E28 02AA  1,GW,38.9385311,-118.810978,U,NAD83,,,,16050303,qw,00010,,0,,wat,PHY,1645597,0,1978-04-17,1978-04-17,1
USGS,385619118483601,110A N12 E28 02AA  1,GW,38.9385311,-118.810978,U,NAD83,,,,16050303,qw,00410,,0,,wat,INN,1640192,0,1978-04-17,1978-04-17,1
USGS,385619118483601,110A N12 E28 02AA  1,GW,38.9385311,-118.810978,U,NAD83,,,,16050303,qw,00440,,0,,wat,INN,4788,0,1978-04-17,1978-04-17,1
USGS,385619118483601,110A N12 E28 02AA  1,GW,38.9385311,-118.810978,U,NAD83,,,,16050303,qw,00900,,0,,wat,PHY,1640416,0,1978-04-17,1978-04-17,1
USGS,385619118483601,110A N12 E28 02AA  1,GW,38.9385311,-118.810978,U,NAD83,,,,16050303,qw,00902,,0,,wat,PHY,1640432,0,1978-04-17,1978-04-17,1
USGS,385619118483601,110A N12 E28 02AA  1,GW,38.9385311,-118.810978,U,NAD83,,,,16050303,qw,00915,,0,,wat,INM,150268,0,1978-04-17,1978-04-17,1
USGS,385619118483601,110A N12 E28 02AA  1,GW,38.9385311,-118.810978,U,NAD83,,,,16050303,qw,00925,,0,,wat,INM,149617,0,1978-04-17,1978-04-17,1
USGS,385619118483601,110A N12 E28 02AA  1,GW,38.9385311,-118.810978,U,NAD83,,,,16050303,qw,00930,,0,,wat,INM,149856,0,1978-04-17,1978-04-17,1
USGS,385619118483601,110A N12 E28 02AA  1,GW,38.9385311,-118.810978,U,NAD83,,,,16050303,qw,00931,,0,,wat,INM,1640523,0,1978-04-17,1978-04-17,1
USGS,385619118483601,110A N12 E28 02AA  1,GW,38.9385311,-118.810978,U,NAD83,,,,16050303,qw,00932,,0,,wat,INM,1646660,0,1978-04-17,1978-04-17,1
USGS,385619118483601,110A N12 E28 02AA  1,GW,38.9385311,-118.810978,U,NAD83,,,,16050303,qw,00935,,0,,wat,INM,149740,0,1978-04-17,1978-04-17,1
USGS,385619118483601,110A N12 E28 02AA  1,GW,38.9385311,-118.810978,U,NAD83,,,,16050303,qw,00940,,0,,wat,INN,205955,0,1978-04-17,1978-04-17,1
USGS,385619118483601,110A N12 E28 02AA  1,GW,38.9385311,-118.810978,U,NAD83,,,,16050303,qw,00945,,0,,wat,INN,197301,0,1978-04-17,1978-04-17,1
USGS,385619118483601,110A N12 E28 02AA  1,GW,38.9385311,-118.810978,U,NAD83,,,,16050303,qw,00950,,0,,wat,INN,206706,0,1978-04-17,1978-04-17,1
USGS,385619118483601,110A N12 E28 02AA  1,GW,38.9385311,-118.810978,U,NAD83,,,,16050303,qw,00955,,0,,wat,INN,151977,0,1978-04-17,1978-04-17,1
USGS,385619118483601,110A N12 E28 02AA  1,GW,38.9385311,-118.810978,U,NAD83,,,,16050303,qw,01020,,0,,wat,IMN,150011,0,1978-04-17,1978-04-17,1
USGS,385619118483601,110A N12 E28 02AA  1,GW,38.9385311,-118.810978,U,NAD83,,,,16050303,qw,01046,,0,,wat,IMM,149559,0,1978-04-17,1978-04-17,1
USGS,385619118483601,110A N12 E28 02AA  1,GW,38.9385311,-118.810978,U,NAD83,,,,16050303,qw,70301,,0,,wat,PHY,1642222,0,1978-04-17,1978-04-17,1
USGS,385619118483601,110A N12 E28 02AA  1,GW,38.9385311,-118.810978,U,NAD83,,,,16050303,qw,70303,,0,,wat,PHY,1642222,0,1978-04-17,1978-04-17,1
USGS,385623119062801,108  N13 E26 31DDDD1,GW,38.93969444,-119.1078889,1,NAD83, 4470, 15,NGVD29,16050303,gw,62610,,0,,wat,,1642461,0,2004-02-24,2014-03-06,9
USGS,385623119062801,108  N13 E26 31DDDD1,GW,38.93969444,-119.1078889,1,NAD83, 4470, 15,NGVD29,16050303,gw,62611,,0,,wat,,1642461,0,2004-02-24,2014-03-06,9
USGS,385623119062801,108  N13 E26 31DDDD1,GW,38.93969444,-119.1078889,1,NAD83, 4470, 15,NGVD29,16050303,gw,72019,,0,,wat,,1642008,0,2004-02-24,2014-03-06,9
USGS,385625118481501,110A N13 E28 36CDCA1    LATERAL 2A RB,GW,38.94038889,-118.8040833,1,NAD83, 4119.48,.01,NGVD29,16050303,ad,,,0,,wat,,0,0,2005,2008,4
USGS,385625118481501,110A N13 E28 36CDCA1    LATERAL 2A RB,GW,38.94038889,-118.8040833,1,NAD83, 4119.48,.01,NGVD29,16050303,gw,62610,,0,,wat,,1642461,0,2005-01-20,2008-08-28,30
USGS,385625118481501,110A N13 E28 36CDCA1    LATERAL 2A RB,GW,38.94038889,-118.8040833,1,NAD83, 4119.48,.01,NGVD29,16050303,gw,62611,,0,,wat,,1642461,0,2005-01-20,2008-08-28,30
USGS,385625118481501,110A N13 E28 36CDCA1    LATERAL 2A RB,GW,38.94038889,-118.8040833,1,NAD83, 4119.48,.01,NGVD29,16050303,gw,72019,,0,,wat,,1642008,0,2005-01-20,2008-08-28,30
USGS,385628118481301,110B N13 E28 36CDAC1    LATERAL 2A LB US S,GW,38.94113889,-118.8035278,1,NAD83, 4110.46, 25,NGVD29,16050303,ad,,,0,,wat,,0,0,2005,2012,5
USGS,385628118481301,110B N13 E28 36CDAC1    LATERAL 2A LB US S,GW,38.94113889,-118.8035278,1,NAD83, 4110.46, 25,NGVD29,16050303,gw,62610,,0,,wat,,1642461,0,2005-01-18,2011-03-14,32
USGS,385628118481301,110B N13 E28 36CDAC1    LATERAL 2A LB US S,GW,38.94113889,-118.8035278,1,NAD83, 4110.46, 25,NGVD29,16050303,gw,62611,,0,,wat,,1642461,0,2005-01-18,2011-03-14,32
USGS,385628118481301,110B N13 E28 36CDAC1    LATERAL 2A LB US S,GW,38.94113889,-118.8035278,1,NAD83, 4110.46, 25,NGVD29,16050303,gw,72019,,0,,wat,,1642008,0,2005-01-18,2011-03-14,32
USGS,385628118481301,110B N13 E28 36CDAC1    LATERAL 2A LB US S,GW,38.94113889,-118.8035278,1,NAD83, 4110.46, 25,NGVD29,16050303,qw,,,0,,wat,ALL,0,0,2006-08-02,2011-11-17,2
USGS,385628118481301,110B N13 E28 36CDAC1    LATERAL 2A LB US S,GW,38.94113889,-118.8035278,1,NAD83, 4110.46, 25,NGVD29,16050303,qw,00003,,0,,wat,INF,0,0,2006-08-02,2006-08-02,1
USGS,385628118481301,110B N13 E28 36CDAC1    LATERAL 2A LB US S,GW,38.94113889,-118.8035278,1,NAD83, 4110.46, 25,NGVD29,16050303,qw,00010,,0,,wat,PHY,1645597,0,2006-08-02,2011-11-17,2
USGS,385628118481301,110B N13 E28 36CDAC1    LATERAL 2A LB US S,GW,38.94113889,-118.8035278,1,NAD83, 4110.46, 25,NGVD29,16050303,qw,00020,,0,,wat,PHY,1645712,0,2006-08-02,2006-08-02,1
USGS,385628118481301,110B N13 E28 36CDAC1    LATERAL 2A LB US S,GW,38.94113889,-118.8035278,1,NAD83, 4110.46, 25,NGVD29,16050303,qw,00025,,0,,wat,PHY,1641265,0,2006-08-02,2006-08-02,1
USGS,385628118481301,110B N13 E28 36CDAC1    LATERAL 2A LB US S,GW,38.94113889,-118.8035278,1,NAD83, 4110.46, 25,NGVD29,16050303,qw,00028,,0,,wat,INF,0,0,2006-08-02,2006-08-02,1
USGS,385628118481301,110B N13 E28 36CDAC1    LATERAL 2A LB US S,GW,38.94113889,-118.8035278,1,NAD83, 4110.46, 25,NGVD29,16050303,qw,00095,,0,,wat,PHY,1646694,0,2006-08-02,2011-11-17,2
USGS,385628118481301,110B N13 E28 36CDAC1    LATERAL 2A LB US S,GW,38.94113889,-118.8035278,1,NAD83, 4110.46, 25,NGVD29,16050303,qw,00191,,0,,wat,INN,1640572,0,2006-08-02,2006-08-02,1
USGS,385628118481301,110B N13 E28 36CDAC1    LATERAL 2A LB US S,GW,38.94113889,-118.8035278,1,NAD83, 4110.46, 25,NGVD29,16050303,qw,00300,,0,,wat,INN,154302,0,2006-08-02,2006-08-02,1
USGS,385628118481301,110B N13 E28 36CDAC1    LATERAL 2A LB US S,GW,38.94113889,-118.8035278,1,NAD83, 4110.46, 25,NGVD29,16050303,qw,00301,,0,,wat,INN,154302,0,2006-08-02,2006-08-02,1
USGS,385628118481301,110B N13 E28 36CDAC1    LATERAL 2A LB US S,GW,38.94113889,-118.8035278,1,NAD83, 4110.46, 25,NGVD29,16050303,qw,00400,,0,,wat,PHY,17028275,0,2006-08-02,2006-08-02,1
USGS,385628118481301,110B N13 E28 36CDAC1    LATERAL 2A LB US S,GW,38.94113889,-118.8035278,1,NAD83, 4110.46, 25,NGVD29,16050303,qw,00403,,0,,wat,PHY,1644335,0,2006-08-02,2006-08-02,1
USGS,385628118481301,110B N13 E28 36CDAC1    LATERAL 2A LB US S,GW,38.94113889,-118.8035278,1,NAD83, 4110.46, 25,NGVD29,16050303,qw,00405,,0,,wat,INN,33548,0,2006-08-02,2006-08-02,1
USGS,385628118481301,110B N13 E28 36CDAC1    LATERAL 2A LB US S,GW,38.94113889,-118.8035278,1,NAD83, 4110.46, 25,NGVD29,16050303,qw,00900,,0,,wat,PHY,1640416,0,2006-08-02,2006-08-02,1
USGS,385628118481301,110B N13 E28 36CDAC1    LATERAL 2A LB US S,GW,38.94113889,-118.8035278,1,NAD83, 4110.46, 25,NGVD29,16050303,qw,00915,,0,,wat,INM,150268,0,2006-08-02,2006-08-02,1
USGS,385628118481301,110B N13 E28 36CDAC1    LATERAL 2A LB US S,GW,38.94113889,-118.8035278,1,NAD83, 4110.46, 25,NGVD29,16050303,qw,00925,,0,,wat,INM,149617,0,2006-08-02,2006-08-02,1
USGS,385628118481301,110B N13 E28 36CDAC1    LATERAL 2A LB US S,GW,38.94113889,-118.8035278,1,NAD83, 4110.46, 25,NGVD29,16050303,qw,00930,,0,,wat,INM,149856,0,2006-08-02,2006-08-02,1
USGS,385628118481301,110B N13 E28 36CDAC1    LATERAL 2A LB US S,GW,38.94113889,-118.8035278,1,NAD83, 4110.46, 25,NGVD29,16050303,qw,00931,,0,,wat,INM,1640523,0,2006-08-02,2006-08-02,1
USGS,385628118481301,110B N13 E28 36CDAC1    LATERAL 2A LB US S,GW,38.94113889,-118.8035278,1,NAD83, 4110.46, 25,NGVD29,16050303,qw,00932,,0,,wat,INM,1646660,0,2006-08-02,2006-08-02,1
USGS,385628118481301,110B N13 E28 36CDAC1    LATERAL 2A LB US S,GW,38.94113889,-118.8035278,1,NAD83, 4110.46, 25,NGVD29,16050303,qw,00935,,0,,wat,INM,149740,0,2006-08-02,2006-08-02,1
USGS,385628118481301,110B N13 E28 36CDAC1    LATERAL 2A LB US S,GW,38.94113889,-118.8035278,1,NAD83, 4110.46, 25,NGVD29,16050303,qw,00940,,0,,wat,INN,205955,0,2006-08-02,2006-08-02,1
USGS,385628118481301,110B N13 E28 36CDAC1    LATERAL 2A LB US S,GW,38.94113889,-118.8035278,1,NAD83, 4110.46, 25,NGVD29,16050303,qw,00945,,0,,wat,INN,197301,0,2006-08-02,2006-08-02,1
USGS,385628118481301,110B N13 E28 36CDAC1    LATERAL 2A LB US S,GW,38.94113889,-118.8035278,1,NAD83, 4110.46, 25,NGVD29,16050303,qw,00950,,0,,wat,INN,206706,0,2006-08-02,2006-08-02,1
USGS,385628118481301,110B N13 E28 36CDAC1    LATERAL 2A LB US S,GW,38.94113889,-118.8035278,1,NAD83, 4110.46, 25,NGVD29,16050303,qw,00955,,0,,wat,INN,151977,0,2006-08-02,2006-08-02,1
USGS,385628118481301,110B N13 E28 36CDAC1    LATERAL 2A LB US S,GW,38.94113889,-118.8035278,1,NAD83, 4110.46, 25,NGVD29,16050303,qw,01020,,0,,wat,IMN,150011,0,2006-08-02,2006-08-02,1
USGS,385628118481301,110B N13 E28 36CDAC1    LATERAL 2A LB US S,GW,38.94113889,-118.8035278,1,NAD83, 4110.46, 25,NGVD29,16050303,qw,01046,,0,,wat,IMM,149559,0,2006-08-02,2006-08-02,1
USGS,385628118481301,110B N13 E28 36CDAC1    LATERAL 2A LB US S,GW,38.94113889,-118.8035278,1,NAD83, 4110.46, 25,NGVD29,16050303,qw,01056,,0,,wat,IMM,149625,0,2006-08-02,2006-08-02,1
USGS,385628118481301,110B N13 E28 36CDAC1    LATERAL 2A LB US S,GW,38.94113889,-118.8035278,1,NAD83, 4110.46, 25,NGVD29,16050303,qw,01080,,0,,wat,IMM,149864,0,2006-08-02,2006-08-02,1
USGS,385628118481301,110B N13 E28 36CDAC1    LATERAL 2A LB US S,GW,38.94113889,-118.8035278,1,NAD83, 4110.46, 25,NGVD29,16050303,qw,22603,,0,,wat,RAD,150185,0,2006-08-02,2006-08-02,1
USGS,385628118481301,110B N13 E28 36CDAC1    LATERAL 2A LB US S,GW,38.94113889,-118.8035278,1,NAD83, 4110.46, 25,NGVD29,16050303,qw,22610,,0,,wat,RAD,192708,0,2006-08-02,2006-08-02,1
USGS,385628118481301,110B N13 E28 36CDAC1    LATERAL 2A LB US S,GW,38.94113889,-118.8035278,1,NAD83, 4110.46, 25,NGVD29,16050303,qw,22620,,0,,wat,RAD,198606,0,2006-08-02,2006-08-02,1
USGS,385628118481301,110B N13 E28 36CDAC1    LATERAL 2A LB US S,GW,38.94113889,-118.8035278,1,NAD83, 4110.46, 25,NGVD29,16050303,qw,30210,,0,,wat,PHY,1642040,0,2006-08-02,2006-08-02,1
USGS,385628118481301,110B N13 E28 36CDAC1    LATERAL 2A LB US S,GW,38.94113889,-118.8035278,1,NAD83, 4110.46, 25,NGVD29,16050303,qw,39086,,0,,wat,INN,1640192,0,2006-08-02,2006-08-02,1
USGS,385628118481301,110B N13 E28 36CDAC1    LATERAL 2A LB US S,GW,38.94113889,-118.8035278,1,NAD83, 4110.46, 25,NGVD29,16050303,qw,49932,,0,,wat,ISO,967356,0,2006-08-02,2006-08-02,1
USGS,385628118481301,110B N13 E28 36CDAC1    LATERAL 2A LB US S,GW,38.94113889,-118.8035278,1,NAD83, 4110.46, 25,NGVD29,16050303,qw,50280,,0,,wat,INF,0,0,2011-11-17,2011-11-17,1
USGS,385628118481301,110B N13 E28 36CDAC1    LATERAL 2A LB US S,GW,38.94113889,-118.8035278,1,NAD83, 4110.46, 25,NGVD29,16050303,qw,62648,,0,,wat,ISO,0,0,2006-08-02,2006-08-02,1
USGS,385628118481301,110B N13 E28 36CDAC1    LATERAL 2A LB US S,GW,38.94113889,-118.8035278,1,NAD83, 4110.46, 25,NGVD29,16050303,qw,70300,,0,,wat,PHY,1642222,0,2006-08-02,2006-08-02,1
USGS,385628118481301,110B N13 E28 36CDAC1    LATERAL 2A LB US S,GW,38.94113889,-118.8035278,1,NAD83, 4110.46, 25,NGVD29,16050303,qw,70301,,0,,wat,PHY,1642222,0,2006-08-02,2006-08-02,1
USGS,385628118481301,110B N13 E28 36CDAC1    LATERAL 2A LB US S,GW,38.94113889,-118.8035278,1,NAD83, 4110.46, 25,NGVD29,16050303,qw,70303,,0,,wat,PHY,1642222,0,2006-08-02,2006-08-02,1
USGS,385628118481301,110B N13 E28 36CDAC1    LATERAL 2A LB US S,GW,38.94113889,-118.8035278,1,NAD83, 4110.46, 25,NGVD29,16050303,qw,71870,,0,,wat,INN,227538,0,2006-08-02,2006-08-02,1
USGS,385628118481301,110B N13 E28 36CDAC1    LATERAL 2A LB US S,GW,38.94113889,-118.8035278,1,NAD83, 4110.46, 25,NGVD29,16050303,qw,72019,,0,,wat,PHY,1642008,0,2006-08-02,2006-08-02,1
USGS,385628118481301,110B N13 E28 36CDAC1    LATERAL 2A LB US S,GW,38.94113889,-118.8035278,1,NAD83, 4110.46, 25,NGVD29,16050303,qw,75978,,0,,wat,ISO,17148297,0,2006-08-02,2006-08-02,1
USGS,385628118481301,110B N13 E28 36CDAC1    LATERAL 2A LB US S,GW,38.94113889,-118.8035278,1,NAD83, 4110.46, 25,NGVD29,16050303,qw,82082,,0,,wat,ISO,1642107,0,2006-08-02,2006-08-02,1
USGS,385628118481301,110B N13 E28 36CDAC1    LATERAL 2A LB US S,GW,38.94113889,-118.8035278,1,NAD83, 4110.46, 25,NGVD29,16050303,qw,82085,,0,,wat,ISO,967034,0,2006-08-02,2006-08-02,1
USGS,385628118481301,110B N13 E28 36CDAC1    LATERAL 2A LB US S,GW,38.94113889,-118.8035278,1,NAD83, 4110.46, 25,NGVD29,16050303,qw,84164,,0,,wat,INF,0,0,2006-08-02,2006-08-02,1
USGS,385628118481301,110B N13 E28 36CDAC1    LATERAL 2A LB US S,GW,38.94113889,-118.8035278,1,NAD83, 4110.46, 25,NGVD29,16050303,qw,90095,,0,,wat,PHY,1646694,0,2006-08-02,2006-08-02,1
USGS,385628118481302,110B N13 E28 36CDAC2    LATERAL 2A LB DS D,GW,38.94113889,-118.8035278,1,NAD83, 4110.45, 25,NGVD29,16050303,ad,,,0,,wat,,0,0,2005,2012,5
USGS,385628118481302,110B N13 E28 36CDAC2    LATERAL 2A LB DS D,GW,38.94113889,-118.8035278,1,NAD83, 4110.45, 25,NGVD29,16050303,gw,62610,,0,,wat,,1642461,0,2005-01-19,2011-03-14,32
USGS,385628118481302,110B N13 E28 36CDAC2    LATERAL 2A LB DS D,GW,38.94113889,-118.8035278,1,NAD83, 4110.45, 25,NGVD29,16050303,gw,62611,,0,,wat,,1642461,0,2005-01-19,2011-03-14,32
USGS,385628118481302,110B N13 E28 36CDAC2    LATERAL 2A LB DS D,GW,38.94113889,-118.8035278,1,NAD83, 4110.45, 25,NGVD29,16050303,gw,72019,,0,,wat,,1642008,0,2005-01-19,2011-03-14,32
USGS,385628118481302,110B N13 E28 36CDAC2    LATERAL 2A LB DS D,GW,38.94113889,-118.8035278,1,NAD83, 4110.45, 25,NGVD29,16050303,qw,,,0,,wat,ALL,0,0,2006-08-02,2011-11-17,2
USGS,385628118481302,110B N13 E28 36CDAC2    LATERAL 2A LB DS D,GW,38.94113889,-118.8035278,1,NAD83, 4110.45, 25,NGVD29,16050303,qw,00003,,0,,wat,INF,0,0,2006-08-02,2006-08-02,1
USGS,385628118481302,110B N13 E28 36CDAC2    LATERAL 2A LB DS D,GW,38.94113889,-118.8035278,1,NAD83, 4110.45, 25,NGVD29,16050303,qw,00010,,0,,wat,PHY,1645597,0,2006-08-02,2011-11-17,2
USGS,385628118481302,110B N13 E28 36CDAC2    LATERAL 2A LB DS D,GW,38.94113889,-118.8035278,1,NAD83, 4110.45, 25,NGVD29,16050303,qw,00020,,0,,wat,PHY,1645712,0,2006-08-02,2006-08-02,1
USGS,385628118481302,110B N13 E28 36CDAC2    LATERAL 2A LB DS D,GW,38.94113889,-118.8035278,1,NAD83, 4110.45, 25,NGVD29,16050303,qw,00025,,0,,wat,PHY,1641265,0,2006-08-02,2006-08-02,1
USGS,385628118481302,110B N13 E28 36CDAC2    LATERAL 2A LB DS D,GW,38.94113889,-118.8035278,1,NAD83, 4110.45, 25,NGVD29,16050303,qw,00028,,0,,wat,INF,0,0,2006-08-02,2006-08-02,1
USGS,385628118481302,110B N13 E28 36CDAC2    LATERAL 2A LB DS D,GW,38.94113889,-118.8035278,1,NAD83, 4110.45, 25,NGVD29,16050303,qw,00059,,0,,wat,PHY,1643253,0,2006-08-02,2006-08-02,1
USGS,385628118481302,110B N13 E28 36CDAC2    LATERAL 2A LB DS D,GW,38.94113889,-118.8035278,1,NAD83, 4110.45, 25,NGVD29,16050303,qw,00095,,0,,wat,PHY,1646694,0,2006-08-02,2011-11-17,2
USGS,385628118481302,110B N13 E28 36CDAC2    LATERAL 2A LB DS D,GW,38.94113889,-118.8035278,1,NAD83, 4110.45, 25,NGVD29,16050303,qw,00191,,0,,wat,INN,1640572,0,2006-08-02,2006-08-02,1
USGS,385628118481302,110B N13 E28 36CDAC2    LATERAL 2A LB DS D,GW,38.94113889,-118.8035278,1,NAD83, 4110.45, 25,NGVD29,16050303,qw,00300,,0,,wat,INN,154302,0,2006-08-02,2006-08-02,1
USGS,385628118481302,110B N13 E28 36CDAC2    LATERAL 2A LB DS D,GW,38.94113889,-118.8035278,1,NAD83, 4110.45, 25,NGVD29,16050303,qw,00301,,0,,wat,INN,154302,0,2006-08-02,2006-08-02,1
USGS,385628118481302,110B N13 E28 36CDAC2    LATERAL 2A LB DS D,GW,38.94113889,-118.8035278,1,NAD83, 4110.45, 25,NGVD29,16050303,qw,00400,,0,,wat,PHY,17028275,0,2006-08-02,2006-08-02,1
USGS,385628118481302,110B N13 E28 36CDAC2    LATERAL 2A LB DS D,GW,38.94113889,-118.8035278,1,NAD83, 4110.45, 25,NGVD29,16050303,qw,00403,,0,,wat,PHY,1644335,0,2006-08-02,2006-08-02,1
USGS,385628118481302,110B N13 E28 36CDAC2    LATERAL 2A LB DS D,GW,38.94113889,-118.8035278,1,NAD83, 4110.45, 25,NGVD29,16050303,qw,00405,,0,,wat,INN,33548,0,2006-08-02,2006-08-02,1
USGS,385628118481302,110B N13 E28 36CDAC2    LATERAL 2A LB DS D,GW,38.94113889,-118.8035278,1,NAD83, 4110.45, 25,NGVD29,16050303,qw,00900,,0,,wat,PHY,1640416,0,2006-08-02,2006-08-02,1
USGS,385628118481302,110B N13 E28 36CDAC2    LATERAL 2A LB DS D,GW,38.94113889,-118.8035278,1,NAD83, 4110.45, 25,NGVD29,16050303,qw,00915,,0,,wat,INM,150268,0,2006-08-02,2006-08-02,1
USGS,385628118481302,110B N13 E28 36CDAC2    LATERAL 2A LB DS D,GW,38.94113889,-118.8035278,1,NAD83, 4110.45, 25,NGVD29,16050303,qw,00925,,0,,wat,INM,149617,0,2006-08-02,2006-08-02,1
USGS,385628118481302,110B N13 E28 36CDAC2    LATERAL 2A LB DS D,GW,38.94113889,-118.8035278,1,NAD83, 4110.45, 25,NGVD29,16050303,qw,00930,,0,,wat,INM,149856,0,2006-08-02,2006-08-02,1
USGS,385628118481302,110B N13 E28 36CDAC2    LATERAL 2A LB DS D,GW,38.94113889,-118.8035278,1,NAD83, 4110.45, 25,NGVD29,16050303,qw,00931,,0,,wat,INM,1640523,0,2006-08-02,2006-08-02,1
USGS,385628118481302,110B N13 E28 36CDAC2    LATERAL 2A LB DS D,GW,38.94113889,-118.8035278,1,NAD83, 4110.45, 25,NGVD29,16050303,qw,00932,,0,,wat,INM,1646660,0,2006-08-02,2006-08-02,1
USGS,385628118481302,110B N13 E28 36CDAC2    LATERAL 2A LB DS D,GW,38.94113889,-118.8035278,1,NAD83, 4110.45, 25,NGVD29,16050303,qw,00935,,0,,wat,INM,149740,0,2006-08-02,2006-08-02,1
USGS,385628118481302,110B N13 E28 36CDAC2    LATERAL 2A LB DS D,GW,38.94113889,-118.8035278,1,NAD83, 4110.45, 25,NGVD29,16050303,qw,00940,,0,,wat,INN,205955,0,2006-08-02,2006-08-02,1
USGS,385628118481302,110B N13 E28 36CDAC2    LATERAL 2A LB DS D,GW,38.94113889,-118.8035278,1,NAD83, 4110.45, 25,NGVD29,16050303,qw,00945,,0,,wat,INN,197301,0,2006-08-02,2006-08-02,1
USGS,385628118481302,110B N13 E28 36CDAC2    LATERAL 2A LB DS D,GW,38.94113889,-118.8035278,1,NAD83, 4110.45, 25,NGVD29,16050303,qw,00950,,0,,wat,INN,206706,0,2006-08-02,2006-08-02,1
USGS,385628118481302,110B N13 E28 36CDAC2    LATERAL 2A LB DS D,GW,38.94113889,-118.8035278,1,NAD83, 4110.45, 25,NGVD29,16050303,qw,00955,,0,,wat,INN,151977,0,2006-08-02,2006-08-02,1
USGS,385628118481302,110B N13 E28 36CDAC2    LATERAL 2A LB DS D,GW,38.94113889,-118.8035278,1,NAD83, 4110.45, 25,NGVD29,16050303,qw,01020,,0,,wat,IMN,150011,0,2006-08-02,2006-08-02,1
USGS,385628118481302,110B N13 E28 36CDAC2    LATERAL 2A LB DS D,GW,38.94113889,-118.8035278,1,NAD83, 4110.45, 25,NGVD29,16050303,qw,01046,,0,,wat,IMM,149559,0,2006-08-02,2006-08-02,1
USGS,385628118481302,110B N13 E28 36CDAC2    LATERAL 2A LB DS D,GW,38.94113889,-118.8035278,1,NAD83, 4110.45, 25,NGVD29,16050303,qw,01056,,0,,wat,IMM,149625,0,2006-08-02,2006-08-02,1
USGS,385628118481302,110B N13 E28 36CDAC2    LATERAL 2A LB DS D,GW,38.94113889,-118.8035278,1,NAD83, 4110.45, 25,NGVD29,16050303,qw,01080,,0,,wat,IMM,149864,0,2006-08-02,2006-08-02,1
USGS,385628118481302,110B N13 E28 36CDAC2    LATERAL 2A LB DS D,GW,38.94113889,-118.8035278,1,NAD83, 4110.45, 25,NGVD29,16050303,qw,22603,,0,,wat,RAD,150185,0,2006-08-02,2006-08-02,1
USGS,385628118481302,110B N13 E28 36CDAC2    LATERAL 2A LB DS D,GW,38.94113889,-118.8035278,1,NAD83, 4110.45, 25,NGVD29,16050303,qw,22610,,0,,wat,RAD,192708,0,2006-08-02,2006-08-02,1
USGS,385628118481302,110B N13 E28 36CDAC2    LATERAL 2A LB DS D,GW,38.94113889,-118.8035278,1,NAD83, 4110.45, 25,NGVD29,16050303,qw,22620,,0,,wat,RAD,198606,0,2006-08-02,2006-08-02,1
USGS,385628118481302,110B N13 E28 36CDAC2    LATERAL 2A LB DS D,GW,38.94113889,-118.8035278,1,NAD83, 4110.45, 25,NGVD29,16050303,qw,30210,,0,,wat,PHY,1642040,0,2006-08-02,2006-08-02,1
USGS,385628118481302,110B N13 E28 36CDAC2    LATERAL 2A LB DS D,GW,38.94113889,-118.8035278,1,NAD83, 4110.45, 25,NGVD29,16050303,qw,39086,,0,,wat,INN,1640192,0,2006-08-02,2006-08-02,1
USGS,385628118481302,110B N13 E28 36CDAC2    LATERAL 2A LB DS D,GW,38.94113889,-118.8035278,1,NAD83, 4110.45, 25,NGVD29,16050303,qw,49932,,0,,wat,ISO,967356,0,2006-08-02,2006-08-02,1
USGS,385628118481302,110B N13 E28 36CDAC2    LATERAL 2A LB DS D,GW,38.94113889,-118.8035278,1,NAD83, 4110.45, 25,NGVD29,16050303,qw,50280,,0,,wat,INF,0,0,2011-11-17,2011-11-17,1
USGS,385628118481302,110B N13 E28 36CDAC2    LATERAL 2A LB DS D,GW,38.94113889,-118.8035278,1,NAD83, 4110.45, 25,NGVD29,16050303,qw,62648,,0,,wat,ISO,0,0,2006-08-02,2006-08-02,1
USGS,385628118481302,110B N13 E28 36CDAC2    LATERAL 2A LB DS D,GW,38.94113889,-118.8035278,1,NAD83, 4110.45, 25,NGVD29,16050303,qw,70300,,0,,wat,PHY,1642222,0,2006-08-02,2006-08-02,1
USGS,385628118481302,110B N13 E28 36CDAC2    LATERAL 2A LB DS D,GW,38.94113889,-118.8035278,1,NAD83, 4110.45, 25,NGVD29,16050303,qw,70301,,0,,wat,PHY,1642222,0,2006-08-02,2006-08-02,1
USGS,385628118481302,110B N13 E28 36CDAC2    LATERAL 2A LB DS D,GW,38.94113889,-118.8035278,1,NAD83, 4110.45, 25,NGVD29,16050303,qw,70303,,0,,wat,PHY,1642222,0,2006-08-02,2006-08-02,1
USGS,385628118481302,110B N13 E28 36CDAC2    LATERAL 2A LB DS D,GW,38.94113889,-118.8035278,1,NAD83, 4110.45, 25,NGVD29,16050303,qw,71870,,0,,wat,INN,227538,0,2006-08-02,2006-08-02,1
USGS,385628118481302,110B N13 E28 36CDAC2    LATERAL 2A LB DS D,GW,38.94113889,-118.8035278,1,NAD83, 4110.45, 25,NGVD29,16050303,qw,72019,,0,,wat,PHY,1642008,0,2006-08-02,2006-08-02,1
USGS,385628118481302,110B N13 E28 36CDAC2    LATERAL 2A LB DS D,GW,38.94113889,-118.8035278,1,NAD83, 4110.45, 25,NGVD29,16050303,qw,75978,,0,,wat,ISO,17148297,0,2006-08-02,2006-08-02,1
USGS,385628118481302,110B N13 E28 36CDAC2    LATERAL 2A LB DS D,GW,38.94113889,-118.8035278,1,NAD83, 4110.45, 25,NGVD29,16050303,qw,82082,,0,,wat,ISO,1642107,0,2006-08-02,2006-08-02,1
USGS,385628118481302,110B N13 E28 36CDAC2    LATERAL 2A LB DS D,GW,38.94113889,-118.8035278,1,NAD83, 4110.45, 25,NGVD29,16050303,qw,82085,,0,,wat,ISO,967034,0,2006-08-02,2006-08-02,1
USGS,385628118481302,110B N13 E28 36CDAC2    LATERAL 2A LB DS D,GW,38.94113889,-118.8035278,1,NAD83, 4110.45, 25,NGVD29,16050303,qw,84164,,0,,wat,INF,0,0,2006-08-02,2006-08-02,1
USGS,385628118481302,110B N13 E28 36CDAC2    LATERAL 2A LB DS D,GW,38.94113889,-118.8035278,1,NAD83, 4110.45, 25,NGVD29,16050303,qw,90095,,0,,wat,PHY,1646694,0,2006-08-02,2006-08-02,1
USGS,385628119063301,108  N13 E26 31DDCD1,GW,38.94102866,-119.1101521,S,NAD83, 4463, 15,NGVD29,16050303,ad,,,0,,wat,,0,0,2005,2007,3
USGS,385628119063301,108  N13 E26 31DDCD1,GW,38.94102866,-119.1101521,S,NAD83, 4463, 15,NGVD29,16050303,gw,62610,,0,,wat,,1642461,0,1960-08-04,2007-02-14,29
USGS,385628119063301,108  N13 E26 31DDCD1,GW,38.94102866,-119.1101521,S,NAD83, 4463, 15,NGVD29,16050303,gw,62611,,0,,wat,,1642461,0,1960-08-04,2007-02-14,29
USGS,385628119063301,108  N13 E26 31DDCD1,GW,38.94102866,-119.1101521,S,NAD83, 4463, 15,NGVD29,16050303,gw,72019,,0,,wat,,1642008,0,1960-08-04,2007-02-14,29
USGS,385629118485101,110A N12 E28 02A   1,GW,38.94130895,-118.8076447,M,NAD83, 4186.00,1,NGVD29,16050303,gw,62610,,0,,wat,,1642461,0,1963-04-10,1963-04-10,1
USGS,385629118485101,110A N12 E28 02A   1,GW,38.94130895,-118.8076447,M,NAD83, 4186.00,1,NGVD29,16050303,gw,62611,,0,,wat,,1642461,0,1963-04-10,1963-04-10,1
USGS,385629118485101,110A N12 E28 02A   1,GW,38.94130895,-118.8076447,M,NAD83, 4186.00,1,NGVD29,16050303,gw,72019,,0,,wat,,1642008,0,1963-04-10,1963-04-10,1
USGS,385630119060201,108  N13 E26 31DC  1,GW,38.9415843,-119.1015408,M,NAD83, 4457.,1,NGVD29,16050303,gw,62610,,0,,wat,,1642461,0,1966-03-15,1966-03-15,1
USGS,385630119060201,108  N13 E26 31DC  1,GW,38.9415843,-119.1015408,M,NAD83, 4457.,1,NGVD29,16050303,gw,62611,,0,,wat,,1642461,0,1966-03-15,1966-03-15,1
USGS,385630119060201,108  N13 E26 31DC  1,GW,38.9415843,-119.1015408,M,NAD83, 4457.,1,NGVD29,16050303,gw,72019,,0,,wat,,1642008,0,1966-03-15,1966-03-15,1
USGS,385632119052601,108  N13 E26 32CC  1,GW,38.94214,-119.0915406,M,NAD83, 4463.,1,NGVD29,16050303,gw,62610,,0,,wat,,1642461,0,1966-03-16,1966-03-16,1
USGS,385632119052601,108  N13 E26 32CC  1,GW,38.94214,-119.0915406,M,NAD83, 4463.,1,NGVD29,16050303,gw,62611,,0,,wat,,1642461,0,1966-03-16,1966-03-16,1
USGS,385632119052601,108  N13 E26 32CC  1,GW,38.94214,-119.0915406,M,NAD83, 4463.,1,NGVD29,16050303,gw,72019,,0,,wat,,1642008,0,1966-03-16,1966-03-16,1
USGS,385632119084301,108  N13 E25 35CC  1,GW,38.94213937,-119.146264,M,NAD83, 4415.,1,NGVD29,16050303,gw,62610,,0,,wat,,1642461,0,1961-05-23,1961-05-23,1
USGS,385632119084301,108  N13 E25 35CC  1,GW,38.94213937,-119.146264,M,NAD83, 4415.,1,NGVD29,16050303,gw,62611,,0,,wat,,1642461,0,1961-05-23,1961-05-23,1
USGS,385632119084301,108  N13 E25 35CC  1,GW,38.94213937,-119.146264,M,NAD83, 4415.,1,NGVD29,16050303,gw,72019,,0,,wat,,1642008,0,1961-05-23,1961-05-23,1
USGS,385633119074201,108  N13 E25 36DCCA1,GW,38.94241735,-119.1293192,S,NAD83, 4433, 15,NGVD29,16050303,ad,,,0,,wat,,0,0,2005,2007,3
USGS,385633119074201,108  N13 E25 36DCCA1,GW,38.94241735,-119.1293192,S,NAD83, 4433, 15,NGVD29,16050303,gw,62610,,0,,wat,,1642461,0,1965-03-05,2006-12-01,28
USGS,385633119074201,108  N13 E25 36DCCA1,GW,38.94241735,-119.1293192,S,NAD83, 4433, 15,NGVD29,16050303,gw,62611,,0,,wat,,1642461,0,1965-03-05,2006-12-01,28
USGS,385633119074201,108  N13 E25 36DCCA1,GW,38.94241735,-119.1293192,S,NAD83, 4433, 15,NGVD29,16050303,gw,72019,,0,,wat,,1642008,0,1965-03-05,2006-12-01,28
USGS,385634119041501,108  N13 E26 33CC  1,GW,38.94269579,-119.071818,M,NAD83, 4514.,1,NGVD29,16050303,gw,62610,,0,,wat,,1642461,0,1966-03-15,1966-03-15,1
USGS,385634119041501,108  N13 E26 33CC  1,GW,38.94269579,-119.071818,M,NAD83, 4514.,1,NGVD29,16050303,gw,62611,,0,,wat,,1642461,0,1966-03-15,1966-03-15,1
USGS,385634119041501,108  N13 E26 33CC  1,GW,38.94269579,-119.071818,M,NAD83, 4514.,1,NGVD29,16050303,gw,72019,,0,,wat,,1642008,0,1966-03-15,1966-03-15,1
USGS,385637118463501,110A N12 E29 05BBBD1    HEARTFALLS WELL C,GW,38.9379722,-118.7724444,S,NAD83, 4139, 25,NGVD29,16050303,ad,,,0,,wat,,0,0,2005,2008,4
USGS,385637118463501,110A N12 E29 05BBBD1    HEARTFALLS WELL C,GW,38.9379722,-118.7724444,S,NAD83, 4139, 25,NGVD29,16050303,aw,,,0,,wat,,0,0,2004,2021,73
USGS,385637118463501,110A N12 E29 05BBBD1    HEARTFALLS WELL C,GW,38.9379722,-118.7724444,S,NAD83, 4139, 25,NGVD29,16050303,gw,62610,,0,,wat,,1642461,0,2004-11-16,2023-03-08,76
USGS,385637118463501,110A N12 E29 05BBBD1    HEARTFALLS WELL C,GW,38.9379722,-118.7724444,S,NAD83, 4139, 25,NGVD29,16050303,gw,62611,,0,,wat,,1642461,0,2004-11-16,2023-03-08,76
USGS,385637118463501,110A N12 E29 05BBBD1    HEARTFALLS WELL C,GW,38.9379722,-118.7724444,S,NAD83, 4139, 25,NGVD29,16050303,gw,72019,,0,,wat,,1642008,0,2004-11-16,2023-03-08,76
USGS,385637118463501,110A N12 E29 05BBBD1    HEARTFALLS WELL C,GW,38.9379722,-118.7724444,S,NAD83, 4139, 25,NGVD29,16050303,qw,,,0,,wat,ALL,0,0,1978-01-12,1978-01-12,1
USGS,385637118463501,110A N12 E29 05BBBD1    HEARTFALLS WELL C,GW,38.9379722,-118.7724444,S,NAD83, 4139, 25,NGVD29,16050303,qw,00010,,0,,wat,PHY,1645597,0,1978-01-12,1978-01-12,1
USGS,385637118463501,110A N12 E29 05BBBD1    HEARTFALLS WELL C,GW,38.9379722,-118.7724444,S,NAD83, 4139, 25,NGVD29,16050303,qw,00095,,0,,wat,PHY,1646694,0,1978-01-12,1978-01-12,1
USGS,385637118463501,110A N12 E29 05BBBD1    HEARTFALLS WELL C,GW,38.9379722,-118.7724444,S,NAD83, 4139, 25,NGVD29,16050303,qw,00191,,0,,wat,INN,1640572,0,1978-01-12,1978-01-12,1
USGS,385637118463501,110A N12 E29 05BBBD1    HEARTFALLS WELL C,GW,38.9379722,-118.7724444,S,NAD83, 4139, 25,NGVD29,16050303,qw,00400,,0,,wat,PHY,17028275,0,1978-01-12,1978-01-12,1
USGS,385637118463501,110A N12 E29 05BBBD1    HEARTFALLS WELL C,GW,38.9379722,-118.7724444,S,NAD83, 4139, 25,NGVD29,16050303,qw,00405,,0,,wat,INN,33548,0,1978-01-12,1978-01-12,1
USGS,385637118463501,110A N12 E29 05BBBD1    HEARTFALLS WELL C,GW,38.9379722,-118.7724444,S,NAD83, 4139, 25,NGVD29,16050303,qw,00410,,0,,wat,INN,1640192,0,1978-01-12,1978-01-12,1
USGS,385637118463501,110A N12 E29 05BBBD1    HEARTFALLS WELL C,GW,38.9379722,-118.7724444,S,NAD83, 4139, 25,NGVD29,16050303,qw,00440,,0,,wat,INN,4788,0,1978-01-12,1978-01-12,1
USGS,385637118463501,110A N12 E29 05BBBD1    HEARTFALLS WELL C,GW,38.9379722,-118.7724444,S,NAD83, 4139, 25,NGVD29,16050303,qw,00445,,0,,wat,INN,119396,0,1978-01-12,1978-01-12,1
USGS,385637118463501,110A N12 E29 05BBBD1    HEARTFALLS WELL C,GW,38.9379722,-118.7724444,S,NAD83, 4139, 25,NGVD29,16050303,qw,00900,,0,,wat,PHY,1640416,0,1978-01-12,1978-01-12,1
USGS,385637118463501,110A N12 E29 05BBBD1    HEARTFALLS WELL C,GW,38.9379722,-118.7724444,S,NAD83, 4139, 25,NGVD29,16050303,qw,00902,,0,,wat,PHY,1640432,0,1978-01-12,1978-01-12,1
USGS,385637118463501,110A N12 E29 05BBBD1    HEARTFALLS WELL C,GW,38.9379722,-118.7724444,S,NAD83, 4139, 25,NGVD29,16050303,qw,00915,,0,,wat,INM,150268,0,1978-01-12,1978-01-12,1
USGS,385637118463501,110A N12 E29 05BBBD1    HEARTFALLS WELL C,GW,38.9379722,-118.7724444,S,NAD83, 4139, 25,NGVD29,16050303,qw,00925,,0,,wat,INM,149617,0,1978-01-12,1978-01-12,1
USGS,385637118463501,110A N12 E29 05BBBD1    HEARTFALLS WELL C,GW,38.9379722,-118.7724444,S,NAD83, 4139, 25,NGVD29,16050303,qw,00930,,0,,wat,INM,149856,0,1978-01-12,1978-01-12,1
USGS,385637118463501,110A N12 E29 05BBBD1    HEARTFALLS WELL C,GW,38.9379722,-118.7724444,S,NAD83, 4139, 25,NGVD29,16050303,qw,00931,,0,,wat,INM,1640523,0,1978-01-12,1978-01-12,1
USGS,385637118463501,110A N12 E29 05BBBD1    HEARTFALLS WELL C,GW,38.9379722,-118.7724444,S,NAD83, 4139, 25,NGVD29,16050303,qw,00932,,0,,wat,INM,1646660,0,1978-01-12,1978-01-12,1
USGS,385637118463501,110A N12 E29 05BBBD1    HEARTFALLS WELL C,GW,38.9379722,-118.7724444,S,NAD83, 4139, 25,NGVD29,16050303,qw,00935,,0,,wat,INM,149740,0,1978-01-12,1978-01-12,1
USGS,385637118463501,110A N12 E29 05BBBD1    HEARTFALLS WELL C,GW,38.9379722,-118.7724444,S,NAD83, 4139, 25,NGVD29,16050303,qw,00940,,0,,wat,INN,205955,0,1978-01-12,1978-01-12,1
USGS,385637118463501,110A N12 E29 05BBBD1    HEARTFALLS WELL C,GW,38.9379722,-118.7724444,S,NAD83, 4139, 25,NGVD29,16050303,qw,00945,,0,,wat,INN,197301,0,1978-01-12,1978-01-12,1
USGS,385637118463501,110A N12 E29 05BBBD1    HEARTFALLS WELL C,GW,38.9379722,-118.7724444,S,NAD83, 4139, 25,NGVD29,16050303,qw,00950,,0,,wat,INN,206706,0,1978-01-12,1978-01-12,1
USGS,385637118463501,110A N12 E29 05BBBD1    HEARTFALLS WELL C,GW,38.9379722,-118.7724444,S,NAD83, 4139, 25,NGVD29,16050303,qw,00955,,0,,wat,INN,151977,0,1978-01-12,1978-01-12,1
USGS,385637118463501,110A N12 E29 05BBBD1    HEARTFALLS WELL C,GW,38.9379722,-118.7724444,S,NAD83, 4139, 25,NGVD29,16050303,qw,01020,,0,,wat,IMN,150011,0,1978-01-12,1978-01-12,1
USGS,385637118463501,110A N12 E29 05BBBD1    HEARTFALLS WELL C,GW,38.9379722,-118.7724444,S,NAD83, 4139, 25,NGVD29,16050303,qw,01046,,0,,wat,IMM,149559,0,1978-01-12,1978-01-12,1
USGS,385637118463501,110A N12 E29 05BBBD1    HEARTFALLS WELL C,GW,38.9379722,-118.7724444,S,NAD83, 4139, 25,NGVD29,16050303,qw,70301,,0,,wat,PHY,1642222,0,1978-01-12,1978-01-12,1
USGS,385637118463501,110A N12 E29 05BBBD1    HEARTFALLS WELL C,GW,38.9379722,-118.7724444,S,NAD83, 4139, 25,NGVD29,16050303,qw,70303,,0,,wat,PHY,1642222,0,1978-01-12,1978-01-12,1
USGS,385638119081201,108  N12 E25 35DB  1,GW,38.85769378,-119.1515417,M,NAD83, 4415.,1,NGVD29,16050303,gw,62610,,0,,wat,,1642461,0,1966-03-15,1966-03-15,1
USGS,385638119081201,108  N12 E25 35DB  1,GW,38.85769378,-119.1515417,M,NAD83, 4415.,1,NGVD29,16050303,gw,62611,,0,,wat,,1642461,0,1966-03-15,1966-03-15,1
USGS,385638119081201,108  N12 E25 35DB  1,GW,38.85769378,-119.1515417,M,NAD83, 4415.,1,NGVD29,16050303,gw,72019,,0,,wat,,1642008,0,1966-03-15,1966-03-15,1
USGS,385638119093801,108  N13 E25 34CA  1,GW,38.94380588,-119.161542,M,NAD83, 4406.,  1,NGVD29,16050303,gw,62610,,0,,wat,,1642461,0,1966-03-16,1966-03-16,1
USGS,385638119093801,108  N13 E25 34CA  1,GW,38.94380588,-119.161542,M,NAD83, 4406.,  1,NGVD29,16050303,gw,62611,,0,,wat,,1642461,0,1966-03-16,1966-03-16,1
USGS,385638119093801,108  N13 E25 34CA  1,GW,38.94380588,-119.161542,M,NAD83, 4406.,  1,NGVD29,16050303,gw,72019,,0,,wat,,1642008,0,1966-03-16,1966-03-16,1
USGS,385638119101901,108  N13 E25 33DB  1,GW,38.94380575,-119.1729312,M,NAD83, 4420.,1,NGVD29,16050303,gw,62610,,0,,wat,,1642461,0,1966-03-15,1966-03-15,1
USGS,385638119101901,108  N13 E25 33DB  1,GW,38.94380575,-119.1729312,M,NAD83, 4420.,1,NGVD29,16050303,gw,62611,,0,,wat,,1642461,0,1966-03-15,1966-03-15,1
USGS,385638119101901,108  N13 E25 33DB  1,GW,38.94380575,-119.1729312,M,NAD83, 4420.,1,NGVD29,16050303,gw,72019,,0,,wat,,1642008,0,1966-03-15,1966-03-15,1
USGS,385651119031301,108  N13 E26 34BCCD1,GW,38.9471111,-119.0686944,1,NAD83, 4573, 15,NGVD29,16050303,ad,,,0,,wat,,0,0,2005,2007,3
USGS,385651119031301,108  N13 E26 34BCCD1,GW,38.9471111,-119.0686944,1,NAD83, 4573, 15,NGVD29,16050303,aw,,,0,,wat,,0,0,1966,2020,28
USGS,385651119031301,108  N13 E26 34BCCD1,GW,38.9471111,-119.0686944,1,NAD83, 4573, 15,NGVD29,16050303,gw,62610,,0,,wat,,1642461,0,1966-03-15,2023-03-14,31
USGS,385651119031301,108  N13 E26 34BCCD1,GW,38.9471111,-119.0686944,1,NAD83, 4573, 15,NGVD29,16050303,gw,62611,,0,,wat,,1642461,0,1966-03-15,2023-03-14,31
USGS,385651119031301,108  N13 E26 34BCCD1,GW,38.9471111,-119.0686944,1,NAD83, 4573, 15,NGVD29,16050303,gw,72019,,0,,wat,,1642008,0,1966-03-15,2023-03-14,31
USGS,385655119103501,108  N13 E25 33BD  1,GW,38.94852798,-119.1773757,M,NAD83, 4475.,1,NGVD29,16050303,gw,62610,,0,,wat,,1642461,0,1960-03-05,1960-03-05,1
USGS,385655119103501,108  N13 E25 33BD  1,GW,38.94852798,-119.1773757,M,NAD83, 4475.,1,NGVD29,16050303,gw,62611,,0,,wat,,1642461,0,1960-03-05,1960-03-05,1
USGS,385655119103501,108  N13 E25 33BD  1,GW,38.94852798,-119.1773757,M,NAD83, 4475.,1,NGVD29,16050303,gw,72019,,0,,wat,,1642008,0,1960-03-05,1960-03-05,1
USGS,385703119090401,108  N13 E25 34AA  1,GW,38.9507505,-119.1520974,M,NAD83, 4405.,1,NGVD29,16050303,gw,62610,,0,,wat,,1642461,0,1966-03-16,1966-03-16,1
USGS,385703119090401,108  N13 E25 34AA  1,GW,38.9507505,-119.1520974,M,NAD83, 4405.,1,NGVD29,16050303,gw,62611,,0,,wat,,1642461,0,1966-03-16,1966-03-16,1
USGS,385703119090401,108  N13 E25 34AA  1,GW,38.9507505,-119.1520974,M,NAD83, 4405.,1,NGVD29,16050303,gw,72019,,0,,wat,,1642008,0,1966-03-16,1966-03-16,1
USGS,385716119101301,108  N13 E25 27DCCD1,GW,38.95436146,-119.1712645,F,NAD83, 4410., 20,NGVD29,16050303,gw,62610,,0,,wat,,1642461,0,1977-06-24,1996-03-18,2
USGS,385716119101301,108  N13 E25 27DCCD1,GW,38.95436146,-119.1712645,F,NAD83, 4410., 20,NGVD29,16050303,gw,62611,,0,,wat,,1642461,0,1977-06-24,1996-03-18,2
USGS,385716119101301,108  N13 E25 27DCCD1,GW,38.95436146,-119.1712645,F,NAD83, 4410., 20,NGVD29,16050303,gw,72019,,0,,wat,,1642008,0,1977-06-24,1996-03-18,2
USGS,385717119080901,108  N13 E25 25CDDA2,GW,38.9546396,-119.1368194,F,NAD83, 4419, 15,NGVD29,16050303,ad,,,0,,wat,,0,0,2005,2007,3
USGS,385717119080901,108  N13 E25 25CDDA2,GW,38.9546396,-119.1368194,F,NAD83, 4419, 15,NGVD29,16050303,gw,62610,,0,,wat,,1642461,0,1988-10-30,2010-11-24,21
USGS,385717119080901,108  N13 E25 25CDDA2,GW,38.9546396,-119.1368194,F,NAD83, 4419, 15,NGVD29,16050303,gw,62611,,0,,wat,,1642461,0,1988-10-30,2010-11-24,21
USGS,385717119080901,108  N13 E25 25CDDA2,GW,38.9546396,-119.1368194,F,NAD83, 4419, 15,NGVD29,16050303,gw,72019,,0,,wat,,1642008,0,1988-10-30,2010-11-24,21
USGS,385718119101301,108  N13 E25 27DCCD2,GW,38.954917,-119.1712645,F,NAD83, 4409, 25,NGVD29,16050303,ad,,,0,,wat,,0,0,2005,2012,4
USGS,385718119101301,108  N13 E25 27DCCD2,GW,38.954917,-119.1712645,F,NAD83, 4409, 25,NGVD29,16050303,gw,62610,,0,,wat,,1642461,0,1990-05-20,2010-11-23,17
USGS,385718119101301,108  N13 E25 27DCCD2,GW,38.954917,-119.1712645,F,NAD83, 4409, 25,NGVD29,16050303,gw,62611,,0,,wat,,1642461,0,1990-05-20,2010-11-23,17
USGS,385718119101301,108  N13 E25 27DCCD2,GW,38.954917,-119.1712645,F,NAD83, 4409, 25,NGVD29,16050303,gw,72019,,0,,wat,,1642008,0,1990-05-20,2010-11-23,17
USGS,385718119101301,108  N13 E25 27DCCD2,GW,38.954917,-119.1712645,F,NAD83, 4409, 25,NGVD29,16050303,qw,,,0,,wat,ALL,0,0,2011-11-16,2011-11-16,1
USGS,385718119101301,108  N13 E25 27DCCD2,GW,38.954917,-119.1712645,F,NAD83, 4409, 25,NGVD29,16050303,qw,00010,,0,,wat,PHY,1645597,0,2011-11-16,2011-11-16,1
USGS,385718119101301,108  N13 E25 27DCCD2,GW,38.954917,-119.1712645,F,NAD83, 4409, 25,NGVD29,16050303,qw,00095,,0,,wat,PHY,1646694,0,2011-11-16,2011-11-16,1
USGS,385718119101301,108  N13 E25 27DCCD2,GW,38.954917,-119.1712645,F,NAD83, 4409, 25,NGVD29,16050303,qw,50280,,0,,wat,INF,0,0,2011-11-16,2011-11-16,1
USGS,385720118485601,110A N13 E28 35A   1    Walker River Reservation,GW,38.9554757,-118.8079226,M,NAD83, 4120., 20,NGVD29,16050303,gw,62610,,0,,wat,,1642461,0,1950-08-08,1950-08-08,1
USGS,385720118485601,110A N13 E28 35A   1    Walker River Reservation,GW,38.9554757,-118.8079226,M,NAD83, 4120., 20,NGVD29,16050303,gw,62611,,0,,wat,,1642461,0,1950-08-08,1950-08-08,1
USGS,385720118485601,110A N13 E28 35A   1    Walker River Reservation,GW,38.9554757,-118.8079226,M,NAD83, 4120., 20,NGVD29,16050303,gw,72019,,0,,wat,,1642008,0,1950-08-08,1950-08-08,1
USGS,385720119085001,108  N13 E25 26DDCC1,GW,38.95547285,-119.1482085,S,NAD83, 4409, 15,NGVD29,16050303,ad,,,0,,wat,,0,0,2005,2007,3
USGS,385720119085001,108  N13 E25 26DDCC1,GW,38.95547285,-119.1482085,S,NAD83, 4409, 15,NGVD29,16050303,gw,62610,,0,,wat,,1642461,0,1981-03-23,2010-11-24,30
USGS,385720119085001,108  N13 E25 26DDCC1,GW,38.95547285,-119.1482085,S,NAD83, 4409, 15,NGVD29,16050303,gw,62611,,0,,wat,,1642461,0,1981-03-23,2010-11-24,30
USGS,385720119085001,108  N13 E25 26DDCC1,GW,38.95547285,-119.1482085,S,NAD83, 4409, 15,NGVD29,16050303,gw,72019,,0,,wat,,1642008,0,1981-03-23,2010-11-24,30
USGS,385722119080701,108  N13 E25 25CDDA1,GW,38.95602855,-119.1362638,S,NAD83, 4425., 20,NGVD29,16050303,gw,62610,,0,,wat,,1642461,0,1965-11-01,2002-02-26,18
USGS,385722119080701,108  N13 E25 25CDDA1,GW,38.95602855,-119.1362638,S,NAD83, 4425., 20,NGVD29,16050303,gw,62611,,0,,wat,,1642461,0,1965-11-01,2002-02-26,18
USGS,385722119080701,108  N13 E25 25CDDA1,GW,38.95602855,-119.1362638,S,NAD83, 4425., 20,NGVD29,16050303,gw,72019,,0,,wat,,1642008,0,1965-11-01,2002-02-26,18
USGS,385726119100601,108  N13 E25 28DD  1,GW,38.9571393,-119.16932,M,NAD83, 4400.,1,NGVD29,16050303,gw,62610,,0,,wat,,1642461,0,1966-03-15,1966-03-15,1
USGS,385726119100601,108  N13 E25 28DD  1,GW,38.9571393,-119.16932,M,NAD83, 4400.,1,NGVD29,16050303,gw,62611,,0,,wat,,1642461,0,1966-03-15,1966-03-15,1
USGS,385726119100601,108  N13 E25 28DD  1,GW,38.9571393,-119.16932,M,NAD83, 4400.,1,NGVD29,16050303,gw,72019,,0,,wat,,1642008,0,1966-03-15,1966-03-15,1
USGS,385728118482901,110A N13 E28 36B   1    Southern Pacific Railroad,GW,38.957698,-118.8012558,M,NAD83, 4120., 20,NGVD29,16050303,gw,62610,,0,,wat,,1642461,0,1950-08-08,1950-08-08,1
USGS,385728118482901,110A N13 E28 36B   1    Southern Pacific Railroad,GW,38.957698,-118.8012558,M,NAD83, 4120., 20,NGVD29,16050303,gw,62611,,0,,wat,,1642461,0,1950-08-08,1950-08-08,1
USGS,385728118482901,110A N13 E28 36B   1    Southern Pacific Railroad,GW,38.957698,-118.8012558,M,NAD83, 4120., 20,NGVD29,16050303,gw,72019,,0,,wat,,1642008,0,1950-08-08,1950-08-08,1
USGS,385730119083501,108  N13 E25 26CB  1,GW,38.9582507,-119.1440417,M,NAD83, 4403.,1,NGVD29,16050303,gw,62610,,0,,wat,,1642461,0,1966-03-16,1966-03-16,1
USGS,385730119083501,108  N13 E25 26CB  1,GW,38.9582507,-119.1440417,M,NAD83, 4403.,1,NGVD29,16050303,gw,62611,,0,,wat,,1642461,0,1966-03-16,1966-03-16,1
USGS,385730119083501,108  N13 E25 26CB  1,GW,38.9582507,-119.1440417,M,NAD83, 4403.,1,NGVD29,16050303,gw,72019,,0,,wat,,1642008,0,1966-03-16,1966-03-16,1
USGS,385730119091701,108  N13 E25 27DB  1,GW,38.95825058,-119.1557086,M,NAD83, 4400.,1,NGVD29,16050303,gw,62610,,0,,wat,,1642461,0,1966-03-16,1966-03-16,1
USGS,385730119091701,108  N13 E25 27DB  1,GW,38.95825058,-119.1557086,M,NAD83, 4400.,1,NGVD29,16050303,gw,62611,,0,,wat,,1642461,0,1966-03-16,1966-03-16,1
USGS,385730119091701,108  N13 E25 27DB  1,GW,38.95825058,-119.1557086,M,NAD83, 4400.,1,NGVD29,16050303,gw,72019,,0,,wat,,1642008,0,1966-03-16,1966-03-16,1
USGS,385737118504301,110A N13 E28 27C   1,GW,38.9601978,-118.8379235,M,NAD83, 4135., 20,NGVD29,16050303,gw,62610,,0,,wat,,1642461,0,1966-03-18,1966-03-18,1
USGS,385737118504301,110A N13 E28 27C   1,GW,38.9601978,-118.8379235,M,NAD83, 4135., 20,NGVD29,16050303,gw,62611,,0,,wat,,1642461,0,1966-03-18,1966-03-18,1
USGS,385737118504301,110A N13 E28 27C   1,GW,38.9601978,-118.8379235,M,NAD83, 4135., 20,NGVD29,16050303,gw,72019,,0,,wat,,1642008,0,1966-03-18,1966-03-18,1
USGS,385751119072301,108  N13 E25 25BA  1    Lyon County,GW,38.96408435,-119.1240414,M,NAD83, 4410.,1,NGVD29,16050303,gw,62610,,0,,wat,,1642461,0,1966-03-16,1966-03-16,1
USGS,385751119072301,108  N13 E25 25BA  1    Lyon County,GW,38.96408435,-119.1240414,M,NAD83, 4410.,1,NGVD29,16050303,gw,62611,,0,,wat,,1642461,0,1966-03-16,1966-03-16,1
USGS,385751119072301,108  N13 E25 25BA  1    Lyon County,GW,38.96408435,-119.1240414,M,NAD83, 4410.,1,NGVD29,16050303,gw,72019,,0,,wat,,1642008,0,1966-03-16,1966-03-16,1
USGS,385755118412701,110A N13 E29 25BADC2    DOUBLE SPRINGS WELL,GW,38.9648611,-118.6915,1,NAD83, 4064, 15,NGVD29,16050303,ad,,,0,,wat,,0,0,2005,2008,4
USGS,385755118412701,110A N13 E29 25BADC2    DOUBLE SPRINGS WELL,GW,38.9648611,-118.6915,1,NAD83, 4064, 15,NGVD29,16050303,gw,62610,,0,,wat,,1642461,0,1966-02-17,2008-04-29,8
USGS,385755118412701,110A N13 E29 25BADC2    DOUBLE SPRINGS WELL,GW,38.9648611,-118.6915,1,NAD83, 4064, 15,NGVD29,16050303,gw,62611,,0,,wat,,1642461,0,1966-02-17,2008-04-29,8
USGS,385755118412701,110A N13 E29 25BADC2    DOUBLE SPRINGS WELL,GW,38.9648611,-118.6915,1,NAD83, 4064, 15,NGVD29,16050303,gw,72019,,0,,wat,,1642008,0,1966-02-17,2008-04-29,8
USGS,385755118412701,110A N13 E29 25BADC2    DOUBLE SPRINGS WELL,GW,38.9648611,-118.6915,1,NAD83, 4064, 15,NGVD29,16050303,qw,,,0,,wat,ALL,0,0,1978-02-06,2006-08-11,2
USGS,385755118412701,110A N13 E29 25BADC2    DOUBLE SPRINGS WELL,GW,38.9648611,-118.6915,1,NAD83, 4064, 15,NGVD29,16050303,qw,00010,,0,,wat,PHY,1645597,0,1978-02-06,2006-08-11,2
USGS,385755118412701,110A N13 E29 25BADC2    DOUBLE SPRINGS WELL,GW,38.9648611,-118.6915,1,NAD83, 4064, 15,NGVD29,16050303,qw,00020,,0,,wat,PHY,1645712,0,2006-08-11,2006-08-11,1
USGS,385755118412701,110A N13 E29 25BADC2    DOUBLE SPRINGS WELL,GW,38.9648611,-118.6915,1,NAD83, 4064, 15,NGVD29,16050303,qw,00028,,0,,wat,INF,0,0,2006-08-11,2006-08-11,1
USGS,385755118412701,110A N13 E29 25BADC2    DOUBLE SPRINGS WELL,GW,38.9648611,-118.6915,1,NAD83, 4064, 15,NGVD29,16050303,qw,00095,,0,,wat,PHY,1646694,0,2006-08-11,2006-08-11,1
USGS,385755118412701,110A N13 E29 25BADC2    DOUBLE SPRINGS WELL,GW,38.9648611,-118.6915,1,NAD83, 4064, 15,NGVD29,16050303,qw,00191,,0,,wat,INN,1640572,0,2006-08-11,2006-08-11,1
USGS,385755118412701,110A N13 E29 25BADC2    DOUBLE SPRINGS WELL,GW,38.9648611,-118.6915,1,NAD83, 4064, 15,NGVD29,16050303,qw,00400,,0,,wat,PHY,17028275,0,2006-08-11,2006-08-11,1
USGS,385755118412701,110A N13 E29 25BADC2    DOUBLE SPRINGS WELL,GW,38.9648611,-118.6915,1,NAD83, 4064, 15,NGVD29,16050303,qw,00403,,0,,wat,PHY,1644335,0,2006-08-11,2006-08-11,1
USGS,385755118412701,110A N13 E29 25BADC2    DOUBLE SPRINGS WELL,GW,38.9648611,-118.6915,1,NAD83, 4064, 15,NGVD29,16050303,qw,00405,,0,,wat,INN,33548,0,2006-08-11,2006-08-11,1
USGS,385755118412701,110A N13 E29 25BADC2    DOUBLE SPRINGS WELL,GW,38.9648611,-118.6915,1,NAD83, 4064, 15,NGVD29,16050303,qw,00410,,0,,wat,INN,1640192,0,1978-02-06,1978-02-06,1
USGS,385755118412701,110A N13 E29 25BADC2    DOUBLE SPRINGS WELL,GW,38.9648611,-118.6915,1,NAD83, 4064, 15,NGVD29,16050303,qw,00440,,0,,wat,INN,4788,0,1978-02-06,1978-02-06,1
USGS,385755118412701,110A N13 E29 25BADC2    DOUBLE SPRINGS WELL,GW,38.9648611,-118.6915,1,NAD83, 4064, 15,NGVD29,16050303,qw,00452,,0,,wat,INN,119396,0,2006-08-11,2006-08-11,1
USGS,385755118412701,110A N13 E29 25BADC2    DOUBLE SPRINGS WELL,GW,38.9648611,-118.6915,1,NAD83, 4064, 15,NGVD29,16050303,qw,00900,,0,,wat,PHY,1640416,0,1978-02-06,2006-08-11,2
USGS,385755118412701,110A N13 E29 25BADC2    DOUBLE SPRINGS WELL,GW,38.9648611,-118.6915,1,NAD83, 4064, 15,NGVD29,16050303,qw,00902,,0,,wat,PHY,1640432,0,1978-02-06,1978-02-06,1
USGS,385755118412701,110A N13 E29 25BADC2    DOUBLE SPRINGS WELL,GW,38.9648611,-118.6915,1,NAD83, 4064, 15,NGVD29,16050303,qw,00915,,0,,wat,INM,150268,0,1978-02-06,2006-08-11,2
USGS,385755118412701,110A N13 E29 25BADC2    DOUBLE SPRINGS WELL,GW,38.9648611,-118.6915,1,NAD83, 4064, 15,NGVD29,16050303,qw,00925,,0,,wat,INM,149617,0,1978-02-06,2006-08-11,2
USGS,385755118412701,110A N13 E29 25BADC2    DOUBLE SPRINGS WELL,GW,38.9648611,-118.6915,1,NAD83, 4064, 15,NGVD29,16050303,qw,00930,,0,,wat,INM,149856,0,1978-02-06,2006-08-11,2
USGS,385755118412701,110A N13 E29 25BADC2    DOUBLE SPRINGS WELL,GW,38.9648611,-118.6915,1,NAD83, 4064, 15,NGVD29,16050303,qw,00931,,0,,wat,INM,1640523,0,1978-02-06,2006-08-11,2
USGS,385755118412701,110A N13 E29 25BADC2    DOUBLE SPRINGS WELL,GW,38.9648611,-118.6915,1,NAD83, 4064, 15,NGVD29,16050303,qw,00932,,0,,wat,INM,1646660,0,1978-02-06,2006-08-11,2
USGS,385755118412701,110A N13 E29 25BADC2    DOUBLE SPRINGS WELL,GW,38.9648611,-118.6915,1,NAD83, 4064, 15,NGVD29,16050303,qw,00935,,0,,wat,INM,149740,0,1978-02-06,2006-08-11,2
USGS,385755118412701,110A N13 E29 25BADC2    DOUBLE SPRINGS WELL,GW,38.9648611,-118.6915,1,NAD83, 4064, 15,NGVD29,16050303,qw,00940,,0,,wat,INN,205955,0,1978-02-06,2006-08-11,2
USGS,385755118412701,110A N13 E29 25BADC2    DOUBLE SPRINGS WELL,GW,38.9648611,-118.6915,1,NAD83, 4064, 15,NGVD29,16050303,qw,00945,,0,,wat,INN,197301,0,1978-02-06,2006-08-11,2
USGS,385755118412701,110A N13 E29 25BADC2    DOUBLE SPRINGS WELL,GW,38.9648611,-118.6915,1,NAD83, 4064, 15,NGVD29,16050303,qw,00950,,0,,wat,INN,206706,0,1978-02-06,2006-08-11,2
USGS,385755118412701,110A N13 E29 25BADC2    DOUBLE SPRINGS WELL,GW,38.9648611,-118.6915,1,NAD83, 4064, 15,NGVD29,16050303,qw,00955,,0,,wat,INN,151977,0,1978-02-06,2006-08-11,2
USGS,385755118412701,110A N13 E29 25BADC2    DOUBLE SPRINGS WELL,GW,38.9648611,-118.6915,1,NAD83, 4064, 15,NGVD29,16050303,qw,01020,,0,,wat,IMN,150011,0,1978-02-06,2006-08-11,2
USGS,385755118412701,110A N13 E29 25BADC2    DOUBLE SPRINGS WELL,GW,38.9648611,-118.6915,1,NAD83, 4064, 15,NGVD29,16050303,qw,01046,,0,,wat,IMM,149559,0,1978-02-06,2006-08-11,2
USGS,385755118412701,110A N13 E29 25BADC2    DOUBLE SPRINGS WELL,GW,38.9648611,-118.6915,1,NAD83, 4064, 15,NGVD29,16050303,qw,01056,,0,,wat,IMM,149625,0,2006-08-11,2006-08-11,1
USGS,385755118412701,110A N13 E29 25BADC2    DOUBLE SPRINGS WELL,GW,38.9648611,-118.6915,1,NAD83, 4064, 15,NGVD29,16050303,qw,01080,,0,,wat,IMM,149864,0,2006-08-11,2006-08-11,1
USGS,385755118412701,110A N13 E29 25BADC2    DOUBLE SPRINGS WELL,GW,38.9648611,-118.6915,1,NAD83, 4064, 15,NGVD29,16050303,qw,22603,,0,,wat,RAD,150185,0,2006-08-11,2006-08-11,1
USGS,385755118412701,110A N13 E29 25BADC2    DOUBLE SPRINGS WELL,GW,38.9648611,-118.6915,1,NAD83, 4064, 15,NGVD29,16050303,qw,22610,,0,,wat,RAD,192708,0,2006-08-11,2006-08-11,1
USGS,385755118412701,110A N13 E29 25BADC2    DOUBLE SPRINGS WELL,GW,38.9648611,-118.6915,1,NAD83, 4064, 15,NGVD29,16050303,qw,22620,,0,,wat,RAD,198606,0,2006-08-11,2006-08-11,1
USGS,385755118412701,110A N13 E29 25BADC2    DOUBLE SPRINGS WELL,GW,38.9648611,-118.6915,1,NAD83, 4064, 15,NGVD29,16050303,qw,39086,,0,,wat,INN,1640192,0,2006-08-11,2006-08-11,1
USGS,385755118412701,110A N13 E29 25BADC2    DOUBLE SPRINGS WELL,GW,38.9648611,-118.6915,1,NAD83, 4064, 15,NGVD29,16050303,qw,49932,,0,,wat,ISO,967356,0,2006-08-11,2006-08-11,1
USGS,385755118412701,110A N13 E29 25BADC2    DOUBLE SPRINGS WELL,GW,38.9648611,-118.6915,1,NAD83, 4064, 15,NGVD29,16050303,qw,62648,,0,,wat,ISO,0,0,2006-08-11,2006-08-11,1
USGS,385755118412701,110A N13 E29 25BADC2    DOUBLE SPRINGS WELL,GW,38.9648611,-118.6915,1,NAD83, 4064, 15,NGVD29,16050303,qw,70300,,0,,wat,PHY,1642222,0,2006-08-11,2006-08-11,1
USGS,385755118412701,110A N13 E29 25BADC2    DOUBLE SPRINGS WELL,GW,38.9648611,-118.6915,1,NAD83, 4064, 15,NGVD29,16050303,qw,70301,,0,,wat,PHY,1642222,0,1978-02-06,2006-08-11,2
USGS,385755118412701,110A N13 E29 25BADC2    DOUBLE SPRINGS WELL,GW,38.9648611,-118.6915,1,NAD83, 4064, 15,NGVD29,16050303,qw,70303,,0,,wat,PHY,1642222,0,1978-02-06,2006-08-11,2
USGS,385755118412701,110A N13 E29 25BADC2    DOUBLE SPRINGS WELL,GW,38.9648611,-118.6915,1,NAD83, 4064, 15,NGVD29,16050303,qw,71870,,0,,wat,INN,227538,0,2006-08-11,2006-08-11,1
USGS,385755118412701,110A N13 E29 25BADC2    DOUBLE SPRINGS WELL,GW,38.9648611,-118.6915,1,NAD83, 4064, 15,NGVD29,16050303,qw,75978,,0,,wat,ISO,17148297,0,2006-08-11,2006-08-11,1
USGS,385755118412701,110A N13 E29 25BADC2    DOUBLE SPRINGS WELL,GW,38.9648611,-118.6915,1,NAD83, 4064, 15,NGVD29,16050303,qw,82082,,0,,wat,ISO,1642107,0,2006-08-11,2006-08-11,1
USGS,385755118412701,110A N13 E29 25BADC2    DOUBLE SPRINGS WELL,GW,38.9648611,-118.6915,1,NAD83, 4064, 15,NGVD29,16050303,qw,82085,,0,,wat,ISO,967034,0,2006-08-11,2006-08-11,1
USGS,385755118412701,110A N13 E29 25BADC2    DOUBLE SPRINGS WELL,GW,38.9648611,-118.6915,1,NAD83, 4064, 15,NGVD29,16050303,qw,84164,,0,,wat,INF,0,0,2006-08-11,2006-08-11,1
USGS,385755118412701,110A N13 E29 25BADC2    DOUBLE SPRINGS WELL,GW,38.9648611,-118.6915,1,NAD83, 4064, 15,NGVD29,16050303,qw,90095,,0,,wat,PHY,1646694,0,2006-08-11,2006-08-11,1
USGS,385756118485001,110A N13 E28 26AACA1    WRPT WELL A SUNSET,GW,38.9655833,-118.81375,1,NAD83, 4167,  1,NGVD29,16050303,ad,,,0,,wat,,0,0,2005,2007,2
USGS,385756118485001,110A N13 E28 26AACA1    WRPT WELL A SUNSET,GW,38.9655833,-118.81375,1,NAD83, 4167,  1,NGVD29,16050303,aw,,,0,,wat,,0,0,1977,2021,28
USGS,385756118485001,110A N13 E28 26AACA1    WRPT WELL A SUNSET,GW,38.9655833,-118.81375,1,NAD83, 4167,  1,NGVD29,16050303,gw,62610,,0,,wat,,1642461,0,1977-08-15,2023-03-08,32
USGS,385756118485001,110A N13 E28 26AACA1    WRPT WELL A SUNSET,GW,38.9655833,-118.81375,1,NAD83, 4167,  1,NGVD29,16050303,gw,62611,,0,,wat,,1642461,0,1977-08-15,2023-03-08,32
USGS,385756118485001,110A N13 E28 26AACA1    WRPT WELL A SUNSET,GW,38.9655833,-118.81375,1,NAD83, 4167,  1,NGVD29,16050303,gw,72019,,0,,wat,,1642008,0,1977-08-15,2023-03-08,32
USGS,385759119101001,108  N13 E25 27ABDB1    GOLF,GW,38.9663611,-119.1694444,1,NAD83, 4402, 25,NGVD29,16050303,ad,,,0,,wat,,0,0,2005,2007,3
USGS,385759119101001,108  N13 E25 27ABDB1    GOLF,GW,38.9663611,-119.1694444,1,NAD83, 4402, 25,NGVD29,16050303,gw,62610,,0,,wat,,1642461,0,1971-04-20,2014-03-06,16
USGS,385759119101001,108  N13 E25 27ABDB1    GOLF,GW,38.9663611,-119.1694444,1,NAD83, 4402, 25,NGVD29,16050303,gw,62611,,0,,wat,,1642461,0,1971-04-20,2014-03-06,16
USGS,385759119101001,108  N13 E25 27ABDB1    GOLF,GW,38.9663611,-119.1694444,1,NAD83, 4402, 25,NGVD29,16050303,gw,72019,,0,,wat,,1642008,0,1971-04-20,2014-03-06,16
USGS,385805119093001,108  N13 E25 22CD  1,GW,38.96797288,-119.1593198,M,NAD83, 4390.,1,NGVD29,16050303,gw,62610,,0,,wat,,1642461,0,1966-03-16,1966-03-16,1
USGS,385805119093001,108  N13 E25 22CD  1,GW,38.96797288,-119.1593198,M,NAD83, 4390.,1,NGVD29,16050303,gw,62611,,0,,wat,,1642461,0,1966-03-16,1966-03-16,1
USGS,385805119093001,108  N13 E25 22CD  1,GW,38.96797288,-119.1593198,M,NAD83, 4390.,1,NGVD29,16050303,gw,72019,,0,,wat,,1642008,0,1966-03-16,1966-03-16,1
USGS,385809119084401,108  N13 E25 23DDDC1,GW,38.96908415,-119.1465418,S,NAD83, 4397, 15,NGVD29,16050303,ad,,,0,,wat,,0,0,2005,2007,3
USGS,385809119084401,108  N13 E25 23DDDC1,GW,38.96908415,-119.1465418,S,NAD83, 4397, 15,NGVD29,16050303,gw,62610,,0,,wat,,1642461,0,1963-03-23,2007-02-14,34
USGS,385809119084401,108  N13 E25 23DDDC1,GW,38.96908415,-119.1465418,S,NAD83, 4397, 15,NGVD29,16050303,gw,62611,,0,,wat,,1642461,0,1963-03-23,2007-02-14,34
USGS,385809119084401,108  N13 E25 23DDDC1,GW,38.96908415,-119.1465418,S,NAD83, 4397, 15,NGVD29,16050303,gw,72019,,0,,wat,,1642008,0,1963-03-23,2007-02-14,34
USGS,385818119100901,108  N13 E25 21DA  1,GW,38.9715839,-119.1701533,M,NAD83, 4400.,1,NGVD29,16050303,gw,62610,,0,,wat,,1642461,0,1965-04-08,1965-04-08,1
USGS,385818119100901,108  N13 E25 21DA  1,GW,38.9715839,-119.1701533,M,NAD83, 4400.,1,NGVD29,16050303,gw,62611,,0,,wat,,1642461,0,1965-04-08,1965-04-08,1
USGS,385818119100901,108  N13 E25 21DA  1,GW,38.9715839,-119.1701533,M,NAD83, 4400.,1,NGVD29,16050303,gw,72019,,0,,wat,,1642008,0,1965-04-08,1965-04-08,1
USGS,385830119104001,108  N13 E25 21BD  1    Anaconda Co,GW,38.9749172,-119.1787646,M,NAD83, 4500.,1,NGVD29,16050303,gw,62610,,0,,wat,,1642461,0,1952-04-29,1952-04-29,1
USGS,385830119104001,108  N13 E25 21BD  1    Anaconda Co,GW,38.9749172,-119.1787646,M,NAD83, 4500.,1,NGVD29,16050303,gw,62611,,0,,wat,,1642461,0,1952-04-29,1952-04-29,1
USGS,385830119104001,108  N13 E25 21BD  1    Anaconda Co,GW,38.9749172,-119.1787646,M,NAD83, 4500.,1,NGVD29,16050303,gw,72019,,0,,wat,,1642008,0,1952-04-29,1952-04-29,1
USGS,385834118504801,110A N13 E28 22C   1    Walker River Reservation,GW,38.97603127,-118.8401459,M,NAD83, 4163.00,1,NGVD29,16050303,gw,62610,,0,,wat,,1642461,0,1954-08-18,1954-08-18,1
USGS,385834118504801,110A N13 E28 22C   1    Walker River Reservation,GW,38.97603127,-118.8401459,M,NAD83, 4163.00,1,NGVD29,16050303,gw,62611,,0,,wat,,1642461,0,1954-08-18,1954-08-18,1
USGS,385834118504801,110A N13 E28 22C   1    Walker River Reservation,GW,38.97603127,-118.8401459,M,NAD83, 4163.00,1,NGVD29,16050303,gw,72019,,0,,wat,,1642008,0,1954-08-18,1954-08-18,1
USGS,385834119101401,108  N13 E25 21AD  1    Anaconda Co,GW,38.9760284,-119.1715422,M,NAD83, 4500.,1,NGVD29,16050303,gw,62610,,0,,wat,,1642461,0,1952-11-06,1952-11-06,1
USGS,385834119101401,108  N13 E25 21AD  1    Anaconda Co,GW,38.9760284,-119.1715422,M,NAD83, 4500.,1,NGVD29,16050303,gw,62611,,0,,wat,,1642461,0,1952-11-06,1952-11-06,1
USGS,385834119101401,108  N13 E25 21AD  1    Anaconda Co,GW,38.9760284,-119.1715422,M,NAD83, 4500.,1,NGVD29,16050303,gw,72019,,0,,wat,,1642008,0,1952-11-06,1952-11-06,1
USGS,385839119070401,108  N13 E25 24AC  1,GW,38.9774179,-119.1187635,M,NAD83, 4390.,1,NGVD29,16050303,gw,62610,,0,,wat,,1642461,0,1966-03-16,1966-03-16,1
USGS,385839119070401,108  N13 E25 24AC  1,GW,38.9774179,-119.1187635,M,NAD83, 4390.,1,NGVD29,16050303,gw,62611,,0,,wat,,1642461,0,1966-03-16,1966-03-16,1
USGS,385839119070401,108  N13 E25 24AC  1,GW,38.9774179,-119.1187635,M,NAD83, 4390.,1,NGVD29,16050303,gw,72019,,0,,wat,,1642008,0,1966-03-16,1966-03-16,1
USGS,385840118500101,110A N13 E28 22ADBC1    RED EARTH,GW,38.97788889,-118.8336389,1,NAD83, 4135, 25,NGVD29,16050303,ad,,,0,,wat,,0,0,2005,2013,6
USGS,385840118500101,110A N13 E28 22ADBC1    RED EARTH,GW,38.97788889,-118.8336389,1,NAD83, 4135, 25,NGVD29,16050303,aw,,,0,,wat,,0,0,1967,2021,78
USGS,385840118500101,110A N13 E28 22ADBC1    RED EARTH,GW,38.97788889,-118.8336389,1,NAD83, 4135, 25,NGVD29,16050303,gw,62610,,0,,wat,,1642461,0,1967-09-01,2023-03-16,82
USGS,385840118500101,110A N13 E28 22ADBC1    RED EARTH,GW,38.97788889,-118.8336389,1,NAD83, 4135, 25,NGVD29,16050303,gw,62611,,0,,wat,,1642461,0,1967-09-01,2023-03-16,82
USGS,385840118500101,110A N13 E28 22ADBC1    RED EARTH,GW,38.97788889,-118.8336389,1,NAD83, 4135, 25,NGVD29,16050303,gw,72019,,0,,wat,,1642008,0,1967-09-01,2023-03-16,82
USGS,385840118500101,110A N13 E28 22ADBC1    RED EARTH,GW,38.97788889,-118.8336389,1,NAD83, 4135, 25,NGVD29,16050303,qw,,,0,,wat,ALL,0,0,2011-11-17,2011-11-17,1
USGS,385840118500101,110A N13 E28 22ADBC1    RED EARTH,GW,38.97788889,-118.8336389,1,NAD83, 4135, 25,NGVD29,16050303,qw,00010,,0,,wat,PHY,1645597,0,2011-11-17,2011-11-17,1
USGS,385840118500101,110A N13 E28 22ADBC1    RED EARTH,GW,38.97788889,-118.8336389,1,NAD83, 4135, 25,NGVD29,16050303,qw,00095,,0,,wat,PHY,1646694,0,2011-11-17,2011-11-17,1
USGS,385840118500101,110A N13 E28 22ADBC1    RED EARTH,GW,38.97788889,-118.8336389,1,NAD83, 4135, 25,NGVD29,16050303,qw,50280,,0,,wat,INF,0,0,2011-11-17,2011-11-17,1
USGS,385845119100601,108  N13 E25 21AA  1,GW,38.979084,-119.16932,M,NAD83, 4383.,1,NGVD29,16050303,gw,62610,,0,,wat,,1642461,0,1966-03-16,1966-03-16,1
USGS,385845119100601,108  N13 E25 21AA  1,GW,38.979084,-119.16932,M,NAD83, 4383.,1,NGVD29,16050303,gw,62611,,0,,wat,,1642461,0,1966-03-16,1966-03-16,1
USGS,385845119100601,108  N13 E25 21AA  1,GW,38.979084,-119.16932,M,NAD83, 4383.,1,NGVD29,16050303,gw,72019,,0,,wat,,1642008,0,1966-03-16,1966-03-16,1
USGS,385847119065401,108  N13 E25 24AA  1,GW,38.97964019,-119.1159857,M,NAD83, 4379.,1,NGVD29,16050303,gw,62610,,0,,wat,,1642461,0,1966-03-16,1966-03-16,1
USGS,385847119065401,108  N13 E25 24AA  1,GW,38.97964019,-119.1159857,M,NAD83, 4379.,1,NGVD29,16050303,gw,62611,,0,,wat,,1642461,0,1966-03-16,1966-03-16,1
USGS,385847119065401,108  N13 E25 24AA  1,GW,38.97964019,-119.1159857,M,NAD83, 4379.,1,NGVD29,16050303,gw,72019,,0,,wat,,1642008,0,1966-03-16,1966-03-16,1
USGS,385849119101701,108  N13 E25 21AB  1    Anaconda Co,GW,38.9801951,-119.1723756,M,NAD83, 4400.,1,NGVD29,16050303,gw,62610,,0,,wat,,1642461,0,1952-04-24,1952-04-24,1
USGS,385849119101701,108  N13 E25 21AB  1    Anaconda Co,GW,38.9801951,-119.1723756,M,NAD83, 4400.,1,NGVD29,16050303,gw,62611,,0,,wat,,1642461,0,1952-04-24,1952-04-24,1
USGS,385849119101701,108  N13 E25 21AB  1    Anaconda Co,GW,38.9801951,-119.1723756,M,NAD83, 4400.,1,NGVD29,16050303,gw,72019,,0,,wat,,1642008,0,1952-04-24,1952-04-24,1
USGS,385855119081201,108  N13 E25 14DCCD1,GW,38.98305556,-119.1525,S,NAD83, 4388, 15,NGVD29,16050303,ad,,,0,,wat,,0,0,2007,2007,1
USGS,385855119081201,108  N13 E25 14DCCD1,GW,38.98305556,-119.1525,S,NAD83, 4388, 15,NGVD29,16050303,gw,62610,,0,,wat,,1642461,0,1965-11-01,2007-02-14,14
USGS,385855119081201,108  N13 E25 14DCCD1,GW,38.98305556,-119.1525,S,NAD83, 4388, 15,NGVD29,16050303,gw,62611,,0,,wat,,1642461,0,1965-11-01,2007-02-14,14
USGS,385855119081201,108  N13 E25 14DCCD1,GW,38.98305556,-119.1525,S,NAD83, 4388, 15,NGVD29,16050303,gw,72019,,0,,wat,,1642008,0,1965-11-01,2007-02-14,14
USGS,385855119092701,108  N13 E25 15CD  1,GW,38.98186196,-119.1584865,M,NAD83, 4384.,1,NGVD29,16050303,gw,62610,,0,,wat,,1642461,0,1966-03-16,1966-03-16,1
USGS,385855119092701,108  N13 E25 15CD  1,GW,38.98186196,-119.1584865,M,NAD83, 4384.,1,NGVD29,16050303,gw,62611,,0,,wat,,1642461,0,1966-03-16,1966-03-16,1
USGS,385855119092701,108  N13 E25 15CD  1,GW,38.98186196,-119.1584865,M,NAD83, 4384.,1,NGVD29,16050303,gw,72019,,0,,wat,,1642008,0,1966-03-16,1966-03-16,1
USGS,385857119065701,108  N13 E25 13DD  1,GW,38.98241799,-119.116819,M,NAD83, 4378.,  1,NGVD29,16050303,gw,62610,,0,,wat,,1642461,0,1966-03-16,1966-03-16,1
USGS,385857119065701,108  N13 E25 13DD  1,GW,38.98241799,-119.116819,M,NAD83, 4378.,  1,NGVD29,16050303,gw,62611,,0,,wat,,1642461,0,1966-03-16,1966-03-16,1
USGS,385857119065701,108  N13 E25 13DD  1,GW,38.98241799,-119.116819,M,NAD83, 4378.,  1,NGVD29,16050303,gw,72019,,0,,wat,,1642008,0,1966-03-16,1966-03-16,1
USGS,385901119094601,108  N13 E25 15CC  1,GW,38.98352859,-119.1637643,M,NAD83, 4382.,1,NGVD29,16050303,gw,62610,,0,,wat,,1642461,0,1966-03-16,1966-03-16,1
USGS,385901119094601,108  N13 E25 15CC  1,GW,38.98352859,-119.1637643,M,NAD83, 4382.,1,NGVD29,16050303,gw,62611,,0,,wat,,1642461,0,1966-03-16,1966-03-16,1
USGS,385901119094601,108  N13 E25 15CC  1,GW,38.98352859,-119.1637643,M,NAD83, 4382.,1,NGVD29,16050303,gw,72019,,0,,wat,,1642008,0,1966-03-16,1966-03-16,1
USGS,385903119073001,108  N13 E25 13DDDD1,GW,38.98408457,-119.1259859,S,NAD83, 4380, 15,NGVD29,16050303,ad,,,0,,wat,,0,0,2005,2007,3
USGS,385903119073001,108  N13 E25 13DDDD1,GW,38.98408457,-119.1259859,S,NAD83, 4380, 15,NGVD29,16050303,gw,62610,,0,,wat,,1642461,0,1977-11-15,2010-11-24,31
USGS,385903119073001,108  N13 E25 13DDDD1,GW,38.98408457,-119.1259859,S,NAD83, 4380, 15,NGVD29,16050303,gw,62611,,0,,wat,,1642461,0,1977-11-15,2010-11-24,31
USGS,385903119073001,108  N13 E25 13DDDD1,GW,38.98408457,-119.1259859,S,NAD83, 4380, 15,NGVD29,16050303,gw,72019,,0,,wat,,1642008,0,1977-11-15,2010-11-24,31
USGS,385904119083001,108  N13 E25 13CCCD1,GW,38.98436217,-119.1426529,S,NAD83, 4386, 15,NGVD29,16050303,ad,,,0,,wat,,0,0,2005,2007,3
USGS,385904119083001,108  N13 E25 13CCCD1,GW,38.98436217,-119.1426529,S,NAD83, 4386, 15,NGVD29,16050303,gw,62610,,0,,wat,,1642461,0,1961-05-31,2007-02-14,27
USGS,385904119083001,108  N13 E25 13CCCD1,GW,38.98436217,-119.1426529,S,NAD83, 4386, 15,NGVD29,16050303,gw,62611,,0,,wat,,1642461,0,1961-05-31,2007-02-14,27
USGS,385904119083001,108  N13 E25 13CCCD1,GW,38.98436217,-119.1426529,S,NAD83, 4386, 15,NGVD29,16050303,gw,72019,,0,,wat,,1642008,0,1961-05-31,2007-02-14,27
USGS,385905119085901,108  N13 E25 15DA  1    City of Yerington,GW,38.98463986,-119.1507086,M,NAD83, 4384.,1,NGVD29,16050303,gw,62610,,0,,wat,,1642461,0,1966-03-16,1966-03-16,1
USGS,385905119085901,108  N13 E25 15DA  1    City of Yerington,GW,38.98463986,-119.1507086,M,NAD83, 4384.,1,NGVD29,16050303,gw,62611,,0,,wat,,1642461,0,1966-03-16,1966-03-16,1
USGS,385905119085901,108  N13 E25 15DA  1    City of Yerington,GW,38.98463986,-119.1507086,M,NAD83, 4384.,1,NGVD29,16050303,gw,72019,,0,,wat,,1642008,0,1966-03-16,1966-03-16,1
USGS,385908118453201,110A N13 E29 17DDBB1    SCHURZ NE SHALLOW,GW,38.98555556,-118.7589167,1,NAD83, 4166, 25,NGVD29,16050303,ad,,,0,,wat,,0,0,2007,2008,2
USGS,385908118453201,110A N13 E29 17DDBB1    SCHURZ NE SHALLOW,GW,38.98555556,-118.7589167,1,NAD83, 4166, 25,NGVD29,16050303,aw,,,0,,wat,,0,0,2007,2021,65
USGS,385908118453201,110A N13 E29 17DDBB1    SCHURZ NE SHALLOW,GW,38.98555556,-118.7589167,1,NAD83, 4166, 25,NGVD29,16050303,gw,62610,,0,,wat,,1642461,0,2007-03-15,2023-11-20,70
USGS,385908118453201,110A N13 E29 17DDBB1    SCHURZ NE SHALLOW,GW,38.98555556,-118.7589167,1,NAD83, 4166, 25,NGVD29,16050303,gw,62611,,0,,wat,,1642461,0,2007-03-15,2023-11-20,70
USGS,385908118453201,110A N13 E29 17DDBB1    SCHURZ NE SHALLOW,GW,38.98555556,-118.7589167,1,NAD83, 4166, 25,NGVD29,16050303,gw,72019,,0,,wat,,1642008,0,2007-03-15,2023-11-20,70
USGS,385908118453201,110A N13 E29 17DDBB1    SCHURZ NE SHALLOW,GW,38.98555556,-118.7589167,1,NAD83, 4166, 25,NGVD29,16050303,qw,,,0,,wat,ALL,0,0,2007-07-09,2007-07-09,1
USGS,385908118453201,110A N13 E29 17DDBB1    SCHURZ NE SHALLOW,GW,38.98555556,-118.7589167,1,NAD83, 4166, 25,NGVD29,16050303,qw,00003,,0,,wat,INF,0,0,2007-07-09,2007-07-09,1
USGS,385908118453201,110A N13 E29 17DDBB1    SCHURZ NE SHALLOW,GW,38.98555556,-118.7589167,1,NAD83, 4166, 25,NGVD29,16050303,qw,00010,,0,,wat,PHY,1645597,0,2007-07-09,2007-07-09,1
USGS,385908118453201,110A N13 E29 17DDBB1    SCHURZ NE SHALLOW,GW,38.98555556,-118.7589167,1,NAD83, 4166, 25,NGVD29,16050303,qw,00020,,0,,wat,PHY,1645712,0,2007-07-09,2007-07-09,1
USGS,385908118453201,110A N13 E29 17DDBB1    SCHURZ NE SHALLOW,GW,38.98555556,-118.7589167,1,NAD83, 4166, 25,NGVD29,16050303,qw,00025,,0,,wat,PHY,1641265,0,2007-07-09,2007-07-09,1
USGS,385908118453201,110A N13 E29 17DDBB1    SCHURZ NE SHALLOW,GW,38.98555556,-118.7589167,1,NAD83, 4166, 25,NGVD29,16050303,qw,00059,,0,,wat,PHY,1643253,0,2007-07-09,2007-07-09,1
USGS,385908118453201,110A N13 E29 17DDBB1    SCHURZ NE SHALLOW,GW,38.98555556,-118.7589167,1,NAD83, 4166, 25,NGVD29,16050303,qw,00095,,0,,wat,PHY,1646694,0,2007-07-09,2007-07-09,1
USGS,385908118453201,110A N13 E29 17DDBB1    SCHURZ NE SHALLOW,GW,38.98555556,-118.7589167,1,NAD83, 4166, 25,NGVD29,16050303,qw,00191,,0,,wat,INN,1640572,0,2007-07-09,2007-07-09,1
USGS,385908118453201,110A N13 E29 17DDBB1    SCHURZ NE SHALLOW,GW,38.98555556,-118.7589167,1,NAD83, 4166, 25,NGVD29,16050303,qw,00300,,0,,wat,INN,154302,0,2007-07-09,2007-07-09,1
USGS,385908118453201,110A N13 E29 17DDBB1    SCHURZ NE SHALLOW,GW,38.98555556,-118.7589167,1,NAD83, 4166, 25,NGVD29,16050303,qw,00301,,0,,wat,INN,154302,0,2007-07-09,2007-07-09,1
USGS,385908118453201,110A N13 E29 17DDBB1    SCHURZ NE SHALLOW,GW,38.98555556,-118.7589167,1,NAD83, 4166, 25,NGVD29,16050303,qw,00400,,0,,wat,PHY,17028275,0,2007-07-09,2007-07-09,1
USGS,385908118453201,110A N13 E29 17DDBB1    SCHURZ NE SHALLOW,GW,38.98555556,-118.7589167,1,NAD83, 4166, 25,NGVD29,16050303,qw,00403,,0,,wat,PHY,1644335,0,2007-07-09,2007-07-09,1
USGS,385908118453201,110A N13 E29 17DDBB1    SCHURZ NE SHALLOW,GW,38.98555556,-118.7589167,1,NAD83, 4166, 25,NGVD29,16050303,qw,00405,,0,,wat,INN,33548,0,2007-07-09,2007-07-09,1
USGS,385908118453201,110A N13 E29 17DDBB1    SCHURZ NE SHALLOW,GW,38.98555556,-118.7589167,1,NAD83, 4166, 25,NGVD29,16050303,qw,00900,,0,,wat,PHY,1640416,0,2007-07-09,2007-07-09,1
USGS,385908118453201,110A N13 E29 17DDBB1    SCHURZ NE SHALLOW,GW,38.98555556,-118.7589167,1,NAD83, 4166, 25,NGVD29,16050303,qw,00915,,0,,wat,INM,150268,0,2007-07-09,2007-07-09,1
USGS,385908118453201,110A N13 E29 17DDBB1    SCHURZ NE SHALLOW,GW,38.98555556,-118.7589167,1,NAD83, 4166, 25,NGVD29,16050303,qw,00925,,0,,wat,INM,149617,0,2007-07-09,2007-07-09,1
USGS,385908118453201,110A N13 E29 17DDBB1    SCHURZ NE SHALLOW,GW,38.98555556,-118.7589167,1,NAD83, 4166, 25,NGVD29,16050303,qw,00930,,0,,wat,INM,149856,0,2007-07-09,2007-07-09,1
USGS,385908118453201,110A N13 E29 17DDBB1    SCHURZ NE SHALLOW,GW,38.98555556,-118.7589167,1,NAD83, 4166, 25,NGVD29,16050303,qw,00931,,0,,wat,INM,1640523,0,2007-07-09,2007-07-09,1
USGS,385908118453201,110A N13 E29 17DDBB1    SCHURZ NE SHALLOW,GW,38.98555556,-118.7589167,1,NAD83, 4166, 25,NGVD29,16050303,qw,00932,,0,,wat,INM,1646660,0,2007-07-09,2007-07-09,1
USGS,385908118453201,110A N13 E29 17DDBB1    SCHURZ NE SHALLOW,GW,38.98555556,-118.7589167,1,NAD83, 4166, 25,NGVD29,16050303,qw,00935,,0,,wat,INM,149740,0,2007-07-09,2007-07-09,1
USGS,385908118453201,110A N13 E29 17DDBB1    SCHURZ NE SHALLOW,GW,38.98555556,-118.7589167,1,NAD83, 4166, 25,NGVD29,16050303,qw,00940,,0,,wat,INN,205955,0,2007-07-09,2007-07-09,1
USGS,385908118453201,110A N13 E29 17DDBB1    SCHURZ NE SHALLOW,GW,38.98555556,-118.7589167,1,NAD83, 4166, 25,NGVD29,16050303,qw,00945,,0,,wat,INN,197301,0,2007-07-09,2007-07-09,1
USGS,385908118453201,110A N13 E29 17DDBB1    SCHURZ NE SHALLOW,GW,38.98555556,-118.7589167,1,NAD83, 4166, 25,NGVD29,16050303,qw,00950,,0,,wat,INN,206706,0,2007-07-09,2007-07-09,1
USGS,385908118453201,110A N13 E29 17DDBB1    SCHURZ NE SHALLOW,GW,38.98555556,-118.7589167,1,NAD83, 4166, 25,NGVD29,16050303,qw,00955,,0,,wat,INN,151977,0,2007-07-09,2007-07-09,1
USGS,385908118453201,110A N13 E29 17DDBB1    SCHURZ NE SHALLOW,GW,38.98555556,-118.7589167,1,NAD83, 4166, 25,NGVD29,16050303,qw,01046,,0,,wat,IMM,149559,0,2007-07-09,2007-07-09,1
USGS,385908118453201,110A N13 E29 17DDBB1    SCHURZ NE SHALLOW,GW,38.98555556,-118.7589167,1,NAD83, 4166, 25,NGVD29,16050303,qw,01056,,0,,wat,IMM,149625,0,2007-07-09,2007-07-09,1
USGS,385908118453201,110A N13 E29 17DDBB1    SCHURZ NE SHALLOW,GW,38.98555556,-118.7589167,1,NAD83, 4166, 25,NGVD29,16050303,qw,22603,,0,,wat,RAD,150185,0,2007-07-09,2007-07-09,1
USGS,385908118453201,110A N13 E29 17DDBB1    SCHURZ NE SHALLOW,GW,38.98555556,-118.7589167,1,NAD83, 4166, 25,NGVD29,16050303,qw,22610,,0,,wat,RAD,192708,0,2007-07-09,2007-07-09,1
USGS,385908118453201,110A N13 E29 17DDBB1    SCHURZ NE SHALLOW,GW,38.98555556,-118.7589167,1,NAD83, 4166, 25,NGVD29,16050303,qw,22620,,0,,wat,RAD,198606,0,2007-07-09,2007-07-09,1
USGS,385908118453201,110A N13 E29 17DDBB1    SCHURZ NE SHALLOW,GW,38.98555556,-118.7589167,1,NAD83, 4166, 25,NGVD29,16050303,qw,29801,,0,,wat,INN,1640192,0,2007-07-09,2007-07-09,1
USGS,385908118453201,110A N13 E29 17DDBB1    SCHURZ NE SHALLOW,GW,38.98555556,-118.7589167,1,NAD83, 4166, 25,NGVD29,16050303,qw,30210,,0,,wat,PHY,1642040,0,2007-07-09,2007-07-09,1
USGS,385908118453201,110A N13 E29 17DDBB1    SCHURZ NE SHALLOW,GW,38.98555556,-118.7589167,1,NAD83, 4166, 25,NGVD29,16050303,qw,49932,,0,,wat,ISO,967356,0,2007-07-09,2007-07-09,1
USGS,385908118453201,110A N13 E29 17DDBB1    SCHURZ NE SHALLOW,GW,38.98555556,-118.7589167,1,NAD83, 4166, 25,NGVD29,16050303,qw,70300,,0,,wat,PHY,1642222,0,2007-07-09,2007-07-09,1
USGS,385908118453201,110A N13 E29 17DDBB1    SCHURZ NE SHALLOW,GW,38.98555556,-118.7589167,1,NAD83, 4166, 25,NGVD29,16050303,qw,70301,,0,,wat,PHY,1642222,0,2007-07-09,2007-07-09,1
USGS,385908118453201,110A N13 E29 17DDBB1    SCHURZ NE SHALLOW,GW,38.98555556,-118.7589167,1,NAD83, 4166, 25,NGVD29,16050303,qw,70303,,0,,wat,PHY,1642222,0,2007-07-09,2007-07-09,1
USGS,385908118453201,110A N13 E29 17DDBB1    SCHURZ NE SHALLOW,GW,38.98555556,-118.7589167,1,NAD83, 4166, 25,NGVD29,16050303,qw,71870,,0,,wat,INN,227538,0,2007-07-09,2007-07-09,1
USGS,385908118453201,110A N13 E29 17DDBB1    SCHURZ NE SHALLOW,GW,38.98555556,-118.7589167,1,NAD83, 4166, 25,NGVD29,16050303,qw,71999,,0,,wat,INF,0,0,2007-07-09,2007-07-09,1
USGS,385908118453201,110A N13 E29 17DDBB1    SCHURZ NE SHALLOW,GW,38.98555556,-118.7589167,1,NAD83, 4166, 25,NGVD29,16050303,qw,72019,,0,,wat,PHY,1642008,0,2007-07-09,2007-07-09,1
USGS,385908118453201,110A N13 E29 17DDBB1    SCHURZ NE SHALLOW,GW,38.98555556,-118.7589167,1,NAD83, 4166, 25,NGVD29,16050303,qw,82082,,0,,wat,ISO,1642107,0,2007-07-09,2007-07-09,1
USGS,385908118453201,110A N13 E29 17DDBB1    SCHURZ NE SHALLOW,GW,38.98555556,-118.7589167,1,NAD83, 4166, 25,NGVD29,16050303,qw,82085,,0,,wat,ISO,967034,0,2007-07-09,2007-07-09,1
USGS,385908118453201,110A N13 E29 17DDBB1    SCHURZ NE SHALLOW,GW,38.98555556,-118.7589167,1,NAD83, 4166, 25,NGVD29,16050303,qw,90095,,0,,wat,PHY,1646694,0,2007-07-09,2007-07-09,1
USGS,385908118453202,110A N13 E29 17DDBB2    SCHURZ NE DEEP,GW,38.98555556,-118.7589167,1,NAD83, 4166, 25,NGVD29,16050303,ad,,,0,,wat,,0,0,2007,2008,2
USGS,385908118453202,110A N13 E29 17DDBB2    SCHURZ NE DEEP,GW,38.98555556,-118.7589167,1,NAD83, 4166, 25,NGVD29,16050303,aw,,,0,,wat,,0,0,2007,2021,64
USGS,385908118453202,110A N13 E29 17DDBB2    SCHURZ NE DEEP,GW,38.98555556,-118.7589167,1,NAD83, 4166, 25,NGVD29,16050303,gw,62610,,0,,wat,,1642461,0,2007-03-15,2023-11-20,70
USGS,385908118453202,110A N13 E29 17DDBB2    SCHURZ NE DEEP,GW,38.98555556,-118.7589167,1,NAD83, 4166, 25,NGVD29,16050303,gw,62611,,0,,wat,,1642461,0,2007-03-15,2023-11-20,70
USGS,385908118453202,110A N13 E29 17DDBB2    SCHURZ NE DEEP,GW,38.98555556,-118.7589167,1,NAD83, 4166, 25,NGVD29,16050303,gw,72019,,0,,wat,,1642008,0,2007-03-15,2023-11-20,70
USGS,385908118453202,110A N13 E29 17DDBB2    SCHURZ NE DEEP,GW,38.98555556,-118.7589167,1,NAD83, 4166, 25,NGVD29,16050303,qw,,,0,,wat,ALL,0,0,2007-07-09,2007-07-09,1
USGS,385908118453202,110A N13 E29 17DDBB2    SCHURZ NE DEEP,GW,38.98555556,-118.7589167,1,NAD83, 4166, 25,NGVD29,16050303,qw,00003,,0,,wat,INF,0,0,2007-07-09,2007-07-09,1
USGS,385908118453202,110A N13 E29 17DDBB2    SCHURZ NE DEEP,GW,38.98555556,-118.7589167,1,NAD83, 4166, 25,NGVD29,16050303,qw,00010,,0,,wat,PHY,1645597,0,2007-07-09,2007-07-09,1
USGS,385908118453202,110A N13 E29 17DDBB2    SCHURZ NE DEEP,GW,38.98555556,-118.7589167,1,NAD83, 4166, 25,NGVD29,16050303,qw,00020,,0,,wat,PHY,1645712,0,2007-07-09,2007-07-09,1
USGS,385908118453202,110A N13 E29 17DDBB2    SCHURZ NE DEEP,GW,38.98555556,-118.7589167,1,NAD83, 4166, 25,NGVD29,16050303,qw,00095,,0,,wat,PHY,1646694,0,2007-07-09,2007-07-09,1
USGS,385908118453202,110A N13 E29 17DDBB2    SCHURZ NE DEEP,GW,38.98555556,-118.7589167,1,NAD83, 4166, 25,NGVD29,16050303,qw,00191,,0,,wat,INN,1640572,0,2007-07-09,2007-07-09,1
USGS,385908118453202,110A N13 E29 17DDBB2    SCHURZ NE DEEP,GW,38.98555556,-118.7589167,1,NAD83, 4166, 25,NGVD29,16050303,qw,00300,,0,,wat,INN,154302,0,2007-07-09,2007-07-09,1
USGS,385908118453202,110A N13 E29 17DDBB2    SCHURZ NE DEEP,GW,38.98555556,-118.7589167,1,NAD83, 4166, 25,NGVD29,16050303,qw,00400,,0,,wat,PHY,17028275,0,2007-07-09,2007-07-09,1
USGS,385908118453202,110A N13 E29 17DDBB2    SCHURZ NE DEEP,GW,38.98555556,-118.7589167,1,NAD83, 4166, 25,NGVD29,16050303,qw,00403,,0,,wat,PHY,1644335,0,2007-07-09,2007-07-09,1
USGS,385908118453202,110A N13 E29 17DDBB2    SCHURZ NE DEEP,GW,38.98555556,-118.7589167,1,NAD83, 4166, 25,NGVD29,16050303,qw,00405,,0,,wat,INN,33548,0,2007-07-09,2007-07-09,1
USGS,385908118453202,110A N13 E29 17DDBB2    SCHURZ NE DEEP,GW,38.98555556,-118.7589167,1,NAD83, 4166, 25,NGVD29,16050303,qw,00900,,0,,wat,PHY,1640416,0,2007-07-09,2007-07-09,1
USGS,385908118453202,110A N13 E29 17DDBB2    SCHURZ NE DEEP,GW,38.98555556,-118.7589167,1,NAD83, 4166, 25,NGVD29,16050303,qw,00915,,0,,wat,INM,150268,0,2007-07-09,2007-07-09,1
USGS,385908118453202,110A N13 E29 17DDBB2    SCHURZ NE DEEP,GW,38.98555556,-118.7589167,1,NAD83, 4166, 25,NGVD29,16050303,qw,00925,,0,,wat,INM,149617,0,2007-07-09,2007-07-09,1
USGS,385908118453202,110A N13 E29 17DDBB2    SCHURZ NE DEEP,GW,38.98555556,-118.7589167,1,NAD83, 4166, 25,NGVD29,16050303,qw,00930,,0,,wat,INM,149856,0,2007-07-09,2007-07-09,1
USGS,385908118453202,110A N13 E29 17DDBB2    SCHURZ NE DEEP,GW,38.98555556,-118.7589167,1,NAD83, 4166, 25,NGVD29,16050303,qw,00931,,0,,wat,INM,1640523,0,2007-07-09,2007-07-09,1
USGS,385908118453202,110A N13 E29 17DDBB2    SCHURZ NE DEEP,GW,38.98555556,-118.7589167,1,NAD83, 4166, 25,NGVD29,16050303,qw,00932,,0,,wat,INM,1646660,0,2007-07-09,2007-07-09,1
USGS,385908118453202,110A N13 E29 17DDBB2    SCHURZ NE DEEP,GW,38.98555556,-118.7589167,1,NAD83, 4166, 25,NGVD29,16050303,qw,00935,,0,,wat,INM,149740,0,2007-07-09,2007-07-09,1
USGS,385908118453202,110A N13 E29 17DDBB2    SCHURZ NE DEEP,GW,38.98555556,-118.7589167,1,NAD83, 4166, 25,NGVD29,16050303,qw,00940,,0,,wat,INN,205955,0,2007-07-09,2007-07-09,1
USGS,385908118453202,110A N13 E29 17DDBB2    SCHURZ NE DEEP,GW,38.98555556,-118.7589167,1,NAD83, 4166, 25,NGVD29,16050303,qw,00945,,0,,wat,INN,197301,0,2007-07-09,2007-07-09,1
USGS,385908118453202,110A N13 E29 17DDBB2    SCHURZ NE DEEP,GW,38.98555556,-118.7589167,1,NAD83, 4166, 25,NGVD29,16050303,qw,00950,,0,,wat,INN,206706,0,2007-07-09,2007-07-09,1
USGS,385908118453202,110A N13 E29 17DDBB2    SCHURZ NE DEEP,GW,38.98555556,-118.7589167,1,NAD83, 4166, 25,NGVD29,16050303,qw,00955,,0,,wat,INN,151977,0,2007-07-09,2007-07-09,1
USGS,385908118453202,110A N13 E29 17DDBB2    SCHURZ NE DEEP,GW,38.98555556,-118.7589167,1,NAD83, 4166, 25,NGVD29,16050303,qw,01046,,0,,wat,IMM,149559,0,2007-07-09,2007-07-09,1
USGS,385908118453202,110A N13 E29 17DDBB2    SCHURZ NE DEEP,GW,38.98555556,-118.7589167,1,NAD83, 4166, 25,NGVD29,16050303,qw,01056,,0,,wat,IMM,149625,0,2007-07-09,2007-07-09,1
USGS,385908118453202,110A N13 E29 17DDBB2    SCHURZ NE DEEP,GW,38.98555556,-118.7589167,1,NAD83, 4166, 25,NGVD29,16050303,qw,22603,,0,,wat,RAD,150185,0,2007-07-09,2007-07-09,1
USGS,385908118453202,110A N13 E29 17DDBB2    SCHURZ NE DEEP,GW,38.98555556,-118.7589167,1,NAD83, 4166, 25,NGVD29,16050303,qw,22610,,0,,wat,RAD,192708,0,2007-07-09,2007-07-09,1
USGS,385908118453202,110A N13 E29 17DDBB2    SCHURZ NE DEEP,GW,38.98555556,-118.7589167,1,NAD83, 4166, 25,NGVD29,16050303,qw,22620,,0,,wat,RAD,198606,0,2007-07-09,2007-07-09,1
USGS,385908118453202,110A N13 E29 17DDBB2    SCHURZ NE DEEP,GW,38.98555556,-118.7589167,1,NAD83, 4166, 25,NGVD29,16050303,qw,29801,,0,,wat,INN,1640192,0,2007-07-09,2007-07-09,1
USGS,385908118453202,110A N13 E29 17DDBB2    SCHURZ NE DEEP,GW,38.98555556,-118.7589167,1,NAD83, 4166, 25,NGVD29,16050303,qw,30210,,0,,wat,PHY,1642040,0,2007-07-09,2007-07-09,1
USGS,385908118453202,110A N13 E29 17DDBB2    SCHURZ NE DEEP,GW,38.98555556,-118.7589167,1,NAD83, 4166, 25,NGVD29,16050303,qw,49932,,0,,wat,ISO,967356,0,2007-07-09,2007-07-09,1
USGS,385908118453202,110A N13 E29 17DDBB2    SCHURZ NE DEEP,GW,38.98555556,-118.7589167,1,NAD83, 4166, 25,NGVD29,16050303,qw,70300,,0,,wat,PHY,1642222,0,2007-07-09,2007-07-09,1
USGS,385908118453202,110A N13 E29 17DDBB2    SCHURZ NE DEEP,GW,38.98555556,-118.7589167,1,NAD83, 4166, 25,NGVD29,16050303,qw,70301,,0,,wat,PHY,1642222,0,2007-07-09,2007-07-09,1
USGS,385908118453202,110A N13 E29 17DDBB2    SCHURZ NE DEEP,GW,38.98555556,-118.7589167,1,NAD83, 4166, 25,NGVD29,16050303,qw,70303,,0,,wat,PHY,1642222,0,2007-07-09,2007-07-09,1
USGS,385908118453202,110A N13 E29 17DDBB2    SCHURZ NE DEEP,GW,38.98555556,-118.7589167,1,NAD83, 4166, 25,NGVD29,16050303,qw,71870,,0,,wat,INN,227538,0,2007-07-09,2007-07-09,1
USGS,385908118453202,110A N13 E29 17DDBB2    SCHURZ NE DEEP,GW,38.98555556,-118.7589167,1,NAD83, 4166, 25,NGVD29,16050303,qw,71999,,0,,wat,INF,0,0,2007-07-09,2007-07-09,1
USGS,385908118453202,110A N13 E29 17DDBB2    SCHURZ NE DEEP,GW,38.98555556,-118.7589167,1,NAD83, 4166, 25,NGVD29,16050303,qw,72019,,0,,wat,PHY,1642008,0,2007-07-09,2007-07-09,1
USGS,385908118453202,110A N13 E29 17DDBB2    SCHURZ NE DEEP,GW,38.98555556,-118.7589167,1,NAD83, 4166, 25,NGVD29,16050303,qw,82082,,0,,wat,ISO,1642107,0,2007-07-09,2007-07-09,1
USGS,385908118453202,110A N13 E29 17DDBB2    SCHURZ NE DEEP,GW,38.98555556,-118.7589167,1,NAD83, 4166, 25,NGVD29,16050303,qw,82085,,0,,wat,ISO,967034,0,2007-07-09,2007-07-09,1
USGS,385908118453202,110A N13 E29 17DDBB2    SCHURZ NE DEEP,GW,38.98555556,-118.7589167,1,NAD83, 4166, 25,NGVD29,16050303,qw,90095,,0,,wat,PHY,1646694,0,2007-07-09,2007-07-09,1
USGS,385910119094801,108  N13 E25 15CB  1,GW,38.9860286,-119.1643199,M,NAD83, 4388.,1,NGVD29,16050303,gw,62610,,0,,wat,,1642461,0,1966-03-28,1966-03-28,1
USGS,385910119094801,108  N13 E25 15CB  1,GW,38.9860286,-119.1643199,M,NAD83, 4388.,1,NGVD29,16050303,gw,62611,,0,,wat,,1642461,0,1966-03-28,1966-03-28,1
USGS,385910119094801,108  N13 E25 15CB  1,GW,38.9860286,-119.1643199,M,NAD83, 4388.,1,NGVD29,16050303,gw,72019,,0,,wat,,1642008,0,1966-03-28,1966-03-28,1
USGS,385912119092601,108  N13 E25 14CCAA1    City of Yerington,GW,38.98658425,-119.1582087,S,NAD83, 4382., 20,NGVD29,16050303,gw,62610,,0,,wat,,1642461,0,1963-04-03,1986-03-27,5
USGS,385912119092601,108  N13 E25 14CCAA1    City of Yerington,GW,38.98658425,-119.1582087,S,NAD83, 4382., 20,NGVD29,16050303,gw,62611,,0,,wat,,1642461,0,1963-04-03,1986-03-27,5
USGS,385912119092601,108  N13 E25 14CCAA1    City of Yerington,GW,38.98658425,-119.1582087,S,NAD83, 4382., 20,NGVD29,16050303,gw,72019,,0,,wat,,1642008,0,1963-04-03,1986-03-27,5
USGS,385912119100101,108  N13 E25 15DBDD1    City of Yerington Well 1,GW,38.98658414,-119.167931,F,NAD83, 4390., 20,NGVD29,16050303,gw,62610,,0,,wat,,1642461,0,1965-11-22,1965-11-22,1
USGS,385912119100101,108  N13 E25 15DBDD1    City of Yerington Well 1,GW,38.98658414,-119.167931,F,NAD83, 4390., 20,NGVD29,16050303,gw,62611,,0,,wat,,1642461,0,1965-11-22,1965-11-22,1
USGS,385912119100101,108  N13 E25 15DBDD1    City of Yerington Well 1,GW,38.98658414,-119.167931,F,NAD83, 4390., 20,NGVD29,16050303,gw,72019,,0,,wat,,1642008,0,1965-11-22,1965-11-22,1
USGS,385912119100101,108  N13 E25 15DBDD1    City of Yerington Well 1,GW,38.98658414,-119.167931,F,NAD83, 4390., 20,NGVD29,16050303,qw,,,0,,wat,ALL,0,0,1992-07-16,1992-07-16,1
USGS,385912119100101,108  N13 E25 15DBDD1    City of Yerington Well 1,GW,38.98658414,-119.167931,F,NAD83, 4390., 20,NGVD29,16050303,qw,00028,,0,,wat,INF,0,0,1992-07-16,1992-07-16,1
USGS,385912119100101,108  N13 E25 15DBDD1    City of Yerington Well 1,GW,38.98658414,-119.167931,F,NAD83, 4390., 20,NGVD29,16050303,qw,03515,,0,,wat,RAD,182469,0,1992-07-16,1992-07-16,1
USGS,385912119100101,108  N13 E25 15DBDD1    City of Yerington Well 1,GW,38.98658414,-119.167931,F,NAD83, 4390., 20,NGVD29,16050303,qw,04126,,0,,wat,RAD,182451,0,1992-07-16,1992-07-16,1
USGS,385912119100101,108  N13 E25 15DBDD1    City of Yerington Well 1,GW,38.98658414,-119.167931,F,NAD83, 4390., 20,NGVD29,16050303,qw,75986,,0,,wat,RAD,182451,0,1992-07-16,1992-07-16,1
USGS,385912119100101,108  N13 E25 15DBDD1    City of Yerington Well 1,GW,38.98658414,-119.167931,F,NAD83, 4390., 20,NGVD29,16050303,qw,75987,,0,,wat,RAD,182451,0,1992-07-16,1992-07-16,1
USGS,385912119100101,108  N13 E25 15DBDD1    City of Yerington Well 1,GW,38.98658414,-119.167931,F,NAD83, 4390., 20,NGVD29,16050303,qw,75988,,0,,wat,RAD,182469,0,1992-07-16,1992-07-16,1
USGS,385912119100101,108  N13 E25 15DBDD1    City of Yerington Well 1,GW,38.98658414,-119.167931,F,NAD83, 4390., 20,NGVD29,16050303,qw,75989,,0,,wat,RAD,182469,0,1992-07-16,1992-07-16,1
USGS,385912119100101,108  N13 E25 15DBDD1    City of Yerington Well 1,GW,38.98658414,-119.167931,F,NAD83, 4390., 20,NGVD29,16050303,qw,76002,,0,,wat,RAD,197491,0,1992-07-16,1992-07-16,1
USGS,385912119100101,108  N13 E25 15DBDD1    City of Yerington Well 1,GW,38.98658414,-119.167931,F,NAD83, 4390., 20,NGVD29,16050303,qw,80030,,0,,wat,RAD,182451,0,1992-07-16,1992-07-16,1
USGS,385912119100101,108  N13 E25 15DBDD1    City of Yerington Well 1,GW,38.98658414,-119.167931,F,NAD83, 4390., 20,NGVD29,16050303,qw,80050,,0,,wat,RAD,182469,0,1992-07-16,1992-07-16,1
USGS,385912119100101,108  N13 E25 15DBDD1    City of Yerington Well 1,GW,38.98658414,-119.167931,F,NAD83, 4390., 20,NGVD29,16050303,qw,82303,,0,,wat,RAD,197491,0,1992-07-16,1992-07-16,1
USGS,385912119100501,108  N13 E25 15DBDD1    MT VIEW SHALLOW,GW,38.98680556,-119.1680556,1,NAD83, 4387, 25,NGVD29,16050303,ad,,,0,,wat,,0,0,2005,2007,3
USGS,385912119100501,108  N13 E25 15DBDD1    MT VIEW SHALLOW,GW,38.98680556,-119.1680556,1,NAD83, 4387, 25,NGVD29,16050303,gw,62610,,0,,wat,,1642461,0,2003-09-08,2014-03-06,16
USGS,385912119100501,108  N13 E25 15DBDD1    MT VIEW SHALLOW,GW,38.98680556,-119.1680556,1,NAD83, 4387, 25,NGVD29,16050303,gw,62611,,0,,wat,,1642461,0,2003-09-08,2014-03-06,16
USGS,385912119100501,108  N13 E25 15DBDD1    MT VIEW SHALLOW,GW,38.98680556,-119.1680556,1,NAD83, 4387, 25,NGVD29,16050303,gw,72019,,0,,wat,,1642008,0,2003-09-08,2014-03-06,16
USGS,385912119100501,108  N13 E25 15DBDD1    MT VIEW SHALLOW,GW,38.98680556,-119.1680556,1,NAD83, 4387, 25,NGVD29,16050303,qw,,,0,,wat,ALL,0,0,2023-06-28,2023-06-28,1
USGS,385912119100501,108  N13 E25 15DBDD1    MT VIEW SHALLOW,GW,38.98680556,-119.1680556,1,NAD83, 4387, 25,NGVD29,16050303,qw,61680,,0,,wat,OPE,698704,0,2023-06-28,2023-06-28,1
USGS,385912119100501,108  N13 E25 15DBDD1    MT VIEW SHALLOW,GW,38.98680556,-119.1680556,1,NAD83, 4387, 25,NGVD29,16050303,qw,61683,,0,,wat,OPE,592824,0,2023-06-28,2023-06-28,1
USGS,385912119100501,108  N13 E25 15DBDD1    MT VIEW SHALLOW,GW,38.98680556,-119.1680556,1,NAD83, 4387, 25,NGVD29,16050303,qw,65065,,0,,wat,OPE,94128,0,2023-06-28,2023-06-28,1
USGS,385912119100501,108  N13 E25 15DBDD1    MT VIEW SHALLOW,GW,38.98680556,-119.1680556,1,NAD83, 4387, 25,NGVD29,16050303,qw,65069,,0,,wat,OPE,3723,0,2023-06-28,2023-06-28,1
USGS,385912119100501,108  N13 E25 15DBDD1    MT VIEW SHALLOW,GW,38.98680556,-119.1680556,1,NAD83, 4387, 25,NGVD29,16050303,qw,65072,,0,,wat,OPE,108852,0,2023-06-28,2023-06-28,1
USGS,385912119100501,108  N13 E25 15DBDD1    MT VIEW SHALLOW,GW,38.98680556,-119.1680556,1,NAD83, 4387, 25,NGVD29,16050303,qw,65078,,0,,wat,OPE,42705,0,2023-06-28,2023-06-28,1
USGS,385912119100501,108  N13 E25 15DBDD1    MT VIEW SHALLOW,GW,38.98680556,-119.1680556,1,NAD83, 4387, 25,NGVD29,16050303,qw,65085,,0,,wat,OPE,291062,0,2023-06-28,2023-06-28,1
USGS,385912119100501,108  N13 E25 15DBDD1    MT VIEW SHALLOW,GW,38.98680556,-119.1680556,1,NAD83, 4387, 25,NGVD29,16050303,qw,65087,,0,,wat,OPE,31922,0,2023-06-28,2023-06-28,1
USGS,385912119100501,108  N13 E25 15DBDD1    MT VIEW SHALLOW,GW,38.98680556,-119.1680556,1,NAD83, 4387, 25,NGVD29,16050303,qw,65090,,0,,wat,OPE,291013,0,2023-06-28,2023-06-28,1
USGS,385912119100501,108  N13 E25 15DBDD1    MT VIEW SHALLOW,GW,38.98680556,-119.1680556,1,NAD83, 4387, 25,NGVD29,16050303,qw,65102,,0,,wat,OPE,1263,0,2023-06-28,2023-06-28,1
USGS,385912119100501,108  N13 E25 15DBDD1    MT VIEW SHALLOW,GW,38.98680556,-119.1680556,1,NAD83, 4387, 25,NGVD29,16050303,qw,65105,,0,,wat,OPE,32219,0,2023-06-28,2023-06-28,1
USGS,385912119100501,108  N13 E25 15DBDD1    MT VIEW SHALLOW,GW,38.98680556,-119.1680556,1,NAD83, 4387, 25,NGVD29,16050303,qw,65107,,0,,wat,OPE,248542,0,2023-06-28,2023-06-28,1
USGS,385912119100501,108  N13 E25 15DBDD1    MT VIEW SHALLOW,GW,38.98680556,-119.1680556,1,NAD83, 4387, 25,NGVD29,16050303,qw,66589,,0,,wat,OPE,627422,0,2023-06-28,2023-06-28,1
USGS,385912119100501,108  N13 E25 15DBDD1    MT VIEW SHALLOW,GW,38.98680556,-119.1680556,1,NAD83, 4387, 25,NGVD29,16050303,qw,66596,,0,,wat,OPE,3400,0,2023-06-28,2023-06-28,1
USGS,385912119100501,108  N13 E25 15DBDD1    MT VIEW SHALLOW,GW,38.98680556,-119.1680556,1,NAD83, 4387, 25,NGVD29,16050303,qw,66598,,0,,wat,OPE,42606,0,2023-06-28,2023-06-28,1
USGS,385912119100501,108  N13 E25 15DBDD1    MT VIEW SHALLOW,GW,38.98680556,-119.1680556,1,NAD83, 4387, 25,NGVD29,16050303,qw,66604,,0,,wat,OPE,621722,0,2023-06-28,2023-06-28,1
USGS,385912119100501,108  N13 E25 15DBDD1    MT VIEW SHALLOW,GW,38.98680556,-119.1680556,1,NAD83, 4387, 25,NGVD29,16050303,qw,66607,,0,,wat,OPE,1735485,0,2023-06-28,2023-06-28,1
USGS,385912119100501,108  N13 E25 15DBDD1    MT VIEW SHALLOW,GW,38.98680556,-119.1680556,1,NAD83, 4387, 25,NGVD29,16050303,qw,66610,,0,,wat,OPE,17131236,0,2023-06-28,2023-06-28,1
USGS,385912119100501,108  N13 E25 15DBDD1    MT VIEW SHALLOW,GW,38.98680556,-119.1680556,1,NAD83, 4387, 25,NGVD29,16050303,qw,66613,,0,,wat,OPE,1735477,0,2023-06-28,2023-06-28,1
USGS,385912119100501,108  N13 E25 15DBDD1    MT VIEW SHALLOW,GW,38.98680556,-119.1680556,1,NAD83, 4387, 25,NGVD29,16050303,qw,66620,,0,,wat,OPE,964304,0,2023-06-28,2023-06-28,1
USGS,385912119100501,108  N13 E25 15DBDD1    MT VIEW SHALLOW,GW,38.98680556,-119.1680556,1,NAD83, 4387, 25,NGVD29,16050303,qw,66632,,0,,wat,OPE,600957,0,2023-06-28,2023-06-28,1
USGS,385912119100501,108  N13 E25 15DBDD1    MT VIEW SHALLOW,GW,38.98680556,-119.1680556,1,NAD83, 4387, 25,NGVD29,16050303,qw,66643,,0,,wat,OPE,316398,0,2023-06-28,2023-06-28,1
USGS,385912119100501,108  N13 E25 15DBDD1    MT VIEW SHALLOW,GW,38.98680556,-119.1680556,1,NAD83, 4387, 25,NGVD29,16050303,qw,66646,,0,,wat,OPE,17131830,0,2023-06-28,2023-06-28,1
USGS,385912119100501,108  N13 E25 15DBDD1    MT VIEW SHALLOW,GW,38.98680556,-119.1680556,1,NAD83, 4387, 25,NGVD29,16050303,qw,66649,,0,,wat,OPE,699223,0,2023-06-28,2023-06-28,1
USGS,385912119100501,108  N13 E25 15DBDD1    MT VIEW SHALLOW,GW,38.98680556,-119.1680556,1,NAD83, 4387, 25,NGVD29,16050303,qw,66654,,0,,wat,OPE,964221,0,2023-06-28,2023-06-28,1
USGS,385912119100501,108  N13 E25 15DBDD1    MT VIEW SHALLOW,GW,38.98680556,-119.1680556,1,NAD83, 4387, 25,NGVD29,16050303,qw,66660,,0,,wat,OPE,964486,0,2023-06-28,2023-06-28,1
USGS,385912119100501,108  N13 E25 15DBDD1    MT VIEW SHALLOW,GW,38.98680556,-119.1680556,1,NAD83, 4387, 25,NGVD29,16050303,qw,67702,,0,,wat,OPE,89474,0,2023-06-28,2023-06-28,1
USGS,385912119100501,108  N13 E25 15DBDD1    MT VIEW SHALLOW,GW,38.98680556,-119.1680556,1,NAD83, 4387, 25,NGVD29,16050303,qw,68231,,0,,wat,OPE,0,0,2023-06-28,2023-06-28,1
USGS,385912119100501,108  N13 E25 15DBDD1    MT VIEW SHALLOW,GW,38.98680556,-119.1680556,1,NAD83, 4387, 25,NGVD29,16050303,qw,68336,,0,,wat,OPE,1826891,0,2023-06-28,2023-06-28,1
USGS,385912119100501,108  N13 E25 15DBDD1    MT VIEW SHALLOW,GW,38.98680556,-119.1680556,1,NAD83, 4387, 25,NGVD29,16050303,qw,68426,,0,,wat,OPE,700989,0,2023-06-28,2023-06-28,1
USGS,385912119100501,108  N13 E25 15DBDD1    MT VIEW SHALLOW,GW,38.98680556,-119.1680556,1,NAD83, 4387, 25,NGVD29,16050303,qw,68437,,0,,wat,OPE,310664,0,2023-06-28,2023-06-28,1
USGS,385912119100501,108  N13 E25 15DBDD1    MT VIEW SHALLOW,GW,38.98680556,-119.1680556,1,NAD83, 4387, 25,NGVD29,16050303,qw,68498,,0,,wat,OPE,0,0,2023-06-28,2023-06-28,1
USGS,385912119100501,108  N13 E25 15DBDD1    MT VIEW SHALLOW,GW,38.98680556,-119.1680556,1,NAD83, 4387, 25,NGVD29,16050303,qw,68500,,0,,wat,OPE,15651,0,2023-06-28,2023-06-28,1
USGS,385912119100501,108  N13 E25 15DBDD1    MT VIEW SHALLOW,GW,38.98680556,-119.1680556,1,NAD83, 4387, 25,NGVD29,16050303,qw,68519,,0,,wat,OPE,256677,0,2023-06-28,2023-06-28,1
USGS,385912119100501,108  N13 E25 15DBDD1    MT VIEW SHALLOW,GW,38.98680556,-119.1680556,1,NAD83, 4387, 25,NGVD29,16050303,qw,68520,,0,,wat,OPE,266114,0,2023-06-28,2023-06-28,1
USGS,385912119100501,108  N13 E25 15DBDD1    MT VIEW SHALLOW,GW,38.98680556,-119.1680556,1,NAD83, 4387, 25,NGVD29,16050303,qw,68522,,0,,wat,OPE,1736958,0,2023-06-28,2023-06-28,1
USGS,385912119100501,108  N13 E25 15DBDD1    MT VIEW SHALLOW,GW,38.98680556,-119.1680556,1,NAD83, 4387, 25,NGVD29,16050303,qw,68523,,0,,wat,OPE,1736956,0,2023-06-28,2023-06-28,1
USGS,385912119100501,108  N13 E25 15DBDD1    MT VIEW SHALLOW,GW,38.98680556,-119.1680556,1,NAD83, 4387, 25,NGVD29,16050303,qw,68538,,0,,wat,OPE,228676,0,2023-06-28,2023-06-28,1
USGS,385912119100501,108  N13 E25 15DBDD1    MT VIEW SHALLOW,GW,38.98680556,-119.1680556,1,NAD83, 4387, 25,NGVD29,16050303,qw,68542,,0,,wat,OPE,42127,0,2023-06-28,2023-06-28,1
USGS,385912119100501,108  N13 E25 15DBDD1    MT VIEW SHALLOW,GW,38.98680556,-119.1680556,1,NAD83, 4387, 25,NGVD29,16050303,qw,68543,,0,,wat,OPE,90837,0,2023-06-28,2023-06-28,1
USGS,385912119100501,108  N13 E25 15DBDD1    MT VIEW SHALLOW,GW,38.98680556,-119.1680556,1,NAD83, 4387, 25,NGVD29,16050303,qw,68547,,0,,wat,OPE,115386,0,2023-06-28,2023-06-28,1
USGS,385912119100501,108  N13 E25 15DBDD1    MT VIEW SHALLOW,GW,38.98680556,-119.1680556,1,NAD83, 4387, 25,NGVD29,16050303,qw,68548,,0,,wat,OPE,172767,0,2023-06-28,2023-06-28,1
USGS,385912119100501,108  N13 E25 15DBDD1    MT VIEW SHALLOW,GW,38.98680556,-119.1680556,1,NAD83, 4387, 25,NGVD29,16050303,qw,68550,,0,,wat,OPE,775775,0,2023-06-28,2023-06-28,1
USGS,385912119100501,108  N13 E25 15DBDD1    MT VIEW SHALLOW,GW,38.98680556,-119.1680556,1,NAD83, 4387, 25,NGVD29,16050303,qw,68552,,0,,wat,OPE,775908,0,2023-06-28,2023-06-28,1
USGS,385912119100501,108  N13 E25 15DBDD1    MT VIEW SHALLOW,GW,38.98680556,-119.1680556,1,NAD83, 4387, 25,NGVD29,16050303,qw,68553,,0,,wat,OPE,0,0,2023-06-28,2023-06-28,1
USGS,385912119100501,108  N13 E25 15DBDD1    MT VIEW SHALLOW,GW,38.98680556,-119.1680556,1,NAD83, 4387, 25,NGVD29,16050303,qw,68562,,0,,wat,OPE,0,0,2023-06-28,2023-06-28,1
USGS,385912119100501,108  N13 E25 15DBDD1    MT VIEW SHALLOW,GW,38.98680556,-119.1680556,1,NAD83, 4387, 25,NGVD29,16050303,qw,68571,,0,,wat,OPE,94219,0,2023-06-28,2023-06-28,1
USGS,385912119100501,108  N13 E25 15DBDD1    MT VIEW SHALLOW,GW,38.98680556,-119.1680556,1,NAD83, 4387, 25,NGVD29,16050303,qw,68572,,0,,wat,OPE,3681,0,2023-06-28,2023-06-28,1
USGS,385912119100501,108  N13 E25 15DBDD1    MT VIEW SHALLOW,GW,38.98680556,-119.1680556,1,NAD83, 4387, 25,NGVD29,16050303,qw,68573,,0,,wat,OPE,38406,0,2023-06-28,2023-06-28,1
USGS,385912119100501,108  N13 E25 15DBDD1    MT VIEW SHALLOW,GW,38.98680556,-119.1680556,1,NAD83, 4387, 25,NGVD29,16050303,qw,68576,,0,,wat,OPE,269233,0,2023-06-28,2023-06-28,1
USGS,385912119100501,108  N13 E25 15DBDD1    MT VIEW SHALLOW,GW,38.98680556,-119.1680556,1,NAD83, 4387, 25,NGVD29,16050303,qw,68578,,0,,wat,OPE,17131616,0,2023-06-28,2023-06-28,1
USGS,385912119100501,108  N13 E25 15DBDD1    MT VIEW SHALLOW,GW,38.98680556,-119.1680556,1,NAD83, 4387, 25,NGVD29,16050303,qw,68580,,0,,wat,OPE,600437,0,2023-06-28,2023-06-28,1
USGS,385912119100501,108  N13 E25 15DBDD1    MT VIEW SHALLOW,GW,38.98680556,-119.1680556,1,NAD83, 4387, 25,NGVD29,16050303,qw,68596,,0,,wat,OPE,184630,0,2023-06-28,2023-06-28,1
USGS,385912119100501,108  N13 E25 15DBDD1    MT VIEW SHALLOW,GW,38.98680556,-119.1680556,1,NAD83, 4387, 25,NGVD29,16050303,qw,68598,,0,,wat,OPE,17131723,0,2023-06-28,2023-06-28,1
USGS,385912119100501,108  N13 E25 15DBDD1    MT VIEW SHALLOW,GW,38.98680556,-119.1680556,1,NAD83, 4387, 25,NGVD29,16050303,qw,68604,,0,,wat,OPE,1734922,0,2023-06-28,2023-06-28,1
USGS,385912119100501,108  N13 E25 15DBDD1    MT VIEW SHALLOW,GW,38.98680556,-119.1680556,1,NAD83, 4387, 25,NGVD29,16050303,qw,68608,,0,,wat,OPE,98004,0,2023-06-28,2023-06-28,1
USGS,385912119100501,108  N13 E25 15DBDD1    MT VIEW SHALLOW,GW,38.98680556,-119.1680556,1,NAD83, 4387, 25,NGVD29,16050303,qw,68622,,0,,wat,OPE,0,0,2023-06-28,2023-06-28,1
USGS,385912119100501,108  N13 E25 15DBDD1    MT VIEW SHALLOW,GW,38.98680556,-119.1680556,1,NAD83, 4387, 25,NGVD29,16050303,qw,68624,,0,,wat,OPE,104976,0,2023-06-28,2023-06-28,1
USGS,385912119100501,108  N13 E25 15DBDD1    MT VIEW SHALLOW,GW,38.98680556,-119.1680556,1,NAD83, 4387, 25,NGVD29,16050303,qw,68639,,0,,wat,OPE,42614,0,2023-06-28,2023-06-28,1
USGS,385912119100501,108  N13 E25 15DBDD1    MT VIEW SHALLOW,GW,38.98680556,-119.1680556,1,NAD83, 4387, 25,NGVD29,16050303,qw,68644,,0,,wat,OPE,169813,0,2023-06-28,2023-06-28,1
USGS,385912119100501,108  N13 E25 15DBDD1    MT VIEW SHALLOW,GW,38.98680556,-119.1680556,1,NAD83, 4387, 25,NGVD29,16050303,qw,68645,,0,,wat,OPE,205609,0,2023-06-28,2023-06-28,1
USGS,385912119100501,108  N13 E25 15DBDD1    MT VIEW SHALLOW,GW,38.98680556,-119.1680556,1,NAD83, 4387, 25,NGVD29,16050303,qw,68647,,0,,wat,OPE,964635,0,2023-06-28,2023-06-28,1
USGS,385912119100501,108  N13 E25 15DBDD1    MT VIEW SHALLOW,GW,38.98680556,-119.1680556,1,NAD83, 4387, 25,NGVD29,16050303,qw,68650,,0,,wat,OPE,1736964,0,2023-06-28,2023-06-28,1
USGS,385912119100501,108  N13 E25 15DBDD1    MT VIEW SHALLOW,GW,38.98680556,-119.1680556,1,NAD83, 4387, 25,NGVD29,16050303,qw,68651,,0,,wat,OPE,1736962,0,2023-06-28,2023-06-28,1
USGS,385912119100501,108  N13 E25 15DBDD1    MT VIEW SHALLOW,GW,38.98680556,-119.1680556,1,NAD83, 4387, 25,NGVD29,16050303,qw,68652,,0,,wat,OPE,219204,0,2023-06-28,2023-06-28,1
USGS,385912119100501,108  N13 E25 15DBDD1    MT VIEW SHALLOW,GW,38.98680556,-119.1680556,1,NAD83, 4387, 25,NGVD29,16050303,qw,68659,,0,,wat,OPE,1826863,0,2023-06-28,2023-06-28,1
USGS,385912119100501,108  N13 E25 15DBDD1    MT VIEW SHALLOW,GW,38.98680556,-119.1680556,1,NAD83, 4387, 25,NGVD29,16050303,qw,68660,,0,,wat,OPE,17123530,0,2023-06-28,2023-06-28,1
USGS,385912119100501,108  N13 E25 15DBDD1    MT VIEW SHALLOW,GW,38.98680556,-119.1680556,1,NAD83, 4387, 25,NGVD29,16050303,qw,68663,,0,,wat,OPE,213793,0,2023-06-28,2023-06-28,1
USGS,385912119100501,108  N13 E25 15DBDD1    MT VIEW SHALLOW,GW,38.98680556,-119.1680556,1,NAD83, 4387, 25,NGVD29,16050303,qw,68678,,0,,wat,OPE,37416,0,2023-06-28,2023-06-28,1
USGS,385912119100501,108  N13 E25 15DBDD1    MT VIEW SHALLOW,GW,38.98680556,-119.1680556,1,NAD83, 4387, 25,NGVD29,16050303,qw,68679,,0,,wat,OPE,28928,0,2023-06-28,2023-06-28,1
USGS,385912119100501,108  N13 E25 15DBDD1    MT VIEW SHALLOW,GW,38.98680556,-119.1680556,1,NAD83, 4387, 25,NGVD29,16050303,qw,68687,,0,,wat,OPE,622704,0,2023-06-28,2023-06-28,1
USGS,385912119100501,108  N13 E25 15DBDD1    MT VIEW SHALLOW,GW,38.98680556,-119.1680556,1,NAD83, 4387, 25,NGVD29,16050303,qw,68688,,0,,wat,OPE,582718,0,2023-06-28,2023-06-28,1
USGS,385912119100501,108  N13 E25 15DBDD1    MT VIEW SHALLOW,GW,38.98680556,-119.1680556,1,NAD83, 4387, 25,NGVD29,16050303,qw,68693,,0,,wat,OPE,606400,0,2023-06-28,2023-06-28,1
USGS,385912119100501,108  N13 E25 15DBDD1    MT VIEW SHALLOW,GW,38.98680556,-119.1680556,1,NAD83, 4387, 25,NGVD29,16050303,qw,68695,,0,,wat,OPE,265652,0,2023-06-28,2023-06-28,1
USGS,385912119100501,108  N13 E25 15DBDD1    MT VIEW SHALLOW,GW,38.98680556,-119.1680556,1,NAD83, 4387, 25,NGVD29,16050303,qw,68699,,0,,wat,OPE,183806,0,2023-06-28,2023-06-28,1
USGS,385912119100501,108  N13 E25 15DBDD1    MT VIEW SHALLOW,GW,38.98680556,-119.1680556,1,NAD83, 4387, 25,NGVD29,16050303,qw,68703,,0,,wat,OPE,963363,0,2023-06-28,2023-06-28,1
USGS,385912119100501,108  N13 E25 15DBDD1    MT VIEW SHALLOW,GW,38.98680556,-119.1680556,1,NAD83, 4387, 25,NGVD29,16050303,qw,68704,,0,,wat,OPE,0,0,2023-06-28,2023-06-28,1
USGS,385912119100501,108  N13 E25 15DBDD1    MT VIEW SHALLOW,GW,38.98680556,-119.1680556,1,NAD83, 4387, 25,NGVD29,16050303,qw,68708,,0,,wat,OPE,777318,0,2023-06-28,2023-06-28,1
USGS,385912119100501,108  N13 E25 15DBDD1    MT VIEW SHALLOW,GW,38.98680556,-119.1680556,1,NAD83, 4387, 25,NGVD29,16050303,qw,68712,,0,,wat,OPE,303958,0,2023-06-28,2023-06-28,1
USGS,385912119100501,108  N13 E25 15DBDD1    MT VIEW SHALLOW,GW,38.98680556,-119.1680556,1,NAD83, 4387, 25,NGVD29,16050303,qw,68769,,0,,wat,OPE,294827,0,2023-06-28,2023-06-28,1
USGS,385912119100501,108  N13 E25 15DBDD1    MT VIEW SHALLOW,GW,38.98680556,-119.1680556,1,NAD83, 4387, 25,NGVD29,16050303,qw,68872,,0,,wat,OPE,602326,0,2023-06-28,2023-06-28,1
USGS,385912119100501,108  N13 E25 15DBDD1    MT VIEW SHALLOW,GW,38.98680556,-119.1680556,1,NAD83, 4387, 25,NGVD29,16050303,qw,68873,,0,,wat,OPE,0,0,2023-06-28,2023-06-28,1
USGS,385912119100501,108  N13 E25 15DBDD1    MT VIEW SHALLOW,GW,38.98680556,-119.1680556,1,NAD83, 4387, 25,NGVD29,16050303,qw,90516,,0,,wat,INF,0,0,2023-06-28,2023-06-28,1
USGS,385912119100501,108  N13 E25 15DBDD1    MT VIEW SHALLOW,GW,38.98680556,-119.1680556,1,NAD83, 4387, 25,NGVD29,16050303,qw,90517,,0,,wat,INF,0,0,2023-06-28,2023-06-28,1
USGS,385912119100501,108  N13 E25 15DBDD1    MT VIEW SHALLOW,GW,38.98680556,-119.1680556,1,NAD83, 4387, 25,NGVD29,16050303,qw,90519,,0,,wat,INF,0,0,2023-06-28,2023-06-28,1
USGS,385912119100501,108  N13 E25 15DBDD1    MT VIEW SHALLOW,GW,38.98680556,-119.1680556,1,NAD83, 4387, 25,NGVD29,16050303,qw,90520,,0,,wat,INF,0,0,2023-06-28,2023-06-28,1
USGS,385912119100501,108  N13 E25 15DBDD1    MT VIEW SHALLOW,GW,38.98680556,-119.1680556,1,NAD83, 4387, 25,NGVD29,16050303,qw,90521,,0,,wat,INF,1736832,0,2023-06-28,2023-06-28,1
USGS,385912119100501,108  N13 E25 15DBDD1    MT VIEW SHALLOW,GW,38.98680556,-119.1680556,1,NAD83, 4387, 25,NGVD29,16050303,qw,90522,,0,,wat,INF,0,0,2023-06-28,2023-06-28,1
USGS,385912119100501,108  N13 E25 15DBDD1    MT VIEW SHALLOW,GW,38.98680556,-119.1680556,1,NAD83, 4387, 25,NGVD29,16050303,qw,90523,,0,,wat,INF,1736864,0,2023-06-28,2023-06-28,1
USGS,385912119100501,108  N13 E25 15DBDD1    MT VIEW SHALLOW,GW,38.98680556,-119.1680556,1,NAD83, 4387, 25,NGVD29,16050303,qw,90524,,0,,wat,INF,0,0,2023-06-28,2023-06-28,1
USGS,385912119100501,108  N13 E25 15DBDD1    MT VIEW SHALLOW,GW,38.98680556,-119.1680556,1,NAD83, 4387, 25,NGVD29,16050303,qw,90527,,0,,wat,INF,0,0,2023-06-28,2023-06-28,1
USGS,385912119100501,108  N13 E25 15DBDD1    MT VIEW SHALLOW,GW,38.98680556,-119.1680556,1,NAD83, 4387, 25,NGVD29,16050303,qw,90529,,0,,wat,INF,0,0,2023-06-28,2023-06-28,1
USGS,385912119100501,108  N13 E25 15DBDD1    MT VIEW SHALLOW,GW,38.98680556,-119.1680556,1,NAD83, 4387, 25,NGVD29,16050303,qw,90552,,0,,wat,INF,1736840,0,2023-06-28,2023-06-28,1
USGS,385912119100501,108  N13 E25 15DBDD1    MT VIEW SHALLOW,GW,38.98680556,-119.1680556,1,NAD83, 4387, 25,NGVD29,16050303,qw,90553,,0,,wat,INF,0,0,2023-06-28,2023-06-28,1
USGS,385912119100501,108  N13 E25 15DBDD1    MT VIEW SHALLOW,GW,38.98680556,-119.1680556,1,NAD83, 4387, 25,NGVD29,16050303,qw,90554,,0,,wat,INF,0,0,2023-06-28,2023-06-28,1
USGS,385912119100501,108  N13 E25 15DBDD1    MT VIEW SHALLOW,GW,38.98680556,-119.1680556,1,NAD83, 4387, 25,NGVD29,16050303,qw,90555,,0,,wat,INF,0,0,2023-06-28,2023-06-28,1
USGS,385912119100501,108  N13 E25 15DBDD1    MT VIEW SHALLOW,GW,38.98680556,-119.1680556,1,NAD83, 4387, 25,NGVD29,16050303,qw,90556,,0,,wat,INF,0,0,2023-06-28,2023-06-28,1
USGS,385912119100501,108  N13 E25 15DBDD1    MT VIEW SHALLOW,GW,38.98680556,-119.1680556,1,NAD83, 4387, 25,NGVD29,16050303,qw,90558,,0,,wat,INF,0,0,2023-06-28,2023-06-28,1
USGS,385912119100501,108  N13 E25 15DBDD1    MT VIEW SHALLOW,GW,38.98680556,-119.1680556,1,NAD83, 4387, 25,NGVD29,16050303,qw,90624,,0,,wat,INF,0,0,2023-06-28,2023-06-28,1
USGS,385912119100501,108  N13 E25 15DBDD1    MT VIEW SHALLOW,GW,38.98680556,-119.1680556,1,NAD83, 4387, 25,NGVD29,16050303,qw,90625,,0,,wat,INF,0,0,2023-06-28,2023-06-28,1
USGS,385912119100501,108  N13 E25 15DBDD1    MT VIEW SHALLOW,GW,38.98680556,-119.1680556,1,NAD83, 4387, 25,NGVD29,16050303,qw,90808,,0,,wat,INF,0,0,2023-06-28,2023-06-28,1
USGS,385914119091601,108  N13 E25 14CADC1    City of Yerington Well 3,GW,38.98713984,-119.1554309,F,NAD83, 4390., 20,NGVD29,16050303,qw,,,0,,wat,ALL,0,0,1992-07-16,1992-07-16,1
USGS,385914119091601,108  N13 E25 14CADC1    City of Yerington Well 3,GW,38.98713984,-119.1554309,F,NAD83, 4390., 20,NGVD29,16050303,qw,00028,,0,,wat,INF,0,0,1992-07-16,1992-07-16,1
USGS,385914119091601,108  N13 E25 14CADC1    City of Yerington Well 3,GW,38.98713984,-119.1554309,F,NAD83, 4390., 20,NGVD29,16050303,qw,03515,,0,,wat,RAD,182469,0,1992-07-16,1992-07-16,1
USGS,385914119091601,108  N13 E25 14CADC1    City of Yerington Well 3,GW,38.98713984,-119.1554309,F,NAD83, 4390., 20,NGVD29,16050303,qw,04126,,0,,wat,RAD,182451,0,1992-07-16,1992-07-16,1
USGS,385914119091601,108  N13 E25 14CADC1    City of Yerington Well 3,GW,38.98713984,-119.1554309,F,NAD83, 4390., 20,NGVD29,16050303,qw,75986,,0,,wat,RAD,182451,0,1992-07-16,1992-07-16,1
USGS,385914119091601,108  N13 E25 14CADC1    City of Yerington Well 3,GW,38.98713984,-119.1554309,F,NAD83, 4390., 20,NGVD29,16050303,qw,75987,,0,,wat,RAD,182451,0,1992-07-16,1992-07-16,1
USGS,385914119091601,108  N13 E25 14CADC1    City of Yerington Well 3,GW,38.98713984,-119.1554309,F,NAD83, 4390., 20,NGVD29,16050303,qw,75988,,0,,wat,RAD,182469,0,1992-07-16,1992-07-16,1
USGS,385914119091601,108  N13 E25 14CADC1    City of Yerington Well 3,GW,38.98713984,-119.1554309,F,NAD83, 4390., 20,NGVD29,16050303,qw,75989,,0,,wat,RAD,182469,0,1992-07-16,1992-07-16,1
USGS,385914119091601,108  N13 E25 14CADC1    City of Yerington Well 3,GW,38.98713984,-119.1554309,F,NAD83, 4390., 20,NGVD29,16050303,qw,76002,,0,,wat,RAD,197491,0,1992-07-16,1992-07-16,1
USGS,385914119091601,108  N13 E25 14CADC1    City of Yerington Well 3,GW,38.98713984,-119.1554309,F,NAD83, 4390., 20,NGVD29,16050303,qw,80030,,0,,wat,RAD,182451,0,1992-07-16,1992-07-16,1
USGS,385914119091601,108  N13 E25 14CADC1    City of Yerington Well 3,GW,38.98713984,-119.1554309,F,NAD83, 4390., 20,NGVD29,16050303,qw,80050,,0,,wat,RAD,182469,0,1992-07-16,1992-07-16,1
USGS,385914119091601,108  N13 E25 14CADC1    City of Yerington Well 3,GW,38.98713984,-119.1554309,F,NAD83, 4390., 20,NGVD29,16050303,qw,82303,,0,,wat,RAD,197491,0,1992-07-16,1992-07-16,1
USGS,385915118491301,110A N13 E28 14CADA1    SCHURZ NW,GW,38.98744444,-118.8201389,1,NAD83, 4191, 25,NGVD29,16050303,ad,,,0,,wat,,0,0,2007,2008,2
USGS,385915118491301,110A N13 E28 14CADA1    SCHURZ NW,GW,38.98744444,-118.8201389,1,NAD83, 4191, 25,NGVD29,16050303,aw,,,0,,wat,,0,0,2007,2021,61
USGS,385915118491301,110A N13 E28 14CADA1    SCHURZ NW,GW,38.98744444,-118.8201389,1,NAD83, 4191, 25,NGVD29,16050303,gw,62610,,0,,wat,,1642461,0,2007-03-14,2023-11-20,66
USGS,385915118491301,110A N13 E28 14CADA1    SCHURZ NW,GW,38.98744444,-118.8201389,1,NAD83, 4191, 25,NGVD29,16050303,gw,62611,,0,,wat,,1642461,0,2007-03-14,2023-11-20,66
USGS,385915118491301,110A N13 E28 14CADA1    SCHURZ NW,GW,38.98744444,-118.8201389,1,NAD83, 4191, 25,NGVD29,16050303,gw,72019,,0,,wat,,1642008,0,2007-03-14,2023-11-20,66
USGS,385915118491301,110A N13 E28 14CADA1    SCHURZ NW,GW,38.98744444,-118.8201389,1,NAD83, 4191, 25,NGVD29,16050303,qw,,,0,,wat,ALL,0,0,2007-07-12,2007-07-12,2
USGS,385915118491301,110A N13 E28 14CADA1    SCHURZ NW,GW,38.98744444,-118.8201389,1,NAD83, 4191, 25,NGVD29,16050303,qw,00003,,0,,wat,INF,0,0,2007-07-12,2007-07-12,1
USGS,385915118491301,110A N13 E28 14CADA1    SCHURZ NW,GW,38.98744444,-118.8201389,1,NAD83, 4191, 25,NGVD29,16050303,qw,00010,,0,,wat,PHY,1645597,0,2007-07-12,2007-07-12,1
USGS,385915118491301,110A N13 E28 14CADA1    SCHURZ NW,GW,38.98744444,-118.8201389,1,NAD83, 4191, 25,NGVD29,16050303,qw,00020,,0,,wat,PHY,1645712,0,2007-07-12,2007-07-12,1
USGS,385915118491301,110A N13 E28 14CADA1    SCHURZ NW,GW,38.98744444,-118.8201389,1,NAD83, 4191, 25,NGVD29,16050303,qw,00025,,0,,wat,PHY,1641265,0,2007-07-12,2007-07-12,1
USGS,385915118491301,110A N13 E28 14CADA1    SCHURZ NW,GW,38.98744444,-118.8201389,1,NAD83, 4191, 25,NGVD29,16050303,qw,00059,,0,,wat,PHY,1643253,0,2007-07-12,2007-07-12,1
USGS,385915118491301,110A N13 E28 14CADA1    SCHURZ NW,GW,38.98744444,-118.8201389,1,NAD83, 4191, 25,NGVD29,16050303,qw,00095,,0,,wat,PHY,1646694,0,2007-07-12,2007-07-12,1
USGS,385915118491301,110A N13 E28 14CADA1    SCHURZ NW,GW,38.98744444,-118.8201389,1,NAD83, 4191, 25,NGVD29,16050303,qw,00191,,0,,wat,INN,1640572,0,2007-07-12,2007-07-12,1
USGS,385915118491301,110A N13 E28 14CADA1    SCHURZ NW,GW,38.98744444,-118.8201389,1,NAD83, 4191, 25,NGVD29,16050303,qw,00300,,0,,wat,INN,154302,0,2007-07-12,2007-07-12,1
USGS,385915118491301,110A N13 E28 14CADA1    SCHURZ NW,GW,38.98744444,-118.8201389,1,NAD83, 4191, 25,NGVD29,16050303,qw,00301,,0,,wat,INN,154302,0,2007-07-12,2007-07-12,1
USGS,385915118491301,110A N13 E28 14CADA1    SCHURZ NW,GW,38.98744444,-118.8201389,1,NAD83, 4191, 25,NGVD29,16050303,qw,00400,,0,,wat,PHY,17028275,0,2007-07-12,2007-07-12,1
USGS,385915118491301,110A N13 E28 14CADA1    SCHURZ NW,GW,38.98744444,-118.8201389,1,NAD83, 4191, 25,NGVD29,16050303,qw,00403,,0,,wat,PHY,1644335,0,2007-07-12,2007-07-12,1
USGS,385915118491301,110A N13 E28 14CADA1    SCHURZ NW,GW,38.98744444,-118.8201389,1,NAD83, 4191, 25,NGVD29,16050303,qw,00405,,0,,wat,INN,33548,0,2007-07-12,2007-07-12,1
USGS,385915118491301,110A N13 E28 14CADA1    SCHURZ NW,GW,38.98744444,-118.8201389,1,NAD83, 4191, 25,NGVD29,16050303,qw,00900,,0,,wat,PHY,1640416,0,2007-07-12,2007-07-12,1
USGS,385915118491301,110A N13 E28 14CADA1    SCHURZ NW,GW,38.98744444,-118.8201389,1,NAD83, 4191, 25,NGVD29,16050303,qw,00915,,0,,wat,INM,150268,0,2007-07-12,2007-07-12,1
USGS,385915118491301,110A N13 E28 14CADA1    SCHURZ NW,GW,38.98744444,-118.8201389,1,NAD83, 4191, 25,NGVD29,16050303,qw,00925,,0,,wat,INM,149617,0,2007-07-12,2007-07-12,1
USGS,385915118491301,110A N13 E28 14CADA1    SCHURZ NW,GW,38.98744444,-118.8201389,1,NAD83, 4191, 25,NGVD29,16050303,qw,00930,,0,,wat,INM,149856,0,2007-07-12,2007-07-12,1
USGS,385915118491301,110A N13 E28 14CADA1    SCHURZ NW,GW,38.98744444,-118.8201389,1,NAD83, 4191, 25,NGVD29,16050303,qw,00931,,0,,wat,INM,1640523,0,2007-07-12,2007-07-12,1
USGS,385915118491301,110A N13 E28 14CADA1    SCHURZ NW,GW,38.98744444,-118.8201389,1,NAD83, 4191, 25,NGVD29,16050303,qw,00932,,0,,wat,INM,1646660,0,2007-07-12,2007-07-12,1
USGS,385915118491301,110A N13 E28 14CADA1    SCHURZ NW,GW,38.98744444,-118.8201389,1,NAD83, 4191, 25,NGVD29,16050303,qw,00935,,0,,wat,INM,149740,0,2007-07-12,2007-07-12,1
USGS,385915118491301,110A N13 E28 14CADA1    SCHURZ NW,GW,38.98744444,-118.8201389,1,NAD83, 4191, 25,NGVD29,16050303,qw,00940,,0,,wat,INN,205955,0,2007-07-12,2007-07-12,1
USGS,385915118491301,110A N13 E28 14CADA1    SCHURZ NW,GW,38.98744444,-118.8201389,1,NAD83, 4191, 25,NGVD29,16050303,qw,00945,,0,,wat,INN,197301,0,2007-07-12,2007-07-12,1
USGS,385915118491301,110A N13 E28 14CADA1    SCHURZ NW,GW,38.98744444,-118.8201389,1,NAD83, 4191, 25,NGVD29,16050303,qw,00950,,0,,wat,INN,206706,0,2007-07-12,2007-07-12,1
USGS,385915118491301,110A N13 E28 14CADA1    SCHURZ NW,GW,38.98744444,-118.8201389,1,NAD83, 4191, 25,NGVD29,16050303,qw,00955,,0,,wat,INN,151977,0,2007-07-12,2007-07-12,1
USGS,385915118491301,110A N13 E28 14CADA1    SCHURZ NW,GW,38.98744444,-118.8201389,1,NAD83, 4191, 25,NGVD29,16050303,qw,01046,,0,,wat,IMM,149559,0,2007-07-12,2007-07-12,1
USGS,385915118491301,110A N13 E28 14CADA1    SCHURZ NW,GW,38.98744444,-118.8201389,1,NAD83, 4191, 25,NGVD29,16050303,qw,01056,,0,,wat,IMM,149625,0,2007-07-12,2007-07-12,1
USGS,385915118491301,110A N13 E28 14CADA1    SCHURZ NW,GW,38.98744444,-118.8201389,1,NAD83, 4191, 25,NGVD29,16050303,qw,22603,,0,,wat,RAD,150185,0,2007-07-12,2007-07-12,1
USGS,385915118491301,110A N13 E28 14CADA1    SCHURZ NW,GW,38.98744444,-118.8201389,1,NAD83, 4191, 25,NGVD29,16050303,qw,22610,,0,,wat,RAD,192708,0,2007-07-12,2007-07-12,1
USGS,385915118491301,110A N13 E28 14CADA1    SCHURZ NW,GW,38.98744444,-118.8201389,1,NAD83, 4191, 25,NGVD29,16050303,qw,22620,,0,,wat,RAD,198606,0,2007-07-12,2007-07-12,1
USGS,385915118491301,110A N13 E28 14CADA1    SCHURZ NW,GW,38.98744444,-118.8201389,1,NAD83, 4191, 25,NGVD29,16050303,qw,29801,,0,,wat,INN,1640192,0,2007-07-12,2007-07-12,1
USGS,385915118491301,110A N13 E28 14CADA1    SCHURZ NW,GW,38.98744444,-118.8201389,1,NAD83, 4191, 25,NGVD29,16050303,qw,30210,,0,,wat,PHY,1642040,0,2007-07-12,2007-07-12,1
USGS,385915118491301,110A N13 E28 14CADA1    SCHURZ NW,GW,38.98744444,-118.8201389,1,NAD83, 4191, 25,NGVD29,16050303,qw,49932,,0,,wat,ISO,967356,0,2007-07-12,2007-07-12,1
USGS,385915118491301,110A N13 E28 14CADA1    SCHURZ NW,GW,38.98744444,-118.8201389,1,NAD83, 4191, 25,NGVD29,16050303,qw,70300,,0,,wat,PHY,1642222,0,2007-07-12,2007-07-12,1
USGS,385915118491301,110A N13 E28 14CADA1    SCHURZ NW,GW,38.98744444,-118.8201389,1,NAD83, 4191, 25,NGVD29,16050303,qw,70301,,0,,wat,PHY,1642222,0,2007-07-12,2007-07-12,1
USGS,385915118491301,110A N13 E28 14CADA1    SCHURZ NW,GW,38.98744444,-118.8201389,1,NAD83, 4191, 25,NGVD29,16050303,qw,70303,,0,,wat,PHY,1642222,0,2007-07-12,2007-07-12,1
USGS,385915118491301,110A N13 E28 14CADA1    SCHURZ NW,GW,38.98744444,-118.8201389,1,NAD83, 4191, 25,NGVD29,16050303,qw,71870,,0,,wat,INN,227538,0,2007-07-12,2007-07-12,1
USGS,385915118491301,110A N13 E28 14CADA1    SCHURZ NW,GW,38.98744444,-118.8201389,1,NAD83, 4191, 25,NGVD29,16050303,qw,72019,,0,,wat,PHY,1642008,0,2007-07-12,2007-07-12,1
USGS,385915118491301,110A N13 E28 14CADA1    SCHURZ NW,GW,38.98744444,-118.8201389,1,NAD83, 4191, 25,NGVD29,16050303,qw,82082,,0,,wat,ISO,1642107,0,2007-07-12,2007-07-12,2
USGS,385915118491301,110A N13 E28 14CADA1    SCHURZ NW,GW,38.98744444,-118.8201389,1,NAD83, 4191, 25,NGVD29,16050303,qw,82085,,0,,wat,ISO,967034,0,2007-07-12,2007-07-12,2
USGS,385915118491301,110A N13 E28 14CADA1    SCHURZ NW,GW,38.98744444,-118.8201389,1,NAD83, 4191, 25,NGVD29,16050303,qw,90095,,0,,wat,PHY,1646694,0,2007-07-12,2007-07-12,1
USGS,385918119070001,108  N13 E26 18DBCB1,GW,38.9883611,-119.1165278,1,NAD83, 4380, 15,NGVD29,16050303,ad,,,0,,wat,,0,0,2005,2007,3
USGS,385918119070001,108  N13 E26 18DBCB1,GW,38.9883611,-119.1165278,1,NAD83, 4380, 15,NGVD29,16050303,gw,62610,,0,,wat,,1642461,0,2004-02-27,2012-12-11,8
USGS,385918119070001,108  N13 E26 18DBCB1,GW,38.9883611,-119.1165278,1,NAD83, 4380, 15,NGVD29,16050303,gw,62611,,0,,wat,,1642461,0,2004-02-27,2012-12-11,8
USGS,385918119070001,108  N13 E26 18DBCB1,GW,38.9883611,-119.1165278,1,NAD83, 4380, 15,NGVD29,16050303,gw,72019,,0,,wat,,1642008,0,2004-02-27,2012-12-11,8
USGS,385924119083301,108  N13 E25 14BC  2    Yerington High School,GW,38.98991779,-119.1434862,M,NAD83, 4379.,1,NGVD29,16050303,gw,62610,,0,,wat,,1642461,0,1966-03-07,1966-03-07,1
USGS,385924119083301,108  N13 E25 14BC  2    Yerington High School,GW,38.98991779,-119.1434862,M,NAD83, 4379.,1,NGVD29,16050303,gw,62611,,0,,wat,,1642461,0,1966-03-07,1966-03-07,1
USGS,385924119083301,108  N13 E25 14BC  2    Yerington High School,GW,38.98991779,-119.1434862,M,NAD83, 4379.,1,NGVD29,16050303,gw,72019,,0,,wat,,1642008,0,1966-03-07,1966-03-07,1
USGS,385924119100601,108  N13 E25 16AD  1,GW,38.9899175,-119.16932,M,NAD83, 4395.,1,NGVD29,16050303,gw,62610,,0,,wat,,1642461,0,1966-03-28,1966-03-28,1
USGS,385924119100601,108  N13 E25 16AD  1,GW,38.9899175,-119.16932,M,NAD83, 4395.,1,NGVD29,16050303,gw,62611,,0,,wat,,1642461,0,1966-03-28,1966-03-28,1
USGS,385924119100601,108  N13 E25 16AD  1,GW,38.9899175,-119.16932,M,NAD83, 4395.,1,NGVD29,16050303,gw,72019,,0,,wat,,1642008,0,1966-03-28,1966-03-28,1
USGS,385929119065901,108  N13 E26 18ACCB1,GW,38.9915,-119.1164444,1,NAD83, 4377, 25,NGVD29,16050303,ad,,,0,,wat,,0,0,2005,2007,3
USGS,385929119065901,108  N13 E26 18ACCB1,GW,38.9915,-119.1164444,1,NAD83, 4377, 25,NGVD29,16050303,gw,62610,,0,,wat,,1642461,0,2004-02-27,2014-03-06,14
USGS,385929119065901,108  N13 E26 18ACCB1,GW,38.9915,-119.1164444,1,NAD83, 4377, 25,NGVD29,16050303,gw,62611,,0,,wat,,1642461,0,2004-02-27,2014-03-06,14
USGS,385929119065901,108  N13 E26 18ACCB1,GW,38.9915,-119.1164444,1,NAD83, 4377, 25,NGVD29,16050303,gw,72019,,0,,wat,,1642008,0,2004-02-27,2014-03-06,14
USGS,385930118373101,110A N13 E30 15BCBC1    AQUADUCT,GW,38.99152778,-118.6253333,1,NAD83, 4069, 15,NGVD29,16050303,ad,,,0,,wat,,0,0,2005,2008,4
USGS,385930118373101,110A N13 E30 15BCBC1    AQUADUCT,GW,38.99152778,-118.6253333,1,NAD83, 4069, 15,NGVD29,16050303,aw,,,0,,wat,,0,0,2004,2021,76
USGS,385930118373101,110A N13 E30 15BCBC1    AQUADUCT,GW,38.99152778,-118.6253333,1,NAD83, 4069, 15,NGVD29,16050303,gw,62610,,0,,wat,,1642461,0,2004-12-13,2023-03-08,80
USGS,385930118373101,110A N13 E30 15BCBC1    AQUADUCT,GW,38.99152778,-118.6253333,1,NAD83, 4069, 15,NGVD29,16050303,gw,62611,,0,,wat,,1642461,0,2004-12-13,2023-03-08,80
USGS,385930118373101,110A N13 E30 15BCBC1    AQUADUCT,GW,38.99152778,-118.6253333,1,NAD83, 4069, 15,NGVD29,16050303,gw,72019,,0,,wat,,1642008,0,2004-12-13,2023-03-08,80
USGS,385930119094001,108  N13 E25 14BC  1    Yerington High School,GW,38.99158427,-119.1620976,M,NAD83, 4380.,1,NGVD29,16050303,gw,62610,,0,,wat,,1642461,0,1961-10-13,1967-03-10,5
USGS,385930119094001,108  N13 E25 14BC  1    Yerington High School,GW,38.99158427,-119.1620976,M,NAD83, 4380.,1,NGVD29,16050303,gw,62611,,0,,wat,,1642461,0,1961-10-13,1967-03-10,5
USGS,385930119094001,108  N13 E25 14BC  1    Yerington High School,GW,38.99158427,-119.1620976,M,NAD83, 4380.,1,NGVD29,16050303,gw,72019,,0,,wat,,1642008,0,1961-10-13,1967-03-10,5
USGS,385932118570101,108  N13 E27 16AD  1,GW,38.99214189,-118.9512603,M,NAD83, 5528.,35.,NGVD29,16050303,gw,62610,,0,,wat,,1642461,0,1965-08-06,1965-08-06,1
USGS,385932118570101,108  N13 E27 16AD  1,GW,38.99214189,-118.9512603,M,NAD83, 5528.,35.,NGVD29,16050303,gw,62611,,0,,wat,,1642461,0,1965-08-06,1965-08-06,1
USGS,385932118570101,108  N13 E27 16AD  1,GW,38.99214189,-118.9512603,M,NAD83, 5528.,35.,NGVD29,16050303,gw,72019,,0,,wat,,1642008,0,1965-08-06,1965-08-06,1
USGS,385932119044401,108  N13 E26 17AA  1,GW,38.9921407,-119.079874,M,NAD83, 4370.,1,NGVD29,16050303,gw,62610,,0,,wat,,1642461,0,1966-03-16,1966-03-16,1
USGS,385932119044401,108  N13 E26 17AA  1,GW,38.9921407,-119.079874,M,NAD83, 4370.,1,NGVD29,16050303,gw,62611,,0,,wat,,1642461,0,1966-03-16,1966-03-16,1
USGS,385932119044401,108  N13 E26 17AA  1,GW,38.9921407,-119.079874,M,NAD83, 4370.,1,NGVD29,16050303,gw,72019,,0,,wat,,1642008,0,1966-03-16,1966-03-16,1
USGS,385932119111701,108  N13 E25 17AA  1    Anaconda Co,GW,38.9921395,-119.1890425,M,NAD83, 4480.,1,NGVD29,16050303,gw,62610,,0,,wat,,1642461,0,1960-03-22,1960-03-22,1
USGS,385932119111701,108  N13 E25 17AA  1    Anaconda Co,GW,38.9921395,-119.1890425,M,NAD83, 4480.,1,NGVD29,16050303,gw,62611,,0,,wat,,1642461,0,1960-03-22,1960-03-22,1
USGS,385932119111701,108  N13 E25 17AA  1    Anaconda Co,GW,38.9921395,-119.1890425,M,NAD83, 4480.,1,NGVD29,16050303,gw,72019,,0,,wat,,1642008,0,1960-03-22,1960-03-22,1
USGS,385934119094801,108  N13 E25 15BB  1,GW,38.99269537,-119.1643199,M,NAD83, 4378.,1,NGVD29,16050303,gw,62610,,0,,wat,,1642461,0,1966-03-28,1966-03-28,1
USGS,385934119094801,108  N13 E25 15BB  1,GW,38.99269537,-119.1643199,M,NAD83, 4378.,1,NGVD29,16050303,gw,62611,,0,,wat,,1642461,0,1966-03-28,1966-03-28,1
USGS,385934119094801,108  N13 E25 15BB  1,GW,38.99269537,-119.1643199,M,NAD83, 4378.,1,NGVD29,16050303,gw,72019,,0,,wat,,1642008,0,1966-03-28,1966-03-28,1
USGS,385934119095901,108  N13 E25 16AA  1,GW,38.9926953,-119.1673755,M,NAD83, 4395.,1,NGVD29,16050303,gw,62610,,0,,wat,,1642461,0,1966-03-28,1966-03-28,1
USGS,385934119095901,108  N13 E25 16AA  1,GW,38.9926953,-119.1673755,M,NAD83, 4395.,1,NGVD29,16050303,gw,62611,,0,,wat,,1642461,0,1966-03-28,1966-03-28,1
USGS,385934119095901,108  N13 E25 16AA  1,GW,38.9926953,-119.1673755,M,NAD83, 4395.,1,NGVD29,16050303,gw,72019,,0,,wat,,1642008,0,1966-03-28,1966-03-28,1
USGS,385939119072301,108  N13 E25 13BA  1,GW,38.9940847,-119.1240415,M,NAD83, 4375.,1,NGVD29,16050303,gw,62610,,0,,wat,,1642461,0,1966-03-16,1966-03-16,1
USGS,385939119072301,108  N13 E25 13BA  1,GW,38.9940847,-119.1240415,M,NAD83, 4375.,1,NGVD29,16050303,gw,62611,,0,,wat,,1642461,0,1966-03-16,1966-03-16,1
USGS,385939119072301,108  N13 E25 13BA  1,GW,38.9940847,-119.1240415,M,NAD83, 4375.,1,NGVD29,16050303,gw,72019,,0,,wat,,1642008,0,1966-03-16,1966-03-16,1
USGS,385946119044901,108  N13 E26 09CD  1,GW,38.99602966,-119.081263,M,NAD83, 4388.,1,NGVD29,16050303,gw,62610,,0,,wat,,1642461,0,1966-06-06,1966-06-06,1
USGS,385946119044901,108  N13 E26 09CD  1,GW,38.99602966,-119.081263,M,NAD83, 4388.,1,NGVD29,16050303,gw,62611,,0,,wat,,1642461,0,1966-06-06,1966-06-06,1
USGS,385946119044901,108  N13 E26 09CD  1,GW,38.99602966,-119.081263,M,NAD83, 4388.,1,NGVD29,16050303,gw,72019,,0,,wat,,1642008,0,1966-06-06,1966-06-06,1
USGS,385948119093001,108  N13 E25 11CC  1    Yerington Airport,GW,38.99658437,-119.1593198,M,NAD83, 4375.,1,NGVD29,16050303,gw,62610,,0,,wat,,1642461,0,1965-10-29,1965-10-29,1
USGS,385948119093001,108  N13 E25 11CC  1    Yerington Airport,GW,38.99658437,-119.1593198,M,NAD83, 4375.,1,NGVD29,16050303,gw,62611,,0,,wat,,1642461,0,1965-10-29,1965-10-29,1
USGS,385948119093001,108  N13 E25 11CC  1    Yerington Airport,GW,38.99658437,-119.1593198,M,NAD83, 4375.,1,NGVD29,16050303,gw,72019,,0,,wat,,1642008,0,1965-10-29,1965-10-29,1
USGS,385950119052601,108  N13 E26 08DD  1,GW,38.99714067,-119.0915409,M,NAD83, 4370.,1,NGVD29,16050303,gw,62610,,0,,wat,,1642461,0,1966-03-16,1966-03-16,1
USGS,385950119052601,108  N13 E26 08DD  1,GW,38.99714067,-119.0915409,M,NAD83, 4370.,1,NGVD29,16050303,gw,62611,,0,,wat,,1642461,0,1966-03-16,1966-03-16,1
USGS,385950119052601,108  N13 E26 08DD  1,GW,38.99714067,-119.0915409,M,NAD83, 4370.,1,NGVD29,16050303,gw,72019,,0,,wat,,1642008,0,1966-03-16,1966-03-16,1
USGS,385951119104001,CAMPBELL DITCH 1 SW/GW WELL,GW,38.9975,-119.1777778,H,NAD83, 4382.49, .1,NAVD88,16050303,ad,,,0,,wat,,0,0,2014,2014,1
USGS,385951119104001,CAMPBELL DITCH 1 SW/GW WELL,GW,38.9975,-119.1777778,H,NAD83, 4382.49, .1,NAVD88,16050303,dv,72019,00003,103450,,wat,,1642008,0,2012-08-02,2013-10-17,426
USGS,385951119104001,CAMPBELL DITCH 1 SW/GW WELL,GW,38.9975,-119.1777778,H,NAD83, 4382.49, .1,NAVD88,16050303,gw,62610,,0,,wat,,1642461,0,2012-07-13,2013-09-06,15
USGS,385951119104001,CAMPBELL DITCH 1 SW/GW WELL,GW,38.9975,-119.1777778,H,NAD83, 4382.49, .1,NAVD88,16050303,gw,62611,,0,,wat,,1642461,0,2012-07-13,2013-09-06,15
USGS,385951119104001,CAMPBELL DITCH 1 SW/GW WELL,GW,38.9975,-119.1777778,H,NAD83, 4382.49, .1,NAVD88,16050303,gw,72019,,0,,wat,,1642008,0,2012-07-13,2013-09-06,15
USGS,385951119104001,CAMPBELL DITCH 1 SW/GW WELL,GW,38.9975,-119.1777778,H,NAD83, 4382.49, .1,NAVD88,16050303,uv,72019,,104426,,wat,,1642008,0,2012-08-02,2013-10-17,441
USGS,385952119103902,CAMPBELL DITCH 1 SW/GW - BANK PIEZO 1,GW,38.99777778,-119.1775,H,NAD83, 4378.32, .1,NAVD88,16050303,dv,72019,00003,103452,,wat,,1642008,0,2012-03-27,2013-07-29,469
USGS,385952119103902,CAMPBELL DITCH 1 SW/GW - BANK PIEZO 1,GW,38.99777778,-119.1775,H,NAD83, 4378.32, .1,NAVD88,16050303,gw,62610,,0,,wat,,1642461,0,2012-03-26,2013-09-06,17
USGS,385952119103902,CAMPBELL DITCH 1 SW/GW - BANK PIEZO 1,GW,38.99777778,-119.1775,H,NAD83, 4378.32, .1,NAVD88,16050303,gw,62611,,0,,wat,,1642461,0,2012-03-26,2013-09-06,17
USGS,385952119103902,CAMPBELL DITCH 1 SW/GW - BANK PIEZO 1,GW,38.99777778,-119.1775,H,NAD83, 4378.32, .1,NAVD88,16050303,gw,72019,,0,,wat,,1642008,0,2012-03-26,2013-09-06,17
USGS,385954119044601,108  N13 E26 09CA  1,GW,38.9982519,-119.0804296,M,NAD83, 4388.,1,NGVD29,16050303,gw,62610,,0,,wat,,1642461,0,1966-03-16,1966-03-16,1
USGS,385954119044601,108  N13 E26 09CA  1,GW,38.9982519,-119.0804296,M,NAD83, 4388.,1,NGVD29,16050303,gw,62611,,0,,wat,,1642461,0,1966-03-16,1966-03-16,1
USGS,385954119044601,108  N13 E26 09CA  1,GW,38.9982519,-119.0804296,M,NAD83, 4388.,1,NGVD29,16050303,gw,72019,,0,,wat,,1642008,0,1966-03-16,1966-03-16,1
USGS,385954119062901,108  N13 E26 07DA  1,GW,38.9982516,-119.1090412,M,NAD83, 4365.,1,NGVD29,16050303,gw,62610,,0,,wat,,1642461,0,1961-06-23,1961-06-23,1
USGS,385954119062901,108  N13 E26 07DA  1,GW,38.9982516,-119.1090412,M,NAD83, 4365.,1,NGVD29,16050303,gw,62611,,0,,wat,,1642461,0,1961-06-23,1961-06-23,1
USGS,385954119062901,108  N13 E26 07DA  1,GW,38.9982516,-119.1090412,M,NAD83, 4365.,1,NGVD29,16050303,gw,72019,,0,,wat,,1642008,0,1961-06-23,1961-06-23,1
USGS,385954119105201,108  N13 E25 09DA  1    Drive-In Theatre,GW,38.9982508,-119.182098,M,NAD83, 4390.,1,NGVD29,16050303,gw,62610,,0,,wat,,1642461,0,1966-03-16,1966-03-16,1
USGS,385954119105201,108  N13 E25 09DA  1    Drive-In Theatre,GW,38.9982508,-119.182098,M,NAD83, 4390.,1,NGVD29,16050303,gw,62611,,0,,wat,,1642461,0,1966-03-16,1966-03-16,1
USGS,385954119105201,108  N13 E25 09DA  1    Drive-In Theatre,GW,38.9982508,-119.182098,M,NAD83, 4390.,1,NGVD29,16050303,gw,72019,,0,,wat,,1642008,0,1966-03-16,1966-03-16,1
USGS,385956118591701,108  N13 E27 08DA  1    USBLM,GW,38.9988084,-118.9890391,M,NAD83, 4885.,1,NGVD29,16050303,gw,62610,,0,,wat,,1642461,0,1942-01-01,1942-01-01,1
USGS,385956118591701,108  N13 E27 08DA  1    USBLM,GW,38.9988084,-118.9890391,M,NAD83, 4885.,1,NGVD29,16050303,gw,62611,,0,,wat,,1642461,0,1942-01-01,1942-01-01,1
USGS,385956118591701,108  N13 E27 08DA  1    USBLM,GW,38.9988084,-118.9890391,M,NAD83, 4885.,1,NGVD29,16050303,gw,72019,,0,,wat,,1642008,0,1942-01-01,1942-01-01,1
USGS,390004119053901,108  N13 E26 08AC  1,GW,39.00102956,-119.0951521,M,NAD83, 4360.,1,NGVD29,16050303,gw,62610,,0,,wat,,1642461,0,1966-03-16,1966-03-16,1
USGS,390004119053901,108  N13 E26 08AC  1,GW,39.00102956,-119.0951521,M,NAD83, 4360.,1,NGVD29,16050303,gw,62611,,0,,wat,,1642461,0,1966-03-16,1966-03-16,1
USGS,390004119053901,108  N13 E26 08AC  1,GW,39.00102956,-119.0951521,M,NAD83, 4360.,1,NGVD29,16050303,gw,72019,,0,,wat,,1642008,0,1966-03-16,1966-03-16,1
USGS,390004119103001,108  N13 E25 10CDB 1,GW,39.00102868,-119.1759868,S,NAD83, 4380, 15,NGVD29,16050303,ad,,,0,,wat,,0,0,2005,2007,3
USGS,390004119103001,108  N13 E25 10CDB 1,GW,39.00102868,-119.1759868,S,NAD83, 4380, 15,NGVD29,16050303,gw,62610,,0,,wat,,1642461,0,1960-07-08,2010-11-30,21
USGS,390004119103001,108  N13 E25 10CDB 1,GW,39.00102868,-119.1759868,S,NAD83, 4380, 15,NGVD29,16050303,gw,62611,,0,,wat,,1642461,0,1960-07-08,2010-11-30,21
USGS,390004119103001,108  N13 E25 10CDB 1,GW,39.00102868,-119.1759868,S,NAD83, 4380, 15,NGVD29,16050303,gw,72019,,0,,wat,,1642008,0,1960-07-08,2010-11-30,21
USGS,390006119043801,108  N13 E26 09AC  1,GW,39.0015853,-119.0782074,M,NAD83, 4365.,1,NGVD29,16050303,gw,62610,,0,,wat,,1642461,0,1965-06-08,1965-06-08,1
USGS,390006119043801,108  N13 E26 09AC  1,GW,39.0015853,-119.0782074,M,NAD83, 4365.,1,NGVD29,16050303,gw,62611,,0,,wat,,1642461,0,1965-06-08,1965-06-08,1
USGS,390006119043801,108  N13 E26 09AC  1,GW,39.0015853,-119.0782074,M,NAD83, 4365.,1,NGVD29,16050303,gw,72019,,0,,wat,,1642008,0,1965-06-08,1965-06-08,1
USGS,390006119043901,108  N13 E26 09DBCC1,GW,39.0015853,-119.0784852,S,NAD83, 4396, 15,NGVD29,16050303,ad,,,0,,wat,,0,0,2005,2007,3
USGS,390006119043901,108  N13 E26 09DBCC1,GW,39.0015853,-119.0784852,S,NAD83, 4396, 15,NGVD29,16050303,gw,62610,,0,,wat,,1642461,0,1956-12-15,2010-11-24,37
USGS,390006119043901,108  N13 E26 09DBCC1,GW,39.0015853,-119.0784852,S,NAD83, 4396, 15,NGVD29,16050303,gw,62611,,0,,wat,,1642461,0,1956-12-15,2010-11-24,37
USGS,390006119043901,108  N13 E26 09DBCC1,GW,39.0015853,-119.0784852,S,NAD83, 4396, 15,NGVD29,16050303,gw,72019,,0,,wat,,1642008,0,1956-12-15,2010-11-24,37
USGS,390008119093801,108  N13 E25 11CBDA1,GW,39.0021111,-119.1606389,1,NAD83, 4374, 25,NGVD29,16050303,ad,,,0,,wat,,0,0,2005,2007,3
USGS,390008119093801,108  N13 E25 11CBDA1,GW,39.0021111,-119.1606389,1,NAD83, 4374, 25,NGVD29,16050303,gw,62610,,0,,wat,,1642461,0,2004-02-27,2014-03-05,14
USGS,390008119093801,108  N13 E25 11CBDA1,GW,39.0021111,-119.1606389,1,NAD83, 4374, 25,NGVD29,16050303,gw,62611,,0,,wat,,1642461,0,2004-02-27,2014-03-05,14
USGS,390008119093801,108  N13 E25 11CBDA1,GW,39.0021111,-119.1606389,1,NAD83, 4374, 25,NGVD29,16050303,gw,72019,,0,,wat,,1642008,0,2004-02-27,2014-03-05,14
USGS,390008119093801,108  N13 E25 11CBDA1,GW,39.0021111,-119.1606389,1,NAD83, 4374, 25,NGVD29,16050303,qw,,,0,,wat,ALL,0,0,2023-06-28,2023-06-28,1
USGS,390008119093801,108  N13 E25 11CBDA1,GW,39.0021111,-119.1606389,1,NAD83, 4374, 25,NGVD29,16050303,qw,61680,,0,,wat,OPE,698704,0,2023-06-28,2023-06-28,1
USGS,390008119093801,108  N13 E25 11CBDA1,GW,39.0021111,-119.1606389,1,NAD83, 4374, 25,NGVD29,16050303,qw,61683,,0,,wat,OPE,592824,0,2023-06-28,2023-06-28,1
USGS,390008119093801,108  N13 E25 11CBDA1,GW,39.0021111,-119.1606389,1,NAD83, 4374, 25,NGVD29,16050303,qw,65065,,0,,wat,OPE,94128,0,2023-06-28,2023-06-28,1
USGS,390008119093801,108  N13 E25 11CBDA1,GW,39.0021111,-119.1606389,1,NAD83, 4374, 25,NGVD29,16050303,qw,65069,,0,,wat,OPE,3723,0,2023-06-28,2023-06-28,1
USGS,390008119093801,108  N13 E25 11CBDA1,GW,39.0021111,-119.1606389,1,NAD83, 4374, 25,NGVD29,16050303,qw,65072,,0,,wat,OPE,108852,0,2023-06-28,2023-06-28,1
USGS,390008119093801,108  N13 E25 11CBDA1,GW,39.0021111,-119.1606389,1,NAD83, 4374, 25,NGVD29,16050303,qw,65078,,0,,wat,OPE,42705,0,2023-06-28,2023-06-28,1
USGS,390008119093801,108  N13 E25 11CBDA1,GW,39.0021111,-119.1606389,1,NAD83, 4374, 25,NGVD29,16050303,qw,65085,,0,,wat,OPE,291062,0,2023-06-28,2023-06-28,1
USGS,390008119093801,108  N13 E25 11CBDA1,GW,39.0021111,-119.1606389,1,NAD83, 4374, 25,NGVD29,16050303,qw,65087,,0,,wat,OPE,31922,0,2023-06-28,2023-06-28,1
USGS,390008119093801,108  N13 E25 11CBDA1,GW,39.0021111,-119.1606389,1,NAD83, 4374, 25,NGVD29,16050303,qw,65090,,0,,wat,OPE,291013,0,2023-06-28,2023-06-28,1
USGS,390008119093801,108  N13 E25 11CBDA1,GW,39.0021111,-119.1606389,1,NAD83, 4374, 25,NGVD29,16050303,qw,65102,,0,,wat,OPE,1263,0,2023-06-28,2023-06-28,1
USGS,390008119093801,108  N13 E25 11CBDA1,GW,39.0021111,-119.1606389,1,NAD83, 4374, 25,NGVD29,16050303,qw,65105,,0,,wat,OPE,32219,0,2023-06-28,2023-06-28,1
USGS,390008119093801,108  N13 E25 11CBDA1,GW,39.0021111,-119.1606389,1,NAD83, 4374, 25,NGVD29,16050303,qw,65107,,0,,wat,OPE,248542,0,2023-06-28,2023-06-28,1
USGS,390008119093801,108  N13 E25 11CBDA1,GW,39.0021111,-119.1606389,1,NAD83, 4374, 25,NGVD29,16050303,qw,66589,,0,,wat,OPE,627422,0,2023-06-28,2023-06-28,1
USGS,390008119093801,108  N13 E25 11CBDA1,GW,39.0021111,-119.1606389,1,NAD83, 4374, 25,NGVD29,16050303,qw,66596,,0,,wat,OPE,3400,0,2023-06-28,2023-06-28,1
USGS,390008119093801,108  N13 E25 11CBDA1,GW,39.0021111,-119.1606389,1,NAD83, 4374, 25,NGVD29,16050303,qw,66598,,0,,wat,OPE,42606,0,2023-06-28,2023-06-28,1
USGS,390008119093801,108  N13 E25 11CBDA1,GW,39.0021111,-119.1606389,1,NAD83, 4374, 25,NGVD29,16050303,qw,66604,,0,,wat,OPE,621722,0,2023-06-28,2023-06-28,1
USGS,390008119093801,108  N13 E25 11CBDA1,GW,39.0021111,-119.1606389,1,NAD83, 4374, 25,NGVD29,16050303,qw,66607,,0,,wat,OPE,1735485,0,2023-06-28,2023-06-28,1
USGS,390008119093801,108  N13 E25 11CBDA1,GW,39.0021111,-119.1606389,1,NAD83, 4374, 25,NGVD29,16050303,qw,66610,,0,,wat,OPE,17131236,0,2023-06-28,2023-06-28,1
USGS,390008119093801,108  N13 E25 11CBDA1,GW,39.0021111,-119.1606389,1,NAD83, 4374, 25,NGVD29,16050303,qw,66613,,0,,wat,OPE,1735477,0,2023-06-28,2023-06-28,1
USGS,390008119093801,108  N13 E25 11CBDA1,GW,39.0021111,-119.1606389,1,NAD83, 4374, 25,NGVD29,16050303,qw,66620,,0,,wat,OPE,964304,0,2023-06-28,2023-06-28,1
USGS,390008119093801,108  N13 E25 11CBDA1,GW,39.0021111,-119.1606389,1,NAD83, 4374, 25,NGVD29,16050303,qw,66632,,0,,wat,OPE,600957,0,2023-06-28,2023-06-28,1
USGS,390008119093801,108  N13 E25 11CBDA1,GW,39.0021111,-119.1606389,1,NAD83, 4374, 25,NGVD29,16050303,qw,66643,,0,,wat,OPE,316398,0,2023-06-28,2023-06-28,1
USGS,390008119093801,108  N13 E25 11CBDA1,GW,39.0021111,-119.1606389,1,NAD83, 4374, 25,NGVD29,16050303,qw,66646,,0,,wat,OPE,17131830,0,2023-06-28,2023-06-28,1
USGS,390008119093801,108  N13 E25 11CBDA1,GW,39.0021111,-119.1606389,1,NAD83, 4374, 25,NGVD29,16050303,qw,66649,,0,,wat,OPE,699223,0,2023-06-28,2023-06-28,1
USGS,390008119093801,108  N13 E25 11CBDA1,GW,39.0021111,-119.1606389,1,NAD83, 4374, 25,NGVD29,16050303,qw,66654,,0,,wat,OPE,964221,0,2023-06-28,2023-06-28,1
USGS,390008119093801,108  N13 E25 11CBDA1,GW,39.0021111,-119.1606389,1,NAD83, 4374, 25,NGVD29,16050303,qw,66660,,0,,wat,OPE,964486,0,2023-06-28,2023-06-28,1
USGS,390008119093801,108  N13 E25 11CBDA1,GW,39.0021111,-119.1606389,1,NAD83, 4374, 25,NGVD29,16050303,qw,67702,,0,,wat,OPE,89474,0,2023-06-28,2023-06-28,1
USGS,390008119093801,108  N13 E25 11CBDA1,GW,39.0021111,-119.1606389,1,NAD83, 4374, 25,NGVD29,16050303,qw,68231,,0,,wat,OPE,0,0,2023-06-28,2023-06-28,1
USGS,390008119093801,108  N13 E25 11CBDA1,GW,39.0021111,-119.1606389,1,NAD83, 4374, 25,NGVD29,16050303,qw,68336,,0,,wat,OPE,1826891,0,2023-06-28,2023-06-28,1
USGS,390008119093801,108  N13 E25 11CBDA1,GW,39.0021111,-119.1606389,1,NAD83, 4374, 25,NGVD29,16050303,qw,68426,,0,,wat,OPE,700989,0,2023-06-28,2023-06-28,1
USGS,390008119093801,108  N13 E25 11CBDA1,GW,39.0021111,-119.1606389,1,NAD83, 4374, 25,NGVD29,16050303,qw,68437,,0,,wat,OPE,310664,0,2023-06-28,2023-06-28,1
USGS,390008119093801,108  N13 E25 11CBDA1,GW,39.0021111,-119.1606389,1,NAD83, 4374, 25,NGVD29,16050303,qw,68498,,0,,wat,OPE,0,0,2023-06-28,2023-06-28,1
USGS,390008119093801,108  N13 E25 11CBDA1,GW,39.0021111,-119.1606389,1,NAD83, 4374, 25,NGVD29,16050303,qw,68500,,0,,wat,OPE,15651,0,2023-06-28,2023-06-28,1
USGS,390008119093801,108  N13 E25 11CBDA1,GW,39.0021111,-119.1606389,1,NAD83, 4374, 25,NGVD29,16050303,qw,68519,,0,,wat,OPE,256677,0,2023-06-28,2023-06-28,1
USGS,390008119093801,108  N13 E25 11CBDA1,GW,39.0021111,-119.1606389,1,NAD83, 4374, 25,NGVD29,16050303,qw,68520,,0,,wat,OPE,266114,0,2023-06-28,2023-06-28,1
USGS,390008119093801,108  N13 E25 11CBDA1,GW,39.0021111,-119.1606389,1,NAD83, 4374, 25,NGVD29,16050303,qw,68522,,0,,wat,OPE,1736958,0,2023-06-28,2023-06-28,1
USGS,390008119093801,108  N13 E25 11CBDA1,GW,39.0021111,-119.1606389,1,NAD83, 4374, 25,NGVD29,16050303,qw,68523,,0,,wat,OPE,1736956,0,2023-06-28,2023-06-28,1
USGS,390008119093801,108  N13 E25 11CBDA1,GW,39.0021111,-119.1606389,1,NAD83, 4374, 25,NGVD29,16050303,qw,68538,,0,,wat,OPE,228676,0,2023-06-28,2023-06-28,1
USGS,390008119093801,108  N13 E25 11CBDA1,GW,39.0021111,-119.1606389,1,NAD83, 4374, 25,NGVD29,16050303,qw,68542,,0,,wat,OPE,42127,0,2023-06-28,2023-06-28,1
USGS,390008119093801,108  N13 E25 11CBDA1,GW,39.0021111,-119.1606389,1,NAD83, 4374, 25,NGVD29,16050303,qw,68543,,0,,wat,OPE,90837,0,2023-06-28,2023-06-28,1
USGS,390008119093801,108  N13 E25 11CBDA1,GW,39.0021111,-119.1606389,1,NAD83, 4374, 25,NGVD29,16050303,qw,68547,,0,,wat,OPE,115386,0,2023-06-28,2023-06-28,1
USGS,390008119093801,108  N13 E25 11CBDA1,GW,39.0021111,-119.1606389,1,NAD83, 4374, 25,NGVD29,16050303,qw,68548,,0,,wat,OPE,172767,0,2023-06-28,2023-06-28,1
USGS,390008119093801,108  N13 E25 11CBDA1,GW,39.0021111,-119.1606389,1,NAD83, 4374, 25,NGVD29,16050303,qw,68550,,0,,wat,OPE,775775,0,2023-06-28,2023-06-28,1
USGS,390008119093801,108  N13 E25 11CBDA1,GW,39.0021111,-119.1606389,1,NAD83, 4374, 25,NGVD29,16050303,qw,68552,,0,,wat,OPE,775908,0,2023-06-28,2023-06-28,1
USGS,390008119093801,108  N13 E25 11CBDA1,GW,39.0021111,-119.1606389,1,NAD83, 4374, 25,NGVD29,16050303,qw,68553,,0,,wat,OPE,0,0,2023-06-28,2023-06-28,1
USGS,390008119093801,108  N13 E25 11CBDA1,GW,39.0021111,-119.1606389,1,NAD83, 4374, 25,NGVD29,16050303,qw,68562,,0,,wat,OPE,0,0,2023-06-28,2023-06-28,1
USGS,390008119093801,108  N13 E25 11CBDA1,GW,39.0021111,-119.1606389,1,NAD83, 4374, 25,NGVD29,16050303,qw,68571,,0,,wat,OPE,94219,0,2023-06-28,2023-06-28,1
USGS,390008119093801,108  N13 E25 11CBDA1,GW,39.0021111,-119.1606389,1,NAD83, 4374, 25,NGVD29,16050303,qw,68572,,0,,wat,OPE,3681,0,2023-06-28,2023-06-28,1
USGS,390008119093801,108  N13 E25 11CBDA1,GW,39.0021111,-119.1606389,1,NAD83, 4374, 25,NGVD29,16050303,qw,68573,,0,,wat,OPE,38406,0,2023-06-28,2023-06-28,1
USGS,390008119093801,108  N13 E25 11CBDA1,GW,39.0021111,-119.1606389,1,NAD83, 4374, 25,NGVD29,16050303,qw,68576,,0,,wat,OPE,269233,0,2023-06-28,2023-06-28,1
USGS,390008119093801,108  N13 E25 11CBDA1,GW,39.0021111,-119.1606389,1,NAD83, 4374, 25,NGVD29,16050303,qw,68578,,0,,wat,OPE,17131616,0,2023-06-28,2023-06-28,1
USGS,390008119093801,108  N13 E25 11CBDA1,GW,39.0021111,-119.1606389,1,NAD83, 4374, 25,NGVD29,16050303,qw,68580,,0,,wat,OPE,600437,0,2023-06-28,2023-06-28,1
USGS,390008119093801,108  N13 E25 11CBDA1,GW,39.0021111,-119.1606389,1,NAD83, 4374, 25,NGVD29,16050303,qw,68596,,0,,wat,OPE,184630,0,2023-06-28,2023-06-28,1
USGS,390008119093801,108  N13 E25 11CBDA1,GW,39.0021111,-119.1606389,1,NAD83, 4374, 25,NGVD29,16050303,qw,68598,,0,,wat,OPE,17131723,0,2023-06-28,2023-06-28,1
USGS,390008119093801,108  N13 E25 11CBDA1,GW,39.0021111,-119.1606389,1,NAD83, 4374, 25,NGVD29,16050303,qw,68604,,0,,wat,OPE,1734922,0,2023-06-28,2023-06-28,1
USGS,390008119093801,108  N13 E25 11CBDA1,GW,39.0021111,-119.1606389,1,NAD83, 4374, 25,NGVD29,16050303,qw,68608,,0,,wat,OPE,98004,0,2023-06-28,2023-06-28,1
USGS,390008119093801,108  N13 E25 11CBDA1,GW,39.0021111,-119.1606389,1,NAD83, 4374, 25,NGVD29,16050303,qw,68622,,0,,wat,OPE,0,0,2023-06-28,2023-06-28,1
USGS,390008119093801,108  N13 E25 11CBDA1,GW,39.0021111,-119.1606389,1,NAD83, 4374, 25,NGVD29,16050303,qw,68624,,0,,wat,OPE,104976,0,2023-06-28,2023-06-28,1
USGS,390008119093801,108  N13 E25 11CBDA1,GW,39.0021111,-119.1606389,1,NAD83, 4374, 25,NGVD29,16050303,qw,68639,,0,,wat,OPE,42614,0,2023-06-28,2023-06-28,1
USGS,390008119093801,108  N13 E25 11CBDA1,GW,39.0021111,-119.1606389,1,NAD83, 4374, 25,NGVD29,16050303,qw,68644,,0,,wat,OPE,169813,0,2023-06-28,2023-06-28,1
USGS,390008119093801,108  N13 E25 11CBDA1,GW,39.0021111,-119.1606389,1,NAD83, 4374, 25,NGVD29,16050303,qw,68645,,0,,wat,OPE,205609,0,2023-06-28,2023-06-28,1
USGS,390008119093801,108  N13 E25 11CBDA1,GW,39.0021111,-119.1606389,1,NAD83, 4374, 25,NGVD29,16050303,qw,68647,,0,,wat,OPE,964635,0,2023-06-28,2023-06-28,1
USGS,390008119093801,108  N13 E25 11CBDA1,GW,39.0021111,-119.1606389,1,NAD83, 4374, 25,NGVD29,16050303,qw,68650,,0,,wat,OPE,1736964,0,2023-06-28,2023-06-28,1
USGS,390008119093801,108  N13 E25 11CBDA1,GW,39.0021111,-119.1606389,1,NAD83, 4374, 25,NGVD29,16050303,qw,68651,,0,,wat,OPE,1736962,0,2023-06-28,2023-06-28,1
USGS,390008119093801,108  N13 E25 11CBDA1,GW,39.0021111,-119.1606389,1,NAD83, 4374, 25,NGVD29,16050303,qw,68652,,0,,wat,OPE,219204,0,2023-06-28,2023-06-28,1
USGS,390008119093801,108  N13 E25 11CBDA1,GW,39.0021111,-119.1606389,1,NAD83, 4374, 25,NGVD29,16050303,qw,68659,,0,,wat,OPE,1826863,0,2023-06-28,2023-06-28,1
USGS,390008119093801,108  N13 E25 11CBDA1,GW,39.0021111,-119.1606389,1,NAD83, 4374, 25,NGVD29,16050303,qw,68660,,0,,wat,OPE,17123530,0,2023-06-28,2023-06-28,1
USGS,390008119093801,108  N13 E25 11CBDA1,GW,39.0021111,-119.1606389,1,NAD83, 4374, 25,NGVD29,16050303,qw,68663,,0,,wat,OPE,213793,0,2023-06-28,2023-06-28,1
USGS,390008119093801,108  N13 E25 11CBDA1,GW,39.0021111,-119.1606389,1,NAD83, 4374, 25,NGVD29,16050303,qw,68678,,0,,wat,OPE,37416,0,2023-06-28,2023-06-28,1
USGS,390008119093801,108  N13 E25 11CBDA1,GW,39.0021111,-119.1606389,1,NAD83, 4374, 25,NGVD29,16050303,qw,68679,,0,,wat,OPE,28928,0,2023-06-28,2023-06-28,1
USGS,390008119093801,108  N13 E25 11CBDA1,GW,39.0021111,-119.1606389,1,NAD83, 4374, 25,NGVD29,16050303,qw,68687,,0,,wat,OPE,622704,0,2023-06-28,2023-06-28,1
USGS,390008119093801,108  N13 E25 11CBDA1,GW,39.0021111,-119.1606389,1,NAD83, 4374, 25,NGVD29,16050303,qw,68688,,0,,wat,OPE,582718,0,2023-06-28,2023-06-28,1
USGS,390008119093801,108  N13 E25 11CBDA1,GW,39.0021111,-119.1606389,1,NAD83, 4374, 25,NGVD29,16050303,qw,68693,,0,,wat,OPE,606400,0,2023-06-28,2023-06-28,1
USGS,390008119093801,108  N13 E25 11CBDA1,GW,39.0021111,-119.1606389,1,NAD83, 4374, 25,NGVD29,16050303,qw,68695,,0,,wat,OPE,265652,0,2023-06-28,2023-06-28,1
USGS,390008119093801,108  N13 E25 11CBDA1,GW,39.0021111,-119.1606389,1,NAD83, 4374, 25,NGVD29,16050303,qw,68699,,0,,wat,OPE,183806,0,2023-06-28,2023-06-28,1
USGS,390008119093801,108  N13 E25 11CBDA1,GW,39.0021111,-119.1606389,1,NAD83, 4374, 25,NGVD29,16050303,qw,68703,,0,,wat,OPE,963363,0,2023-06-28,2023-06-28,1
USGS,390008119093801,108  N13 E25 11CBDA1,GW,39.0021111,-119.1606389,1,NAD83, 4374, 25,NGVD29,16050303,qw,68704,,0,,wat,OPE,0,0,2023-06-28,2023-06-28,1
USGS,390008119093801,108  N13 E25 11CBDA1,GW,39.0021111,-119.1606389,1,NAD83, 4374, 25,NGVD29,16050303,qw,68708,,0,,wat,OPE,777318,0,2023-06-28,2023-06-28,1
USGS,390008119093801,108  N13 E25 11CBDA1,GW,39.0021111,-119.1606389,1,NAD83, 4374, 25,NGVD29,16050303,qw,68712,,0,,wat,OPE,303958,0,2023-06-28,2023-06-28,1
USGS,390008119093801,108  N13 E25 11CBDA1,GW,39.0021111,-119.1606389,1,NAD83, 4374, 25,NGVD29,16050303,qw,68769,,0,,wat,OPE,294827,0,2023-06-28,2023-06-28,1
USGS,390008119093801,108  N13 E25 11CBDA1,GW,39.0021111,-119.1606389,1,NAD83, 4374, 25,NGVD29,16050303,qw,68872,,0,,wat,OPE,602326,0,2023-06-28,2023-06-28,1
USGS,390008119093801,108  N13 E25 11CBDA1,GW,39.0021111,-119.1606389,1,NAD83, 4374, 25,NGVD29,16050303,qw,68873,,0,,wat,OPE,0,0,2023-06-28,2023-06-28,1
USGS,390008119093801,108  N13 E25 11CBDA1,GW,39.0021111,-119.1606389,1,NAD83, 4374, 25,NGVD29,16050303,qw,90516,,0,,wat,INF,0,0,2023-06-28,2023-06-28,1
USGS,390008119093801,108  N13 E25 11CBDA1,GW,39.0021111,-119.1606389,1,NAD83, 4374, 25,NGVD29,16050303,qw,90517,,0,,wat,INF,0,0,2023-06-28,2023-06-28,1
USGS,390008119093801,108  N13 E25 11CBDA1,GW,39.0021111,-119.1606389,1,NAD83, 4374, 25,NGVD29,16050303,qw,90519,,0,,wat,INF,0,0,2023-06-28,2023-06-28,1
USGS,390008119093801,108  N13 E25 11CBDA1,GW,39.0021111,-119.1606389,1,NAD83, 4374, 25,NGVD29,16050303,qw,90520,,0,,wat,INF,0,0,2023-06-28,2023-06-28,1
USGS,390008119093801,108  N13 E25 11CBDA1,GW,39.0021111,-119.1606389,1,NAD83, 4374, 25,NGVD29,16050303,qw,90521,,0,,wat,INF,1736832,0,2023-06-28,2023-06-28,1
USGS,390008119093801,108  N13 E25 11CBDA1,GW,39.0021111,-119.1606389,1,NAD83, 4374, 25,NGVD29,16050303,qw,90522,,0,,wat,INF,0,0,2023-06-28,2023-06-28,1
USGS,390008119093801,108  N13 E25 11CBDA1,GW,39.0021111,-119.1606389,1,NAD83, 4374, 25,NGVD29,16050303,qw,90523,,0,,wat,INF,1736864,0,2023-06-28,2023-06-28,1
USGS,390008119093801,108  N13 E25 11CBDA1,GW,39.0021111,-119.1606389,1,NAD83, 4374, 25,NGVD29,16050303,qw,90524,,0,,wat,INF,0,0,2023-06-28,2023-06-28,1
USGS,390008119093801,108  N13 E25 11CBDA1,GW,39.0021111,-119.1606389,1,NAD83, 4374, 25,NGVD29,16050303,qw,90527,,0,,wat,INF,0,0,2023-06-28,2023-06-28,1
USGS,390008119093801,108  N13 E25 11CBDA1,GW,39.0021111,-119.1606389,1,NAD83, 4374, 25,NGVD29,16050303,qw,90529,,0,,wat,INF,0,0,2023-06-28,2023-06-28,1
USGS,390008119093801,108  N13 E25 11CBDA1,GW,39.0021111,-119.1606389,1,NAD83, 4374, 25,NGVD29,16050303,qw,90552,,0,,wat,INF,1736840,0,2023-06-28,2023-06-28,1
USGS,390008119093801,108  N13 E25 11CBDA1,GW,39.0021111,-119.1606389,1,NAD83, 4374, 25,NGVD29,16050303,qw,90553,,0,,wat,INF,0,0,2023-06-28,2023-06-28,1
USGS,390008119093801,108  N13 E25 11CBDA1,GW,39.0021111,-119.1606389,1,NAD83, 4374, 25,NGVD29,16050303,qw,90554,,0,,wat,INF,0,0,2023-06-28,2023-06-28,1
USGS,390008119093801,108  N13 E25 11CBDA1,GW,39.0021111,-119.1606389,1,NAD83, 4374, 25,NGVD29,16050303,qw,90555,,0,,wat,INF,0,0,2023-06-28,2023-06-28,1
USGS,390008119093801,108  N13 E25 11CBDA1,GW,39.0021111,-119.1606389,1,NAD83, 4374, 25,NGVD29,16050303,qw,90556,,0,,wat,INF,0,0,2023-06-28,2023-06-28,1
USGS,390008119093801,108  N13 E25 11CBDA1,GW,39.0021111,-119.1606389,1,NAD83, 4374, 25,NGVD29,16050303,qw,90558,,0,,wat,INF,0,0,2023-06-28,2023-06-28,1
USGS,390008119093801,108  N13 E25 11CBDA1,GW,39.0021111,-119.1606389,1,NAD83, 4374, 25,NGVD29,16050303,qw,90624,,0,,wat,INF,0,0,2023-06-28,2023-06-28,1
USGS,390008119093801,108  N13 E25 11CBDA1,GW,39.0021111,-119.1606389,1,NAD83, 4374, 25,NGVD29,16050303,qw,90625,,0,,wat,INF,0,0,2023-06-28,2023-06-28,1
USGS,390008119093801,108  N13 E25 11CBDA1,GW,39.0021111,-119.1606389,1,NAD83, 4374, 25,NGVD29,16050303,qw,90808,,0,,wat,INF,0,0,2023-06-28,2023-06-28,1
USGS,390011119060201,108  N13 E26 08CACA1,GW,39.00297394,-119.1015412,S,NAD83, 4367, 15,NGVD29,16050303,ad,,,0,,wat,,0,0,2005,2007,3
USGS,390011119060201,108  N13 E26 08CACA1,GW,39.00297394,-119.1015412,S,NAD83, 4367, 15,NGVD29,16050303,gw,62610,,0,,wat,,1642461,0,1973-03-01,2010-11-24,37
USGS,390011119060201,108  N13 E26 08CACA1,GW,39.00297394,-119.1015412,S,NAD83, 4367, 15,NGVD29,16050303,gw,62611,,0,,wat,,1642461,0,1973-03-01,2010-11-24,37
USGS,390011119060201,108  N13 E26 08CACA1,GW,39.00297394,-119.1015412,S,NAD83, 4367, 15,NGVD29,16050303,gw,72019,,0,,wat,,1642008,0,1973-03-01,2010-11-24,37
USGS,390012119113901,108  N13 E25 09BB  1    Anaconda Co,GW,39.0032507,-119.1951538,M,NAD83, 4365.,1,NGVD29,16050303,gw,62610,,0,,wat,,1642461,0,1959-10-30,1959-10-30,1
USGS,390012119113901,108  N13 E25 09BB  1    Anaconda Co,GW,39.0032507,-119.1951538,M,NAD83, 4365.,1,NGVD29,16050303,gw,62611,,0,,wat,,1642461,0,1959-10-30,1959-10-30,1
USGS,390012119113901,108  N13 E25 09BB  1    Anaconda Co,GW,39.0032507,-119.1951538,M,NAD83, 4365.,1,NGVD29,16050303,gw,72019,,0,,wat,,1642008,0,1959-10-30,1959-10-30,1
USGS,390018119043001,108  N13 E26 09AB  1,GW,39.00491867,-119.0759852,M,NAD83, 4355.,1,NGVD29,16050303,gw,62610,,0,,wat,,1642461,0,1966-03-16,1966-03-16,1
USGS,390018119043001,108  N13 E26 09AB  1,GW,39.00491867,-119.0759852,M,NAD83, 4355.,1,NGVD29,16050303,gw,62611,,0,,wat,,1642461,0,1966-03-16,1966-03-16,1
USGS,390018119043001,108  N13 E26 09AB  1,GW,39.00491867,-119.0759852,M,NAD83, 4355.,1,NGVD29,16050303,gw,72019,,0,,wat,,1642008,0,1966-03-16,1966-03-16,1
USGS,390026119090401,108  N13 E25 11ACBD1,GW,39.00714008,-119.1520976,S,NAD83, 4370, 15,NGVD29,16050303,ad,,,0,,wat,,0,0,2005,2007,3
USGS,390026119090401,108  N13 E25 11ACBD1,GW,39.00714008,-119.1520976,S,NAD83, 4370, 15,NGVD29,16050303,gw,62610,,0,,wat,,1642461,0,1972-05-14,2010-11-24,24
USGS,390026119090401,108  N13 E25 11ACBD1,GW,39.00714008,-119.1520976,S,NAD83, 4370, 15,NGVD29,16050303,gw,62611,,0,,wat,,1642461,0,1972-05-14,2010-11-24,24
USGS,390026119090401,108  N13 E25 11ACBD1,GW,39.00714008,-119.1520976,S,NAD83, 4370, 15,NGVD29,16050303,gw,72019,,0,,wat,,1642008,0,1972-05-14,2010-11-24,24
USGS,390033119082601,108  N13 E25 01CC  1,GW,39.00908465,-119.1415419,M,NAD83, 4366.,1,NGVD29,16050303,gw,62610,,0,,wat,,1642461,0,1966-03-16,1966-03-16,1
USGS,390033119082601,108  N13 E25 01CC  1,GW,39.00908465,-119.1415419,M,NAD83, 4366.,1,NGVD29,16050303,gw,62611,,0,,wat,,1642461,0,1966-03-16,1966-03-16,1
USGS,390033119082601,108  N13 E25 01CC  1,GW,39.00908465,-119.1415419,M,NAD83, 4366.,1,NGVD29,16050303,gw,72019,,0,,wat,,1642008,0,1966-03-16,1966-03-16,1
USGS,390039119075401,108  N13 E25 01CB  1,GW,39.0107514,-119.1326529,M,NAD83, 4363.,1,NGVD29,16050303,gw,62610,,0,,wat,,1642461,0,1965-11-01,1965-11-01,1
USGS,390039119075401,108  N13 E25 01CB  1,GW,39.0107514,-119.1326529,M,NAD83, 4363.,1,NGVD29,16050303,gw,62611,,0,,wat,,1642461,0,1965-11-01,1965-11-01,1
USGS,390039119075401,108  N13 E25 01CB  1,GW,39.0107514,-119.1326529,M,NAD83, 4363.,1,NGVD29,16050303,gw,72019,,0,,wat,,1642008,0,1965-11-01,1965-11-01,1
USGS,390041119053401,108  N13 E26 05DB  1,GW,39.0113074,-119.0937634,M,NAD83, 4356.,1,NGVD29,16050303,gw,62610,,0,,wat,,1642461,0,1966-03-16,1966-03-16,1
USGS,390041119053401,108  N13 E26 05DB  1,GW,39.0113074,-119.0937634,M,NAD83, 4356.,1,NGVD29,16050303,gw,62611,,0,,wat,,1642461,0,1966-03-16,1966-03-16,1
USGS,390041119053401,108  N13 E26 05DB  1,GW,39.0113074,-119.0937634,M,NAD83, 4356.,1,NGVD29,16050303,gw,72019,,0,,wat,,1642008,0,1966-03-16,1966-03-16,1
USGS,390047118513801,110A N13 E28 04CDC 1    LITTLE DAM DEEP,GW,39.0131111,-118.8604722,1,NAD83, 4163., 25,NGVD29,16050303,ad,,,0,,wat,,0,0,2012,2012,1
USGS,390047118513801,110A N13 E28 04CDC 1    LITTLE DAM DEEP,GW,39.0131111,-118.8604722,1,NAD83, 4163., 25,NGVD29,16050303,aw,,,0,,wat,,0,0,2010,2021,23
USGS,390047118513801,110A N13 E28 04CDC 1    LITTLE DAM DEEP,GW,39.0131111,-118.8604722,1,NAD83, 4163., 25,NGVD29,16050303,gw,62610,,0,,wat,,1642461,0,2010-09-15,2023-11-20,27
USGS,390047118513801,110A N13 E28 04CDC 1    LITTLE DAM DEEP,GW,39.0131111,-118.8604722,1,NAD83, 4163., 25,NGVD29,16050303,gw,62611,,0,,wat,,1642461,0,2010-09-15,2023-11-20,27
USGS,390047118513801,110A N13 E28 04CDC 1    LITTLE DAM DEEP,GW,39.0131111,-118.8604722,1,NAD83, 4163., 25,NGVD29,16050303,gw,72019,,0,,wat,,1642008,0,2010-09-15,2023-11-20,27
USGS,390047118513801,110A N13 E28 04CDC 1    LITTLE DAM DEEP,GW,39.0131111,-118.8604722,1,NAD83, 4163., 25,NGVD29,16050303,qw,,,0,,wat,ALL,0,0,2011-04-13,2011-11-17,2
USGS,390047118513801,110A N13 E28 04CDC 1    LITTLE DAM DEEP,GW,39.0131111,-118.8604722,1,NAD83, 4163., 25,NGVD29,16050303,qw,00003,,0,,wat,INF,0,0,2011-04-13,2011-04-13,1
USGS,390047118513801,110A N13 E28 04CDC 1    LITTLE DAM DEEP,GW,39.0131111,-118.8604722,1,NAD83, 4163., 25,NGVD29,16050303,qw,00010,,0,,wat,PHY,1645597,0,2011-04-13,2011-11-17,2
USGS,390047118513801,110A N13 E28 04CDC 1    LITTLE DAM DEEP,GW,39.0131111,-118.8604722,1,NAD83, 4163., 25,NGVD29,16050303,qw,00020,,0,,wat,PHY,1645712,0,2011-04-13,2011-04-13,1
USGS,390047118513801,110A N13 E28 04CDC 1    LITTLE DAM DEEP,GW,39.0131111,-118.8604722,1,NAD83, 4163., 25,NGVD29,16050303,qw,00025,,0,,wat,PHY,1641265,0,2011-04-13,2011-04-13,1
USGS,390047118513801,110A N13 E28 04CDC 1    LITTLE DAM DEEP,GW,39.0131111,-118.8604722,1,NAD83, 4163., 25,NGVD29,16050303,qw,00095,,0,,wat,PHY,1646694,0,2011-04-13,2011-11-17,2
USGS,390047118513801,110A N13 E28 04CDC 1    LITTLE DAM DEEP,GW,39.0131111,-118.8604722,1,NAD83, 4163., 25,NGVD29,16050303,qw,00191,,0,,wat,INN,1640572,0,2011-04-13,2011-04-13,1
USGS,390047118513801,110A N13 E28 04CDC 1    LITTLE DAM DEEP,GW,39.0131111,-118.8604722,1,NAD83, 4163., 25,NGVD29,16050303,qw,00300,,0,,wat,INN,154302,0,2011-04-13,2011-04-13,1
USGS,390047118513801,110A N13 E28 04CDC 1    LITTLE DAM DEEP,GW,39.0131111,-118.8604722,1,NAD83, 4163., 25,NGVD29,16050303,qw,00301,,0,,wat,INN,154302,0,2011-04-13,2011-04-13,1
USGS,390047118513801,110A N13 E28 04CDC 1    LITTLE DAM DEEP,GW,39.0131111,-118.8604722,1,NAD83, 4163., 25,NGVD29,16050303,qw,00400,,0,,wat,PHY,17028275,0,2011-04-13,2011-04-13,1
USGS,390047118513801,110A N13 E28 04CDC 1    LITTLE DAM DEEP,GW,39.0131111,-118.8604722,1,NAD83, 4163., 25,NGVD29,16050303,qw,00403,,0,,wat,PHY,1644335,0,2011-04-13,2011-04-13,1
USGS,390047118513801,110A N13 E28 04CDC 1    LITTLE DAM DEEP,GW,39.0131111,-118.8604722,1,NAD83, 4163., 25,NGVD29,16050303,qw,00405,,0,,wat,INN,33548,0,2011-04-13,2011-04-13,1
USGS,390047118513801,110A N13 E28 04CDC 1    LITTLE DAM DEEP,GW,39.0131111,-118.8604722,1,NAD83, 4163., 25,NGVD29,16050303,qw,00452,,0,,wat,INN,119396,0,2011-04-13,2011-04-13,1
USGS,390047118513801,110A N13 E28 04CDC 1    LITTLE DAM DEEP,GW,39.0131111,-118.8604722,1,NAD83, 4163., 25,NGVD29,16050303,qw,00453,,0,,wat,INN,4788,0,2011-04-13,2011-04-13,1
USGS,390047118513801,110A N13 E28 04CDC 1    LITTLE DAM DEEP,GW,39.0131111,-118.8604722,1,NAD83, 4163., 25,NGVD29,16050303,qw,00900,,0,,wat,PHY,1640416,0,2011-04-13,2011-04-13,1
USGS,390047118513801,110A N13 E28 04CDC 1    LITTLE DAM DEEP,GW,39.0131111,-118.8604722,1,NAD83, 4163., 25,NGVD29,16050303,qw,00915,,0,,wat,INM,150268,0,2011-04-13,2011-04-13,1
USGS,390047118513801,110A N13 E28 04CDC 1    LITTLE DAM DEEP,GW,39.0131111,-118.8604722,1,NAD83, 4163., 25,NGVD29,16050303,qw,00925,,0,,wat,INM,149617,0,2011-04-13,2011-04-13,1
USGS,390047118513801,110A N13 E28 04CDC 1    LITTLE DAM DEEP,GW,39.0131111,-118.8604722,1,NAD83, 4163., 25,NGVD29,16050303,qw,00930,,0,,wat,INM,149856,0,2011-04-13,2011-04-13,1
USGS,390047118513801,110A N13 E28 04CDC 1    LITTLE DAM DEEP,GW,39.0131111,-118.8604722,1,NAD83, 4163., 25,NGVD29,16050303,qw,00931,,0,,wat,INM,1640523,0,2011-04-13,2011-04-13,1
USGS,390047118513801,110A N13 E28 04CDC 1    LITTLE DAM DEEP,GW,39.0131111,-118.8604722,1,NAD83, 4163., 25,NGVD29,16050303,qw,00932,,0,,wat,INM,1646660,0,2011-04-13,2011-04-13,1
USGS,390047118513801,110A N13 E28 04CDC 1    LITTLE DAM DEEP,GW,39.0131111,-118.8604722,1,NAD83, 4163., 25,NGVD29,16050303,qw,00935,,0,,wat,INM,149740,0,2011-04-13,2011-04-13,1
USGS,390047118513801,110A N13 E28 04CDC 1    LITTLE DAM DEEP,GW,39.0131111,-118.8604722,1,NAD83, 4163., 25,NGVD29,16050303,qw,00940,,0,,wat,INN,205955,0,2011-04-13,2011-04-13,1
USGS,390047118513801,110A N13 E28 04CDC 1    LITTLE DAM DEEP,GW,39.0131111,-118.8604722,1,NAD83, 4163., 25,NGVD29,16050303,qw,00945,,0,,wat,INN,197301,0,2011-04-13,2011-04-13,1
USGS,390047118513801,110A N13 E28 04CDC 1    LITTLE DAM DEEP,GW,39.0131111,-118.8604722,1,NAD83, 4163., 25,NGVD29,16050303,qw,00950,,0,,wat,INN,206706,0,2011-04-13,2011-04-13,1
USGS,390047118513801,110A N13 E28 04CDC 1    LITTLE DAM DEEP,GW,39.0131111,-118.8604722,1,NAD83, 4163., 25,NGVD29,16050303,qw,00955,,0,,wat,INN,151977,0,2011-04-13,2011-04-13,1
USGS,390047118513801,110A N13 E28 04CDC 1    LITTLE DAM DEEP,GW,39.0131111,-118.8604722,1,NAD83, 4163., 25,NGVD29,16050303,qw,01046,,0,,wat,IMM,149559,0,2011-04-13,2011-04-13,1
USGS,390047118513801,110A N13 E28 04CDC 1    LITTLE DAM DEEP,GW,39.0131111,-118.8604722,1,NAD83, 4163., 25,NGVD29,16050303,qw,01056,,0,,wat,IMM,149625,0,2011-04-13,2011-04-13,1
USGS,390047118513801,110A N13 E28 04CDC 1    LITTLE DAM DEEP,GW,39.0131111,-118.8604722,1,NAD83, 4163., 25,NGVD29,16050303,qw,39086,,0,,wat,INN,1640192,0,2011-04-13,2011-04-13,1
USGS,390047118513801,110A N13 E28 04CDC 1    LITTLE DAM DEEP,GW,39.0131111,-118.8604722,1,NAD83, 4163., 25,NGVD29,16050303,qw,50280,,0,,wat,INF,0,0,2011-11-17,2011-11-17,1
USGS,390047118513801,110A N13 E28 04CDC 1    LITTLE DAM DEEP,GW,39.0131111,-118.8604722,1,NAD83, 4163., 25,NGVD29,16050303,qw,62452,,0,,wat,IMN,710947,0,2011-04-13,2011-04-13,1
USGS,390047118513801,110A N13 E28 04CDC 1    LITTLE DAM DEEP,GW,39.0131111,-118.8604722,1,NAD83, 4163., 25,NGVD29,16050303,qw,62453,,0,,wat,IMN,17151366,0,2011-04-13,2011-04-13,1
USGS,390047118513801,110A N13 E28 04CDC 1    LITTLE DAM DEEP,GW,39.0131111,-118.8604722,1,NAD83, 4163., 25,NGVD29,16050303,qw,62454,,0,,wat,OOT,1732853,0,2011-04-13,2011-04-13,1
USGS,390047118513801,110A N13 E28 04CDC 1    LITTLE DAM DEEP,GW,39.0131111,-118.8604722,1,NAD83, 4163., 25,NGVD29,16050303,qw,62455,,0,,wat,OPE,5702,0,2011-04-13,2011-04-13,1
USGS,390047118513801,110A N13 E28 04CDC 1    LITTLE DAM DEEP,GW,39.0131111,-118.8604722,1,NAD83, 4163., 25,NGVD29,16050303,qw,70300,,0,,wat,PHY,1642222,0,2011-04-13,2011-04-13,1
USGS,390047118513801,110A N13 E28 04CDC 1    LITTLE DAM DEEP,GW,39.0131111,-118.8604722,1,NAD83, 4163., 25,NGVD29,16050303,qw,70301,,0,,wat,PHY,1642222,0,2011-04-13,2011-04-13,1
USGS,390047118513801,110A N13 E28 04CDC 1    LITTLE DAM DEEP,GW,39.0131111,-118.8604722,1,NAD83, 4163., 25,NGVD29,16050303,qw,70303,,0,,wat,PHY,1642222,0,2011-04-13,2011-04-13,1
USGS,390047118513801,110A N13 E28 04CDC 1    LITTLE DAM DEEP,GW,39.0131111,-118.8604722,1,NAD83, 4163., 25,NGVD29,16050303,qw,71870,,0,,wat,INN,227538,0,2011-04-13,2011-04-13,1
USGS,390047118513801,110A N13 E28 04CDC 1    LITTLE DAM DEEP,GW,39.0131111,-118.8604722,1,NAD83, 4163., 25,NGVD29,16050303,qw,71999,,0,,wat,INF,0,0,2011-04-13,2011-04-13,1
USGS,390047118513801,110A N13 E28 04CDC 1    LITTLE DAM DEEP,GW,39.0131111,-118.8604722,1,NAD83, 4163., 25,NGVD29,16050303,qw,82082,,0,,wat,ISO,1642107,0,2011-04-13,2011-04-13,1
USGS,390047118513801,110A N13 E28 04CDC 1    LITTLE DAM DEEP,GW,39.0131111,-118.8604722,1,NAD83, 4163., 25,NGVD29,16050303,qw,82085,,0,,wat,ISO,967034,0,2011-04-13,2011-04-13,1
USGS,390047118513801,110A N13 E28 04CDC 1    LITTLE DAM DEEP,GW,39.0131111,-118.8604722,1,NAD83, 4163., 25,NGVD29,16050303,qw,90095,,0,,wat,PHY,1646694,0,2011-04-13,2011-04-13,1
USGS,390047118513802,110A N13 E28 04CDC 2    LITTLE DAM SHALLOW,GW,39.0131111,-118.8604722,1,NAD83, 4163., 25,NGVD29,16050303,ad,,,0,,wat,,0,0,2012,2012,1
USGS,390047118513802,110A N13 E28 04CDC 2    LITTLE DAM SHALLOW,GW,39.0131111,-118.8604722,1,NAD83, 4163., 25,NGVD29,16050303,aw,,,0,,wat,,0,0,2010,2021,23
USGS,390047118513802,110A N13 E28 04CDC 2    LITTLE DAM SHALLOW,GW,39.0131111,-118.8604722,1,NAD83, 4163., 25,NGVD29,16050303,gw,62610,,0,,wat,,1642461,0,2010-09-17,2023-11-20,28
USGS,390047118513802,110A N13 E28 04CDC 2    LITTLE DAM SHALLOW,GW,39.0131111,-118.8604722,1,NAD83, 4163., 25,NGVD29,16050303,gw,62611,,0,,wat,,1642461,0,2010-09-17,2023-11-20,28
USGS,390047118513802,110A N13 E28 04CDC 2    LITTLE DAM SHALLOW,GW,39.0131111,-118.8604722,1,NAD83, 4163., 25,NGVD29,16050303,gw,72019,,0,,wat,,1642008,0,2010-09-17,2023-11-20,28
USGS,390047118513802,110A N13 E28 04CDC 2    LITTLE DAM SHALLOW,GW,39.0131111,-118.8604722,1,NAD83, 4163., 25,NGVD29,16050303,qw,,,0,,wat,ALL,0,0,2011-04-13,2011-11-17,2
USGS,390047118513802,110A N13 E28 04CDC 2    LITTLE DAM SHALLOW,GW,39.0131111,-118.8604722,1,NAD83, 4163., 25,NGVD29,16050303,qw,00003,,0,,wat,INF,0,0,2011-04-13,2011-04-13,1
USGS,390047118513802,110A N13 E28 04CDC 2    LITTLE DAM SHALLOW,GW,39.0131111,-118.8604722,1,NAD83, 4163., 25,NGVD29,16050303,qw,00010,,0,,wat,PHY,1645597,0,2011-04-13,2011-11-17,2
USGS,390047118513802,110A N13 E28 04CDC 2    LITTLE DAM SHALLOW,GW,39.0131111,-118.8604722,1,NAD83, 4163., 25,NGVD29,16050303,qw,00020,,0,,wat,PHY,1645712,0,2011-04-13,2011-04-13,1
USGS,390047118513802,110A N13 E28 04CDC 2    LITTLE DAM SHALLOW,GW,39.0131111,-118.8604722,1,NAD83, 4163., 25,NGVD29,16050303,qw,00025,,0,,wat,PHY,1641265,0,2011-04-13,2011-04-13,1
USGS,390047118513802,110A N13 E28 04CDC 2    LITTLE DAM SHALLOW,GW,39.0131111,-118.8604722,1,NAD83, 4163., 25,NGVD29,16050303,qw,00095,,0,,wat,PHY,1646694,0,2011-04-13,2011-11-17,2
USGS,390047118513802,110A N13 E28 04CDC 2    LITTLE DAM SHALLOW,GW,39.0131111,-118.8604722,1,NAD83, 4163., 25,NGVD29,16050303,qw,00191,,0,,wat,INN,1640572,0,2011-04-13,2011-04-13,1
USGS,390047118513802,110A N13 E28 04CDC 2    LITTLE DAM SHALLOW,GW,39.0131111,-118.8604722,1,NAD83, 4163., 25,NGVD29,16050303,qw,00300,,0,,wat,INN,154302,0,2011-04-13,2011-04-13,1
USGS,390047118513802,110A N13 E28 04CDC 2    LITTLE DAM SHALLOW,GW,39.0131111,-118.8604722,1,NAD83, 4163., 25,NGVD29,16050303,qw,00301,,0,,wat,INN,154302,0,2011-04-13,2011-04-13,1
USGS,390047118513802,110A N13 E28 04CDC 2    LITTLE DAM SHALLOW,GW,39.0131111,-118.8604722,1,NAD83, 4163., 25,NGVD29,16050303,qw,00400,,0,,wat,PHY,17028275,0,2011-04-13,2011-04-13,1
USGS,390047118513802,110A N13 E28 04CDC 2    LITTLE DAM SHALLOW,GW,39.0131111,-118.8604722,1,NAD83, 4163., 25,NGVD29,16050303,qw,00403,,0,,wat,PHY,1644335,0,2011-04-13,2011-04-13,1
USGS,390047118513802,110A N13 E28 04CDC 2    LITTLE DAM SHALLOW,GW,39.0131111,-118.8604722,1,NAD83, 4163., 25,NGVD29,16050303,qw,00405,,0,,wat,INN,33548,0,2011-04-13,2011-04-13,1
USGS,390047118513802,110A N13 E28 04CDC 2    LITTLE DAM SHALLOW,GW,39.0131111,-118.8604722,1,NAD83, 4163., 25,NGVD29,16050303,qw,00900,,0,,wat,PHY,1640416,0,2011-04-13,2011-04-13,1
USGS,390047118513802,110A N13 E28 04CDC 2    LITTLE DAM SHALLOW,GW,39.0131111,-118.8604722,1,NAD83, 4163., 25,NGVD29,16050303,qw,00915,,0,,wat,INM,150268,0,2011-04-13,2011-04-13,1
USGS,390047118513802,110A N13 E28 04CDC 2    LITTLE DAM SHALLOW,GW,39.0131111,-118.8604722,1,NAD83, 4163., 25,NGVD29,16050303,qw,00925,,0,,wat,INM,149617,0,2011-04-13,2011-04-13,1
USGS,390047118513802,110A N13 E28 04CDC 2    LITTLE DAM SHALLOW,GW,39.0131111,-118.8604722,1,NAD83, 4163., 25,NGVD29,16050303,qw,00930,,0,,wat,INM,149856,0,2011-04-13,2011-04-13,1
USGS,390047118513802,110A N13 E28 04CDC 2    LITTLE DAM SHALLOW,GW,39.0131111,-118.8604722,1,NAD83, 4163., 25,NGVD29,16050303,qw,00931,,0,,wat,INM,1640523,0,2011-04-13,2011-04-13,1
USGS,390047118513802,110A N13 E28 04CDC 2    LITTLE DAM SHALLOW,GW,39.0131111,-118.8604722,1,NAD83, 4163., 25,NGVD29,16050303,qw,00932,,0,,wat,INM,1646660,0,2011-04-13,2011-04-13,1
USGS,390047118513802,110A N13 E28 04CDC 2    LITTLE DAM SHALLOW,GW,39.0131111,-118.8604722,1,NAD83, 4163., 25,NGVD29,16050303,qw,00935,,0,,wat,INM,149740,0,2011-04-13,2011-04-13,1
USGS,390047118513802,110A N13 E28 04CDC 2    LITTLE DAM SHALLOW,GW,39.0131111,-118.8604722,1,NAD83, 4163., 25,NGVD29,16050303,qw,00940,,0,,wat,INN,205955,0,2011-04-13,2011-04-13,1
USGS,390047118513802,110A N13 E28 04CDC 2    LITTLE DAM SHALLOW,GW,39.0131111,-118.8604722,1,NAD83, 4163., 25,NGVD29,16050303,qw,00945,,0,,wat,INN,197301,0,2011-04-13,2011-04-13,1
USGS,390047118513802,110A N13 E28 04CDC 2    LITTLE DAM SHALLOW,GW,39.0131111,-118.8604722,1,NAD83, 4163., 25,NGVD29,16050303,qw,00950,,0,,wat,INN,206706,0,2011-04-13,2011-04-13,1
USGS,390047118513802,110A N13 E28 04CDC 2    LITTLE DAM SHALLOW,GW,39.0131111,-118.8604722,1,NAD83, 4163., 25,NGVD29,16050303,qw,00955,,0,,wat,INN,151977,0,2011-04-13,2011-04-13,1
USGS,390047118513802,110A N13 E28 04CDC 2    LITTLE DAM SHALLOW,GW,39.0131111,-118.8604722,1,NAD83, 4163., 25,NGVD29,16050303,qw,01046,,0,,wat,IMM,149559,0,2011-04-13,2011-04-13,1
USGS,390047118513802,110A N13 E28 04CDC 2    LITTLE DAM SHALLOW,GW,39.0131111,-118.8604722,1,NAD83, 4163., 25,NGVD29,16050303,qw,01056,,0,,wat,IMM,149625,0,2011-04-13,2011-04-13,1
USGS,390047118513802,110A N13 E28 04CDC 2    LITTLE DAM SHALLOW,GW,39.0131111,-118.8604722,1,NAD83, 4163., 25,NGVD29,16050303,qw,39086,,0,,wat,INN,1640192,0,2011-04-13,2011-04-13,1
USGS,390047118513802,110A N13 E28 04CDC 2    LITTLE DAM SHALLOW,GW,39.0131111,-118.8604722,1,NAD83, 4163., 25,NGVD29,16050303,qw,50280,,0,,wat,INF,0,0,2011-11-17,2011-11-17,1
USGS,390047118513802,110A N13 E28 04CDC 2    LITTLE DAM SHALLOW,GW,39.0131111,-118.8604722,1,NAD83, 4163., 25,NGVD29,16050303,qw,62452,,0,,wat,IMN,710947,0,2011-04-13,2011-04-13,1
USGS,390047118513802,110A N13 E28 04CDC 2    LITTLE DAM SHALLOW,GW,39.0131111,-118.8604722,1,NAD83, 4163., 25,NGVD29,16050303,qw,62453,,0,,wat,IMN,17151366,0,2011-04-13,2011-04-13,1
USGS,390047118513802,110A N13 E28 04CDC 2    LITTLE DAM SHALLOW,GW,39.0131111,-118.8604722,1,NAD83, 4163., 25,NGVD29,16050303,qw,62454,,0,,wat,OOT,1732853,0,2011-04-13,2011-04-13,1
USGS,390047118513802,110A N13 E28 04CDC 2    LITTLE DAM SHALLOW,GW,39.0131111,-118.8604722,1,NAD83, 4163., 25,NGVD29,16050303,qw,62455,,0,,wat,OPE,5702,0,2011-04-13,2011-04-13,1
USGS,390047118513802,110A N13 E28 04CDC 2    LITTLE DAM SHALLOW,GW,39.0131111,-118.8604722,1,NAD83, 4163., 25,NGVD29,16050303,qw,70300,,0,,wat,PHY,1642222,0,2011-04-13,2011-04-13,1
USGS,390047118513802,110A N13 E28 04CDC 2    LITTLE DAM SHALLOW,GW,39.0131111,-118.8604722,1,NAD83, 4163., 25,NGVD29,16050303,qw,70301,,0,,wat,PHY,1642222,0,2011-04-13,2011-04-13,1
USGS,390047118513802,110A N13 E28 04CDC 2    LITTLE DAM SHALLOW,GW,39.0131111,-118.8604722,1,NAD83, 4163., 25,NGVD29,16050303,qw,70303,,0,,wat,PHY,1642222,0,2011-04-13,2011-04-13,1
USGS,390047118513802,110A N13 E28 04CDC 2    LITTLE DAM SHALLOW,GW,39.0131111,-118.8604722,1,NAD83, 4163., 25,NGVD29,16050303,qw,71870,,0,,wat,INN,227538,0,2011-04-13,2011-04-13,1
USGS,390047118513802,110A N13 E28 04CDC 2    LITTLE DAM SHALLOW,GW,39.0131111,-118.8604722,1,NAD83, 4163., 25,NGVD29,16050303,qw,71999,,0,,wat,INF,0,0,2011-04-13,2011-04-13,1
USGS,390047118513802,110A N13 E28 04CDC 2    LITTLE DAM SHALLOW,GW,39.0131111,-118.8604722,1,NAD83, 4163., 25,NGVD29,16050303,qw,82082,,0,,wat,ISO,1642107,0,2011-04-13,2011-04-13,1
USGS,390047118513802,110A N13 E28 04CDC 2    LITTLE DAM SHALLOW,GW,39.0131111,-118.8604722,1,NAD83, 4163., 25,NGVD29,16050303,qw,82085,,0,,wat,ISO,967034,0,2011-04-13,2011-04-13,1
USGS,390047118513802,110A N13 E28 04CDC 2    LITTLE DAM SHALLOW,GW,39.0131111,-118.8604722,1,NAD83, 4163., 25,NGVD29,16050303,qw,90095,,0,,wat,PHY,1646694,0,2011-04-13,2011-04-13,1
USGS,390049118464801,110A N13 E29 07ACCA1    CALICO HILLS,GW,39.0059722,-118.7812222,1,NAD83, 4231, 25,NGVD29,16050303,ad,,,0,,wat,,0,0,2005,2007,3
USGS,390049118464801,110A N13 E29 07ACCA1    CALICO HILLS,GW,39.0059722,-118.7812222,1,NAD83, 4231, 25,NGVD29,16050303,aw,,,0,,wat,,0,0,2004,2020,25
USGS,390049118464801,110A N13 E29 07ACCA1    CALICO HILLS,GW,39.0059722,-118.7812222,1,NAD83, 4231, 25,NGVD29,16050303,gw,62610,,0,,wat,,1642461,0,2004-11-17,2023-03-08,29
USGS,390049118464801,110A N13 E29 07ACCA1    CALICO HILLS,GW,39.0059722,-118.7812222,1,NAD83, 4231, 25,NGVD29,16050303,gw,62611,,0,,wat,,1642461,0,2004-11-17,2023-03-08,29
USGS,390049118464801,110A N13 E29 07ACCA1    CALICO HILLS,GW,39.0059722,-118.7812222,1,NAD83, 4231, 25,NGVD29,16050303,gw,72019,,0,,wat,,1642008,0,2004-11-17,2023-03-08,29
USGS,390049118464801,110A N13 E29 07ACCA1    CALICO HILLS,GW,39.0059722,-118.7812222,1,NAD83, 4231, 25,NGVD29,16050303,qw,,,0,,wat,ALL,0,0,2006-08-08,2006-08-08,1
USGS,390049118464801,110A N13 E29 07ACCA1    CALICO HILLS,GW,39.0059722,-118.7812222,1,NAD83, 4231, 25,NGVD29,16050303,qw,00003,,0,,wat,INF,0,0,2006-08-08,2006-08-08,1
USGS,390049118464801,110A N13 E29 07ACCA1    CALICO HILLS,GW,39.0059722,-118.7812222,1,NAD83, 4231, 25,NGVD29,16050303,qw,00010,,0,,wat,PHY,1645597,0,2006-08-08,2006-08-08,1
USGS,390049118464801,110A N13 E29 07ACCA1    CALICO HILLS,GW,39.0059722,-118.7812222,1,NAD83, 4231, 25,NGVD29,16050303,qw,00025,,0,,wat,PHY,1641265,0,2006-08-08,2006-08-08,1
USGS,390049118464801,110A N13 E29 07ACCA1    CALICO HILLS,GW,39.0059722,-118.7812222,1,NAD83, 4231, 25,NGVD29,16050303,qw,00028,,0,,wat,INF,0,0,2006-08-08,2006-08-08,1
USGS,390049118464801,110A N13 E29 07ACCA1    CALICO HILLS,GW,39.0059722,-118.7812222,1,NAD83, 4231, 25,NGVD29,16050303,qw,00059,,0,,wat,PHY,1643253,0,2006-08-08,2006-08-08,1
USGS,390049118464801,110A N13 E29 07ACCA1    CALICO HILLS,GW,39.0059722,-118.7812222,1,NAD83, 4231, 25,NGVD29,16050303,qw,00095,,0,,wat,PHY,1646694,0,2006-08-08,2006-08-08,1
USGS,390049118464801,110A N13 E29 07ACCA1    CALICO HILLS,GW,39.0059722,-118.7812222,1,NAD83, 4231, 25,NGVD29,16050303,qw,00191,,0,,wat,INN,1640572,0,2006-08-08,2006-08-08,1
USGS,390049118464801,110A N13 E29 07ACCA1    CALICO HILLS,GW,39.0059722,-118.7812222,1,NAD83, 4231, 25,NGVD29,16050303,qw,00300,,0,,wat,INN,154302,0,2006-08-08,2006-08-08,1
USGS,390049118464801,110A N13 E29 07ACCA1    CALICO HILLS,GW,39.0059722,-118.7812222,1,NAD83, 4231, 25,NGVD29,16050303,qw,00301,,0,,wat,INN,154302,0,2006-08-08,2006-08-08,1
USGS,390049118464801,110A N13 E29 07ACCA1    CALICO HILLS,GW,39.0059722,-118.7812222,1,NAD83, 4231, 25,NGVD29,16050303,qw,00400,,0,,wat,PHY,17028275,0,2006-08-08,2006-08-08,1
USGS,390049118464801,110A N13 E29 07ACCA1    CALICO HILLS,GW,39.0059722,-118.7812222,1,NAD83, 4231, 25,NGVD29,16050303,qw,00403,,0,,wat,PHY,1644335,0,2006-08-08,2006-08-08,1
USGS,390049118464801,110A N13 E29 07ACCA1    CALICO HILLS,GW,39.0059722,-118.7812222,1,NAD83, 4231, 25,NGVD29,16050303,qw,00405,,0,,wat,INN,33548,0,2006-08-08,2006-08-08,1
USGS,390049118464801,110A N13 E29 07ACCA1    CALICO HILLS,GW,39.0059722,-118.7812222,1,NAD83, 4231, 25,NGVD29,16050303,qw,00900,,0,,wat,PHY,1640416,0,2006-08-08,2006-08-08,1
USGS,390049118464801,110A N13 E29 07ACCA1    CALICO HILLS,GW,39.0059722,-118.7812222,1,NAD83, 4231, 25,NGVD29,16050303,qw,00904,,0,,wat,PHY,1640432,0,2006-08-08,2006-08-08,1
USGS,390049118464801,110A N13 E29 07ACCA1    CALICO HILLS,GW,39.0059722,-118.7812222,1,NAD83, 4231, 25,NGVD29,16050303,qw,00915,,0,,wat,INM,150268,0,2006-08-08,2006-08-08,1
USGS,390049118464801,110A N13 E29 07ACCA1    CALICO HILLS,GW,39.0059722,-118.7812222,1,NAD83, 4231, 25,NGVD29,16050303,qw,00925,,0,,wat,INM,149617,0,2006-08-08,2006-08-08,1
USGS,390049118464801,110A N13 E29 07ACCA1    CALICO HILLS,GW,39.0059722,-118.7812222,1,NAD83, 4231, 25,NGVD29,16050303,qw,00930,,0,,wat,INM,149856,0,2006-08-08,2006-08-08,1
USGS,390049118464801,110A N13 E29 07ACCA1    CALICO HILLS,GW,39.0059722,-118.7812222,1,NAD83, 4231, 25,NGVD29,16050303,qw,00931,,0,,wat,INM,1640523,0,2006-08-08,2006-08-08,1
USGS,390049118464801,110A N13 E29 07ACCA1    CALICO HILLS,GW,39.0059722,-118.7812222,1,NAD83, 4231, 25,NGVD29,16050303,qw,00932,,0,,wat,INM,1646660,0,2006-08-08,2006-08-08,1
USGS,390049118464801,110A N13 E29 07ACCA1    CALICO HILLS,GW,39.0059722,-118.7812222,1,NAD83, 4231, 25,NGVD29,16050303,qw,00935,,0,,wat,INM,149740,0,2006-08-08,2006-08-08,1
USGS,390049118464801,110A N13 E29 07ACCA1    CALICO HILLS,GW,39.0059722,-118.7812222,1,NAD83, 4231, 25,NGVD29,16050303,qw,00940,,0,,wat,INN,205955,0,2006-08-08,2006-08-08,1
USGS,390049118464801,110A N13 E29 07ACCA1    CALICO HILLS,GW,39.0059722,-118.7812222,1,NAD83, 4231, 25,NGVD29,16050303,qw,00945,,0,,wat,INN,197301,0,2006-08-08,2006-08-08,1
USGS,390049118464801,110A N13 E29 07ACCA1    CALICO HILLS,GW,39.0059722,-118.7812222,1,NAD83, 4231, 25,NGVD29,16050303,qw,00950,,0,,wat,INN,206706,0,2006-08-08,2006-08-08,1
USGS,390049118464801,110A N13 E29 07ACCA1    CALICO HILLS,GW,39.0059722,-118.7812222,1,NAD83, 4231, 25,NGVD29,16050303,qw,00955,,0,,wat,INN,151977,0,2006-08-08,2006-08-08,1
USGS,390049118464801,110A N13 E29 07ACCA1    CALICO HILLS,GW,39.0059722,-118.7812222,1,NAD83, 4231, 25,NGVD29,16050303,qw,01020,,0,,wat,IMN,150011,0,2006-08-08,2006-08-08,1
USGS,390049118464801,110A N13 E29 07ACCA1    CALICO HILLS,GW,39.0059722,-118.7812222,1,NAD83, 4231, 25,NGVD29,16050303,qw,01046,,0,,wat,IMM,149559,0,2006-08-08,2006-08-08,1
USGS,390049118464801,110A N13 E29 07ACCA1    CALICO HILLS,GW,39.0059722,-118.7812222,1,NAD83, 4231, 25,NGVD29,16050303,qw,01056,,0,,wat,IMM,149625,0,2006-08-08,2006-08-08,1
USGS,390049118464801,110A N13 E29 07ACCA1    CALICO HILLS,GW,39.0059722,-118.7812222,1,NAD83, 4231, 25,NGVD29,16050303,qw,01080,,0,,wat,IMM,149864,0,2006-08-08,2006-08-08,1
USGS,390049118464801,110A N13 E29 07ACCA1    CALICO HILLS,GW,39.0059722,-118.7812222,1,NAD83, 4231, 25,NGVD29,16050303,qw,22603,,0,,wat,RAD,150185,0,2006-08-08,2006-08-08,1
USGS,390049118464801,110A N13 E29 07ACCA1    CALICO HILLS,GW,39.0059722,-118.7812222,1,NAD83, 4231, 25,NGVD29,16050303,qw,22610,,0,,wat,RAD,192708,0,2006-08-08,2006-08-08,1
USGS,390049118464801,110A N13 E29 07ACCA1    CALICO HILLS,GW,39.0059722,-118.7812222,1,NAD83, 4231, 25,NGVD29,16050303,qw,22620,,0,,wat,RAD,198606,0,2006-08-08,2006-08-08,1
USGS,390049118464801,110A N13 E29 07ACCA1    CALICO HILLS,GW,39.0059722,-118.7812222,1,NAD83, 4231, 25,NGVD29,16050303,qw,39086,,0,,wat,INN,1640192,0,2006-08-08,2006-08-08,1
USGS,390049118464801,110A N13 E29 07ACCA1    CALICO HILLS,GW,39.0059722,-118.7812222,1,NAD83, 4231, 25,NGVD29,16050303,qw,49932,,0,,wat,ISO,967356,0,2006-08-08,2006-08-08,1
USGS,390049118464801,110A N13 E29 07ACCA1    CALICO HILLS,GW,39.0059722,-118.7812222,1,NAD83, 4231, 25,NGVD29,16050303,qw,62648,,0,,wat,ISO,0,0,2006-08-08,2006-08-08,1
USGS,390049118464801,110A N13 E29 07ACCA1    CALICO HILLS,GW,39.0059722,-118.7812222,1,NAD83, 4231, 25,NGVD29,16050303,qw,70300,,0,,wat,PHY,1642222,0,2006-08-08,2006-08-08,1
USGS,390049118464801,110A N13 E29 07ACCA1    CALICO HILLS,GW,39.0059722,-118.7812222,1,NAD83, 4231, 25,NGVD29,16050303,qw,70301,,0,,wat,PHY,1642222,0,2006-08-08,2006-08-08,1
USGS,390049118464801,110A N13 E29 07ACCA1    CALICO HILLS,GW,39.0059722,-118.7812222,1,NAD83, 4231, 25,NGVD29,16050303,qw,70303,,0,,wat,PHY,1642222,0,2006-08-08,2006-08-08,1
USGS,390049118464801,110A N13 E29 07ACCA1    CALICO HILLS,GW,39.0059722,-118.7812222,1,NAD83, 4231, 25,NGVD29,16050303,qw,71870,,0,,wat,INN,227538,0,2006-08-08,2006-08-08,1
USGS,390049118464801,110A N13 E29 07ACCA1    CALICO HILLS,GW,39.0059722,-118.7812222,1,NAD83, 4231, 25,NGVD29,16050303,qw,72004,,0,,wat,INF,0,0,2006-08-08,2006-08-08,1
USGS,390049118464801,110A N13 E29 07ACCA1    CALICO HILLS,GW,39.0059722,-118.7812222,1,NAD83, 4231, 25,NGVD29,16050303,qw,75978,,0,,wat,ISO,17148297,0,2006-08-08,2006-08-08,1
USGS,390049118464801,110A N13 E29 07ACCA1    CALICO HILLS,GW,39.0059722,-118.7812222,1,NAD83, 4231, 25,NGVD29,16050303,qw,82082,,0,,wat,ISO,1642107,0,2006-08-08,2006-08-08,1
USGS,390049118464801,110A N13 E29 07ACCA1    CALICO HILLS,GW,39.0059722,-118.7812222,1,NAD83, 4231, 25,NGVD29,16050303,qw,82085,,0,,wat,ISO,967034,0,2006-08-08,2006-08-08,1
USGS,390049118464801,110A N13 E29 07ACCA1    CALICO HILLS,GW,39.0059722,-118.7812222,1,NAD83, 4231, 25,NGVD29,16050303,qw,84164,,0,,wat,INF,0,0,2006-08-08,2006-08-08,1
USGS,390049118464801,110A N13 E29 07ACCA1    CALICO HILLS,GW,39.0059722,-118.7812222,1,NAD83, 4231, 25,NGVD29,16050303,qw,90095,,0,,wat,PHY,1646694,0,2006-08-08,2006-08-08,1
USGS,390053119114701,108  N13 E25 04BC  1    Anaconda Co,GW,39.01463965,-119.1973761,M,NAD83, 4357.,1,NGVD29,16050303,gw,62610,,0,,wat,,1642461,0,1966-03-15,1966-03-15,1
USGS,390053119114701,108  N13 E25 04BC  1    Anaconda Co,GW,39.01463965,-119.1973761,M,NAD83, 4357.,1,NGVD29,16050303,gw,62611,,0,,wat,,1642461,0,1966-03-15,1966-03-15,1
USGS,390053119114701,108  N13 E25 04BC  1    Anaconda Co,GW,39.01463965,-119.1973761,M,NAD83, 4357.,1,NGVD29,16050303,gw,72019,,0,,wat,,1642008,0,1966-03-15,1966-03-15,1
USGS,390057119080001,108  N13 E25 01DBCC1,GW,39.0157514,-119.1343196,F,NAD83, 4365, 15,NGVD29,16050303,ad,,,0,,wat,,0,0,2005,2007,3
USGS,390057119080001,108  N13 E25 01DBCC1,GW,39.0157514,-119.1343196,F,NAD83, 4365, 15,NGVD29,16050303,gw,62610,,0,,wat,,1642461,0,1991-02-28,2010-11-19,17
USGS,390057119080001,108  N13 E25 01DBCC1,GW,39.0157514,-119.1343196,F,NAD83, 4365, 15,NGVD29,16050303,gw,62611,,0,,wat,,1642461,0,1991-02-28,2010-11-19,17
USGS,390057119080001,108  N13 E25 01DBCC1,GW,39.0157514,-119.1343196,F,NAD83, 4365, 15,NGVD29,16050303,gw,72019,,0,,wat,,1642008,0,1991-02-28,2010-11-19,17
USGS,390058119102001,CAMPBELL DITCH 2 SW/GW WELL,GW,39.01666667,-119.1722222,H,NAD83, 4372.10, .1,NAVD88,16050303,ad,,,0,,wat,,0,0,2014,2014,1
USGS,390058119102001,CAMPBELL DITCH 2 SW/GW WELL,GW,39.01666667,-119.1722222,H,NAD83, 4372.10, .1,NAVD88,16050303,dv,72019,00003,103454,,wat,,1642008,0,2012-08-02,2013-10-05,430
USGS,390058119102001,CAMPBELL DITCH 2 SW/GW WELL,GW,39.01666667,-119.1722222,H,NAD83, 4372.10, .1,NAVD88,16050303,gw,62610,,0,,wat,,1642461,0,2012-07-13,2013-10-18,15
USGS,390058119102001,CAMPBELL DITCH 2 SW/GW WELL,GW,39.01666667,-119.1722222,H,NAD83, 4372.10, .1,NAVD88,16050303,gw,62611,,0,,wat,,1642461,0,2012-07-13,2013-10-18,15
USGS,390058119102001,CAMPBELL DITCH 2 SW/GW WELL,GW,39.01666667,-119.1722222,H,NAD83, 4372.10, .1,NAVD88,16050303,gw,72019,,0,,wat,,1642008,0,2012-07-13,2013-10-18,15
USGS,390058119102001,CAMPBELL DITCH 2 SW/GW WELL,GW,39.01666667,-119.1722222,H,NAD83, 4372.10, .1,NAVD88,16050303,uv,72019,,104438,,wat,,1642008,0,2012-08-02,2013-10-05,429
USGS,390059119064301,108  N13 E26 06DBDC1,GW,39.0163072,-119.1129304,S,NAD83, 4358., 20,NGVD29,16050303,gw,62610,,0,,wat,,1642461,0,1961-05-18,2000-03-02,21
USGS,390059119064301,108  N13 E26 06DBDC1,GW,39.0163072,-119.1129304,S,NAD83, 4358., 20,NGVD29,16050303,gw,62611,,0,,wat,,1642461,0,1961-05-18,2000-03-02,21
USGS,390059119064301,108  N13 E26 06DBDC1,GW,39.0163072,-119.1129304,S,NAD83, 4358., 20,NGVD29,16050303,gw,72019,,0,,wat,,1642008,0,1961-05-18,2000-03-02,21
USGS,390059119102002,CAMPBELL DITCH 2 SW/GW - BANK PIEZO 1,GW,39.01638889,-119.1722222,H,NAD83, 4371.25, .1,NAVD88,16050303,gw,62610,,0,,wat,,1642461,0,2012-03-26,2013-10-18,17
USGS,390059119102002,CAMPBELL DITCH 2 SW/GW - BANK PIEZO 1,GW,39.01638889,-119.1722222,H,NAD83, 4371.25, .1,NAVD88,16050303,gw,62611,,0,,wat,,1642461,0,2012-03-26,2013-10-18,17
USGS,390059119102002,CAMPBELL DITCH 2 SW/GW - BANK PIEZO 1,GW,39.01638889,-119.1722222,H,NAD83, 4371.25, .1,NAVD88,16050303,gw,72019,,0,,wat,,1642008,0,2012-03-26,2013-10-18,17
USGS,390059119102003,CAMPBELL DITCH 2 SW/GW - BANK PIEZO 2,GW,39.01638889,-119.1722222,H,NAD83, 4372.71, .1,NAVD88,16050303,gw,62610,,0,,wat,,1642461,0,2012-03-26,2013-10-18,18
USGS,390059119102003,CAMPBELL DITCH 2 SW/GW - BANK PIEZO 2,GW,39.01638889,-119.1722222,H,NAD83, 4372.71, .1,NAVD88,16050303,gw,62611,,0,,wat,,1642461,0,2012-03-26,2013-10-18,18
USGS,390059119102003,CAMPBELL DITCH 2 SW/GW - BANK PIEZO 2,GW,39.01638889,-119.1722222,H,NAD83, 4372.71, .1,NAVD88,16050303,gw,72019,,0,,wat,,1642008,0,2012-03-26,2013-10-18,18
USGS,390100119075201,108  N13 E25 01DBDD1,GW,39.0165848,-119.1320974,F,NAD83, 4364., 20,NGVD29,16050303,gw,62610,,0,,wat,,1642461,0,1977-04-08,1992-02-25,19
USGS,390100119075201,108  N13 E25 01DBDD1,GW,39.0165848,-119.1320974,F,NAD83, 4364., 20,NGVD29,16050303,gw,62611,,0,,wat,,1642461,0,1977-04-08,1992-02-25,19
USGS,390100119075201,108  N13 E25 01DBDD1,GW,39.0165848,-119.1320974,F,NAD83, 4364., 20,NGVD29,16050303,gw,72019,,0,,wat,,1642008,0,1977-04-08,1992-02-25,19
USGS,390100119102001,108  N13 E25 03BA  1,GW,39.01658436,-119.173209,M,NAD83, 4362.,1,NGVD29,16050303,gw,62610,,0,,wat,,1642461,0,1966-03-15,1966-03-15,1
USGS,390100119102001,108  N13 E25 03BA  1,GW,39.01658436,-119.173209,M,NAD83, 4362.,1,NGVD29,16050303,gw,62611,,0,,wat,,1642461,0,1966-03-15,1966-03-15,1
USGS,390100119102001,108  N13 E25 03BA  1,GW,39.01658436,-119.173209,M,NAD83, 4362.,1,NGVD29,16050303,gw,72019,,0,,wat,,1642008,0,1966-03-15,1966-03-15,1
USGS,390100119113701,108  N13 E25 04BB  1    Anaconda Co,GW,39.0165841,-119.1945983,M,NAD83, 4354.,1,NGVD29,16050303,gw,62610,,0,,wat,,1642461,0,1966-03-15,1966-03-15,1
USGS,390100119113701,108  N13 E25 04BB  1    Anaconda Co,GW,39.0165841,-119.1945983,M,NAD83, 4354.,1,NGVD29,16050303,gw,62611,,0,,wat,,1642461,0,1966-03-15,1966-03-15,1
USGS,390100119113701,108  N13 E25 04BB  1    Anaconda Co,GW,39.0165841,-119.1945983,M,NAD83, 4354.,1,NGVD29,16050303,gw,72019,,0,,wat,,1642008,0,1966-03-15,1966-03-15,1
USGS,390102119111001,108  N13 E25 04AB  1    Anaconda Co,GW,39.01713977,-119.1870982,M,NAD83, 4357.,1,NGVD29,16050303,gw,62610,,0,,wat,,1642461,0,1966-03-15,1966-03-15,1
USGS,390102119111001,108  N13 E25 04AB  1    Anaconda Co,GW,39.01713977,-119.1870982,M,NAD83, 4357.,1,NGVD29,16050303,gw,62611,,0,,wat,,1642461,0,1966-03-15,1966-03-15,1
USGS,390102119111001,108  N13 E25 04AB  1    Anaconda Co,GW,39.01713977,-119.1870982,M,NAD83, 4357.,1,NGVD29,16050303,gw,72019,,0,,wat,,1642008,0,1966-03-15,1966-03-15,1
USGS,390104119020701,108  N13 E26 02AA  1,GW,39.0176969,-119.0362626,M,NAD83, 4463.,1,NGVD29,16050303,gw,62610,,0,,wat,,1642461,0,1966-03-16,1966-03-16,1
USGS,390104119020701,108  N13 E26 02AA  1,GW,39.0176969,-119.0362626,M,NAD83, 4463.,1,NGVD29,16050303,gw,62611,,0,,wat,,1642461,0,1966-03-16,1966-03-16,1
USGS,390104119020701,108  N13 E26 02AA  1,GW,39.0176969,-119.0362626,M,NAD83, 4463.,1,NGVD29,16050303,gw,72019,,0,,wat,,1642008,0,1966-03-16,1966-03-16,1
USGS,390104119023601,108  N13 E26 02BA  1,GW,39.01769684,-119.0443183,M,NAD83, 4420.,1,NGVD29,16050303,gw,62610,,0,,wat,,1642461,0,1966-03-16,1966-03-16,1
USGS,390104119023601,108  N13 E26 02BA  1,GW,39.01769684,-119.0443183,M,NAD83, 4420.,1,NGVD29,16050303,gw,62611,,0,,wat,,1642461,0,1966-03-16,1966-03-16,1
USGS,390104119023601,108  N13 E26 02BA  1,GW,39.01769684,-119.0443183,M,NAD83, 4420.,1,NGVD29,16050303,gw,72019,,0,,wat,,1642008,0,1966-03-16,1966-03-16,1
USGS,390108119112701,108  N13 E25 04CAAB1    Seepage N Base Tailings,GW,39.0188064,-119.1918205,U,NAD83,,,,16050303,qw,,,0,,wat,ALL,0,0,1976-12-08,1976-12-08,1
USGS,390108119112701,108  N13 E25 04CAAB1    Seepage N Base Tailings,GW,39.0188064,-119.1918205,U,NAD83,,,,16050303,qw,00010,,0,,wat,PHY,1645597,0,1976-12-08,1976-12-08,1
USGS,390108119112701,108  N13 E25 04CAAB1    Seepage N Base Tailings,GW,39.0188064,-119.1918205,U,NAD83,,,,16050303,qw,00028,,0,,wat,INF,0,0,1976-12-08,1976-12-08,1
USGS,390108119112701,108  N13 E25 04CAAB1    Seepage N Base Tailings,GW,39.0188064,-119.1918205,U,NAD83,,,,16050303,qw,00061,,0,,wat,PHY,1645415,0,1976-12-08,1976-12-08,1
USGS,390108119112701,108  N13 E25 04CAAB1    Seepage N Base Tailings,GW,39.0188064,-119.1918205,U,NAD83,,,,16050303,qw,00095,,0,,wat,PHY,1646694,0,1976-12-08,1976-12-08,1
USGS,390108119112701,108  N13 E25 04CAAB1    Seepage N Base Tailings,GW,39.0188064,-119.1918205,U,NAD83,,,,16050303,qw,00191,,0,,wat,INN,1640572,0,1976-12-08,1976-12-08,1
USGS,390108119112701,108  N13 E25 04CAAB1    Seepage N Base Tailings,GW,39.0188064,-119.1918205,U,NAD83,,,,16050303,qw,00400,,0,,wat,PHY,17028275,0,1976-12-08,1976-12-08,1
USGS,390108119112701,108  N13 E25 04CAAB1    Seepage N Base Tailings,GW,39.0188064,-119.1918205,U,NAD83,,,,16050303,qw,00405,,0,,wat,INN,33548,0,1976-12-08,1976-12-08,1
USGS,390108119112701,108  N13 E25 04CAAB1    Seepage N Base Tailings,GW,39.0188064,-119.1918205,U,NAD83,,,,16050303,qw,00410,,0,,wat,INN,1640192,0,1976-12-08,1976-12-08,1
USGS,390108119112701,108  N13 E25 04CAAB1    Seepage N Base Tailings,GW,39.0188064,-119.1918205,U,NAD83,,,,16050303,qw,00435,,0,,wat,INN,1640572,0,1976-12-08,1976-12-08,1
USGS,390108119112701,108  N13 E25 04CAAB1    Seepage N Base Tailings,GW,39.0188064,-119.1918205,U,NAD83,,,,16050303,qw,00440,,0,,wat,INN,4788,0,1976-12-08,1976-12-08,1
USGS,390108119112701,108  N13 E25 04CAAB1    Seepage N Base Tailings,GW,39.0188064,-119.1918205,U,NAD83,,,,16050303,qw,00445,,0,,wat,INN,119396,0,1976-12-08,1976-12-08,1
USGS,390108119112701,108  N13 E25 04CAAB1    Seepage N Base Tailings,GW,39.0188064,-119.1918205,U,NAD83,,,,16050303,qw,00666,,0,,wat,NUT,153049,0,1976-12-08,1976-12-08,1
USGS,390108119112701,108  N13 E25 04CAAB1    Seepage N Base Tailings,GW,39.0188064,-119.1918205,U,NAD83,,,,16050303,qw,00900,,0,,wat,PHY,1640416,0,1976-12-08,1976-12-08,1
USGS,390108119112701,108  N13 E25 04CAAB1    Seepage N Base Tailings,GW,39.0188064,-119.1918205,U,NAD83,,,,16050303,qw,00902,,0,,wat,PHY,1640432,0,1976-12-08,1976-12-08,1
USGS,390108119112701,108  N13 E25 04CAAB1    Seepage N Base Tailings,GW,39.0188064,-119.1918205,U,NAD83,,,,16050303,qw,00915,,0,,wat,INM,150268,0,1976-12-08,1976-12-08,1
USGS,390108119112701,108  N13 E25 04CAAB1    Seepage N Base Tailings,GW,39.0188064,-119.1918205,U,NAD83,,,,16050303,qw,00925,,0,,wat,INM,149617,0,1976-12-08,1976-12-08,1
USGS,390108119112701,108  N13 E25 04CAAB1    Seepage N Base Tailings,GW,39.0188064,-119.1918205,U,NAD83,,,,16050303,qw,00930,,0,,wat,INM,149856,0,1976-12-08,1976-12-08,1
USGS,390108119112701,108  N13 E25 04CAAB1    Seepage N Base Tailings,GW,39.0188064,-119.1918205,U,NAD83,,,,16050303,qw,00931,,0,,wat,INM,1640523,0,1976-12-08,1976-12-08,1
USGS,390108119112701,108  N13 E25 04CAAB1    Seepage N Base Tailings,GW,39.0188064,-119.1918205,U,NAD83,,,,16050303,qw,00932,,0,,wat,INM,1646660,0,1976-12-08,1976-12-08,1
USGS,390108119112701,108  N13 E25 04CAAB1    Seepage N Base Tailings,GW,39.0188064,-119.1918205,U,NAD83,,,,16050303,qw,00935,,0,,wat,INM,149740,0,1976-12-08,1976-12-08,1
USGS,390108119112701,108  N13 E25 04CAAB1    Seepage N Base Tailings,GW,39.0188064,-119.1918205,U,NAD83,,,,16050303,qw,00940,,0,,wat,INN,205955,0,1976-12-08,1976-12-08,1
USGS,390108119112701,108  N13 E25 04CAAB1    Seepage N Base Tailings,GW,39.0188064,-119.1918205,U,NAD83,,,,16050303,qw,00945,,0,,wat,INN,197301,0,1976-12-08,1976-12-08,1
USGS,390108119112701,108  N13 E25 04CAAB1    Seepage N Base Tailings,GW,39.0188064,-119.1918205,U,NAD83,,,,16050303,qw,00950,,0,,wat,INN,206706,0,1976-12-08,1976-12-08,1
USGS,390108119112701,108  N13 E25 04CAAB1    Seepage N Base Tailings,GW,39.0188064,-119.1918205,U,NAD83,,,,16050303,qw,00955,,0,,wat,INN,151977,0,1976-12-08,1976-12-08,1
USGS,390108119112701,108  N13 E25 04CAAB1    Seepage N Base Tailings,GW,39.0188064,-119.1918205,U,NAD83,,,,16050303,qw,01000,,0,,wat,IMN,149989,0,1976-12-08,1976-12-08,1
USGS,390108119112701,108  N13 E25 04CAAB1    Seepage N Base Tailings,GW,39.0188064,-119.1918205,U,NAD83,,,,16050303,qw,01010,,0,,wat,IMM,150003,0,1976-12-08,1976-12-08,1
USGS,390108119112701,108  N13 E25 04CAAB1    Seepage N Base Tailings,GW,39.0188064,-119.1918205,U,NAD83,,,,16050303,qw,01020,,0,,wat,IMN,150011,0,1976-12-08,1976-12-08,1
USGS,390108119112701,108  N13 E25 04CAAB1    Seepage N Base Tailings,GW,39.0188064,-119.1918205,U,NAD83,,,,16050303,qw,01025,,0,,wat,IMM,150029,0,1976-12-08,1976-12-08,1
USGS,390108119112701,108  N13 E25 04CAAB1    Seepage N Base Tailings,GW,39.0188064,-119.1918205,U,NAD83,,,,16050303,qw,01030,,0,,wat,IMM,150060,0,1976-12-08,1976-12-08,1
USGS,390108119112701,108  N13 E25 04CAAB1    Seepage N Base Tailings,GW,39.0188064,-119.1918205,U,NAD83,,,,16050303,qw,01035,,0,,wat,IMM,150078,0,1976-12-08,1976-12-08,1
USGS,390108119112701,108  N13 E25 04CAAB1    Seepage N Base Tailings,GW,39.0188064,-119.1918205,U,NAD83,,,,16050303,qw,01040,,0,,wat,IMM,150086,0,1976-12-08,1976-12-08,1
USGS,390108119112701,108  N13 E25 04CAAB1    Seepage N Base Tailings,GW,39.0188064,-119.1918205,U,NAD83,,,,16050303,qw,01046,,0,,wat,IMM,149559,0,1976-12-08,1976-12-08,1
USGS,390108119112701,108  N13 E25 04CAAB1    Seepage N Base Tailings,GW,39.0188064,-119.1918205,U,NAD83,,,,16050303,qw,01049,,0,,wat,IMM,149583,0,1976-12-08,1976-12-08,1
USGS,390108119112701,108  N13 E25 04CAAB1    Seepage N Base Tailings,GW,39.0188064,-119.1918205,U,NAD83,,,,16050303,qw,01056,,0,,wat,IMM,149625,0,1976-12-08,1976-12-08,1
USGS,390108119112701,108  N13 E25 04CAAB1    Seepage N Base Tailings,GW,39.0188064,-119.1918205,U,NAD83,,,,16050303,qw,01060,,0,,wat,IMM,149641,0,1976-12-08,1976-12-08,1
USGS,390108119112701,108  N13 E25 04CAAB1    Seepage N Base Tailings,GW,39.0188064,-119.1918205,U,NAD83,,,,16050303,qw,01065,,0,,wat,IMM,149674,0,1976-12-08,1976-12-08,1
USGS,390108119112701,108  N13 E25 04CAAB1    Seepage N Base Tailings,GW,39.0188064,-119.1918205,U,NAD83,,,,16050303,qw,01075,,0,,wat,IMM,149849,0,1976-12-08,1976-12-08,1
USGS,390108119112701,108  N13 E25 04CAAB1    Seepage N Base Tailings,GW,39.0188064,-119.1918205,U,NAD83,,,,16050303,qw,01085,,0,,wat,IMM,150193,0,1976-12-08,1976-12-08,1
USGS,390108119112701,108  N13 E25 04CAAB1    Seepage N Base Tailings,GW,39.0188064,-119.1918205,U,NAD83,,,,16050303,qw,01090,,0,,wat,IMM,150235,0,1976-12-08,1976-12-08,1
USGS,390108119112701,108  N13 E25 04CAAB1    Seepage N Base Tailings,GW,39.0188064,-119.1918205,U,NAD83,,,,16050303,qw,01095,,0,,wat,IMN,149963,0,1976-12-08,1976-12-08,1
USGS,390108119112701,108  N13 E25 04CAAB1    Seepage N Base Tailings,GW,39.0188064,-119.1918205,U,NAD83,,,,16050303,qw,01106,,0,,wat,IMM,149476,0,1976-12-08,1976-12-08,1
USGS,390108119112701,108  N13 E25 04CAAB1    Seepage N Base Tailings,GW,39.0188064,-119.1918205,U,NAD83,,,,16050303,qw,01145,,0,,wat,IMN,154310,0,1976-12-08,1976-12-08,1
USGS,390108119112701,108  N13 E25 04CAAB1    Seepage N Base Tailings,GW,39.0188064,-119.1918205,U,NAD83,,,,16050303,qw,30209,,0,,wat,PHY,1645415,0,1976-12-08,1976-12-08,1
USGS,390108119112701,108  N13 E25 04CAAB1    Seepage N Base Tailings,GW,39.0188064,-119.1918205,U,NAD83,,,,16050303,qw,70300,,0,,wat,PHY,1642222,0,1976-12-08,1976-12-08,1
USGS,390108119112701,108  N13 E25 04CAAB1    Seepage N Base Tailings,GW,39.0188064,-119.1918205,U,NAD83,,,,16050303,qw,70301,,0,,wat,PHY,1642222,0,1976-12-08,1976-12-08,1
USGS,390108119112701,108  N13 E25 04CAAB1    Seepage N Base Tailings,GW,39.0188064,-119.1918205,U,NAD83,,,,16050303,qw,70302,,0,,wat,PHY,1642222,0,1976-12-08,1976-12-08,1
USGS,390108119112701,108  N13 E25 04CAAB1    Seepage N Base Tailings,GW,39.0188064,-119.1918205,U,NAD83,,,,16050303,qw,70303,,0,,wat,PHY,1642222,0,1976-12-08,1976-12-08,1
USGS,390108119112701,108  N13 E25 04CAAB1    Seepage N Base Tailings,GW,39.0188064,-119.1918205,U,NAD83,,,,16050303,qw,71825,,0,,wat,INN,1640572,0,1976-12-08,1976-12-08,1
USGS,390108119112701,108  N13 E25 04CAAB1    Seepage N Base Tailings,GW,39.0188064,-119.1918205,U,NAD83,,,,16050303,qw,71890,,0,,wat,IMM,149633,0,1976-12-08,1976-12-08,1
USGS,390108119112701,108  N13 E25 04CAAB1    Seepage N Base Tailings,GW,39.0188064,-119.1918205,U,NAD83,,,,16050303,qw,72005,,0,,wat,INF,0,0,1976-12-08,1976-12-08,1
USGS,390108119112701,108  N13 E25 04CAAB1    Seepage N Base Tailings,GW,39.0188064,-119.1918205,U,NAD83,,,,16050303,qw,80020,,0,,wat,RAD,150185,0,1976-12-08,1976-12-08,1
USGS,390108119114801,108  N13 E25 04CBAB1,GW,39.01891667,-119.1976944,1,NAD83, 4371, 25,NGVD29,16050303,ad,,,0,,wat,,0,0,2005,2007,3
USGS,390108119114801,108  N13 E25 04CBAB1,GW,39.01891667,-119.1976944,1,NAD83, 4371, 25,NGVD29,16050303,gw,62610,,0,,wat,,1642461,0,2004-03-01,2014-03-06,13
USGS,390108119114801,108  N13 E25 04CBAB1,GW,39.01891667,-119.1976944,1,NAD83, 4371, 25,NGVD29,16050303,gw,62611,,0,,wat,,1642461,0,2004-03-01,2014-03-06,13
USGS,390108119114801,108  N13 E25 04CBAB1,GW,39.01891667,-119.1976944,1,NAD83, 4371, 25,NGVD29,16050303,gw,72019,,0,,wat,,1642008,0,2004-03-01,2014-03-06,13
USGS,390108119114801,108  N13 E25 04CBAB1,GW,39.01891667,-119.1976944,1,NAD83, 4371, 25,NGVD29,16050303,qw,,,0,,wat,ALL,0,0,1979-04-01,1979-04-01,1
USGS,390108119114801,108  N13 E25 04CBAB1,GW,39.01891667,-119.1976944,1,NAD83, 4371, 25,NGVD29,16050303,qw,00028,,0,,wat,INF,0,0,1979-04-01,1979-04-01,1
USGS,390108119114801,108  N13 E25 04CBAB1,GW,39.01891667,-119.1976944,1,NAD83, 4371, 25,NGVD29,16050303,qw,00095,,0,,wat,PHY,1646694,0,1979-04-01,1979-04-01,1
USGS,390108119114801,108  N13 E25 04CBAB1,GW,39.01891667,-119.1976944,1,NAD83, 4371, 25,NGVD29,16050303,qw,00410,,0,,wat,INN,1640192,0,1979-04-01,1979-04-01,1
USGS,390108119114801,108  N13 E25 04CBAB1,GW,39.01891667,-119.1976944,1,NAD83, 4371, 25,NGVD29,16050303,qw,00440,,0,,wat,INN,4788,0,1979-04-01,1979-04-01,1
USGS,390108119114801,108  N13 E25 04CBAB1,GW,39.01891667,-119.1976944,1,NAD83, 4371, 25,NGVD29,16050303,qw,00445,,0,,wat,INN,119396,0,1979-04-01,1979-04-01,1
USGS,390108119114801,108  N13 E25 04CBAB1,GW,39.01891667,-119.1976944,1,NAD83, 4371, 25,NGVD29,16050303,qw,00900,,0,,wat,PHY,1640416,0,1979-04-01,1979-04-01,1
USGS,390108119114801,108  N13 E25 04CBAB1,GW,39.01891667,-119.1976944,1,NAD83, 4371, 25,NGVD29,16050303,qw,00902,,0,,wat,PHY,1640432,0,1979-04-01,1979-04-01,1
USGS,390108119114801,108  N13 E25 04CBAB1,GW,39.01891667,-119.1976944,1,NAD83, 4371, 25,NGVD29,16050303,qw,00915,,0,,wat,INM,150268,0,1979-04-01,1979-04-01,1
USGS,390108119114801,108  N13 E25 04CBAB1,GW,39.01891667,-119.1976944,1,NAD83, 4371, 25,NGVD29,16050303,qw,00925,,0,,wat,INM,149617,0,1979-04-01,1979-04-01,1
USGS,390108119114801,108  N13 E25 04CBAB1,GW,39.01891667,-119.1976944,1,NAD83, 4371, 25,NGVD29,16050303,qw,00930,,0,,wat,INM,149856,0,1979-04-01,1979-04-01,1
USGS,390108119114801,108  N13 E25 04CBAB1,GW,39.01891667,-119.1976944,1,NAD83, 4371, 25,NGVD29,16050303,qw,00931,,0,,wat,INM,1640523,0,1979-04-01,1979-04-01,1
USGS,390108119114801,108  N13 E25 04CBAB1,GW,39.01891667,-119.1976944,1,NAD83, 4371, 25,NGVD29,16050303,qw,00932,,0,,wat,INM,1646660,0,1979-04-01,1979-04-01,1
USGS,390108119114801,108  N13 E25 04CBAB1,GW,39.01891667,-119.1976944,1,NAD83, 4371, 25,NGVD29,16050303,qw,00935,,0,,wat,INM,149740,0,1979-04-01,1979-04-01,1
USGS,390108119114801,108  N13 E25 04CBAB1,GW,39.01891667,-119.1976944,1,NAD83, 4371, 25,NGVD29,16050303,qw,00940,,0,,wat,INN,205955,0,1979-04-01,1979-04-01,1
USGS,390108119114801,108  N13 E25 04CBAB1,GW,39.01891667,-119.1976944,1,NAD83, 4371, 25,NGVD29,16050303,qw,00945,,0,,wat,INN,197301,0,1979-04-01,1979-04-01,1
USGS,390108119114801,108  N13 E25 04CBAB1,GW,39.01891667,-119.1976944,1,NAD83, 4371, 25,NGVD29,16050303,qw,00950,,0,,wat,INN,206706,0,1979-04-01,1979-04-01,1
USGS,390108119114801,108  N13 E25 04CBAB1,GW,39.01891667,-119.1976944,1,NAD83, 4371, 25,NGVD29,16050303,qw,01000,,0,,wat,IMN,149989,0,1979-04-01,1979-04-01,1
USGS,390108119114801,108  N13 E25 04CBAB1,GW,39.01891667,-119.1976944,1,NAD83, 4371, 25,NGVD29,16050303,qw,70301,,0,,wat,PHY,1642222,0,1979-04-01,1979-04-01,1
USGS,390108119114801,108  N13 E25 04CBAB1,GW,39.01891667,-119.1976944,1,NAD83, 4371, 25,NGVD29,16050303,qw,70303,,0,,wat,PHY,1642222,0,1979-04-01,1979-04-01,1
USGS,390109119112701,108  N13 E25 04CAAA1,GW,39.01908418,-119.1918205,U,NAD83,,,,16050303,qw,,,0,,wat,ALL,0,0,1979-01-01,1979-01-01,1
USGS,390109119112701,108  N13 E25 04CAAA1,GW,39.01908418,-119.1918205,U,NAD83,,,,16050303,qw,00028,,0,,wat,INF,0,0,1979-01-01,1979-01-01,1
USGS,390109119112701,108  N13 E25 04CAAA1,GW,39.01908418,-119.1918205,U,NAD83,,,,16050303,qw,00095,,0,,wat,PHY,1646694,0,1979-01-01,1979-01-01,1
USGS,390109119112701,108  N13 E25 04CAAA1,GW,39.01908418,-119.1918205,U,NAD83,,,,16050303,qw,00410,,0,,wat,INN,1640192,0,1979-01-01,1979-01-01,1
USGS,390109119112701,108  N13 E25 04CAAA1,GW,39.01908418,-119.1918205,U,NAD83,,,,16050303,qw,00440,,0,,wat,INN,4788,0,1979-01-01,1979-01-01,1
USGS,390109119112701,108  N13 E25 04CAAA1,GW,39.01908418,-119.1918205,U,NAD83,,,,16050303,qw,00445,,0,,wat,INN,119396,0,1979-01-01,1979-01-01,1
USGS,390109119112701,108  N13 E25 04CAAA1,GW,39.01908418,-119.1918205,U,NAD83,,,,16050303,qw,00900,,0,,wat,PHY,1640416,0,1979-01-01,1979-01-01,1
USGS,390109119112701,108  N13 E25 04CAAA1,GW,39.01908418,-119.1918205,U,NAD83,,,,16050303,qw,00902,,0,,wat,PHY,1640432,0,1979-01-01,1979-01-01,1
USGS,390109119112701,108  N13 E25 04CAAA1,GW,39.01908418,-119.1918205,U,NAD83,,,,16050303,qw,00915,,0,,wat,INM,150268,0,1979-01-01,1979-01-01,1
USGS,390109119112701,108  N13 E25 04CAAA1,GW,39.01908418,-119.1918205,U,NAD83,,,,16050303,qw,00925,,0,,wat,INM,149617,0,1979-01-01,1979-01-01,1
USGS,390109119112701,108  N13 E25 04CAAA1,GW,39.01908418,-119.1918205,U,NAD83,,,,16050303,qw,00930,,0,,wat,INM,149856,0,1979-01-01,1979-01-01,1
USGS,390109119112701,108  N13 E25 04CAAA1,GW,39.01908418,-119.1918205,U,NAD83,,,,16050303,qw,00931,,0,,wat,INM,1640523,0,1979-01-01,1979-01-01,1
USGS,390109119112701,108  N13 E25 04CAAA1,GW,39.01908418,-119.1918205,U,NAD83,,,,16050303,qw,00932,,0,,wat,INM,1646660,0,1979-01-01,1979-01-01,1
USGS,390109119112701,108  N13 E25 04CAAA1,GW,39.01908418,-119.1918205,U,NAD83,,,,16050303,qw,00935,,0,,wat,INM,149740,0,1979-01-01,1979-01-01,1
USGS,390109119112701,108  N13 E25 04CAAA1,GW,39.01908418,-119.1918205,U,NAD83,,,,16050303,qw,00940,,0,,wat,INN,205955,0,1979-01-01,1979-01-01,1
USGS,390109119112701,108  N13 E25 04CAAA1,GW,39.01908418,-119.1918205,U,NAD83,,,,16050303,qw,00945,,0,,wat,INN,197301,0,1979-01-01,1979-01-01,1
USGS,390109119112701,108  N13 E25 04CAAA1,GW,39.01908418,-119.1918205,U,NAD83,,,,16050303,qw,00950,,0,,wat,INN,206706,0,1979-01-01,1979-01-01,1
USGS,390109119112701,108  N13 E25 04CAAA1,GW,39.01908418,-119.1918205,U,NAD83,,,,16050303,qw,01000,,0,,wat,IMN,149989,0,1979-01-01,1979-01-01,1
USGS,390109119112701,108  N13 E25 04CAAA1,GW,39.01908418,-119.1918205,U,NAD83,,,,16050303,qw,70301,,0,,wat,PHY,1642222,0,1979-01-01,1979-01-01,1
USGS,390109119112701,108  N13 E25 04CAAA1,GW,39.01908418,-119.1918205,U,NAD83,,,,16050303,qw,70303,,0,,wat,PHY,1642222,0,1979-01-01,1979-01-01,1
USGS,390109119115101,108  N13 E25 04CBBA1    USGS Well 2A Weed Hts,GW,39.0190841,-119.1984873,U,NAD83, 4352.40,.01,NGVD29,16050303,qw,,,0,,wat,ALL,0,0,1978-09-05,1978-09-05,1
USGS,390109119115101,108  N13 E25 04CBBA1    USGS Well 2A Weed Hts,GW,39.0190841,-119.1984873,U,NAD83, 4352.40,.01,NGVD29,16050303,qw,00028,,0,,wat,INF,0,0,1978-09-05,1978-09-05,1
USGS,390109119115101,108  N13 E25 04CBBA1    USGS Well 2A Weed Hts,GW,39.0190841,-119.1984873,U,NAD83, 4352.40,.01,NGVD29,16050303,qw,00095,,0,,wat,PHY,1646694,0,1978-09-05,1978-09-05,1
USGS,390109119115101,108  N13 E25 04CBBA1    USGS Well 2A Weed Hts,GW,39.0190841,-119.1984873,U,NAD83, 4352.40,.01,NGVD29,16050303,qw,00191,,0,,wat,INN,1640572,0,1978-09-05,1978-09-05,1
USGS,390109119115101,108  N13 E25 04CBBA1    USGS Well 2A Weed Hts,GW,39.0190841,-119.1984873,U,NAD83, 4352.40,.01,NGVD29,16050303,qw,00300,,0,,wat,INN,154302,0,1978-09-05,1978-09-05,1
USGS,390109119115101,108  N13 E25 04CBBA1    USGS Well 2A Weed Hts,GW,39.0190841,-119.1984873,U,NAD83, 4352.40,.01,NGVD29,16050303,qw,00400,,0,,wat,PHY,17028275,0,1978-09-05,1978-09-05,1
USGS,390109119115101,108  N13 E25 04CBBA1    USGS Well 2A Weed Hts,GW,39.0190841,-119.1984873,U,NAD83, 4352.40,.01,NGVD29,16050303,qw,00405,,0,,wat,INN,33548,0,1978-09-05,1978-09-05,1
USGS,390109119115101,108  N13 E25 04CBBA1    USGS Well 2A Weed Hts,GW,39.0190841,-119.1984873,U,NAD83, 4352.40,.01,NGVD29,16050303,qw,00410,,0,,wat,INN,1640192,0,1978-09-05,1978-09-05,1
USGS,390109119115101,108  N13 E25 04CBBA1    USGS Well 2A Weed Hts,GW,39.0190841,-119.1984873,U,NAD83, 4352.40,.01,NGVD29,16050303,qw,00440,,0,,wat,INN,4788,0,1978-09-05,1978-09-05,1
USGS,390109119115101,108  N13 E25 04CBBA1    USGS Well 2A Weed Hts,GW,39.0190841,-119.1984873,U,NAD83, 4352.40,.01,NGVD29,16050303,qw,00445,,0,,wat,INN,119396,0,1978-09-05,1978-09-05,1
USGS,390109119115101,108  N13 E25 04CBBA1    USGS Well 2A Weed Hts,GW,39.0190841,-119.1984873,U,NAD83, 4352.40,.01,NGVD29,16050303,qw,00666,,0,,wat,NUT,153049,0,1978-09-05,1978-09-05,1
USGS,390109119115101,108  N13 E25 04CBBA1    USGS Well 2A Weed Hts,GW,39.0190841,-119.1984873,U,NAD83, 4352.40,.01,NGVD29,16050303,qw,00900,,0,,wat,PHY,1640416,0,1978-09-05,1978-09-05,1
USGS,390109119115101,108  N13 E25 04CBBA1    USGS Well 2A Weed Hts,GW,39.0190841,-119.1984873,U,NAD83, 4352.40,.01,NGVD29,16050303,qw,00902,,0,,wat,PHY,1640432,0,1978-09-05,1978-09-05,1
USGS,390109119115101,108  N13 E25 04CBBA1    USGS Well 2A Weed Hts,GW,39.0190841,-119.1984873,U,NAD83, 4352.40,.01,NGVD29,16050303,qw,00915,,0,,wat,INM,150268,0,1978-09-05,1978-09-05,1
USGS,390109119115101,108  N13 E25 04CBBA1    USGS Well 2A Weed Hts,GW,39.0190841,-119.1984873,U,NAD83, 4352.40,.01,NGVD29,16050303,qw,00925,,0,,wat,INM,149617,0,1978-09-05,1978-09-05,1
USGS,390109119115101,108  N13 E25 04CBBA1    USGS Well 2A Weed Hts,GW,39.0190841,-119.1984873,U,NAD83, 4352.40,.01,NGVD29,16050303,qw,00930,,0,,wat,INM,149856,0,1978-09-05,1978-09-05,1
USGS,390109119115101,108  N13 E25 04CBBA1    USGS Well 2A Weed Hts,GW,39.0190841,-119.1984873,U,NAD83, 4352.40,.01,NGVD29,16050303,qw,00931,,0,,wat,INM,1640523,0,1978-09-05,1978-09-05,1
USGS,390109119115101,108  N13 E25 04CBBA1    USGS Well 2A Weed Hts,GW,39.0190841,-119.1984873,U,NAD83, 4352.40,.01,NGVD29,16050303,qw,00932,,0,,wat,INM,1646660,0,1978-09-05,1978-09-05,1
USGS,390109119115101,108  N13 E25 04CBBA1    USGS Well 2A Weed Hts,GW,39.0190841,-119.1984873,U,NAD83, 4352.40,.01,NGVD29,16050303,qw,00935,,0,,wat,INM,149740,0,1978-09-05,1978-09-05,1
USGS,390109119115101,108  N13 E25 04CBBA1    USGS Well 2A Weed Hts,GW,39.0190841,-119.1984873,U,NAD83, 4352.40,.01,NGVD29,16050303,qw,00940,,0,,wat,INN,205955,0,1978-09-05,1978-09-05,1
USGS,390109119115101,108  N13 E25 04CBBA1    USGS Well 2A Weed Hts,GW,39.0190841,-119.1984873,U,NAD83, 4352.40,.01,NGVD29,16050303,qw,00945,,0,,wat,INN,197301,0,1978-09-05,1978-09-05,1
USGS,390109119115101,108  N13 E25 04CBBA1    USGS Well 2A Weed Hts,GW,39.0190841,-119.1984873,U,NAD83, 4352.40,.01,NGVD29,16050303,qw,00950,,0,,wat,INN,206706,0,1978-09-05,1978-09-05,1
USGS,390109119115101,108  N13 E25 04CBBA1    USGS Well 2A Weed Hts,GW,39.0190841,-119.1984873,U,NAD83, 4352.40,.01,NGVD29,16050303,qw,00955,,0,,wat,INN,151977,0,1978-09-05,1978-09-05,1
USGS,390109119115101,108  N13 E25 04CBBA1    USGS Well 2A Weed Hts,GW,39.0190841,-119.1984873,U,NAD83, 4352.40,.01,NGVD29,16050303,qw,01000,,0,,wat,IMN,149989,0,1978-09-05,1978-09-05,1
USGS,390109119115101,108  N13 E25 04CBBA1    USGS Well 2A Weed Hts,GW,39.0190841,-119.1984873,U,NAD83, 4352.40,.01,NGVD29,16050303,qw,01020,,0,,wat,IMN,150011,0,1978-09-05,1978-09-05,1
USGS,390109119115101,108  N13 E25 04CBBA1    USGS Well 2A Weed Hts,GW,39.0190841,-119.1984873,U,NAD83, 4352.40,.01,NGVD29,16050303,qw,01025,,0,,wat,IMM,150029,0,1978-09-05,1978-09-05,1
USGS,390109119115101,108  N13 E25 04CBBA1    USGS Well 2A Weed Hts,GW,39.0190841,-119.1984873,U,NAD83, 4352.40,.01,NGVD29,16050303,qw,01030,,0,,wat,IMM,150060,0,1978-09-05,1978-09-05,1
USGS,390109119115101,108  N13 E25 04CBBA1    USGS Well 2A Weed Hts,GW,39.0190841,-119.1984873,U,NAD83, 4352.40,.01,NGVD29,16050303,qw,01035,,0,,wat,IMM,150078,0,1978-09-05,1978-09-05,1
USGS,390109119115101,108  N13 E25 04CBBA1    USGS Well 2A Weed Hts,GW,39.0190841,-119.1984873,U,NAD83, 4352.40,.01,NGVD29,16050303,qw,01040,,0,,wat,IMM,150086,0,1978-09-05,1978-09-05,1
USGS,390109119115101,108  N13 E25 04CBBA1    USGS Well 2A Weed Hts,GW,39.0190841,-119.1984873,U,NAD83, 4352.40,.01,NGVD29,16050303,qw,01046,,0,,wat,IMM,149559,0,1978-09-05,1978-09-05,1
USGS,390109119115101,108  N13 E25 04CBBA1    USGS Well 2A Weed Hts,GW,39.0190841,-119.1984873,U,NAD83, 4352.40,.01,NGVD29,16050303,qw,01049,,0,,wat,IMM,149583,0,1978-09-05,1978-09-05,1
USGS,390109119115101,108  N13 E25 04CBBA1    USGS Well 2A Weed Hts,GW,39.0190841,-119.1984873,U,NAD83, 4352.40,.01,NGVD29,16050303,qw,01056,,0,,wat,IMM,149625,0,1978-09-05,1978-09-05,1
USGS,390109119115101,108  N13 E25 04CBBA1    USGS Well 2A Weed Hts,GW,39.0190841,-119.1984873,U,NAD83, 4352.40,.01,NGVD29,16050303,qw,01060,,0,,wat,IMM,149641,0,1978-09-05,1978-09-05,1
USGS,390109119115101,108  N13 E25 04CBBA1    USGS Well 2A Weed Hts,GW,39.0190841,-119.1984873,U,NAD83, 4352.40,.01,NGVD29,16050303,qw,01065,,0,,wat,IMM,149674,0,1978-09-05,1978-09-05,1
USGS,390109119115101,108  N13 E25 04CBBA1    USGS Well 2A Weed Hts,GW,39.0190841,-119.1984873,U,NAD83, 4352.40,.01,NGVD29,16050303,qw,01090,,0,,wat,IMM,150235,0,1978-09-05,1978-09-05,1
USGS,390109119115101,108  N13 E25 04CBBA1    USGS Well 2A Weed Hts,GW,39.0190841,-119.1984873,U,NAD83, 4352.40,.01,NGVD29,16050303,qw,01145,,0,,wat,IMN,154310,0,1978-09-05,1978-09-05,1
USGS,390109119115101,108  N13 E25 04CBBA1    USGS Well 2A Weed Hts,GW,39.0190841,-119.1984873,U,NAD83, 4352.40,.01,NGVD29,16050303,qw,70301,,0,,wat,PHY,1642222,0,1978-09-05,1978-09-05,1
USGS,390109119115101,108  N13 E25 04CBBA1    USGS Well 2A Weed Hts,GW,39.0190841,-119.1984873,U,NAD83, 4352.40,.01,NGVD29,16050303,qw,70303,,0,,wat,PHY,1642222,0,1978-09-05,1978-09-05,1
USGS,390109119115101,108  N13 E25 04CBBA1    USGS Well 2A Weed Hts,GW,39.0190841,-119.1984873,U,NAD83, 4352.40,.01,NGVD29,16050303,qw,71890,,0,,wat,IMM,149633,0,1978-09-05,1978-09-05,1
USGS,390109119115102,108  N13 E25 04CBBA2    USGS Well 2B Weed Hts,GW,39.0190841,-119.1984873,U,NAD83, 4352.60,.01,NGVD29,16050303,qw,,,0,,wat,ALL,0,0,1978-09-19,1978-09-19,1
USGS,390109119115102,108  N13 E25 04CBBA2    USGS Well 2B Weed Hts,GW,39.0190841,-119.1984873,U,NAD83, 4352.60,.01,NGVD29,16050303,qw,00028,,0,,wat,INF,0,0,1978-09-19,1978-09-19,1
USGS,390109119115102,108  N13 E25 04CBBA2    USGS Well 2B Weed Hts,GW,39.0190841,-119.1984873,U,NAD83, 4352.60,.01,NGVD29,16050303,qw,00095,,0,,wat,PHY,1646694,0,1978-09-19,1978-09-19,1
USGS,390109119115102,108  N13 E25 04CBBA2    USGS Well 2B Weed Hts,GW,39.0190841,-119.1984873,U,NAD83, 4352.60,.01,NGVD29,16050303,qw,00191,,0,,wat,INN,1640572,0,1978-09-19,1978-09-19,1
USGS,390109119115102,108  N13 E25 04CBBA2    USGS Well 2B Weed Hts,GW,39.0190841,-119.1984873,U,NAD83, 4352.60,.01,NGVD29,16050303,qw,00300,,0,,wat,INN,154302,0,1978-09-19,1978-09-19,1
USGS,390109119115102,108  N13 E25 04CBBA2    USGS Well 2B Weed Hts,GW,39.0190841,-119.1984873,U,NAD83, 4352.60,.01,NGVD29,16050303,qw,00400,,0,,wat,PHY,17028275,0,1978-09-19,1978-09-19,1
USGS,390109119115102,108  N13 E25 04CBBA2    USGS Well 2B Weed Hts,GW,39.0190841,-119.1984873,U,NAD83, 4352.60,.01,NGVD29,16050303,qw,00405,,0,,wat,INN,33548,0,1978-09-19,1978-09-19,1
USGS,390109119115102,108  N13 E25 04CBBA2    USGS Well 2B Weed Hts,GW,39.0190841,-119.1984873,U,NAD83, 4352.60,.01,NGVD29,16050303,qw,00410,,0,,wat,INN,1640192,0,1978-09-19,1978-09-19,1
USGS,390109119115102,108  N13 E25 04CBBA2    USGS Well 2B Weed Hts,GW,39.0190841,-119.1984873,U,NAD83, 4352.60,.01,NGVD29,16050303,qw,00440,,0,,wat,INN,4788,0,1978-09-19,1978-09-19,1
USGS,390109119115102,108  N13 E25 04CBBA2    USGS Well 2B Weed Hts,GW,39.0190841,-119.1984873,U,NAD83, 4352.60,.01,NGVD29,16050303,qw,00445,,0,,wat,INN,119396,0,1978-09-19,1978-09-19,1
USGS,390109119115102,108  N13 E25 04CBBA2    USGS Well 2B Weed Hts,GW,39.0190841,-119.1984873,U,NAD83, 4352.60,.01,NGVD29,16050303,qw,00666,,0,,wat,NUT,153049,0,1978-09-19,1978-09-19,1
USGS,390109119115102,108  N13 E25 04CBBA2    USGS Well 2B Weed Hts,GW,39.0190841,-119.1984873,U,NAD83, 4352.60,.01,NGVD29,16050303,qw,00900,,0,,wat,PHY,1640416,0,1978-09-19,1978-09-19,1
USGS,390109119115102,108  N13 E25 04CBBA2    USGS Well 2B Weed Hts,GW,39.0190841,-119.1984873,U,NAD83, 4352.60,.01,NGVD29,16050303,qw,00902,,0,,wat,PHY,1640432,0,1978-09-19,1978-09-19,1
USGS,390109119115102,108  N13 E25 04CBBA2    USGS Well 2B Weed Hts,GW,39.0190841,-119.1984873,U,NAD83, 4352.60,.01,NGVD29,16050303,qw,00915,,0,,wat,INM,150268,0,1978-09-19,1978-09-19,1
USGS,390109119115102,108  N13 E25 04CBBA2    USGS Well 2B Weed Hts,GW,39.0190841,-119.1984873,U,NAD83, 4352.60,.01,NGVD29,16050303,qw,00925,,0,,wat,INM,149617,0,1978-09-19,1978-09-19,1
USGS,390109119115102,108  N13 E25 04CBBA2    USGS Well 2B Weed Hts,GW,39.0190841,-119.1984873,U,NAD83, 4352.60,.01,NGVD29,16050303,qw,00930,,0,,wat,INM,149856,0,1978-09-19,1978-09-19,1
USGS,390109119115102,108  N13 E25 04CBBA2    USGS Well 2B Weed Hts,GW,39.0190841,-119.1984873,U,NAD83, 4352.60,.01,NGVD29,16050303,qw,00931,,0,,wat,INM,1640523,0,1978-09-19,1978-09-19,1
USGS,390109119115102,108  N13 E25 04CBBA2    USGS Well 2B Weed Hts,GW,39.0190841,-119.1984873,U,NAD83, 4352.60,.01,NGVD29,16050303,qw,00932,,0,,wat,INM,1646660,0,1978-09-19,1978-09-19,1
USGS,390109119115102,108  N13 E25 04CBBA2    USGS Well 2B Weed Hts,GW,39.0190841,-119.1984873,U,NAD83, 4352.60,.01,NGVD29,16050303,qw,00935,,0,,wat,INM,149740,0,1978-09-19,1978-09-19,1
USGS,390109119115102,108  N13 E25 04CBBA2    USGS Well 2B Weed Hts,GW,39.0190841,-119.1984873,U,NAD83, 4352.60,.01,NGVD29,16050303,qw,00940,,0,,wat,INN,205955,0,1978-09-19,1978-09-19,1
USGS,390109119115102,108  N13 E25 04CBBA2    USGS Well 2B Weed Hts,GW,39.0190841,-119.1984873,U,NAD83, 4352.60,.01,NGVD29,16050303,qw,00945,,0,,wat,INN,197301,0,1978-09-19,1978-09-19,1
USGS,390109119115102,108  N13 E25 04CBBA2    USGS Well 2B Weed Hts,GW,39.0190841,-119.1984873,U,NAD83, 4352.60,.01,NGVD29,16050303,qw,00950,,0,,wat,INN,206706,0,1978-09-19,1978-09-19,1
USGS,390109119115102,108  N13 E25 04CBBA2    USGS Well 2B Weed Hts,GW,39.0190841,-119.1984873,U,NAD83, 4352.60,.01,NGVD29,16050303,qw,00955,,0,,wat,INN,151977,0,1978-09-19,1978-09-19,1
USGS,390109119115102,108  N13 E25 04CBBA2    USGS Well 2B Weed Hts,GW,39.0190841,-119.1984873,U,NAD83, 4352.60,.01,NGVD29,16050303,qw,01000,,0,,wat,IMN,149989,0,1978-09-19,1978-09-19,1
USGS,390109119115102,108  N13 E25 04CBBA2    USGS Well 2B Weed Hts,GW,39.0190841,-119.1984873,U,NAD83, 4352.60,.01,NGVD29,16050303,qw,01020,,0,,wat,IMN,150011,0,1978-09-19,1978-09-19,1
USGS,390109119115102,108  N13 E25 04CBBA2    USGS Well 2B Weed Hts,GW,39.0190841,-119.1984873,U,NAD83, 4352.60,.01,NGVD29,16050303,qw,01025,,0,,wat,IMM,150029,0,1978-09-19,1978-09-19,1
USGS,390109119115102,108  N13 E25 04CBBA2    USGS Well 2B Weed Hts,GW,39.0190841,-119.1984873,U,NAD83, 4352.60,.01,NGVD29,16050303,qw,01030,,0,,wat,IMM,150060,0,1978-09-19,1978-09-19,1
USGS,390109119115102,108  N13 E25 04CBBA2    USGS Well 2B Weed Hts,GW,39.0190841,-119.1984873,U,NAD83, 4352.60,.01,NGVD29,16050303,qw,01035,,0,,wat,IMM,150078,0,1978-09-19,1978-09-19,1
USGS,390109119115102,108  N13 E25 04CBBA2    USGS Well 2B Weed Hts,GW,39.0190841,-119.1984873,U,NAD83, 4352.60,.01,NGVD29,16050303,qw,01040,,0,,wat,IMM,150086,0,1978-09-19,1978-09-19,1
USGS,390109119115102,108  N13 E25 04CBBA2    USGS Well 2B Weed Hts,GW,39.0190841,-119.1984873,U,NAD83, 4352.60,.01,NGVD29,16050303,qw,01046,,0,,wat,IMM,149559,0,1978-09-19,1978-09-19,1
USGS,390109119115102,108  N13 E25 04CBBA2    USGS Well 2B Weed Hts,GW,39.0190841,-119.1984873,U,NAD83, 4352.60,.01,NGVD29,16050303,qw,01049,,0,,wat,IMM,149583,0,1978-09-19,1978-09-19,1
USGS,390109119115102,108  N13 E25 04CBBA2    USGS Well 2B Weed Hts,GW,39.0190841,-119.1984873,U,NAD83, 4352.60,.01,NGVD29,16050303,qw,01056,,0,,wat,IMM,149625,0,1978-09-19,1978-09-19,1
USGS,390109119115102,108  N13 E25 04CBBA2    USGS Well 2B Weed Hts,GW,39.0190841,-119.1984873,U,NAD83, 4352.60,.01,NGVD29,16050303,qw,01060,,0,,wat,IMM,149641,0,1978-09-19,1978-09-19,1
USGS,390109119115102,108  N13 E25 04CBBA2    USGS Well 2B Weed Hts,GW,39.0190841,-119.1984873,U,NAD83, 4352.60,.01,NGVD29,16050303,qw,01065,,0,,wat,IMM,149674,0,1978-09-19,1978-09-19,1
USGS,390109119115102,108  N13 E25 04CBBA2    USGS Well 2B Weed Hts,GW,39.0190841,-119.1984873,U,NAD83, 4352.60,.01,NGVD29,16050303,qw,01090,,0,,wat,IMM,150235,0,1978-09-19,1978-09-19,1
USGS,390109119115102,108  N13 E25 04CBBA2    USGS Well 2B Weed Hts,GW,39.0190841,-119.1984873,U,NAD83, 4352.60,.01,NGVD29,16050303,qw,01145,,0,,wat,IMN,154310,0,1978-09-19,1978-09-19,1
USGS,390109119115102,108  N13 E25 04CBBA2    USGS Well 2B Weed Hts,GW,39.0190841,-119.1984873,U,NAD83, 4352.60,.01,NGVD29,16050303,qw,70301,,0,,wat,PHY,1642222,0,1978-09-19,1978-09-19,1
USGS,390109119115102,108  N13 E25 04CBBA2    USGS Well 2B Weed Hts,GW,39.0190841,-119.1984873,U,NAD83, 4352.60,.01,NGVD29,16050303,qw,70303,,0,,wat,PHY,1642222,0,1978-09-19,1978-09-19,1
USGS,390109119115102,108  N13 E25 04CBBA2    USGS Well 2B Weed Hts,GW,39.0190841,-119.1984873,U,NAD83, 4352.60,.01,NGVD29,16050303,qw,71890,,0,,wat,IMM,149633,0,1978-09-19,1978-09-19,1
USGS,390110119105301,108  N13 E25 04ADDC1    USGS Well 9 Weed Hts,GW,39.01936206,-119.1823759,U,NAD83, 4362.48,.01,NGVD29,16050303,qw,,,0,,wat,ALL,0,0,1978-08-30,1978-08-30,1
USGS,390110119105301,108  N13 E25 04ADDC1    USGS Well 9 Weed Hts,GW,39.01936206,-119.1823759,U,NAD83, 4362.48,.01,NGVD29,16050303,qw,00028,,0,,wat,INF,0,0,1978-08-30,1978-08-30,1
USGS,390110119105301,108  N13 E25 04ADDC1    USGS Well 9 Weed Hts,GW,39.01936206,-119.1823759,U,NAD83, 4362.48,.01,NGVD29,16050303,qw,00095,,0,,wat,PHY,1646694,0,1978-08-30,1978-08-30,1
USGS,390110119105301,108  N13 E25 04ADDC1    USGS Well 9 Weed Hts,GW,39.01936206,-119.1823759,U,NAD83, 4362.48,.01,NGVD29,16050303,qw,00191,,0,,wat,INN,1640572,0,1978-08-30,1978-08-30,1
USGS,390110119105301,108  N13 E25 04ADDC1    USGS Well 9 Weed Hts,GW,39.01936206,-119.1823759,U,NAD83, 4362.48,.01,NGVD29,16050303,qw,00300,,0,,wat,INN,154302,0,1978-08-30,1978-08-30,1
USGS,390110119105301,108  N13 E25 04ADDC1    USGS Well 9 Weed Hts,GW,39.01936206,-119.1823759,U,NAD83, 4362.48,.01,NGVD29,16050303,qw,00400,,0,,wat,PHY,17028275,0,1978-08-30,1978-08-30,1
USGS,390110119105301,108  N13 E25 04ADDC1    USGS Well 9 Weed Hts,GW,39.01936206,-119.1823759,U,NAD83, 4362.48,.01,NGVD29,16050303,qw,00405,,0,,wat,INN,33548,0,1978-08-30,1978-08-30,1
USGS,390110119105301,108  N13 E25 04ADDC1    USGS Well 9 Weed Hts,GW,39.01936206,-119.1823759,U,NAD83, 4362.48,.01,NGVD29,16050303,qw,00410,,0,,wat,INN,1640192,0,1978-08-30,1978-08-30,1
USGS,390110119105301,108  N13 E25 04ADDC1    USGS Well 9 Weed Hts,GW,39.01936206,-119.1823759,U,NAD83, 4362.48,.01,NGVD29,16050303,qw,00440,,0,,wat,INN,4788,0,1978-08-30,1978-08-30,1
USGS,390110119105301,108  N13 E25 04ADDC1    USGS Well 9 Weed Hts,GW,39.01936206,-119.1823759,U,NAD83, 4362.48,.01,NGVD29,16050303,qw,00445,,0,,wat,INN,119396,0,1978-08-30,1978-08-30,1
USGS,390110119105301,108  N13 E25 04ADDC1    USGS Well 9 Weed Hts,GW,39.01936206,-119.1823759,U,NAD83, 4362.48,.01,NGVD29,16050303,qw,00666,,0,,wat,NUT,153049,0,1978-08-30,1978-08-30,1
USGS,390110119105301,108  N13 E25 04ADDC1    USGS Well 9 Weed Hts,GW,39.01936206,-119.1823759,U,NAD83, 4362.48,.01,NGVD29,16050303,qw,00900,,0,,wat,PHY,1640416,0,1978-08-30,1978-08-30,1
USGS,390110119105301,108  N13 E25 04ADDC1    USGS Well 9 Weed Hts,GW,39.01936206,-119.1823759,U,NAD83, 4362.48,.01,NGVD29,16050303,qw,00902,,0,,wat,PHY,1640432,0,1978-08-30,1978-08-30,1
USGS,390110119105301,108  N13 E25 04ADDC1    USGS Well 9 Weed Hts,GW,39.01936206,-119.1823759,U,NAD83, 4362.48,.01,NGVD29,16050303,qw,00915,,0,,wat,INM,150268,0,1978-08-30,1978-08-30,1
USGS,390110119105301,108  N13 E25 04ADDC1    USGS Well 9 Weed Hts,GW,39.01936206,-119.1823759,U,NAD83, 4362.48,.01,NGVD29,16050303,qw,00925,,0,,wat,INM,149617,0,1978-08-30,1978-08-30,1
USGS,390110119105301,108  N13 E25 04ADDC1    USGS Well 9 Weed Hts,GW,39.01936206,-119.1823759,U,NAD83, 4362.48,.01,NGVD29,16050303,qw,00930,,0,,wat,INM,149856,0,1978-08-30,1978-08-30,1
USGS,390110119105301,108  N13 E25 04ADDC1    USGS Well 9 Weed Hts,GW,39.01936206,-119.1823759,U,NAD83, 4362.48,.01,NGVD29,16050303,qw,00931,,0,,wat,INM,1640523,0,1978-08-30,1978-08-30,1
USGS,390110119105301,108  N13 E25 04ADDC1    USGS Well 9 Weed Hts,GW,39.01936206,-119.1823759,U,NAD83, 4362.48,.01,NGVD29,16050303,qw,00932,,0,,wat,INM,1646660,0,1978-08-30,1978-08-30,1
USGS,390110119105301,108  N13 E25 04ADDC1    USGS Well 9 Weed Hts,GW,39.01936206,-119.1823759,U,NAD83, 4362.48,.01,NGVD29,16050303,qw,00935,,0,,wat,INM,149740,0,1978-08-30,1978-08-30,1
USGS,390110119105301,108  N13 E25 04ADDC1    USGS Well 9 Weed Hts,GW,39.01936206,-119.1823759,U,NAD83, 4362.48,.01,NGVD29,16050303,qw,00940,,0,,wat,INN,205955,0,1978-08-30,1978-08-30,1
USGS,390110119105301,108  N13 E25 04ADDC1    USGS Well 9 Weed Hts,GW,39.01936206,-119.1823759,U,NAD83, 4362.48,.01,NGVD29,16050303,qw,00945,,0,,wat,INN,197301,0,1978-08-30,1978-08-30,1
USGS,390110119105301,108  N13 E25 04ADDC1    USGS Well 9 Weed Hts,GW,39.01936206,-119.1823759,U,NAD83, 4362.48,.01,NGVD29,16050303,qw,00950,,0,,wat,INN,206706,0,1978-08-30,1978-08-30,1
USGS,390110119105301,108  N13 E25 04ADDC1    USGS Well 9 Weed Hts,GW,39.01936206,-119.1823759,U,NAD83, 4362.48,.01,NGVD29,16050303,qw,00955,,0,,wat,INN,151977,0,1978-08-30,1978-08-30,1
USGS,390110119105301,108  N13 E25 04ADDC1    USGS Well 9 Weed Hts,GW,39.01936206,-119.1823759,U,NAD83, 4362.48,.01,NGVD29,16050303,qw,01000,,0,,wat,IMN,149989,0,1978-08-30,1978-08-30,1
USGS,390110119105301,108  N13 E25 04ADDC1    USGS Well 9 Weed Hts,GW,39.01936206,-119.1823759,U,NAD83, 4362.48,.01,NGVD29,16050303,qw,01020,,0,,wat,IMN,150011,0,1978-08-30,1978-08-30,1
USGS,390110119105301,108  N13 E25 04ADDC1    USGS Well 9 Weed Hts,GW,39.01936206,-119.1823759,U,NAD83, 4362.48,.01,NGVD29,16050303,qw,01025,,0,,wat,IMM,150029,0,1978-08-30,1978-08-30,1
USGS,390110119105301,108  N13 E25 04ADDC1    USGS Well 9 Weed Hts,GW,39.01936206,-119.1823759,U,NAD83, 4362.48,.01,NGVD29,16050303,qw,01030,,0,,wat,IMM,150060,0,1978-08-30,1978-08-30,1
USGS,390110119105301,108  N13 E25 04ADDC1    USGS Well 9 Weed Hts,GW,39.01936206,-119.1823759,U,NAD83, 4362.48,.01,NGVD29,16050303,qw,01040,,0,,wat,IMM,150086,0,1978-08-30,1978-08-30,1
USGS,390110119105301,108  N13 E25 04ADDC1    USGS Well 9 Weed Hts,GW,39.01936206,-119.1823759,U,NAD83, 4362.48,.01,NGVD29,16050303,qw,01046,,0,,wat,IMM,149559,0,1978-08-30,1978-08-30,1
USGS,390110119105301,108  N13 E25 04ADDC1    USGS Well 9 Weed Hts,GW,39.01936206,-119.1823759,U,NAD83, 4362.48,.01,NGVD29,16050303,qw,01049,,0,,wat,IMM,149583,0,1978-08-30,1978-08-30,1
USGS,390110119105301,108  N13 E25 04ADDC1    USGS Well 9 Weed Hts,GW,39.01936206,-119.1823759,U,NAD83, 4362.48,.01,NGVD29,16050303,qw,01056,,0,,wat,IMM,149625,0,1978-08-30,1978-08-30,1
USGS,390110119105301,108  N13 E25 04ADDC1    USGS Well 9 Weed Hts,GW,39.01936206,-119.1823759,U,NAD83, 4362.48,.01,NGVD29,16050303,qw,01060,,0,,wat,IMM,149641,0,1978-08-30,1978-08-30,1
USGS,390110119105301,108  N13 E25 04ADDC1    USGS Well 9 Weed Hts,GW,39.01936206,-119.1823759,U,NAD83, 4362.48,.01,NGVD29,16050303,qw,01090,,0,,wat,IMM,150235,0,1978-08-30,1978-08-30,1
USGS,390110119105301,108  N13 E25 04ADDC1    USGS Well 9 Weed Hts,GW,39.01936206,-119.1823759,U,NAD83, 4362.48,.01,NGVD29,16050303,qw,01145,,0,,wat,IMN,154310,0,1978-08-30,1978-08-30,1
USGS,390110119105301,108  N13 E25 04ADDC1    USGS Well 9 Weed Hts,GW,39.01936206,-119.1823759,U,NAD83, 4362.48,.01,NGVD29,16050303,qw,70301,,0,,wat,PHY,1642222,0,1978-08-30,1978-08-30,1
USGS,390110119105301,108  N13 E25 04ADDC1    USGS Well 9 Weed Hts,GW,39.01936206,-119.1823759,U,NAD83, 4362.48,.01,NGVD29,16050303,qw,70303,,0,,wat,PHY,1642222,0,1978-08-30,1978-08-30,1
USGS,390110119105301,108  N13 E25 04ADDC1    USGS Well 9 Weed Hts,GW,39.01936206,-119.1823759,U,NAD83, 4362.48,.01,NGVD29,16050303,qw,71890,,0,,wat,IMM,149633,0,1978-08-30,1978-08-30,1
USGS,390110119112401,108  N13 E25 04BDDD1    USGS Well 4A Weed Hts,GW,39.01936197,-119.1909872,U,NAD83, 4356.50,.01,NGVD29,16050303,qw,,,0,,wat,ALL,0,0,1978-08-29,1978-08-29,1
USGS,390110119112401,108  N13 E25 04BDDD1    USGS Well 4A Weed Hts,GW,39.01936197,-119.1909872,U,NAD83, 4356.50,.01,NGVD29,16050303,qw,00028,,0,,wat,INF,0,0,1978-08-29,1978-08-29,1
USGS,390110119112401,108  N13 E25 04BDDD1    USGS Well 4A Weed Hts,GW,39.01936197,-119.1909872,U,NAD83, 4356.50,.01,NGVD29,16050303,qw,00095,,0,,wat,PHY,1646694,0,1978-08-29,1978-08-29,1
USGS,390110119112401,108  N13 E25 04BDDD1    USGS Well 4A Weed Hts,GW,39.01936197,-119.1909872,U,NAD83, 4356.50,.01,NGVD29,16050303,qw,00191,,0,,wat,INN,1640572,0,1978-08-29,1978-08-29,1
USGS,390110119112401,108  N13 E25 04BDDD1    USGS Well 4A Weed Hts,GW,39.01936197,-119.1909872,U,NAD83, 4356.50,.01,NGVD29,16050303,qw,00300,,0,,wat,INN,154302,0,1978-08-29,1978-08-29,1
USGS,390110119112401,108  N13 E25 04BDDD1    USGS Well 4A Weed Hts,GW,39.01936197,-119.1909872,U,NAD83, 4356.50,.01,NGVD29,16050303,qw,00400,,0,,wat,PHY,17028275,0,1978-08-29,1978-08-29,1
USGS,390110119112401,108  N13 E25 04BDDD1    USGS Well 4A Weed Hts,GW,39.01936197,-119.1909872,U,NAD83, 4356.50,.01,NGVD29,16050303,qw,00405,,0,,wat,INN,33548,0,1978-08-29,1978-08-29,1
USGS,390110119112401,108  N13 E25 04BDDD1    USGS Well 4A Weed Hts,GW,39.01936197,-119.1909872,U,NAD83, 4356.50,.01,NGVD29,16050303,qw,00410,,0,,wat,INN,1640192,0,1978-08-29,1978-08-29,1
USGS,390110119112401,108  N13 E25 04BDDD1    USGS Well 4A Weed Hts,GW,39.01936197,-119.1909872,U,NAD83, 4356.50,.01,NGVD29,16050303,qw,00440,,0,,wat,INN,4788,0,1978-08-29,1978-08-29,1
USGS,390110119112401,108  N13 E25 04BDDD1    USGS Well 4A Weed Hts,GW,39.01936197,-119.1909872,U,NAD83, 4356.50,.01,NGVD29,16050303,qw,00445,,0,,wat,INN,119396,0,1978-08-29,1978-08-29,1
USGS,390110119112401,108  N13 E25 04BDDD1    USGS Well 4A Weed Hts,GW,39.01936197,-119.1909872,U,NAD83, 4356.50,.01,NGVD29,16050303,qw,00666,,0,,wat,NUT,153049,0,1978-08-29,1978-08-29,1
USGS,390110119112401,108  N13 E25 04BDDD1    USGS Well 4A Weed Hts,GW,39.01936197,-119.1909872,U,NAD83, 4356.50,.01,NGVD29,16050303,qw,00900,,0,,wat,PHY,1640416,0,1978-08-29,1978-08-29,1
USGS,390110119112401,108  N13 E25 04BDDD1    USGS Well 4A Weed Hts,GW,39.01936197,-119.1909872,U,NAD83, 4356.50,.01,NGVD29,16050303,qw,00902,,0,,wat,PHY,1640432,0,1978-08-29,1978-08-29,1
USGS,390110119112401,108  N13 E25 04BDDD1    USGS Well 4A Weed Hts,GW,39.01936197,-119.1909872,U,NAD83, 4356.50,.01,NGVD29,16050303,qw,00915,,0,,wat,INM,150268,0,1978-08-29,1978-08-29,1
USGS,390110119112401,108  N13 E25 04BDDD1    USGS Well 4A Weed Hts,GW,39.01936197,-119.1909872,U,NAD83, 4356.50,.01,NGVD29,16050303,qw,00925,,0,,wat,INM,149617,0,1978-08-29,1978-08-29,1
USGS,390110119112401,108  N13 E25 04BDDD1    USGS Well 4A Weed Hts,GW,39.01936197,-119.1909872,U,NAD83, 4356.50,.01,NGVD29,16050303,qw,00930,,0,,wat,INM,149856,0,1978-08-29,1978-08-29,1
USGS,390110119112401,108  N13 E25 04BDDD1    USGS Well 4A Weed Hts,GW,39.01936197,-119.1909872,U,NAD83, 4356.50,.01,NGVD29,16050303,qw,00931,,0,,wat,INM,1640523,0,1978-08-29,1978-08-29,1
USGS,390110119112401,108  N13 E25 04BDDD1    USGS Well 4A Weed Hts,GW,39.01936197,-119.1909872,U,NAD83, 4356.50,.01,NGVD29,16050303,qw,00932,,0,,wat,INM,1646660,0,1978-08-29,1978-08-29,1
USGS,390110119112401,108  N13 E25 04BDDD1    USGS Well 4A Weed Hts,GW,39.01936197,-119.1909872,U,NAD83, 4356.50,.01,NGVD29,16050303,qw,00935,,0,,wat,INM,149740,0,1978-08-29,1978-08-29,1
USGS,390110119112401,108  N13 E25 04BDDD1    USGS Well 4A Weed Hts,GW,39.01936197,-119.1909872,U,NAD83, 4356.50,.01,NGVD29,16050303,qw,00940,,0,,wat,INN,205955,0,1978-08-29,1978-08-29,1
USGS,390110119112401,108  N13 E25 04BDDD1    USGS Well 4A Weed Hts,GW,39.01936197,-119.1909872,U,NAD83, 4356.50,.01,NGVD29,16050303,qw,00945,,0,,wat,INN,197301,0,1978-08-29,1978-08-29,1
USGS,390110119112401,108  N13 E25 04BDDD1    USGS Well 4A Weed Hts,GW,39.01936197,-119.1909872,U,NAD83, 4356.50,.01,NGVD29,16050303,qw,00950,,0,,wat,INN,206706,0,1978-08-29,1978-08-29,1
USGS,390110119112401,108  N13 E25 04BDDD1    USGS Well 4A Weed Hts,GW,39.01936197,-119.1909872,U,NAD83, 4356.50,.01,NGVD29,16050303,qw,00955,,0,,wat,INN,151977,0,1978-08-29,1978-08-29,1
USGS,390110119112401,108  N13 E25 04BDDD1    USGS Well 4A Weed Hts,GW,39.01936197,-119.1909872,U,NAD83, 4356.50,.01,NGVD29,16050303,qw,01000,,0,,wat,IMN,149989,0,1978-08-29,1978-08-29,1
USGS,390110119112401,108  N13 E25 04BDDD1    USGS Well 4A Weed Hts,GW,39.01936197,-119.1909872,U,NAD83, 4356.50,.01,NGVD29,16050303,qw,01020,,0,,wat,IMN,150011,0,1978-08-29,1978-08-29,1
USGS,390110119112401,108  N13 E25 04BDDD1    USGS Well 4A Weed Hts,GW,39.01936197,-119.1909872,U,NAD83, 4356.50,.01,NGVD29,16050303,qw,01025,,0,,wat,IMM,150029,0,1978-08-29,1978-08-29,1
USGS,390110119112401,108  N13 E25 04BDDD1    USGS Well 4A Weed Hts,GW,39.01936197,-119.1909872,U,NAD83, 4356.50,.01,NGVD29,16050303,qw,01030,,0,,wat,IMM,150060,0,1978-08-29,1978-08-29,1
USGS,390110119112401,108  N13 E25 04BDDD1    USGS Well 4A Weed Hts,GW,39.01936197,-119.1909872,U,NAD83, 4356.50,.01,NGVD29,16050303,qw,01040,,0,,wat,IMM,150086,0,1978-08-29,1978-08-29,1
USGS,390110119112401,108  N13 E25 04BDDD1    USGS Well 4A Weed Hts,GW,39.01936197,-119.1909872,U,NAD83, 4356.50,.01,NGVD29,16050303,qw,01046,,0,,wat,IMM,149559,0,1978-08-29,1978-08-29,1
USGS,390110119112401,108  N13 E25 04BDDD1    USGS Well 4A Weed Hts,GW,39.01936197,-119.1909872,U,NAD83, 4356.50,.01,NGVD29,16050303,qw,01049,,0,,wat,IMM,149583,0,1978-08-29,1978-08-29,1
USGS,390110119112401,108  N13 E25 04BDDD1    USGS Well 4A Weed Hts,GW,39.01936197,-119.1909872,U,NAD83, 4356.50,.01,NGVD29,16050303,qw,01056,,0,,wat,IMM,149625,0,1978-08-29,1978-08-29,1
USGS,390110119112401,108  N13 E25 04BDDD1    USGS Well 4A Weed Hts,GW,39.01936197,-119.1909872,U,NAD83, 4356.50,.01,NGVD29,16050303,qw,01060,,0,,wat,IMM,149641,0,1978-08-29,1978-08-29,1
USGS,390110119112401,108  N13 E25 04BDDD1    USGS Well 4A Weed Hts,GW,39.01936197,-119.1909872,U,NAD83, 4356.50,.01,NGVD29,16050303,qw,01090,,0,,wat,IMM,150235,0,1978-08-29,1978-08-29,1
USGS,390110119112401,108  N13 E25 04BDDD1    USGS Well 4A Weed Hts,GW,39.01936197,-119.1909872,U,NAD83, 4356.50,.01,NGVD29,16050303,qw,01145,,0,,wat,IMN,154310,0,1978-08-29,1978-08-29,1
USGS,390110119112401,108  N13 E25 04BDDD1    USGS Well 4A Weed Hts,GW,39.01936197,-119.1909872,U,NAD83, 4356.50,.01,NGVD29,16050303,qw,70301,,0,,wat,PHY,1642222,0,1978-08-29,1978-08-29,1
USGS,390110119112401,108  N13 E25 04BDDD1    USGS Well 4A Weed Hts,GW,39.01936197,-119.1909872,U,NAD83, 4356.50,.01,NGVD29,16050303,qw,70303,,0,,wat,PHY,1642222,0,1978-08-29,1978-08-29,1
USGS,390110119112401,108  N13 E25 04BDDD1    USGS Well 4A Weed Hts,GW,39.01936197,-119.1909872,U,NAD83, 4356.50,.01,NGVD29,16050303,qw,71890,,0,,wat,IMM,149633,0,1978-08-29,1978-08-29,1
USGS,390110119112402,108  N13 E25 04BDDD2    USGS Well 4B Weed Hts,GW,39.01936197,-119.1909872,U,NAD83, 4356.53,.01,NGVD29,16050303,qw,,,0,,wat,ALL,0,0,1978-08-29,1978-08-29,1
USGS,390110119112402,108  N13 E25 04BDDD2    USGS Well 4B Weed Hts,GW,39.01936197,-119.1909872,U,NAD83, 4356.53,.01,NGVD29,16050303,qw,00028,,0,,wat,INF,0,0,1978-08-29,1978-08-29,1
USGS,390110119112402,108  N13 E25 04BDDD2    USGS Well 4B Weed Hts,GW,39.01936197,-119.1909872,U,NAD83, 4356.53,.01,NGVD29,16050303,qw,00095,,0,,wat,PHY,1646694,0,1978-08-29,1978-08-29,1
USGS,390110119112402,108  N13 E25 04BDDD2    USGS Well 4B Weed Hts,GW,39.01936197,-119.1909872,U,NAD83, 4356.53,.01,NGVD29,16050303,qw,00191,,0,,wat,INN,1640572,0,1978-08-29,1978-08-29,1
USGS,390110119112402,108  N13 E25 04BDDD2    USGS Well 4B Weed Hts,GW,39.01936197,-119.1909872,U,NAD83, 4356.53,.01,NGVD29,16050303,qw,00300,,0,,wat,INN,154302,0,1978-08-29,1978-08-29,1
USGS,390110119112402,108  N13 E25 04BDDD2    USGS Well 4B Weed Hts,GW,39.01936197,-119.1909872,U,NAD83, 4356.53,.01,NGVD29,16050303,qw,00400,,0,,wat,PHY,17028275,0,1978-08-29,1978-08-29,1
USGS,390110119112402,108  N13 E25 04BDDD2    USGS Well 4B Weed Hts,GW,39.01936197,-119.1909872,U,NAD83, 4356.53,.01,NGVD29,16050303,qw,00405,,0,,wat,INN,33548,0,1978-08-29,1978-08-29,1
USGS,390110119112402,108  N13 E25 04BDDD2    USGS Well 4B Weed Hts,GW,39.01936197,-119.1909872,U,NAD83, 4356.53,.01,NGVD29,16050303,qw,00410,,0,,wat,INN,1640192,0,1978-08-29,1978-08-29,1
USGS,390110119112402,108  N13 E25 04BDDD2    USGS Well 4B Weed Hts,GW,39.01936197,-119.1909872,U,NAD83, 4356.53,.01,NGVD29,16050303,qw,00440,,0,,wat,INN,4788,0,1978-08-29,1978-08-29,1
USGS,390110119112402,108  N13 E25 04BDDD2    USGS Well 4B Weed Hts,GW,39.01936197,-119.1909872,U,NAD83, 4356.53,.01,NGVD29,16050303,qw,00445,,0,,wat,INN,119396,0,1978-08-29,1978-08-29,1
USGS,390110119112402,108  N13 E25 04BDDD2    USGS Well 4B Weed Hts,GW,39.01936197,-119.1909872,U,NAD83, 4356.53,.01,NGVD29,16050303,qw,00666,,0,,wat,NUT,153049,0,1978-08-29,1978-08-29,1
USGS,390110119112402,108  N13 E25 04BDDD2    USGS Well 4B Weed Hts,GW,39.01936197,-119.1909872,U,NAD83, 4356.53,.01,NGVD29,16050303,qw,00900,,0,,wat,PHY,1640416,0,1978-08-29,1978-08-29,1
USGS,390110119112402,108  N13 E25 04BDDD2    USGS Well 4B Weed Hts,GW,39.01936197,-119.1909872,U,NAD83, 4356.53,.01,NGVD29,16050303,qw,00902,,0,,wat,PHY,1640432,0,1978-08-29,1978-08-29,1
USGS,390110119112402,108  N13 E25 04BDDD2    USGS Well 4B Weed Hts,GW,39.01936197,-119.1909872,U,NAD83, 4356.53,.01,NGVD29,16050303,qw,00915,,0,,wat,INM,150268,0,1978-08-29,1978-08-29,1
USGS,390110119112402,108  N13 E25 04BDDD2    USGS Well 4B Weed Hts,GW,39.01936197,-119.1909872,U,NAD83, 4356.53,.01,NGVD29,16050303,qw,00925,,0,,wat,INM,149617,0,1978-08-29,1978-08-29,1
USGS,390110119112402,108  N13 E25 04BDDD2    USGS Well 4B Weed Hts,GW,39.01936197,-119.1909872,U,NAD83, 4356.53,.01,NGVD29,16050303,qw,00930,,0,,wat,INM,149856,0,1978-08-29,1978-08-29,1
USGS,390110119112402,108  N13 E25 04BDDD2    USGS Well 4B Weed Hts,GW,39.01936197,-119.1909872,U,NAD83, 4356.53,.01,NGVD29,16050303,qw,00931,,0,,wat,INM,1640523,0,1978-08-29,1978-08-29,1
USGS,390110119112402,108  N13 E25 04BDDD2    USGS Well 4B Weed Hts,GW,39.01936197,-119.1909872,U,NAD83, 4356.53,.01,NGVD29,16050303,qw,00932,,0,,wat,INM,1646660,0,1978-08-29,1978-08-29,1
USGS,390110119112402,108  N13 E25 04BDDD2    USGS Well 4B Weed Hts,GW,39.01936197,-119.1909872,U,NAD83, 4356.53,.01,NGVD29,16050303,qw,00935,,0,,wat,INM,149740,0,1978-08-29,1978-08-29,1
USGS,390110119112402,108  N13 E25 04BDDD2    USGS Well 4B Weed Hts,GW,39.01936197,-119.1909872,U,NAD83, 4356.53,.01,NGVD29,16050303,qw,00940,,0,,wat,INN,205955,0,1978-08-29,1978-08-29,1
USGS,390110119112402,108  N13 E25 04BDDD2    USGS Well 4B Weed Hts,GW,39.01936197,-119.1909872,U,NAD83, 4356.53,.01,NGVD29,16050303,qw,00945,,0,,wat,INN,197301,0,1978-08-29,1978-08-29,1
USGS,390110119112402,108  N13 E25 04BDDD2    USGS Well 4B Weed Hts,GW,39.01936197,-119.1909872,U,NAD83, 4356.53,.01,NGVD29,16050303,qw,00950,,0,,wat,INN,206706,0,1978-08-29,1978-08-29,1
USGS,390110119112402,108  N13 E25 04BDDD2    USGS Well 4B Weed Hts,GW,39.01936197,-119.1909872,U,NAD83, 4356.53,.01,NGVD29,16050303,qw,00955,,0,,wat,INN,151977,0,1978-08-29,1978-08-29,1
USGS,390110119112402,108  N13 E25 04BDDD2    USGS Well 4B Weed Hts,GW,39.01936197,-119.1909872,U,NAD83, 4356.53,.01,NGVD29,16050303,qw,01000,,0,,wat,IMN,149989,0,1978-08-29,1978-08-29,1
USGS,390110119112402,108  N13 E25 04BDDD2    USGS Well 4B Weed Hts,GW,39.01936197,-119.1909872,U,NAD83, 4356.53,.01,NGVD29,16050303,qw,01020,,0,,wat,IMN,150011,0,1978-08-29,1978-08-29,1
USGS,390110119112402,108  N13 E25 04BDDD2    USGS Well 4B Weed Hts,GW,39.01936197,-119.1909872,U,NAD83, 4356.53,.01,NGVD29,16050303,qw,01025,,0,,wat,IMM,150029,0,1978-08-29,1978-08-29,1
USGS,390110119112402,108  N13 E25 04BDDD2    USGS Well 4B Weed Hts,GW,39.01936197,-119.1909872,U,NAD83, 4356.53,.01,NGVD29,16050303,qw,01030,,0,,wat,IMM,150060,0,1978-08-29,1978-08-29,1
USGS,390110119112402,108  N13 E25 04BDDD2    USGS Well 4B Weed Hts,GW,39.01936197,-119.1909872,U,NAD83, 4356.53,.01,NGVD29,16050303,qw,01040,,0,,wat,IMM,150086,0,1978-08-29,1978-08-29,1
USGS,390110119112402,108  N13 E25 04BDDD2    USGS Well 4B Weed Hts,GW,39.01936197,-119.1909872,U,NAD83, 4356.53,.01,NGVD29,16050303,qw,01046,,0,,wat,IMM,149559,0,1978-08-29,1978-08-29,1
USGS,390110119112402,108  N13 E25 04BDDD2    USGS Well 4B Weed Hts,GW,39.01936197,-119.1909872,U,NAD83, 4356.53,.01,NGVD29,16050303,qw,01049,,0,,wat,IMM,149583,0,1978-08-29,1978-08-29,1
USGS,390110119112402,108  N13 E25 04BDDD2    USGS Well 4B Weed Hts,GW,39.01936197,-119.1909872,U,NAD83, 4356.53,.01,NGVD29,16050303,qw,01056,,0,,wat,IMM,149625,0,1978-08-29,1978-08-29,1
USGS,390110119112402,108  N13 E25 04BDDD2    USGS Well 4B Weed Hts,GW,39.01936197,-119.1909872,U,NAD83, 4356.53,.01,NGVD29,16050303,qw,01060,,0,,wat,IMM,149641,0,1978-08-29,1978-08-29,1
USGS,390110119112402,108  N13 E25 04BDDD2    USGS Well 4B Weed Hts,GW,39.01936197,-119.1909872,U,NAD83, 4356.53,.01,NGVD29,16050303,qw,01090,,0,,wat,IMM,150235,0,1978-08-29,1978-08-29,1
USGS,390110119112402,108  N13 E25 04BDDD2    USGS Well 4B Weed Hts,GW,39.01936197,-119.1909872,U,NAD83, 4356.53,.01,NGVD29,16050303,qw,01145,,0,,wat,IMN,154310,0,1978-08-29,1978-08-29,1
USGS,390110119112402,108  N13 E25 04BDDD2    USGS Well 4B Weed Hts,GW,39.01936197,-119.1909872,U,NAD83, 4356.53,.01,NGVD29,16050303,qw,70301,,0,,wat,PHY,1642222,0,1978-08-29,1978-08-29,1
USGS,390110119112402,108  N13 E25 04BDDD2    USGS Well 4B Weed Hts,GW,39.01936197,-119.1909872,U,NAD83, 4356.53,.01,NGVD29,16050303,qw,70303,,0,,wat,PHY,1642222,0,1978-08-29,1978-08-29,1
USGS,390110119112402,108  N13 E25 04BDDD2    USGS Well 4B Weed Hts,GW,39.01936197,-119.1909872,U,NAD83, 4356.53,.01,NGVD29,16050303,qw,71890,,0,,wat,IMM,149633,0,1978-08-29,1978-08-29,1
USGS,390119119113901,108  N13 E25 04BCAD2,GW,39.02186194,-119.1951539,U,NAD83,,,,16050303,qw,,,0,,wat,ALL,0,0,1979-04-01,1979-04-01,1
USGS,390119119113901,108  N13 E25 04BCAD2,GW,39.02186194,-119.1951539,U,NAD83,,,,16050303,qw,00028,,0,,wat,INF,0,0,1979-04-01,1979-04-01,1
USGS,390119119113901,108  N13 E25 04BCAD2,GW,39.02186194,-119.1951539,U,NAD83,,,,16050303,qw,00095,,0,,wat,PHY,1646694,0,1979-04-01,1979-04-01,1
USGS,390119119113901,108  N13 E25 04BCAD2,GW,39.02186194,-119.1951539,U,NAD83,,,,16050303,qw,00410,,0,,wat,INN,1640192,0,1979-04-01,1979-04-01,1
USGS,390119119113901,108  N13 E25 04BCAD2,GW,39.02186194,-119.1951539,U,NAD83,,,,16050303,qw,00440,,0,,wat,INN,4788,0,1979-04-01,1979-04-01,1
USGS,390119119113901,108  N13 E25 04BCAD2,GW,39.02186194,-119.1951539,U,NAD83,,,,16050303,qw,00445,,0,,wat,INN,119396,0,1979-04-01,1979-04-01,1
USGS,390119119113901,108  N13 E25 04BCAD2,GW,39.02186194,-119.1951539,U,NAD83,,,,16050303,qw,00900,,0,,wat,PHY,1640416,0,1979-04-01,1979-04-01,1
USGS,390119119113901,108  N13 E25 04BCAD2,GW,39.02186194,-119.1951539,U,NAD83,,,,16050303,qw,00902,,0,,wat,PHY,1640432,0,1979-04-01,1979-04-01,1
USGS,390119119113901,108  N13 E25 04BCAD2,GW,39.02186194,-119.1951539,U,NAD83,,,,16050303,qw,00915,,0,,wat,INM,150268,0,1979-04-01,1979-04-01,1
USGS,390119119113901,108  N13 E25 04BCAD2,GW,39.02186194,-119.1951539,U,NAD83,,,,16050303,qw,00925,,0,,wat,INM,149617,0,1979-04-01,1979-04-01,1
USGS,390119119113901,108  N13 E25 04BCAD2,GW,39.02186194,-119.1951539,U,NAD83,,,,16050303,qw,00930,,0,,wat,INM,149856,0,1979-04-01,1979-04-01,1
USGS,390119119113901,108  N13 E25 04BCAD2,GW,39.02186194,-119.1951539,U,NAD83,,,,16050303,qw,00931,,0,,wat,INM,1640523,0,1979-04-01,1979-04-01,1
USGS,390119119113901,108  N13 E25 04BCAD2,GW,39.02186194,-119.1951539,U,NAD83,,,,16050303,qw,00932,,0,,wat,INM,1646660,0,1979-04-01,1979-04-01,1
USGS,390119119113901,108  N13 E25 04BCAD2,GW,39.02186194,-119.1951539,U,NAD83,,,,16050303,qw,00935,,0,,wat,INM,149740,0,1979-04-01,1979-04-01,1
USGS,390119119113901,108  N13 E25 04BCAD2,GW,39.02186194,-119.1951539,U,NAD83,,,,16050303,qw,00940,,0,,wat,INN,205955,0,1979-04-01,1979-04-01,1
USGS,390119119113901,108  N13 E25 04BCAD2,GW,39.02186194,-119.1951539,U,NAD83,,,,16050303,qw,00945,,0,,wat,INN,197301,0,1979-04-01,1979-04-01,1
USGS,390119119113901,108  N13 E25 04BCAD2,GW,39.02186194,-119.1951539,U,NAD83,,,,16050303,qw,00950,,0,,wat,INN,206706,0,1979-04-01,1979-04-01,1
USGS,390119119113901,108  N13 E25 04BCAD2,GW,39.02186194,-119.1951539,U,NAD83,,,,16050303,qw,01000,,0,,wat,IMN,149989,0,1979-04-01,1979-04-01,1
USGS,390119119113901,108  N13 E25 04BCAD2,GW,39.02186194,-119.1951539,U,NAD83,,,,16050303,qw,70301,,0,,wat,PHY,1642222,0,1979-04-01,1979-04-01,1
USGS,390119119113901,108  N13 E25 04BCAD2,GW,39.02186194,-119.1951539,U,NAD83,,,,16050303,qw,70303,,0,,wat,PHY,1642222,0,1979-04-01,1979-04-01,1
USGS,390119119115401,108  N13 E25 04BCBC1,GW,39.0218619,-119.1993207,U,NAD83,,,,16050303,qw,,,0,,wat,ALL,0,0,1977-08-01,1977-08-01,1
USGS,390119119115401,108  N13 E25 04BCBC1,GW,39.0218619,-119.1993207,U,NAD83,,,,16050303,qw,00028,,0,,wat,INF,0,0,1977-08-01,1977-08-01,1
USGS,390119119115401,108  N13 E25 04BCBC1,GW,39.0218619,-119.1993207,U,NAD83,,,,16050303,qw,00095,,0,,wat,PHY,1646694,0,1977-08-01,1977-08-01,1
USGS,390119119115401,108  N13 E25 04BCBC1,GW,39.0218619,-119.1993207,U,NAD83,,,,16050303,qw,00410,,0,,wat,INN,1640192,0,1977-08-01,1977-08-01,1
USGS,390119119115401,108  N13 E25 04BCBC1,GW,39.0218619,-119.1993207,U,NAD83,,,,16050303,qw,00440,,0,,wat,INN,4788,0,1977-08-01,1977-08-01,1
USGS,390119119115401,108  N13 E25 04BCBC1,GW,39.0218619,-119.1993207,U,NAD83,,,,16050303,qw,00445,,0,,wat,INN,119396,0,1977-08-01,1977-08-01,1
USGS,390119119115401,108  N13 E25 04BCBC1,GW,39.0218619,-119.1993207,U,NAD83,,,,16050303,qw,00900,,0,,wat,PHY,1640416,0,1977-08-01,1977-08-01,1
USGS,390119119115401,108  N13 E25 04BCBC1,GW,39.0218619,-119.1993207,U,NAD83,,,,16050303,qw,00915,,0,,wat,INM,150268,0,1977-08-01,1977-08-01,1
USGS,390119119115401,108  N13 E25 04BCBC1,GW,39.0218619,-119.1993207,U,NAD83,,,,16050303,qw,00925,,0,,wat,INM,149617,0,1977-08-01,1977-08-01,1
USGS,390119119115401,108  N13 E25 04BCBC1,GW,39.0218619,-119.1993207,U,NAD83,,,,16050303,qw,00930,,0,,wat,INM,149856,0,1977-08-01,1977-08-01,1
USGS,390119119115401,108  N13 E25 04BCBC1,GW,39.0218619,-119.1993207,U,NAD83,,,,16050303,qw,00931,,0,,wat,INM,1640523,0,1977-08-01,1977-08-01,1
USGS,390119119115401,108  N13 E25 04BCBC1,GW,39.0218619,-119.1993207,U,NAD83,,,,16050303,qw,00932,,0,,wat,INM,1646660,0,1977-08-01,1977-08-01,1
USGS,390119119115401,108  N13 E25 04BCBC1,GW,39.0218619,-119.1993207,U,NAD83,,,,16050303,qw,00935,,0,,wat,INM,149740,0,1977-08-01,1977-08-01,1
USGS,390119119115401,108  N13 E25 04BCBC1,GW,39.0218619,-119.1993207,U,NAD83,,,,16050303,qw,00940,,0,,wat,INN,205955,0,1977-08-01,1977-08-01,1
USGS,390119119115401,108  N13 E25 04BCBC1,GW,39.0218619,-119.1993207,U,NAD83,,,,16050303,qw,00945,,0,,wat,INN,197301,0,1977-08-01,1977-08-01,1
USGS,390119119115401,108  N13 E25 04BCBC1,GW,39.0218619,-119.1993207,U,NAD83,,,,16050303,qw,00950,,0,,wat,INN,206706,0,1977-08-01,1977-08-01,1
USGS,390119119115401,108  N13 E25 04BCBC1,GW,39.0218619,-119.1993207,U,NAD83,,,,16050303,qw,70301,,0,,wat,PHY,1642222,0,1977-08-01,1977-08-01,1
USGS,390119119115401,108  N13 E25 04BCBC1,GW,39.0218619,-119.1993207,U,NAD83,,,,16050303,qw,70303,,0,,wat,PHY,1642222,0,1977-08-01,1977-08-01,1
USGS,390120119113801,108  N13 E25 04BDBB1    USGS Well 3 Weed Hts,GW,39.0221397,-119.1948762,U,NAD83, 4354.38,.01,NGVD29,16050303,qw,,,0,,wat,ALL,0,0,1978-09-01,1978-09-01,1
USGS,390120119113801,108  N13 E25 04BDBB1    USGS Well 3 Weed Hts,GW,39.0221397,-119.1948762,U,NAD83, 4354.38,.01,NGVD29,16050303,qw,00028,,0,,wat,INF,0,0,1978-09-01,1978-09-01,1
USGS,390120119113801,108  N13 E25 04BDBB1    USGS Well 3 Weed Hts,GW,39.0221397,-119.1948762,U,NAD83, 4354.38,.01,NGVD29,16050303,qw,00095,,0,,wat,PHY,1646694,0,1978-09-01,1978-09-01,1
USGS,390120119113801,108  N13 E25 04BDBB1    USGS Well 3 Weed Hts,GW,39.0221397,-119.1948762,U,NAD83, 4354.38,.01,NGVD29,16050303,qw,00191,,0,,wat,INN,1640572,0,1978-09-01,1978-09-01,1
USGS,390120119113801,108  N13 E25 04BDBB1    USGS Well 3 Weed Hts,GW,39.0221397,-119.1948762,U,NAD83, 4354.38,.01,NGVD29,16050303,qw,00300,,0,,wat,INN,154302,0,1978-09-01,1978-09-01,1
USGS,390120119113801,108  N13 E25 04BDBB1    USGS Well 3 Weed Hts,GW,39.0221397,-119.1948762,U,NAD83, 4354.38,.01,NGVD29,16050303,qw,00400,,0,,wat,PHY,17028275,0,1978-09-01,1978-09-01,1
USGS,390120119113801,108  N13 E25 04BDBB1    USGS Well 3 Weed Hts,GW,39.0221397,-119.1948762,U,NAD83, 4354.38,.01,NGVD29,16050303,qw,00405,,0,,wat,INN,33548,0,1978-09-01,1978-09-01,1
USGS,390120119113801,108  N13 E25 04BDBB1    USGS Well 3 Weed Hts,GW,39.0221397,-119.1948762,U,NAD83, 4354.38,.01,NGVD29,16050303,qw,00410,,0,,wat,INN,1640192,0,1978-09-01,1978-09-01,1
USGS,390120119113801,108  N13 E25 04BDBB1    USGS Well 3 Weed Hts,GW,39.0221397,-119.1948762,U,NAD83, 4354.38,.01,NGVD29,16050303,qw,00440,,0,,wat,INN,4788,0,1978-09-01,1978-09-01,1
USGS,390120119113801,108  N13 E25 04BDBB1    USGS Well 3 Weed Hts,GW,39.0221397,-119.1948762,U,NAD83, 4354.38,.01,NGVD29,16050303,qw,00445,,0,,wat,INN,119396,0,1978-09-01,1978-09-01,1
USGS,390120119113801,108  N13 E25 04BDBB1    USGS Well 3 Weed Hts,GW,39.0221397,-119.1948762,U,NAD83, 4354.38,.01,NGVD29,16050303,qw,00666,,0,,wat,NUT,153049,0,1978-09-01,1978-09-01,1
USGS,390120119113801,108  N13 E25 04BDBB1    USGS Well 3 Weed Hts,GW,39.0221397,-119.1948762,U,NAD83, 4354.38,.01,NGVD29,16050303,qw,00900,,0,,wat,PHY,1640416,0,1978-09-01,1978-09-01,1
USGS,390120119113801,108  N13 E25 04BDBB1    USGS Well 3 Weed Hts,GW,39.0221397,-119.1948762,U,NAD83, 4354.38,.01,NGVD29,16050303,qw,00902,,0,,wat,PHY,1640432,0,1978-09-01,1978-09-01,1
USGS,390120119113801,108  N13 E25 04BDBB1    USGS Well 3 Weed Hts,GW,39.0221397,-119.1948762,U,NAD83, 4354.38,.01,NGVD29,16050303,qw,00915,,0,,wat,INM,150268,0,1978-09-01,1978-09-01,1
USGS,390120119113801,108  N13 E25 04BDBB1    USGS Well 3 Weed Hts,GW,39.0221397,-119.1948762,U,NAD83, 4354.38,.01,NGVD29,16050303,qw,00925,,0,,wat,INM,149617,0,1978-09-01,1978-09-01,1
USGS,390120119113801,108  N13 E25 04BDBB1    USGS Well 3 Weed Hts,GW,39.0221397,-119.1948762,U,NAD83, 4354.38,.01,NGVD29,16050303,qw,00930,,0,,wat,INM,149856,0,1978-09-01,1978-09-01,1
USGS,390120119113801,108  N13 E25 04BDBB1    USGS Well 3 Weed Hts,GW,39.0221397,-119.1948762,U,NAD83, 4354.38,.01,NGVD29,16050303,qw,00931,,0,,wat,INM,1640523,0,1978-09-01,1978-09-01,1
USGS,390120119113801,108  N13 E25 04BDBB1    USGS Well 3 Weed Hts,GW,39.0221397,-119.1948762,U,NAD83, 4354.38,.01,NGVD29,16050303,qw,00932,,0,,wat,INM,1646660,0,1978-09-01,1978-09-01,1
USGS,390120119113801,108  N13 E25 04BDBB1    USGS Well 3 Weed Hts,GW,39.0221397,-119.1948762,U,NAD83, 4354.38,.01,NGVD29,16050303,qw,00935,,0,,wat,INM,149740,0,1978-09-01,1978-09-01,1
USGS,390120119113801,108  N13 E25 04BDBB1    USGS Well 3 Weed Hts,GW,39.0221397,-119.1948762,U,NAD83, 4354.38,.01,NGVD29,16050303,qw,00940,,0,,wat,INN,205955,0,1978-09-01,1978-09-01,1
USGS,390120119113801,108  N13 E25 04BDBB1    USGS Well 3 Weed Hts,GW,39.0221397,-119.1948762,U,NAD83, 4354.38,.01,NGVD29,16050303,qw,00945,,0,,wat,INN,197301,0,1978-09-01,1978-09-01,1
USGS,390120119113801,108  N13 E25 04BDBB1    USGS Well 3 Weed Hts,GW,39.0221397,-119.1948762,U,NAD83, 4354.38,.01,NGVD29,16050303,qw,00950,,0,,wat,INN,206706,0,1978-09-01,1978-09-01,1
USGS,390120119113801,108  N13 E25 04BDBB1    USGS Well 3 Weed Hts,GW,39.0221397,-119.1948762,U,NAD83, 4354.38,.01,NGVD29,16050303,qw,00955,,0,,wat,INN,151977,0,1978-09-01,1978-09-01,1
USGS,390120119113801,108  N13 E25 04BDBB1    USGS Well 3 Weed Hts,GW,39.0221397,-119.1948762,U,NAD83, 4354.38,.01,NGVD29,16050303,qw,01000,,0,,wat,IMN,149989,0,1978-09-01,1978-09-01,1
USGS,390120119113801,108  N13 E25 04BDBB1    USGS Well 3 Weed Hts,GW,39.0221397,-119.1948762,U,NAD83, 4354.38,.01,NGVD29,16050303,qw,01020,,0,,wat,IMN,150011,0,1978-09-01,1978-09-01,1
USGS,390120119113801,108  N13 E25 04BDBB1    USGS Well 3 Weed Hts,GW,39.0221397,-119.1948762,U,NAD83, 4354.38,.01,NGVD29,16050303,qw,01025,,0,,wat,IMM,150029,0,1978-09-01,1978-09-01,1
USGS,390120119113801,108  N13 E25 04BDBB1    USGS Well 3 Weed Hts,GW,39.0221397,-119.1948762,U,NAD83, 4354.38,.01,NGVD29,16050303,qw,01030,,0,,wat,IMM,150060,0,1978-09-01,1978-09-01,1
USGS,390120119113801,108  N13 E25 04BDBB1    USGS Well 3 Weed Hts,GW,39.0221397,-119.1948762,U,NAD83, 4354.38,.01,NGVD29,16050303,qw,01035,,0,,wat,IMM,150078,0,1978-09-01,1978-09-01,1
USGS,390120119113801,108  N13 E25 04BDBB1    USGS Well 3 Weed Hts,GW,39.0221397,-119.1948762,U,NAD83, 4354.38,.01,NGVD29,16050303,qw,01040,,0,,wat,IMM,150086,0,1978-09-01,1978-09-01,1
USGS,390120119113801,108  N13 E25 04BDBB1    USGS Well 3 Weed Hts,GW,39.0221397,-119.1948762,U,NAD83, 4354.38,.01,NGVD29,16050303,qw,01046,,0,,wat,IMM,149559,0,1978-09-01,1978-09-01,1
USGS,390120119113801,108  N13 E25 04BDBB1    USGS Well 3 Weed Hts,GW,39.0221397,-119.1948762,U,NAD83, 4354.38,.01,NGVD29,16050303,qw,01049,,0,,wat,IMM,149583,0,1978-09-01,1978-09-01,1
USGS,390120119113801,108  N13 E25 04BDBB1    USGS Well 3 Weed Hts,GW,39.0221397,-119.1948762,U,NAD83, 4354.38,.01,NGVD29,16050303,qw,01056,,0,,wat,IMM,149625,0,1978-09-01,1978-09-01,1
USGS,390120119113801,108  N13 E25 04BDBB1    USGS Well 3 Weed Hts,GW,39.0221397,-119.1948762,U,NAD83, 4354.38,.01,NGVD29,16050303,qw,01060,,0,,wat,IMM,149641,0,1978-09-01,1978-09-01,1
USGS,390120119113801,108  N13 E25 04BDBB1    USGS Well 3 Weed Hts,GW,39.0221397,-119.1948762,U,NAD83, 4354.38,.01,NGVD29,16050303,qw,01065,,0,,wat,IMM,149674,0,1978-09-01,1978-09-01,1
USGS,390120119113801,108  N13 E25 04BDBB1    USGS Well 3 Weed Hts,GW,39.0221397,-119.1948762,U,NAD83, 4354.38,.01,NGVD29,16050303,qw,01090,,0,,wat,IMM,150235,0,1978-09-01,1978-09-01,1
USGS,390120119113801,108  N13 E25 04BDBB1    USGS Well 3 Weed Hts,GW,39.0221397,-119.1948762,U,NAD83, 4354.38,.01,NGVD29,16050303,qw,01145,,0,,wat,IMN,154310,0,1978-09-01,1978-09-01,1
USGS,390120119113801,108  N13 E25 04BDBB1    USGS Well 3 Weed Hts,GW,39.0221397,-119.1948762,U,NAD83, 4354.38,.01,NGVD29,16050303,qw,70301,,0,,wat,PHY,1642222,0,1978-09-01,1978-09-01,1
USGS,390120119113801,108  N13 E25 04BDBB1    USGS Well 3 Weed Hts,GW,39.0221397,-119.1948762,U,NAD83, 4354.38,.01,NGVD29,16050303,qw,70303,,0,,wat,PHY,1642222,0,1978-09-01,1978-09-01,1
USGS,390120119113801,108  N13 E25 04BDBB1    USGS Well 3 Weed Hts,GW,39.0221397,-119.1948762,U,NAD83, 4354.38,.01,NGVD29,16050303,qw,71890,,0,,wat,IMM,149633,0,1978-09-01,1978-09-01,1
USGS,390122119112101,108  N13 E25 04ACBB1,GW,39.0226953,-119.1901539,S,NAD83,,,,16050303,qw,,,0,,wat,ALL,0,0,1979-04-01,1979-04-01,1
USGS,390122119112101,108  N13 E25 04ACBB1,GW,39.0226953,-119.1901539,S,NAD83,,,,16050303,qw,00028,,0,,wat,INF,0,0,1979-04-01,1979-04-01,1
USGS,390122119112101,108  N13 E25 04ACBB1,GW,39.0226953,-119.1901539,S,NAD83,,,,16050303,qw,00095,,0,,wat,PHY,1646694,0,1979-04-01,1979-04-01,1
USGS,390122119112101,108  N13 E25 04ACBB1,GW,39.0226953,-119.1901539,S,NAD83,,,,16050303,qw,00410,,0,,wat,INN,1640192,0,1979-04-01,1979-04-01,1
USGS,390122119112101,108  N13 E25 04ACBB1,GW,39.0226953,-119.1901539,S,NAD83,,,,16050303,qw,00440,,0,,wat,INN,4788,0,1979-04-01,1979-04-01,1
USGS,390122119112101,108  N13 E25 04ACBB1,GW,39.0226953,-119.1901539,S,NAD83,,,,16050303,qw,00445,,0,,wat,INN,119396,0,1979-04-01,1979-04-01,1
USGS,390122119112101,108  N13 E25 04ACBB1,GW,39.0226953,-119.1901539,S,NAD83,,,,16050303,qw,00900,,0,,wat,PHY,1640416,0,1979-04-01,1979-04-01,1
USGS,390122119112101,108  N13 E25 04ACBB1,GW,39.0226953,-119.1901539,S,NAD83,,,,16050303,qw,00902,,0,,wat,PHY,1640432,0,1979-04-01,1979-04-01,1
USGS,390122119112101,108  N13 E25 04ACBB1,GW,39.0226953,-119.1901539,S,NAD83,,,,16050303,qw,00915,,0,,wat,INM,150268,0,1979-04-01,1979-04-01,1
USGS,390122119112101,108  N13 E25 04ACBB1,GW,39.0226953,-119.1901539,S,NAD83,,,,16050303,qw,00925,,0,,wat,INM,149617,0,1979-04-01,1979-04-01,1
USGS,390122119112101,108  N13 E25 04ACBB1,GW,39.0226953,-119.1901539,S,NAD83,,,,16050303,qw,00930,,0,,wat,INM,149856,0,1979-04-01,1979-04-01,1
USGS,390122119112101,108  N13 E25 04ACBB1,GW,39.0226953,-119.1901539,S,NAD83,,,,16050303,qw,00931,,0,,wat,INM,1640523,0,1979-04-01,1979-04-01,1
USGS,390122119112101,108  N13 E25 04ACBB1,GW,39.0226953,-119.1901539,S,NAD83,,,,16050303,qw,00932,,0,,wat,INM,1646660,0,1979-04-01,1979-04-01,1
USGS,390122119112101,108  N13 E25 04ACBB1,GW,39.0226953,-119.1901539,S,NAD83,,,,16050303,qw,00935,,0,,wat,INM,149740,0,1979-04-01,1979-04-01,1
USGS,390122119112101,108  N13 E25 04ACBB1,GW,39.0226953,-119.1901539,S,NAD83,,,,16050303,qw,00940,,0,,wat,INN,205955,0,1979-04-01,1979-04-01,1
USGS,390122119112101,108  N13 E25 04ACBB1,GW,39.0226953,-119.1901539,S,NAD83,,,,16050303,qw,00945,,0,,wat,INN,197301,0,1979-04-01,1979-04-01,1
USGS,390122119112101,108  N13 E25 04ACBB1,GW,39.0226953,-119.1901539,S,NAD83,,,,16050303,qw,00950,,0,,wat,INN,206706,0,1979-04-01,1979-04-01,1
USGS,390122119112101,108  N13 E25 04ACBB1,GW,39.0226953,-119.1901539,S,NAD83,,,,16050303,qw,70301,,0,,wat,PHY,1642222,0,1979-04-01,1979-04-01,1
USGS,390122119112101,108  N13 E25 04ACBB1,GW,39.0226953,-119.1901539,S,NAD83,,,,16050303,qw,70303,,0,,wat,PHY,1642222,0,1979-04-01,1979-04-01,1
USGS,390122119112201,108  N13 E25 04ABCC2    USGS Well 12 Weed Hts,GW,39.0226953,-119.1904316,U,NAD83, 4357.05,.01,NGVD29,16050303,qw,,,0,,wat,ALL,0,0,1978-08-28,1978-08-28,1
USGS,390122119112201,108  N13 E25 04ABCC2    USGS Well 12 Weed Hts,GW,39.0226953,-119.1904316,U,NAD83, 4357.05,.01,NGVD29,16050303,qw,00028,,0,,wat,INF,0,0,1978-08-28,1978-08-28,1
USGS,390122119112201,108  N13 E25 04ABCC2    USGS Well 12 Weed Hts,GW,39.0226953,-119.1904316,U,NAD83, 4357.05,.01,NGVD29,16050303,qw,00095,,0,,wat,PHY,1646694,0,1978-08-28,1978-08-28,1
USGS,390122119112201,108  N13 E25 04ABCC2    USGS Well 12 Weed Hts,GW,39.0226953,-119.1904316,U,NAD83, 4357.05,.01,NGVD29,16050303,qw,00191,,0,,wat,INN,1640572,0,1978-08-28,1978-08-28,1
USGS,390122119112201,108  N13 E25 04ABCC2    USGS Well 12 Weed Hts,GW,39.0226953,-119.1904316,U,NAD83, 4357.05,.01,NGVD29,16050303,qw,00300,,0,,wat,INN,154302,0,1978-08-28,1978-08-28,1
USGS,390122119112201,108  N13 E25 04ABCC2    USGS Well 12 Weed Hts,GW,39.0226953,-119.1904316,U,NAD83, 4357.05,.01,NGVD29,16050303,qw,00400,,0,,wat,PHY,17028275,0,1978-08-28,1978-08-28,1
USGS,390122119112201,108  N13 E25 04ABCC2    USGS Well 12 Weed Hts,GW,39.0226953,-119.1904316,U,NAD83, 4357.05,.01,NGVD29,16050303,qw,00405,,0,,wat,INN,33548,0,1978-08-28,1978-08-28,1
USGS,390122119112201,108  N13 E25 04ABCC2    USGS Well 12 Weed Hts,GW,39.0226953,-119.1904316,U,NAD83, 4357.05,.01,NGVD29,16050303,qw,00410,,0,,wat,INN,1640192,0,1978-08-28,1978-08-28,1
USGS,390122119112201,108  N13 E25 04ABCC2    USGS Well 12 Weed Hts,GW,39.0226953,-119.1904316,U,NAD83, 4357.05,.01,NGVD29,16050303,qw,00440,,0,,wat,INN,4788,0,1978-08-28,1978-08-28,1
USGS,390122119112201,108  N13 E25 04ABCC2    USGS Well 12 Weed Hts,GW,39.0226953,-119.1904316,U,NAD83, 4357.05,.01,NGVD29,16050303,qw,00445,,0,,wat,INN,119396,0,1978-08-28,1978-08-28,1
USGS,390122119112201,108  N13 E25 04ABCC2    USGS Well 12 Weed Hts,GW,39.0226953,-119.1904316,U,NAD83, 4357.05,.01,NGVD29,16050303,qw,00666,,0,,wat,NUT,153049,0,1978-08-28,1978-08-28,1
USGS,390122119112201,108  N13 E25 04ABCC2    USGS Well 12 Weed Hts,GW,39.0226953,-119.1904316,U,NAD83, 4357.05,.01,NGVD29,16050303,qw,00900,,0,,wat,PHY,1640416,0,1978-08-28,1978-08-28,1
USGS,390122119112201,108  N13 E25 04ABCC2    USGS Well 12 Weed Hts,GW,39.0226953,-119.1904316,U,NAD83, 4357.05,.01,NGVD29,16050303,qw,00902,,0,,wat,PHY,1640432,0,1978-08-28,1978-08-28,1
USGS,390122119112201,108  N13 E25 04ABCC2    USGS Well 12 Weed Hts,GW,39.0226953,-119.1904316,U,NAD83, 4357.05,.01,NGVD29,16050303,qw,00915,,0,,wat,INM,150268,0,1978-08-28,1978-08-28,1
USGS,390122119112201,108  N13 E25 04ABCC2    USGS Well 12 Weed Hts,GW,39.0226953,-119.1904316,U,NAD83, 4357.05,.01,NGVD29,16050303,qw,00925,,0,,wat,INM,149617,0,1978-08-28,1978-08-28,1
USGS,390122119112201,108  N13 E25 04ABCC2    USGS Well 12 Weed Hts,GW,39.0226953,-119.1904316,U,NAD83, 4357.05,.01,NGVD29,16050303,qw,00930,,0,,wat,INM,149856,0,1978-08-28,1978-08-28,1
USGS,390122119112201,108  N13 E25 04ABCC2    USGS Well 12 Weed Hts,GW,39.0226953,-119.1904316,U,NAD83, 4357.05,.01,NGVD29,16050303,qw,00931,,0,,wat,INM,1640523,0,1978-08-28,1978-08-28,1
USGS,390122119112201,108  N13 E25 04ABCC2    USGS Well 12 Weed Hts,GW,39.0226953,-119.1904316,U,NAD83, 4357.05,.01,NGVD29,16050303,qw,00932,,0,,wat,INM,1646660,0,1978-08-28,1978-08-28,1
USGS,390122119112201,108  N13 E25 04ABCC2    USGS Well 12 Weed Hts,GW,39.0226953,-119.1904316,U,NAD83, 4357.05,.01,NGVD29,16050303,qw,00935,,0,,wat,INM,149740,0,1978-08-28,1978-08-28,1
USGS,390122119112201,108  N13 E25 04ABCC2    USGS Well 12 Weed Hts,GW,39.0226953,-119.1904316,U,NAD83, 4357.05,.01,NGVD29,16050303,qw,00940,,0,,wat,INN,205955,0,1978-08-28,1978-08-28,1
USGS,390122119112201,108  N13 E25 04ABCC2    USGS Well 12 Weed Hts,GW,39.0226953,-119.1904316,U,NAD83, 4357.05,.01,NGVD29,16050303,qw,00945,,0,,wat,INN,197301,0,1978-08-28,1978-08-28,1
USGS,390122119112201,108  N13 E25 04ABCC2    USGS Well 12 Weed Hts,GW,39.0226953,-119.1904316,U,NAD83, 4357.05,.01,NGVD29,16050303,qw,00950,,0,,wat,INN,206706,0,1978-08-28,1978-08-28,1
USGS,390122119112201,108  N13 E25 04ABCC2    USGS Well 12 Weed Hts,GW,39.0226953,-119.1904316,U,NAD83, 4357.05,.01,NGVD29,16050303,qw,00955,,0,,wat,INN,151977,0,1978-08-28,1978-08-28,1
USGS,390122119112201,108  N13 E25 04ABCC2    USGS Well 12 Weed Hts,GW,39.0226953,-119.1904316,U,NAD83, 4357.05,.01,NGVD29,16050303,qw,01000,,0,,wat,IMN,149989,0,1978-08-28,1978-08-28,1
USGS,390122119112201,108  N13 E25 04ABCC2    USGS Well 12 Weed Hts,GW,39.0226953,-119.1904316,U,NAD83, 4357.05,.01,NGVD29,16050303,qw,01020,,0,,wat,IMN,150011,0,1978-08-28,1978-08-28,1
USGS,390122119112201,108  N13 E25 04ABCC2    USGS Well 12 Weed Hts,GW,39.0226953,-119.1904316,U,NAD83, 4357.05,.01,NGVD29,16050303,qw,01025,,0,,wat,IMM,150029,0,1978-08-28,1978-08-28,1
USGS,390122119112201,108  N13 E25 04ABCC2    USGS Well 12 Weed Hts,GW,39.0226953,-119.1904316,U,NAD83, 4357.05,.01,NGVD29,16050303,qw,01030,,0,,wat,IMM,150060,0,1978-08-28,1978-08-28,1
USGS,390122119112201,108  N13 E25 04ABCC2    USGS Well 12 Weed Hts,GW,39.0226953,-119.1904316,U,NAD83, 4357.05,.01,NGVD29,16050303,qw,01040,,0,,wat,IMM,150086,0,1978-08-28,1978-08-28,1
USGS,390122119112201,108  N13 E25 04ABCC2    USGS Well 12 Weed Hts,GW,39.0226953,-119.1904316,U,NAD83, 4357.05,.01,NGVD29,16050303,qw,01046,,0,,wat,IMM,149559,0,1978-08-28,1978-08-28,1
USGS,390122119112201,108  N13 E25 04ABCC2    USGS Well 12 Weed Hts,GW,39.0226953,-119.1904316,U,NAD83, 4357.05,.01,NGVD29,16050303,qw,01049,,0,,wat,IMM,149583,0,1978-08-28,1978-08-28,1
USGS,390122119112201,108  N13 E25 04ABCC2    USGS Well 12 Weed Hts,GW,39.0226953,-119.1904316,U,NAD83, 4357.05,.01,NGVD29,16050303,qw,01056,,0,,wat,IMM,149625,0,1978-08-28,1978-08-28,1
USGS,390122119112201,108  N13 E25 04ABCC2    USGS Well 12 Weed Hts,GW,39.0226953,-119.1904316,U,NAD83, 4357.05,.01,NGVD29,16050303,qw,01060,,0,,wat,IMM,149641,0,1978-08-28,1978-08-28,1
USGS,390122119112201,108  N13 E25 04ABCC2    USGS Well 12 Weed Hts,GW,39.0226953,-119.1904316,U,NAD83, 4357.05,.01,NGVD29,16050303,qw,01090,,0,,wat,IMM,150235,0,1978-08-28,1978-08-28,1
USGS,390122119112201,108  N13 E25 04ABCC2    USGS Well 12 Weed Hts,GW,39.0226953,-119.1904316,U,NAD83, 4357.05,.01,NGVD29,16050303,qw,01145,,0,,wat,IMN,154310,0,1978-08-28,1978-08-28,1
USGS,390122119112201,108  N13 E25 04ABCC2    USGS Well 12 Weed Hts,GW,39.0226953,-119.1904316,U,NAD83, 4357.05,.01,NGVD29,16050303,qw,70301,,0,,wat,PHY,1642222,0,1978-08-28,1978-08-28,1
USGS,390122119112201,108  N13 E25 04ABCC2    USGS Well 12 Weed Hts,GW,39.0226953,-119.1904316,U,NAD83, 4357.05,.01,NGVD29,16050303,qw,70303,,0,,wat,PHY,1642222,0,1978-08-28,1978-08-28,1
USGS,390122119112201,108  N13 E25 04ABCC2    USGS Well 12 Weed Hts,GW,39.0226953,-119.1904316,U,NAD83, 4357.05,.01,NGVD29,16050303,qw,71890,,0,,wat,IMM,149633,0,1978-08-28,1978-08-28,1
USGS,390122119115401,108  N13 E25 04BCBB1    USGS Well 10 Weed Hts,GW,39.0226952,-119.1993207,U,NAD83, 4352.50,.01,NGVD29,16050303,qw,,,0,,wat,ALL,0,0,1978-09-07,1978-09-07,1
USGS,390122119115401,108  N13 E25 04BCBB1    USGS Well 10 Weed Hts,GW,39.0226952,-119.1993207,U,NAD83, 4352.50,.01,NGVD29,16050303,qw,00028,,0,,wat,INF,0,0,1978-09-07,1978-09-07,1
USGS,390122119115401,108  N13 E25 04BCBB1    USGS Well 10 Weed Hts,GW,39.0226952,-119.1993207,U,NAD83, 4352.50,.01,NGVD29,16050303,qw,00095,,0,,wat,PHY,1646694,0,1978-09-07,1978-09-07,1
USGS,390122119115401,108  N13 E25 04BCBB1    USGS Well 10 Weed Hts,GW,39.0226952,-119.1993207,U,NAD83, 4352.50,.01,NGVD29,16050303,qw,00191,,0,,wat,INN,1640572,0,1978-09-07,1978-09-07,1
USGS,390122119115401,108  N13 E25 04BCBB1    USGS Well 10 Weed Hts,GW,39.0226952,-119.1993207,U,NAD83, 4352.50,.01,NGVD29,16050303,qw,00300,,0,,wat,INN,154302,0,1978-09-07,1978-09-07,1
USGS,390122119115401,108  N13 E25 04BCBB1    USGS Well 10 Weed Hts,GW,39.0226952,-119.1993207,U,NAD83, 4352.50,.01,NGVD29,16050303,qw,00400,,0,,wat,PHY,17028275,0,1978-09-07,1978-09-07,1
USGS,390122119115401,108  N13 E25 04BCBB1    USGS Well 10 Weed Hts,GW,39.0226952,-119.1993207,U,NAD83, 4352.50,.01,NGVD29,16050303,qw,00405,,0,,wat,INN,33548,0,1978-09-07,1978-09-07,1
USGS,390122119115401,108  N13 E25 04BCBB1    USGS Well 10 Weed Hts,GW,39.0226952,-119.1993207,U,NAD83, 4352.50,.01,NGVD29,16050303,qw,00410,,0,,wat,INN,1640192,0,1978-09-07,1978-09-07,1
USGS,390122119115401,108  N13 E25 04BCBB1    USGS Well 10 Weed Hts,GW,39.0226952,-119.1993207,U,NAD83, 4352.50,.01,NGVD29,16050303,qw,00440,,0,,wat,INN,4788,0,1978-09-07,1978-09-07,1
USGS,390122119115401,108  N13 E25 04BCBB1    USGS Well 10 Weed Hts,GW,39.0226952,-119.1993207,U,NAD83, 4352.50,.01,NGVD29,16050303,qw,00445,,0,,wat,INN,119396,0,1978-09-07,1978-09-07,1
USGS,390122119115401,108  N13 E25 04BCBB1    USGS Well 10 Weed Hts,GW,39.0226952,-119.1993207,U,NAD83, 4352.50,.01,NGVD29,16050303,qw,00666,,0,,wat,NUT,153049,0,1978-09-07,1978-09-07,1
USGS,390122119115401,108  N13 E25 04BCBB1    USGS Well 10 Weed Hts,GW,39.0226952,-119.1993207,U,NAD83, 4352.50,.01,NGVD29,16050303,qw,00900,,0,,wat,PHY,1640416,0,1978-09-07,1978-09-07,1
USGS,390122119115401,108  N13 E25 04BCBB1    USGS Well 10 Weed Hts,GW,39.0226952,-119.1993207,U,NAD83, 4352.50,.01,NGVD29,16050303,qw,00902,,0,,wat,PHY,1640432,0,1978-09-07,1978-09-07,1
USGS,390122119115401,108  N13 E25 04BCBB1    USGS Well 10 Weed Hts,GW,39.0226952,-119.1993207,U,NAD83, 4352.50,.01,NGVD29,16050303,qw,00915,,0,,wat,INM,150268,0,1978-09-07,1978-09-07,1
USGS,390122119115401,108  N13 E25 04BCBB1    USGS Well 10 Weed Hts,GW,39.0226952,-119.1993207,U,NAD83, 4352.50,.01,NGVD29,16050303,qw,00925,,0,,wat,INM,149617,0,1978-09-07,1978-09-07,1
USGS,390122119115401,108  N13 E25 04BCBB1    USGS Well 10 Weed Hts,GW,39.0226952,-119.1993207,U,NAD83, 4352.50,.01,NGVD29,16050303,qw,00930,,0,,wat,INM,149856,0,1978-09-07,1978-09-07,1
USGS,390122119115401,108  N13 E25 04BCBB1    USGS Well 10 Weed Hts,GW,39.0226952,-119.1993207,U,NAD83, 4352.50,.01,NGVD29,16050303,qw,00931,,0,,wat,INM,1640523,0,1978-09-07,1978-09-07,1
USGS,390122119115401,108  N13 E25 04BCBB1    USGS Well 10 Weed Hts,GW,39.0226952,-119.1993207,U,NAD83, 4352.50,.01,NGVD29,16050303,qw,00932,,0,,wat,INM,1646660,0,1978-09-07,1978-09-07,1
USGS,390122119115401,108  N13 E25 04BCBB1    USGS Well 10 Weed Hts,GW,39.0226952,-119.1993207,U,NAD83, 4352.50,.01,NGVD29,16050303,qw,00935,,0,,wat,INM,149740,0,1978-09-07,1978-09-07,1
USGS,390122119115401,108  N13 E25 04BCBB1    USGS Well 10 Weed Hts,GW,39.0226952,-119.1993207,U,NAD83, 4352.50,.01,NGVD29,16050303,qw,00940,,0,,wat,INN,205955,0,1978-09-07,1978-09-07,1
USGS,390122119115401,108  N13 E25 04BCBB1    USGS Well 10 Weed Hts,GW,39.0226952,-119.1993207,U,NAD83, 4352.50,.01,NGVD29,16050303,qw,00945,,0,,wat,INN,197301,0,1978-09-07,1978-09-07,1
USGS,390122119115401,108  N13 E25 04BCBB1    USGS Well 10 Weed Hts,GW,39.0226952,-119.1993207,U,NAD83, 4352.50,.01,NGVD29,16050303,qw,00950,,0,,wat,INN,206706,0,1978-09-07,1978-09-07,1
USGS,390122119115401,108  N13 E25 04BCBB1    USGS Well 10 Weed Hts,GW,39.0226952,-119.1993207,U,NAD83, 4352.50,.01,NGVD29,16050303,qw,00955,,0,,wat,INN,151977,0,1978-09-07,1978-09-07,1
USGS,390122119115401,108  N13 E25 04BCBB1    USGS Well 10 Weed Hts,GW,39.0226952,-119.1993207,U,NAD83, 4352.50,.01,NGVD29,16050303,qw,01000,,0,,wat,IMN,149989,0,1978-09-07,1978-09-07,1
USGS,390122119115401,108  N13 E25 04BCBB1    USGS Well 10 Weed Hts,GW,39.0226952,-119.1993207,U,NAD83, 4352.50,.01,NGVD29,16050303,qw,01020,,0,,wat,IMN,150011,0,1978-09-07,1978-09-07,1
USGS,390122119115401,108  N13 E25 04BCBB1    USGS Well 10 Weed Hts,GW,39.0226952,-119.1993207,U,NAD83, 4352.50,.01,NGVD29,16050303,qw,01025,,0,,wat,IMM,150029,0,1978-09-07,1978-09-07,1
USGS,390122119115401,108  N13 E25 04BCBB1    USGS Well 10 Weed Hts,GW,39.0226952,-119.1993207,U,NAD83, 4352.50,.01,NGVD29,16050303,qw,01030,,0,,wat,IMM,150060,0,1978-09-07,1978-09-07,1
USGS,390122119115401,108  N13 E25 04BCBB1    USGS Well 10 Weed Hts,GW,39.0226952,-119.1993207,U,NAD83, 4352.50,.01,NGVD29,16050303,qw,01035,,0,,wat,IMM,150078,0,1978-09-07,1978-09-07,1
USGS,390122119115401,108  N13 E25 04BCBB1    USGS Well 10 Weed Hts,GW,39.0226952,-119.1993207,U,NAD83, 4352.50,.01,NGVD29,16050303,qw,01040,,0,,wat,IMM,150086,0,1978-09-07,1978-09-07,1
USGS,390122119115401,108  N13 E25 04BCBB1    USGS Well 10 Weed Hts,GW,39.0226952,-119.1993207,U,NAD83, 4352.50,.01,NGVD29,16050303,qw,01046,,0,,wat,IMM,149559,0,1978-09-07,1978-09-07,1
USGS,390122119115401,108  N13 E25 04BCBB1    USGS Well 10 Weed Hts,GW,39.0226952,-119.1993207,U,NAD83, 4352.50,.01,NGVD29,16050303,qw,01049,,0,,wat,IMM,149583,0,1978-09-07,1978-09-07,1
USGS,390122119115401,108  N13 E25 04BCBB1    USGS Well 10 Weed Hts,GW,39.0226952,-119.1993207,U,NAD83, 4352.50,.01,NGVD29,16050303,qw,01056,,0,,wat,IMM,149625,0,1978-09-07,1978-09-07,1
USGS,390122119115401,108  N13 E25 04BCBB1    USGS Well 10 Weed Hts,GW,39.0226952,-119.1993207,U,NAD83, 4352.50,.01,NGVD29,16050303,qw,01060,,0,,wat,IMM,149641,0,1978-09-07,1978-09-07,1
USGS,390122119115401,108  N13 E25 04BCBB1    USGS Well 10 Weed Hts,GW,39.0226952,-119.1993207,U,NAD83, 4352.50,.01,NGVD29,16050303,qw,01065,,0,,wat,IMM,149674,0,1978-09-07,1978-09-07,1
USGS,390122119115401,108  N13 E25 04BCBB1    USGS Well 10 Weed Hts,GW,39.0226952,-119.1993207,U,NAD83, 4352.50,.01,NGVD29,16050303,qw,01090,,0,,wat,IMM,150235,0,1978-09-07,1978-09-07,1
USGS,390122119115401,108  N13 E25 04BCBB1    USGS Well 10 Weed Hts,GW,39.0226952,-119.1993207,U,NAD83, 4352.50,.01,NGVD29,16050303,qw,01145,,0,,wat,IMN,154310,0,1978-09-07,1978-09-07,1
USGS,390122119115401,108  N13 E25 04BCBB1    USGS Well 10 Weed Hts,GW,39.0226952,-119.1993207,U,NAD83, 4352.50,.01,NGVD29,16050303,qw,70301,,0,,wat,PHY,1642222,0,1978-09-07,1978-09-07,1
USGS,390122119115401,108  N13 E25 04BCBB1    USGS Well 10 Weed Hts,GW,39.0226952,-119.1993207,U,NAD83, 4352.50,.01,NGVD29,16050303,qw,70303,,0,,wat,PHY,1642222,0,1978-09-07,1978-09-07,1
USGS,390122119115401,108  N13 E25 04BCBB1    USGS Well 10 Weed Hts,GW,39.0226952,-119.1993207,U,NAD83, 4352.50,.01,NGVD29,16050303,qw,71890,,0,,wat,IMM,149633,0,1978-09-07,1978-09-07,1
USGS,390123119110501,108  N13 E25 04AACC1    USGS Well 6 Weed Hts,GW,39.02297316,-119.1857094,U,NAD83, 4357.70,.01,NGVD29,16050303,qw,,,0,,wat,ALL,0,0,1978-08-30,1978-08-30,1
USGS,390123119110501,108  N13 E25 04AACC1    USGS Well 6 Weed Hts,GW,39.02297316,-119.1857094,U,NAD83, 4357.70,.01,NGVD29,16050303,qw,00028,,0,,wat,INF,0,0,1978-08-30,1978-08-30,1
USGS,390123119110501,108  N13 E25 04AACC1    USGS Well 6 Weed Hts,GW,39.02297316,-119.1857094,U,NAD83, 4357.70,.01,NGVD29,16050303,qw,00095,,0,,wat,PHY,1646694,0,1978-08-30,1978-08-30,1
USGS,390123119110501,108  N13 E25 04AACC1    USGS Well 6 Weed Hts,GW,39.02297316,-119.1857094,U,NAD83, 4357.70,.01,NGVD29,16050303,qw,00191,,0,,wat,INN,1640572,0,1978-08-30,1978-08-30,1
USGS,390123119110501,108  N13 E25 04AACC1    USGS Well 6 Weed Hts,GW,39.02297316,-119.1857094,U,NAD83, 4357.70,.01,NGVD29,16050303,qw,00300,,0,,wat,INN,154302,0,1978-08-30,1978-08-30,1
USGS,390123119110501,108  N13 E25 04AACC1    USGS Well 6 Weed Hts,GW,39.02297316,-119.1857094,U,NAD83, 4357.70,.01,NGVD29,16050303,qw,00400,,0,,wat,PHY,17028275,0,1978-08-30,1978-08-30,1
USGS,390123119110501,108  N13 E25 04AACC1    USGS Well 6 Weed Hts,GW,39.02297316,-119.1857094,U,NAD83, 4357.70,.01,NGVD29,16050303,qw,00405,,0,,wat,INN,33548,0,1978-08-30,1978-08-30,1
USGS,390123119110501,108  N13 E25 04AACC1    USGS Well 6 Weed Hts,GW,39.02297316,-119.1857094,U,NAD83, 4357.70,.01,NGVD29,16050303,qw,00410,,0,,wat,INN,1640192,0,1978-08-30,1978-08-30,1
USGS,390123119110501,108  N13 E25 04AACC1    USGS Well 6 Weed Hts,GW,39.02297316,-119.1857094,U,NAD83, 4357.70,.01,NGVD29,16050303,qw,00440,,0,,wat,INN,4788,0,1978-08-30,1978-08-30,1
USGS,390123119110501,108  N13 E25 04AACC1    USGS Well 6 Weed Hts,GW,39.02297316,-119.1857094,U,NAD83, 4357.70,.01,NGVD29,16050303,qw,00445,,0,,wat,INN,119396,0,1978-08-30,1978-08-30,1
USGS,390123119110501,108  N13 E25 04AACC1    USGS Well 6 Weed Hts,GW,39.02297316,-119.1857094,U,NAD83, 4357.70,.01,NGVD29,16050303,qw,00666,,0,,wat,NUT,153049,0,1978-08-30,1978-08-30,1
USGS,390123119110501,108  N13 E25 04AACC1    USGS Well 6 Weed Hts,GW,39.02297316,-119.1857094,U,NAD83, 4357.70,.01,NGVD29,16050303,qw,00900,,0,,wat,PHY,1640416,0,1978-08-30,1978-08-30,1
USGS,390123119110501,108  N13 E25 04AACC1    USGS Well 6 Weed Hts,GW,39.02297316,-119.1857094,U,NAD83, 4357.70,.01,NGVD29,16050303,qw,00902,,0,,wat,PHY,1640432,0,1978-08-30,1978-08-30,1
USGS,390123119110501,108  N13 E25 04AACC1    USGS Well 6 Weed Hts,GW,39.02297316,-119.1857094,U,NAD83, 4357.70,.01,NGVD29,16050303,qw,00915,,0,,wat,INM,150268,0,1978-08-30,1978-08-30,1
USGS,390123119110501,108  N13 E25 04AACC1    USGS Well 6 Weed Hts,GW,39.02297316,-119.1857094,U,NAD83, 4357.70,.01,NGVD29,16050303,qw,00925,,0,,wat,INM,149617,0,1978-08-30,1978-08-30,1
USGS,390123119110501,108  N13 E25 04AACC1    USGS Well 6 Weed Hts,GW,39.02297316,-119.1857094,U,NAD83, 4357.70,.01,NGVD29,16050303,qw,00930,,0,,wat,INM,149856,0,1978-08-30,1978-08-30,1
USGS,390123119110501,108  N13 E25 04AACC1    USGS Well 6 Weed Hts,GW,39.02297316,-119.1857094,U,NAD83, 4357.70,.01,NGVD29,16050303,qw,00931,,0,,wat,INM,1640523,0,1978-08-30,1978-08-30,1
USGS,390123119110501,108  N13 E25 04AACC1    USGS Well 6 Weed Hts,GW,39.02297316,-119.1857094,U,NAD83, 4357.70,.01,NGVD29,16050303,qw,00932,,0,,wat,INM,1646660,0,1978-08-30,1978-08-30,1
USGS,390123119110501,108  N13 E25 04AACC1    USGS Well 6 Weed Hts,GW,39.02297316,-119.1857094,U,NAD83, 4357.70,.01,NGVD29,16050303,qw,00935,,0,,wat,INM,149740,0,1978-08-30,1978-08-30,1
USGS,390123119110501,108  N13 E25 04AACC1    USGS Well 6 Weed Hts,GW,39.02297316,-119.1857094,U,NAD83, 4357.70,.01,NGVD29,16050303,qw,00940,,0,,wat,INN,205955,0,1978-08-30,1978-08-30,1
USGS,390123119110501,108  N13 E25 04AACC1    USGS Well 6 Weed Hts,GW,39.02297316,-119.1857094,U,NAD83, 4357.70,.01,NGVD29,16050303,qw,00945,,0,,wat,INN,197301,0,1978-08-30,1978-08-30,1
USGS,390123119110501,108  N13 E25 04AACC1    USGS Well 6 Weed Hts,GW,39.02297316,-119.1857094,U,NAD83, 4357.70,.01,NGVD29,16050303,qw,00950,,0,,wat,INN,206706,0,1978-08-30,1978-08-30,1
USGS,390123119110501,108  N13 E25 04AACC1    USGS Well 6 Weed Hts,GW,39.02297316,-119.1857094,U,NAD83, 4357.70,.01,NGVD29,16050303,qw,00955,,0,,wat,INN,151977,0,1978-08-30,1978-08-30,1
USGS,390123119110501,108  N13 E25 04AACC1    USGS Well 6 Weed Hts,GW,39.02297316,-119.1857094,U,NAD83, 4357.70,.01,NGVD29,16050303,qw,01000,,0,,wat,IMN,149989,0,1978-08-30,1978-08-30,1
USGS,390123119110501,108  N13 E25 04AACC1    USGS Well 6 Weed Hts,GW,39.02297316,-119.1857094,U,NAD83, 4357.70,.01,NGVD29,16050303,qw,01020,,0,,wat,IMN,150011,0,1978-08-30,1978-08-30,1
USGS,390123119110501,108  N13 E25 04AACC1    USGS Well 6 Weed Hts,GW,39.02297316,-119.1857094,U,NAD83, 4357.70,.01,NGVD29,16050303,qw,01025,,0,,wat,IMM,150029,0,1978-08-30,1978-08-30,1
USGS,390123119110501,108  N13 E25 04AACC1    USGS Well 6 Weed Hts,GW,39.02297316,-119.1857094,U,NAD83, 4357.70,.01,NGVD29,16050303,qw,01030,,0,,wat,IMM,150060,0,1978-08-30,1978-08-30,1
USGS,390123119110501,108  N13 E25 04AACC1    USGS Well 6 Weed Hts,GW,39.02297316,-119.1857094,U,NAD83, 4357.70,.01,NGVD29,16050303,qw,01040,,0,,wat,IMM,150086,0,1978-08-30,1978-08-30,1
USGS,390123119110501,108  N13 E25 04AACC1    USGS Well 6 Weed Hts,GW,39.02297316,-119.1857094,U,NAD83, 4357.70,.01,NGVD29,16050303,qw,01046,,0,,wat,IMM,149559,0,1978-08-30,1978-08-30,1
USGS,390123119110501,108  N13 E25 04AACC1    USGS Well 6 Weed Hts,GW,39.02297316,-119.1857094,U,NAD83, 4357.70,.01,NGVD29,16050303,qw,01049,,0,,wat,IMM,149583,0,1978-08-30,1978-08-30,1
USGS,390123119110501,108  N13 E25 04AACC1    USGS Well 6 Weed Hts,GW,39.02297316,-119.1857094,U,NAD83, 4357.70,.01,NGVD29,16050303,qw,01056,,0,,wat,IMM,149625,0,1978-08-30,1978-08-30,1
USGS,390123119110501,108  N13 E25 04AACC1    USGS Well 6 Weed Hts,GW,39.02297316,-119.1857094,U,NAD83, 4357.70,.01,NGVD29,16050303,qw,01060,,0,,wat,IMM,149641,0,1978-08-30,1978-08-30,1
USGS,390123119110501,108  N13 E25 04AACC1    USGS Well 6 Weed Hts,GW,39.02297316,-119.1857094,U,NAD83, 4357.70,.01,NGVD29,16050303,qw,01090,,0,,wat,IMM,150235,0,1978-08-30,1978-08-30,1
USGS,390123119110501,108  N13 E25 04AACC1    USGS Well 6 Weed Hts,GW,39.02297316,-119.1857094,U,NAD83, 4357.70,.01,NGVD29,16050303,qw,01145,,0,,wat,IMN,154310,0,1978-08-30,1978-08-30,1
USGS,390123119110501,108  N13 E25 04AACC1    USGS Well 6 Weed Hts,GW,39.02297316,-119.1857094,U,NAD83, 4357.70,.01,NGVD29,16050303,qw,70301,,0,,wat,PHY,1642222,0,1978-08-30,1978-08-30,1
USGS,390123119110501,108  N13 E25 04AACC1    USGS Well 6 Weed Hts,GW,39.02297316,-119.1857094,U,NAD83, 4357.70,.01,NGVD29,16050303,qw,70303,,0,,wat,PHY,1642222,0,1978-08-30,1978-08-30,1
USGS,390123119110501,108  N13 E25 04AACC1    USGS Well 6 Weed Hts,GW,39.02297316,-119.1857094,U,NAD83, 4357.70,.01,NGVD29,16050303,qw,71890,,0,,wat,IMM,149633,0,1978-08-30,1978-08-30,1
USGS,390124119065301,108  N14 E26 31CD  1,GW,39.02325167,-119.1157083,M,NAD83, 4355.,1,NGVD29,16050303,gw,62610,,0,,wat,,1642461,0,1966-03-15,1966-03-15,1
USGS,390124119065301,108  N14 E26 31CD  1,GW,39.02325167,-119.1157083,M,NAD83, 4355.,1,NGVD29,16050303,gw,62611,,0,,wat,,1642461,0,1966-03-15,1966-03-15,1
USGS,390124119065301,108  N14 E26 31CD  1,GW,39.02325167,-119.1157083,M,NAD83, 4355.,1,NGVD29,16050303,gw,72019,,0,,wat,,1642008,0,1966-03-15,1966-03-15,1
USGS,390126119034001,108  N14 E26 34CD  1,GW,39.02380779,-119.0620964,M,NAD83, 4380.,1,NGVD29,16050303,gw,62610,,0,,wat,,1642461,0,1966-03-16,1966-03-16,1
USGS,390126119034001,108  N14 E26 34CD  1,GW,39.02380779,-119.0620964,M,NAD83, 4380.,1,NGVD29,16050303,gw,62611,,0,,wat,,1642461,0,1966-03-16,1966-03-16,1
USGS,390126119034001,108  N14 E26 34CD  1,GW,39.02380779,-119.0620964,M,NAD83, 4380.,1,NGVD29,16050303,gw,72019,,0,,wat,,1642008,0,1966-03-16,1966-03-16,1
USGS,390127119030001,108  N13 E26 02BBCC1,GW,39.02408569,-119.0509851,S,NAD83, 4406, 15,NGVD29,16050303,ad,,,0,,wat,,0,0,2005,2007,3
USGS,390127119030001,108  N13 E26 02BBCC1,GW,39.02408569,-119.0509851,S,NAD83, 4406, 15,NGVD29,16050303,gw,62610,,0,,wat,,1642461,0,1961-11-04,2010-11-24,35
USGS,390127119030001,108  N13 E26 02BBCC1,GW,39.02408569,-119.0509851,S,NAD83, 4406, 15,NGVD29,16050303,gw,62611,,0,,wat,,1642461,0,1961-11-04,2010-11-24,35
USGS,390127119030001,108  N13 E26 02BBCC1,GW,39.02408569,-119.0509851,S,NAD83, 4406, 15,NGVD29,16050303,gw,72019,,0,,wat,,1642008,0,1961-11-04,2010-11-24,35
USGS,390129119032401,108  N14 E26 34DC  1,GW,39.02464117,-119.0576519,M,NAD83, 4380.,1,NGVD29,16050303,gw,62610,,0,,wat,,1642461,0,1957-01-01,1957-01-01,1
USGS,390129119032401,108  N14 E26 34DC  1,GW,39.02464117,-119.0576519,M,NAD83, 4380.,1,NGVD29,16050303,gw,62611,,0,,wat,,1642461,0,1957-01-01,1957-01-01,1
USGS,390129119032401,108  N14 E26 34DC  1,GW,39.02464117,-119.0576519,M,NAD83, 4380.,1,NGVD29,16050303,gw,72019,,0,,wat,,1642008,0,1957-01-01,1957-01-01,1
USGS,390130119115401,108  N13 E25 04BBCB1,GW,39.02491747,-119.1993207,F,NAD83, 4355., 10,NGVD29,16050303,gw,62610,,0,,wat,,1642461,0,1972-11-28,2000-03-01,6
USGS,390130119115401,108  N13 E25 04BBCB1,GW,39.02491747,-119.1993207,F,NAD83, 4355., 10,NGVD29,16050303,gw,62611,,0,,wat,,1642461,0,1972-11-28,2000-03-01,6
USGS,390130119115401,108  N13 E25 04BBCB1,GW,39.02491747,-119.1993207,F,NAD83, 4355., 10,NGVD29,16050303,gw,72019,,0,,wat,,1642008,0,1972-11-28,2000-03-01,6
USGS,390131119115301,108  N13 E25 04BBBC2,GW,39.02519525,-119.1990429,U,NAD83,,,,16050303,qw,,,0,,wat,ALL,0,0,1979-04-01,1979-04-01,1
USGS,390131119115301,108  N13 E25 04BBBC2,GW,39.02519525,-119.1990429,U,NAD83,,,,16050303,qw,00028,,0,,wat,INF,0,0,1979-04-01,1979-04-01,1
USGS,390131119115301,108  N13 E25 04BBBC2,GW,39.02519525,-119.1990429,U,NAD83,,,,16050303,qw,00095,,0,,wat,PHY,1646694,0,1979-04-01,1979-04-01,1
USGS,390131119115301,108  N13 E25 04BBBC2,GW,39.02519525,-119.1990429,U,NAD83,,,,16050303,qw,00410,,0,,wat,INN,1640192,0,1979-04-01,1979-04-01,1
USGS,390131119115301,108  N13 E25 04BBBC2,GW,39.02519525,-119.1990429,U,NAD83,,,,16050303,qw,00440,,0,,wat,INN,4788,0,1979-04-01,1979-04-01,1
USGS,390131119115301,108  N13 E25 04BBBC2,GW,39.02519525,-119.1990429,U,NAD83,,,,16050303,qw,00445,,0,,wat,INN,119396,0,1979-04-01,1979-04-01,1
USGS,390131119115301,108  N13 E25 04BBBC2,GW,39.02519525,-119.1990429,U,NAD83,,,,16050303,qw,00900,,0,,wat,PHY,1640416,0,1979-04-01,1979-04-01,1
USGS,390131119115301,108  N13 E25 04BBBC2,GW,39.02519525,-119.1990429,U,NAD83,,,,16050303,qw,00902,,0,,wat,PHY,1640432,0,1979-04-01,1979-04-01,1
USGS,390131119115301,108  N13 E25 04BBBC2,GW,39.02519525,-119.1990429,U,NAD83,,,,16050303,qw,00915,,0,,wat,INM,150268,0,1979-04-01,1979-04-01,1
USGS,390131119115301,108  N13 E25 04BBBC2,GW,39.02519525,-119.1990429,U,NAD83,,,,16050303,qw,00925,,0,,wat,INM,149617,0,1979-04-01,1979-04-01,1
USGS,390131119115301,108  N13 E25 04BBBC2,GW,39.02519525,-119.1990429,U,NAD83,,,,16050303,qw,00930,,0,,wat,INM,149856,0,1979-04-01,1979-04-01,1
USGS,390131119115301,108  N13 E25 04BBBC2,GW,39.02519525,-119.1990429,U,NAD83,,,,16050303,qw,00931,,0,,wat,INM,1640523,0,1979-04-01,1979-04-01,1
USGS,390131119115301,108  N13 E25 04BBBC2,GW,39.02519525,-119.1990429,U,NAD83,,,,16050303,qw,00932,,0,,wat,INM,1646660,0,1979-04-01,1979-04-01,1
USGS,390131119115301,108  N13 E25 04BBBC2,GW,39.02519525,-119.1990429,U,NAD83,,,,16050303,qw,00935,,0,,wat,INM,149740,0,1979-04-01,1979-04-01,1
USGS,390131119115301,108  N13 E25 04BBBC2,GW,39.02519525,-119.1990429,U,NAD83,,,,16050303,qw,00940,,0,,wat,INN,205955,0,1979-04-01,1979-04-01,1
USGS,390131119115301,108  N13 E25 04BBBC2,GW,39.02519525,-119.1990429,U,NAD83,,,,16050303,qw,00945,,0,,wat,INN,197301,0,1979-04-01,1979-04-01,1
USGS,390131119115301,108  N13 E25 04BBBC2,GW,39.02519525,-119.1990429,U,NAD83,,,,16050303,qw,00950,,0,,wat,INN,206706,0,1979-04-01,1979-04-01,1
USGS,390131119115301,108  N13 E25 04BBBC2,GW,39.02519525,-119.1990429,U,NAD83,,,,16050303,qw,01000,,0,,wat,IMN,149989,0,1979-04-01,1979-04-01,1
USGS,390131119115301,108  N13 E25 04BBBC2,GW,39.02519525,-119.1990429,U,NAD83,,,,16050303,qw,70301,,0,,wat,PHY,1642222,0,1979-04-01,1979-04-01,1
USGS,390131119115301,108  N13 E25 04BBBC2,GW,39.02519525,-119.1990429,U,NAD83,,,,16050303,qw,70303,,0,,wat,PHY,1642222,0,1979-04-01,1979-04-01,1
USGS,390132119112401,108  N13 E25 04BAAD1    USGS Well 5A Weed Hts,GW,39.0254731,-119.1909872,U,NAD83, 4354.35,.01,NGVD29,16050303,qw,,,0,,wat,ALL,0,0,1978-08-28,1978-08-28,1
USGS,390132119112401,108  N13 E25 04BAAD1    USGS Well 5A Weed Hts,GW,39.0254731,-119.1909872,U,NAD83, 4354.35,.01,NGVD29,16050303,qw,00028,,0,,wat,INF,0,0,1978-08-28,1978-08-28,1
USGS,390132119112401,108  N13 E25 04BAAD1    USGS Well 5A Weed Hts,GW,39.0254731,-119.1909872,U,NAD83, 4354.35,.01,NGVD29,16050303,qw,00095,,0,,wat,PHY,1646694,0,1978-08-28,1978-08-28,1
USGS,390132119112401,108  N13 E25 04BAAD1    USGS Well 5A Weed Hts,GW,39.0254731,-119.1909872,U,NAD83, 4354.35,.01,NGVD29,16050303,qw,00191,,0,,wat,INN,1640572,0,1978-08-28,1978-08-28,1
USGS,390132119112401,108  N13 E25 04BAAD1    USGS Well 5A Weed Hts,GW,39.0254731,-119.1909872,U,NAD83, 4354.35,.01,NGVD29,16050303,qw,00300,,0,,wat,INN,154302,0,1978-08-28,1978-08-28,1
USGS,390132119112401,108  N13 E25 04BAAD1    USGS Well 5A Weed Hts,GW,39.0254731,-119.1909872,U,NAD83, 4354.35,.01,NGVD29,16050303,qw,00400,,0,,wat,PHY,17028275,0,1978-08-28,1978-08-28,1
USGS,390132119112401,108  N13 E25 04BAAD1    USGS Well 5A Weed Hts,GW,39.0254731,-119.1909872,U,NAD83, 4354.35,.01,NGVD29,16050303,qw,00405,,0,,wat,INN,33548,0,1978-08-28,1978-08-28,1
USGS,390132119112401,108  N13 E25 04BAAD1    USGS Well 5A Weed Hts,GW,39.0254731,-119.1909872,U,NAD83, 4354.35,.01,NGVD29,16050303,qw,00410,,0,,wat,INN,1640192,0,1978-08-28,1978-08-28,1
USGS,390132119112401,108  N13 E25 04BAAD1    USGS Well 5A Weed Hts,GW,39.0254731,-119.1909872,U,NAD83, 4354.35,.01,NGVD29,16050303,qw,00440,,0,,wat,INN,4788,0,1978-08-28,1978-08-28,1
USGS,390132119112401,108  N13 E25 04BAAD1    USGS Well 5A Weed Hts,GW,39.0254731,-119.1909872,U,NAD83, 4354.35,.01,NGVD29,16050303,qw,00445,,0,,wat,INN,119396,0,1978-08-28,1978-08-28,1
USGS,390132119112401,108  N13 E25 04BAAD1    USGS Well 5A Weed Hts,GW,39.0254731,-119.1909872,U,NAD83, 4354.35,.01,NGVD29,16050303,qw,00666,,0,,wat,NUT,153049,0,1978-08-28,1978-08-28,1
USGS,390132119112401,108  N13 E25 04BAAD1    USGS Well 5A Weed Hts,GW,39.0254731,-119.1909872,U,NAD83, 4354.35,.01,NGVD29,16050303,qw,00900,,0,,wat,PHY,1640416,0,1978-08-28,1978-08-28,1
USGS,390132119112401,108  N13 E25 04BAAD1    USGS Well 5A Weed Hts,GW,39.0254731,-119.1909872,U,NAD83, 4354.35,.01,NGVD29,16050303,qw,00902,,0,,wat,PHY,1640432,0,1978-08-28,1978-08-28,1
USGS,390132119112401,108  N13 E25 04BAAD1    USGS Well 5A Weed Hts,GW,39.0254731,-119.1909872,U,NAD83, 4354.35,.01,NGVD29,16050303,qw,00915,,0,,wat,INM,150268,0,1978-08-28,1978-08-28,1
USGS,390132119112401,108  N13 E25 04BAAD1    USGS Well 5A Weed Hts,GW,39.0254731,-119.1909872,U,NAD83, 4354.35,.01,NGVD29,16050303,qw,00925,,0,,wat,INM,149617,0,1978-08-28,1978-08-28,1
USGS,390132119112401,108  N13 E25 04BAAD1    USGS Well 5A Weed Hts,GW,39.0254731,-119.1909872,U,NAD83, 4354.35,.01,NGVD29,16050303,qw,00930,,0,,wat,INM,149856,0,1978-08-28,1978-08-28,1
USGS,390132119112401,108  N13 E25 04BAAD1    USGS Well 5A Weed Hts,GW,39.0254731,-119.1909872,U,NAD83, 4354.35,.01,NGVD29,16050303,qw,00931,,0,,wat,INM,1640523,0,1978-08-28,1978-08-28,1
USGS,390132119112401,108  N13 E25 04BAAD1    USGS Well 5A Weed Hts,GW,39.0254731,-119.1909872,U,NAD83, 4354.35,.01,NGVD29,16050303,qw,00932,,0,,wat,INM,1646660,0,1978-08-28,1978-08-28,1
USGS,390132119112401,108  N13 E25 04BAAD1    USGS Well 5A Weed Hts,GW,39.0254731,-119.1909872,U,NAD83, 4354.35,.01,NGVD29,16050303,qw,00935,,0,,wat,INM,149740,0,1978-08-28,1978-08-28,1
USGS,390132119112401,108  N13 E25 04BAAD1    USGS Well 5A Weed Hts,GW,39.0254731,-119.1909872,U,NAD83, 4354.35,.01,NGVD29,16050303,qw,00940,,0,,wat,INN,205955,0,1978-08-28,1978-08-28,1
USGS,390132119112401,108  N13 E25 04BAAD1    USGS Well 5A Weed Hts,GW,39.0254731,-119.1909872,U,NAD83, 4354.35,.01,NGVD29,16050303,qw,00945,,0,,wat,INN,197301,0,1978-08-28,1978-08-28,1
USGS,390132119112401,108  N13 E25 04BAAD1    USGS Well 5A Weed Hts,GW,39.0254731,-119.1909872,U,NAD83, 4354.35,.01,NGVD29,16050303,qw,00950,,0,,wat,INN,206706,0,1978-08-28,1978-08-28,1
USGS,390132119112401,108  N13 E25 04BAAD1    USGS Well 5A Weed Hts,GW,39.0254731,-119.1909872,U,NAD83, 4354.35,.01,NGVD29,16050303,qw,00955,,0,,wat,INN,151977,0,1978-08-28,1978-08-28,1
USGS,390132119112401,108  N13 E25 04BAAD1    USGS Well 5A Weed Hts,GW,39.0254731,-119.1909872,U,NAD83, 4354.35,.01,NGVD29,16050303,qw,01000,,0,,wat,IMN,149989,0,1978-08-28,1978-08-28,1
USGS,390132119112401,108  N13 E25 04BAAD1    USGS Well 5A Weed Hts,GW,39.0254731,-119.1909872,U,NAD83, 4354.35,.01,NGVD29,16050303,qw,01020,,0,,wat,IMN,150011,0,1978-08-28,1978-08-28,1
USGS,390132119112401,108  N13 E25 04BAAD1    USGS Well 5A Weed Hts,GW,39.0254731,-119.1909872,U,NAD83, 4354.35,.01,NGVD29,16050303,qw,01025,,0,,wat,IMM,150029,0,1978-08-28,1978-08-28,1
USGS,390132119112401,108  N13 E25 04BAAD1    USGS Well 5A Weed Hts,GW,39.0254731,-119.1909872,U,NAD83, 4354.35,.01,NGVD29,16050303,qw,01030,,0,,wat,IMM,150060,0,1978-08-28,1978-08-28,1
USGS,390132119112401,108  N13 E25 04BAAD1    USGS Well 5A Weed Hts,GW,39.0254731,-119.1909872,U,NAD83, 4354.35,.01,NGVD29,16050303,qw,01040,,0,,wat,IMM,150086,0,1978-08-28,1978-08-28,1
USGS,390132119112401,108  N13 E25 04BAAD1    USGS Well 5A Weed Hts,GW,39.0254731,-119.1909872,U,NAD83, 4354.35,.01,NGVD29,16050303,qw,01046,,0,,wat,IMM,149559,0,1978-08-28,1978-08-28,1
USGS,390132119112401,108  N13 E25 04BAAD1    USGS Well 5A Weed Hts,GW,39.0254731,-119.1909872,U,NAD83, 4354.35,.01,NGVD29,16050303,qw,01049,,0,,wat,IMM,149583,0,1978-08-28,1978-08-28,1
USGS,390132119112401,108  N13 E25 04BAAD1    USGS Well 5A Weed Hts,GW,39.0254731,-119.1909872,U,NAD83, 4354.35,.01,NGVD29,16050303,qw,01056,,0,,wat,IMM,149625,0,1978-08-28,1978-08-28,1
USGS,390132119112401,108  N13 E25 04BAAD1    USGS Well 5A Weed Hts,GW,39.0254731,-119.1909872,U,NAD83, 4354.35,.01,NGVD29,16050303,qw,01060,,0,,wat,IMM,149641,0,1978-08-28,1978-08-28,1
USGS,390132119112401,108  N13 E25 04BAAD1    USGS Well 5A Weed Hts,GW,39.0254731,-119.1909872,U,NAD83, 4354.35,.01,NGVD29,16050303,qw,01090,,0,,wat,IMM,150235,0,1978-08-28,1978-08-28,1
USGS,390132119112401,108  N13 E25 04BAAD1    USGS Well 5A Weed Hts,GW,39.0254731,-119.1909872,U,NAD83, 4354.35,.01,NGVD29,16050303,qw,01145,,0,,wat,IMN,154310,0,1978-08-28,1978-08-28,1
USGS,390132119112401,108  N13 E25 04BAAD1    USGS Well 5A Weed Hts,GW,39.0254731,-119.1909872,U,NAD83, 4354.35,.01,NGVD29,16050303,qw,70301,,0,,wat,PHY,1642222,0,1978-08-28,1978-08-28,1
USGS,390132119112401,108  N13 E25 04BAAD1    USGS Well 5A Weed Hts,GW,39.0254731,-119.1909872,U,NAD83, 4354.35,.01,NGVD29,16050303,qw,70303,,0,,wat,PHY,1642222,0,1978-08-28,1978-08-28,1
USGS,390132119112401,108  N13 E25 04BAAD1    USGS Well 5A Weed Hts,GW,39.0254731,-119.1909872,U,NAD83, 4354.35,.01,NGVD29,16050303,qw,71890,,0,,wat,IMM,149633,0,1978-08-28,1978-08-28,1
USGS,390132119112402,108  N13 E25 04BAAD2    USGS Well 5B Weed Hts,GW,39.0254731,-119.1909872,U,NAD83, 4354.27,.01,NGVD29,16050303,qw,,,0,,wat,ALL,0,0,1978-08-21,1978-08-21,1
USGS,390132119112402,108  N13 E25 04BAAD2    USGS Well 5B Weed Hts,GW,39.0254731,-119.1909872,U,NAD83, 4354.27,.01,NGVD29,16050303,qw,00028,,0,,wat,INF,0,0,1978-08-21,1978-08-21,1
USGS,390132119112402,108  N13 E25 04BAAD2    USGS Well 5B Weed Hts,GW,39.0254731,-119.1909872,U,NAD83, 4354.27,.01,NGVD29,16050303,qw,00095,,0,,wat,PHY,1646694,0,1978-08-21,1978-08-21,1
USGS,390132119112402,108  N13 E25 04BAAD2    USGS Well 5B Weed Hts,GW,39.0254731,-119.1909872,U,NAD83, 4354.27,.01,NGVD29,16050303,qw,00191,,0,,wat,INN,1640572,0,1978-08-21,1978-08-21,1
USGS,390132119112402,108  N13 E25 04BAAD2    USGS Well 5B Weed Hts,GW,39.0254731,-119.1909872,U,NAD83, 4354.27,.01,NGVD29,16050303,qw,00300,,0,,wat,INN,154302,0,1978-08-21,1978-08-21,1
USGS,390132119112402,108  N13 E25 04BAAD2    USGS Well 5B Weed Hts,GW,39.0254731,-119.1909872,U,NAD83, 4354.27,.01,NGVD29,16050303,qw,00400,,0,,wat,PHY,17028275,0,1978-08-21,1978-08-21,1
USGS,390132119112402,108  N13 E25 04BAAD2    USGS Well 5B Weed Hts,GW,39.0254731,-119.1909872,U,NAD83, 4354.27,.01,NGVD29,16050303,qw,00405,,0,,wat,INN,33548,0,1978-08-21,1978-08-21,1
USGS,390132119112402,108  N13 E25 04BAAD2    USGS Well 5B Weed Hts,GW,39.0254731,-119.1909872,U,NAD83, 4354.27,.01,NGVD29,16050303,qw,00410,,0,,wat,INN,1640192,0,1978-08-21,1978-08-21,1
USGS,390132119112402,108  N13 E25 04BAAD2    USGS Well 5B Weed Hts,GW,39.0254731,-119.1909872,U,NAD83, 4354.27,.01,NGVD29,16050303,qw,00440,,0,,wat,INN,4788,0,1978-08-21,1978-08-21,1
USGS,390132119112402,108  N13 E25 04BAAD2    USGS Well 5B Weed Hts,GW,39.0254731,-119.1909872,U,NAD83, 4354.27,.01,NGVD29,16050303,qw,00445,,0,,wat,INN,119396,0,1978-08-21,1978-08-21,1
USGS,390132119112402,108  N13 E25 04BAAD2    USGS Well 5B Weed Hts,GW,39.0254731,-119.1909872,U,NAD83, 4354.27,.01,NGVD29,16050303,qw,00666,,0,,wat,NUT,153049,0,1978-08-21,1978-08-21,1
USGS,390132119112402,108  N13 E25 04BAAD2    USGS Well 5B Weed Hts,GW,39.0254731,-119.1909872,U,NAD83, 4354.27,.01,NGVD29,16050303,qw,00900,,0,,wat,PHY,1640416,0,1978-08-21,1978-08-21,1
USGS,390132119112402,108  N13 E25 04BAAD2    USGS Well 5B Weed Hts,GW,39.0254731,-119.1909872,U,NAD83, 4354.27,.01,NGVD29,16050303,qw,00902,,0,,wat,PHY,1640432,0,1978-08-21,1978-08-21,1
USGS,390132119112402,108  N13 E25 04BAAD2    USGS Well 5B Weed Hts,GW,39.0254731,-119.1909872,U,NAD83, 4354.27,.01,NGVD29,16050303,qw,00915,,0,,wat,INM,150268,0,1978-08-21,1978-08-21,1
USGS,390132119112402,108  N13 E25 04BAAD2    USGS Well 5B Weed Hts,GW,39.0254731,-119.1909872,U,NAD83, 4354.27,.01,NGVD29,16050303,qw,00925,,0,,wat,INM,149617,0,1978-08-21,1978-08-21,1
USGS,390132119112402,108  N13 E25 04BAAD2    USGS Well 5B Weed Hts,GW,39.0254731,-119.1909872,U,NAD83, 4354.27,.01,NGVD29,16050303,qw,00930,,0,,wat,INM,149856,0,1978-08-21,1978-08-21,1
USGS,390132119112402,108  N13 E25 04BAAD2    USGS Well 5B Weed Hts,GW,39.0254731,-119.1909872,U,NAD83, 4354.27,.01,NGVD29,16050303,qw,00931,,0,,wat,INM,1640523,0,1978-08-21,1978-08-21,1
USGS,390132119112402,108  N13 E25 04BAAD2    USGS Well 5B Weed Hts,GW,39.0254731,-119.1909872,U,NAD83, 4354.27,.01,NGVD29,16050303,qw,00932,,0,,wat,INM,1646660,0,1978-08-21,1978-08-21,1
USGS,390132119112402,108  N13 E25 04BAAD2    USGS Well 5B Weed Hts,GW,39.0254731,-119.1909872,U,NAD83, 4354.27,.01,NGVD29,16050303,qw,00935,,0,,wat,INM,149740,0,1978-08-21,1978-08-21,1
USGS,390132119112402,108  N13 E25 04BAAD2    USGS Well 5B Weed Hts,GW,39.0254731,-119.1909872,U,NAD83, 4354.27,.01,NGVD29,16050303,qw,00940,,0,,wat,INN,205955,0,1978-08-21,1978-08-21,1
USGS,390132119112402,108  N13 E25 04BAAD2    USGS Well 5B Weed Hts,GW,39.0254731,-119.1909872,U,NAD83, 4354.27,.01,NGVD29,16050303,qw,00945,,0,,wat,INN,197301,0,1978-08-21,1978-08-21,1
USGS,390132119112402,108  N13 E25 04BAAD2    USGS Well 5B Weed Hts,GW,39.0254731,-119.1909872,U,NAD83, 4354.27,.01,NGVD29,16050303,qw,00950,,0,,wat,INN,206706,0,1978-08-21,1978-08-21,1
USGS,390132119112402,108  N13 E25 04BAAD2    USGS Well 5B Weed Hts,GW,39.0254731,-119.1909872,U,NAD83, 4354.27,.01,NGVD29,16050303,qw,00955,,0,,wat,INN,151977,0,1978-08-21,1978-08-21,1
USGS,390132119112402,108  N13 E25 04BAAD2    USGS Well 5B Weed Hts,GW,39.0254731,-119.1909872,U,NAD83, 4354.27,.01,NGVD29,16050303,qw,01000,,0,,wat,IMN,149989,0,1978-08-21,1978-08-21,1
USGS,390132119112402,108  N13 E25 04BAAD2    USGS Well 5B Weed Hts,GW,39.0254731,-119.1909872,U,NAD83, 4354.27,.01,NGVD29,16050303,qw,01020,,0,,wat,IMN,150011,0,1978-08-21,1978-08-21,1
USGS,390132119112402,108  N13 E25 04BAAD2    USGS Well 5B Weed Hts,GW,39.0254731,-119.1909872,U,NAD83, 4354.27,.01,NGVD29,16050303,qw,01025,,0,,wat,IMM,150029,0,1978-08-21,1978-08-21,1
USGS,390132119112402,108  N13 E25 04BAAD2    USGS Well 5B Weed Hts,GW,39.0254731,-119.1909872,U,NAD83, 4354.27,.01,NGVD29,16050303,qw,01030,,0,,wat,IMM,150060,0,1978-08-21,1978-08-21,1
USGS,390132119112402,108  N13 E25 04BAAD2    USGS Well 5B Weed Hts,GW,39.0254731,-119.1909872,U,NAD83, 4354.27,.01,NGVD29,16050303,qw,01040,,0,,wat,IMM,150086,0,1978-08-21,1978-08-21,1
USGS,390132119112402,108  N13 E25 04BAAD2    USGS Well 5B Weed Hts,GW,39.0254731,-119.1909872,U,NAD83, 4354.27,.01,NGVD29,16050303,qw,01046,,0,,wat,IMM,149559,0,1978-08-21,1978-08-21,1
USGS,390132119112402,108  N13 E25 04BAAD2    USGS Well 5B Weed Hts,GW,39.0254731,-119.1909872,U,NAD83, 4354.27,.01,NGVD29,16050303,qw,01049,,0,,wat,IMM,149583,0,1978-08-21,1978-08-21,1
USGS,390132119112402,108  N13 E25 04BAAD2    USGS Well 5B Weed Hts,GW,39.0254731,-119.1909872,U,NAD83, 4354.27,.01,NGVD29,16050303,qw,01056,,0,,wat,IMM,149625,0,1978-08-21,1978-08-21,1
USGS,390132119112402,108  N13 E25 04BAAD2    USGS Well 5B Weed Hts,GW,39.0254731,-119.1909872,U,NAD83, 4354.27,.01,NGVD29,16050303,qw,01060,,0,,wat,IMM,149641,0,1978-08-21,1978-08-21,1
USGS,390132119112402,108  N13 E25 04BAAD2    USGS Well 5B Weed Hts,GW,39.0254731,-119.1909872,U,NAD83, 4354.27,.01,NGVD29,16050303,qw,01090,,0,,wat,IMM,150235,0,1978-08-21,1978-08-21,1
USGS,390132119112402,108  N13 E25 04BAAD2    USGS Well 5B Weed Hts,GW,39.0254731,-119.1909872,U,NAD83, 4354.27,.01,NGVD29,16050303,qw,01145,,0,,wat,IMN,154310,0,1978-08-21,1978-08-21,1
USGS,390132119112402,108  N13 E25 04BAAD2    USGS Well 5B Weed Hts,GW,39.0254731,-119.1909872,U,NAD83, 4354.27,.01,NGVD29,16050303,qw,70301,,0,,wat,PHY,1642222,0,1978-08-21,1978-08-21,1
USGS,390132119112402,108  N13 E25 04BAAD2    USGS Well 5B Weed Hts,GW,39.0254731,-119.1909872,U,NAD83, 4354.27,.01,NGVD29,16050303,qw,70303,,0,,wat,PHY,1642222,0,1978-08-21,1978-08-21,1
USGS,390132119112402,108  N13 E25 04BAAD2    USGS Well 5B Weed Hts,GW,39.0254731,-119.1909872,U,NAD83, 4354.27,.01,NGVD29,16050303,qw,71890,,0,,wat,IMM,149633,0,1978-08-21,1978-08-21,1
USGS,390133119115301,108  N13 E25 04BBBB1    USGS Well 1A Weed Hts,GW,39.0257508,-119.1990429,U,NAD83, 4350.80,.01,NGVD29,16050303,qw,,,0,,wat,ALL,0,0,1978-09-06,1978-09-06,1
USGS,390133119115301,108  N13 E25 04BBBB1    USGS Well 1A Weed Hts,GW,39.0257508,-119.1990429,U,NAD83, 4350.80,.01,NGVD29,16050303,qw,00028,,0,,wat,INF,0,0,1978-09-06,1978-09-06,1
USGS,390133119115301,108  N13 E25 04BBBB1    USGS Well 1A Weed Hts,GW,39.0257508,-119.1990429,U,NAD83, 4350.80,.01,NGVD29,16050303,qw,00095,,0,,wat,PHY,1646694,0,1978-09-06,1978-09-06,1
USGS,390133119115301,108  N13 E25 04BBBB1    USGS Well 1A Weed Hts,GW,39.0257508,-119.1990429,U,NAD83, 4350.80,.01,NGVD29,16050303,qw,00191,,0,,wat,INN,1640572,0,1978-09-06,1978-09-06,1
USGS,390133119115301,108  N13 E25 04BBBB1    USGS Well 1A Weed Hts,GW,39.0257508,-119.1990429,U,NAD83, 4350.80,.01,NGVD29,16050303,qw,00300,,0,,wat,INN,154302,0,1978-09-06,1978-09-06,1
USGS,390133119115301,108  N13 E25 04BBBB1    USGS Well 1A Weed Hts,GW,39.0257508,-119.1990429,U,NAD83, 4350.80,.01,NGVD29,16050303,qw,00400,,0,,wat,PHY,17028275,0,1978-09-06,1978-09-06,1
USGS,390133119115301,108  N13 E25 04BBBB1    USGS Well 1A Weed Hts,GW,39.0257508,-119.1990429,U,NAD83, 4350.80,.01,NGVD29,16050303,qw,00405,,0,,wat,INN,33548,0,1978-09-06,1978-09-06,1
USGS,390133119115301,108  N13 E25 04BBBB1    USGS Well 1A Weed Hts,GW,39.0257508,-119.1990429,U,NAD83, 4350.80,.01,NGVD29,16050303,qw,00410,,0,,wat,INN,1640192,0,1978-09-06,1978-09-06,1
USGS,390133119115301,108  N13 E25 04BBBB1    USGS Well 1A Weed Hts,GW,39.0257508,-119.1990429,U,NAD83, 4350.80,.01,NGVD29,16050303,qw,00440,,0,,wat,INN,4788,0,1978-09-06,1978-09-06,1
USGS,390133119115301,108  N13 E25 04BBBB1    USGS Well 1A Weed Hts,GW,39.0257508,-119.1990429,U,NAD83, 4350.80,.01,NGVD29,16050303,qw,00445,,0,,wat,INN,119396,0,1978-09-06,1978-09-06,1
USGS,390133119115301,108  N13 E25 04BBBB1    USGS Well 1A Weed Hts,GW,39.0257508,-119.1990429,U,NAD83, 4350.80,.01,NGVD29,16050303,qw,00666,,0,,wat,NUT,153049,0,1978-09-06,1978-09-06,1
USGS,390133119115301,108  N13 E25 04BBBB1    USGS Well 1A Weed Hts,GW,39.0257508,-119.1990429,U,NAD83, 4350.80,.01,NGVD29,16050303,qw,00900,,0,,wat,PHY,1640416,0,1978-09-06,1978-09-06,1
USGS,390133119115301,108  N13 E25 04BBBB1    USGS Well 1A Weed Hts,GW,39.0257508,-119.1990429,U,NAD83, 4350.80,.01,NGVD29,16050303,qw,00902,,0,,wat,PHY,1640432,0,1978-09-06,1978-09-06,1
USGS,390133119115301,108  N13 E25 04BBBB1    USGS Well 1A Weed Hts,GW,39.0257508,-119.1990429,U,NAD83, 4350.80,.01,NGVD29,16050303,qw,00915,,0,,wat,INM,150268,0,1978-09-06,1978-09-06,1
USGS,390133119115301,108  N13 E25 04BBBB1    USGS Well 1A Weed Hts,GW,39.0257508,-119.1990429,U,NAD83, 4350.80,.01,NGVD29,16050303,qw,00925,,0,,wat,INM,149617,0,1978-09-06,1978-09-06,1
USGS,390133119115301,108  N13 E25 04BBBB1    USGS Well 1A Weed Hts,GW,39.0257508,-119.1990429,U,NAD83, 4350.80,.01,NGVD29,16050303,qw,00930,,0,,wat,INM,149856,0,1978-09-06,1978-09-06,1
USGS,390133119115301,108  N13 E25 04BBBB1    USGS Well 1A Weed Hts,GW,39.0257508,-119.1990429,U,NAD83, 4350.80,.01,NGVD29,16050303,qw,00931,,0,,wat,INM,1640523,0,1978-09-06,1978-09-06,1
USGS,390133119115301,108  N13 E25 04BBBB1    USGS Well 1A Weed Hts,GW,39.0257508,-119.1990429,U,NAD83, 4350.80,.01,NGVD29,16050303,qw,00932,,0,,wat,INM,1646660,0,1978-09-06,1978-09-06,1
USGS,390133119115301,108  N13 E25 04BBBB1    USGS Well 1A Weed Hts,GW,39.0257508,-119.1990429,U,NAD83, 4350.80,.01,NGVD29,16050303,qw,00935,,0,,wat,INM,149740,0,1978-09-06,1978-09-06,1
USGS,390133119115301,108  N13 E25 04BBBB1    USGS Well 1A Weed Hts,GW,39.0257508,-119.1990429,U,NAD83, 4350.80,.01,NGVD29,16050303,qw,00940,,0,,wat,INN,205955,0,1978-09-06,1978-09-06,1
USGS,390133119115301,108  N13 E25 04BBBB1    USGS Well 1A Weed Hts,GW,39.0257508,-119.1990429,U,NAD83, 4350.80,.01,NGVD29,16050303,qw,00945,,0,,wat,INN,197301,0,1978-09-06,1978-09-06,1
USGS,390133119115301,108  N13 E25 04BBBB1    USGS Well 1A Weed Hts,GW,39.0257508,-119.1990429,U,NAD83, 4350.80,.01,NGVD29,16050303,qw,00950,,0,,wat,INN,206706,0,1978-09-06,1978-09-06,1
USGS,390133119115301,108  N13 E25 04BBBB1    USGS Well 1A Weed Hts,GW,39.0257508,-119.1990429,U,NAD83, 4350.80,.01,NGVD29,16050303,qw,00955,,0,,wat,INN,151977,0,1978-09-06,1978-09-06,1
USGS,390133119115301,108  N13 E25 04BBBB1    USGS Well 1A Weed Hts,GW,39.0257508,-119.1990429,U,NAD83, 4350.80,.01,NGVD29,16050303,qw,01000,,0,,wat,IMN,149989,0,1978-09-06,1978-09-06,1
USGS,390133119115301,108  N13 E25 04BBBB1    USGS Well 1A Weed Hts,GW,39.0257508,-119.1990429,U,NAD83, 4350.80,.01,NGVD29,16050303,qw,01020,,0,,wat,IMN,150011,0,1978-09-06,1978-09-06,1
USGS,390133119115301,108  N13 E25 04BBBB1    USGS Well 1A Weed Hts,GW,39.0257508,-119.1990429,U,NAD83, 4350.80,.01,NGVD29,16050303,qw,01025,,0,,wat,IMM,150029,0,1978-09-06,1978-09-06,1
USGS,390133119115301,108  N13 E25 04BBBB1    USGS Well 1A Weed Hts,GW,39.0257508,-119.1990429,U,NAD83, 4350.80,.01,NGVD29,16050303,qw,01030,,0,,wat,IMM,150060,0,1978-09-06,1978-09-06,1
USGS,390133119115301,108  N13 E25 04BBBB1    USGS Well 1A Weed Hts,GW,39.0257508,-119.1990429,U,NAD83, 4350.80,.01,NGVD29,16050303,qw,01035,,0,,wat,IMM,150078,0,1978-09-06,1978-09-06,1
USGS,390133119115301,108  N13 E25 04BBBB1    USGS Well 1A Weed Hts,GW,39.0257508,-119.1990429,U,NAD83, 4350.80,.01,NGVD29,16050303,qw,01040,,0,,wat,IMM,150086,0,1978-09-06,1978-09-06,1
USGS,390133119115301,108  N13 E25 04BBBB1    USGS Well 1A Weed Hts,GW,39.0257508,-119.1990429,U,NAD83, 4350.80,.01,NGVD29,16050303,qw,01046,,0,,wat,IMM,149559,0,1978-09-06,1978-09-06,1
USGS,390133119115301,108  N13 E25 04BBBB1    USGS Well 1A Weed Hts,GW,39.0257508,-119.1990429,U,NAD83, 4350.80,.01,NGVD29,16050303,qw,01049,,0,,wat,IMM,149583,0,1978-09-06,1978-09-06,1
USGS,390133119115301,108  N13 E25 04BBBB1    USGS Well 1A Weed Hts,GW,39.0257508,-119.1990429,U,NAD83, 4350.80,.01,NGVD29,16050303,qw,01056,,0,,wat,IMM,149625,0,1978-09-06,1978-09-06,1
USGS,390133119115301,108  N13 E25 04BBBB1    USGS Well 1A Weed Hts,GW,39.0257508,-119.1990429,U,NAD83, 4350.80,.01,NGVD29,16050303,qw,01060,,0,,wat,IMM,149641,0,1978-09-06,1978-09-06,1
USGS,390133119115301,108  N13 E25 04BBBB1    USGS Well 1A Weed Hts,GW,39.0257508,-119.1990429,U,NAD83, 4350.80,.01,NGVD29,16050303,qw,01065,,0,,wat,IMM,149674,0,1978-09-06,1978-09-06,1
USGS,390133119115301,108  N13 E25 04BBBB1    USGS Well 1A Weed Hts,GW,39.0257508,-119.1990429,U,NAD83, 4350.80,.01,NGVD29,16050303,qw,01090,,0,,wat,IMM,150235,0,1978-09-06,1978-09-06,1
USGS,390133119115301,108  N13 E25 04BBBB1    USGS Well 1A Weed Hts,GW,39.0257508,-119.1990429,U,NAD83, 4350.80,.01,NGVD29,16050303,qw,01145,,0,,wat,IMN,154310,0,1978-09-06,1978-09-06,1
USGS,390133119115301,108  N13 E25 04BBBB1    USGS Well 1A Weed Hts,GW,39.0257508,-119.1990429,U,NAD83, 4350.80,.01,NGVD29,16050303,qw,70301,,0,,wat,PHY,1642222,0,1978-09-06,1978-09-06,1
USGS,390133119115301,108  N13 E25 04BBBB1    USGS Well 1A Weed Hts,GW,39.0257508,-119.1990429,U,NAD83, 4350.80,.01,NGVD29,16050303,qw,70303,,0,,wat,PHY,1642222,0,1978-09-06,1978-09-06,1
USGS,390133119115301,108  N13 E25 04BBBB1    USGS Well 1A Weed Hts,GW,39.0257508,-119.1990429,U,NAD83, 4350.80,.01,NGVD29,16050303,qw,71890,,0,,wat,IMM,149633,0,1978-09-06,1978-09-06,1
USGS,390133119115302,108  N13 E25 04BBBB2    USGS Well 1B Weed Hts,GW,39.0257508,-119.1990429,U,NAD83, 4351.00,.01,NGVD29,16050303,qw,,,0,,wat,ALL,0,0,1978-09-06,1978-09-06,1
USGS,390133119115302,108  N13 E25 04BBBB2    USGS Well 1B Weed Hts,GW,39.0257508,-119.1990429,U,NAD83, 4351.00,.01,NGVD29,16050303,qw,00028,,0,,wat,INF,0,0,1978-09-06,1978-09-06,1
USGS,390133119115302,108  N13 E25 04BBBB2    USGS Well 1B Weed Hts,GW,39.0257508,-119.1990429,U,NAD83, 4351.00,.01,NGVD29,16050303,qw,00095,,0,,wat,PHY,1646694,0,1978-09-06,1978-09-06,1
USGS,390133119115302,108  N13 E25 04BBBB2    USGS Well 1B Weed Hts,GW,39.0257508,-119.1990429,U,NAD83, 4351.00,.01,NGVD29,16050303,qw,00191,,0,,wat,INN,1640572,0,1978-09-06,1978-09-06,1
USGS,390133119115302,108  N13 E25 04BBBB2    USGS Well 1B Weed Hts,GW,39.0257508,-119.1990429,U,NAD83, 4351.00,.01,NGVD29,16050303,qw,00300,,0,,wat,INN,154302,0,1978-09-06,1978-09-06,1
USGS,390133119115302,108  N13 E25 04BBBB2    USGS Well 1B Weed Hts,GW,39.0257508,-119.1990429,U,NAD83, 4351.00,.01,NGVD29,16050303,qw,00400,,0,,wat,PHY,17028275,0,1978-09-06,1978-09-06,1
USGS,390133119115302,108  N13 E25 04BBBB2    USGS Well 1B Weed Hts,GW,39.0257508,-119.1990429,U,NAD83, 4351.00,.01,NGVD29,16050303,qw,00405,,0,,wat,INN,33548,0,1978-09-06,1978-09-06,1
USGS,390133119115302,108  N13 E25 04BBBB2    USGS Well 1B Weed Hts,GW,39.0257508,-119.1990429,U,NAD83, 4351.00,.01,NGVD29,16050303,qw,00410,,0,,wat,INN,1640192,0,1978-09-06,1978-09-06,1
USGS,390133119115302,108  N13 E25 04BBBB2    USGS Well 1B Weed Hts,GW,39.0257508,-119.1990429,U,NAD83, 4351.00,.01,NGVD29,16050303,qw,00440,,0,,wat,INN,4788,0,1978-09-06,1978-09-06,1
USGS,390133119115302,108  N13 E25 04BBBB2    USGS Well 1B Weed Hts,GW,39.0257508,-119.1990429,U,NAD83, 4351.00,.01,NGVD29,16050303,qw,00445,,0,,wat,INN,119396,0,1978-09-06,1978-09-06,1
USGS,390133119115302,108  N13 E25 04BBBB2    USGS Well 1B Weed Hts,GW,39.0257508,-119.1990429,U,NAD83, 4351.00,.01,NGVD29,16050303,qw,00666,,0,,wat,NUT,153049,0,1978-09-06,1978-09-06,1
USGS,390133119115302,108  N13 E25 04BBBB2    USGS Well 1B Weed Hts,GW,39.0257508,-119.1990429,U,NAD83, 4351.00,.01,NGVD29,16050303,qw,00900,,0,,wat,PHY,1640416,0,1978-09-06,1978-09-06,1
USGS,390133119115302,108  N13 E25 04BBBB2    USGS Well 1B Weed Hts,GW,39.0257508,-119.1990429,U,NAD83, 4351.00,.01,NGVD29,16050303,qw,00902,,0,,wat,PHY,1640432,0,1978-09-06,1978-09-06,1
USGS,390133119115302,108  N13 E25 04BBBB2    USGS Well 1B Weed Hts,GW,39.0257508,-119.1990429,U,NAD83, 4351.00,.01,NGVD29,16050303,qw,00915,,0,,wat,INM,150268,0,1978-09-06,1978-09-06,1
USGS,390133119115302,108  N13 E25 04BBBB2    USGS Well 1B Weed Hts,GW,39.0257508,-119.1990429,U,NAD83, 4351.00,.01,NGVD29,16050303,qw,00925,,0,,wat,INM,149617,0,1978-09-06,1978-09-06,1
USGS,390133119115302,108  N13 E25 04BBBB2    USGS Well 1B Weed Hts,GW,39.0257508,-119.1990429,U,NAD83, 4351.00,.01,NGVD29,16050303,qw,00930,,0,,wat,INM,149856,0,1978-09-06,1978-09-06,1
USGS,390133119115302,108  N13 E25 04BBBB2    USGS Well 1B Weed Hts,GW,39.0257508,-119.1990429,U,NAD83, 4351.00,.01,NGVD29,16050303,qw,00931,,0,,wat,INM,1640523,0,1978-09-06,1978-09-06,1
USGS,390133119115302,108  N13 E25 04BBBB2    USGS Well 1B Weed Hts,GW,39.0257508,-119.1990429,U,NAD83, 4351.00,.01,NGVD29,16050303,qw,00932,,0,,wat,INM,1646660,0,1978-09-06,1978-09-06,1
USGS,390133119115302,108  N13 E25 04BBBB2    USGS Well 1B Weed Hts,GW,39.0257508,-119.1990429,U,NAD83, 4351.00,.01,NGVD29,16050303,qw,00935,,0,,wat,INM,149740,0,1978-09-06,1978-09-06,1
USGS,390133119115302,108  N13 E25 04BBBB2    USGS Well 1B Weed Hts,GW,39.0257508,-119.1990429,U,NAD83, 4351.00,.01,NGVD29,16050303,qw,00940,,0,,wat,INN,205955,0,1978-09-06,1978-09-06,1
USGS,390133119115302,108  N13 E25 04BBBB2    USGS Well 1B Weed Hts,GW,39.0257508,-119.1990429,U,NAD83, 4351.00,.01,NGVD29,16050303,qw,00945,,0,,wat,INN,197301,0,1978-09-06,1978-09-06,1
USGS,390133119115302,108  N13 E25 04BBBB2    USGS Well 1B Weed Hts,GW,39.0257508,-119.1990429,U,NAD83, 4351.00,.01,NGVD29,16050303,qw,00950,,0,,wat,INN,206706,0,1978-09-06,1978-09-06,1
USGS,390133119115302,108  N13 E25 04BBBB2    USGS Well 1B Weed Hts,GW,39.0257508,-119.1990429,U,NAD83, 4351.00,.01,NGVD29,16050303,qw,00955,,0,,wat,INN,151977,0,1978-09-06,1978-09-06,1
USGS,390133119115302,108  N13 E25 04BBBB2    USGS Well 1B Weed Hts,GW,39.0257508,-119.1990429,U,NAD83, 4351.00,.01,NGVD29,16050303,qw,01000,,0,,wat,IMN,149989,0,1978-09-06,1978-09-06,1
USGS,390133119115302,108  N13 E25 04BBBB2    USGS Well 1B Weed Hts,GW,39.0257508,-119.1990429,U,NAD83, 4351.00,.01,NGVD29,16050303,qw,01020,,0,,wat,IMN,150011,0,1978-09-06,1978-09-06,1
USGS,390133119115302,108  N13 E25 04BBBB2    USGS Well 1B Weed Hts,GW,39.0257508,-119.1990429,U,NAD83, 4351.00,.01,NGVD29,16050303,qw,01025,,0,,wat,IMM,150029,0,1978-09-06,1978-09-06,1
USGS,390133119115302,108  N13 E25 04BBBB2    USGS Well 1B Weed Hts,GW,39.0257508,-119.1990429,U,NAD83, 4351.00,.01,NGVD29,16050303,qw,01030,,0,,wat,IMM,150060,0,1978-09-06,1978-09-06,1
USGS,390133119115302,108  N13 E25 04BBBB2    USGS Well 1B Weed Hts,GW,39.0257508,-119.1990429,U,NAD83, 4351.00,.01,NGVD29,16050303,qw,01035,,0,,wat,IMM,150078,0,1978-09-06,1978-09-06,1
USGS,390133119115302,108  N13 E25 04BBBB2    USGS Well 1B Weed Hts,GW,39.0257508,-119.1990429,U,NAD83, 4351.00,.01,NGVD29,16050303,qw,01040,,0,,wat,IMM,150086,0,1978-09-06,1978-09-06,1
USGS,390133119115302,108  N13 E25 04BBBB2    USGS Well 1B Weed Hts,GW,39.0257508,-119.1990429,U,NAD83, 4351.00,.01,NGVD29,16050303,qw,01046,,0,,wat,IMM,149559,0,1978-09-06,1978-09-06,1
USGS,390133119115302,108  N13 E25 04BBBB2    USGS Well 1B Weed Hts,GW,39.0257508,-119.1990429,U,NAD83, 4351.00,.01,NGVD29,16050303,qw,01049,,0,,wat,IMM,149583,0,1978-09-06,1978-09-06,1
USGS,390133119115302,108  N13 E25 04BBBB2    USGS Well 1B Weed Hts,GW,39.0257508,-119.1990429,U,NAD83, 4351.00,.01,NGVD29,16050303,qw,01056,,0,,wat,IMM,149625,0,1978-09-06,1978-09-06,1
USGS,390133119115302,108  N13 E25 04BBBB2    USGS Well 1B Weed Hts,GW,39.0257508,-119.1990429,U,NAD83, 4351.00,.01,NGVD29,16050303,qw,01060,,0,,wat,IMM,149641,0,1978-09-06,1978-09-06,1
USGS,390133119115302,108  N13 E25 04BBBB2    USGS Well 1B Weed Hts,GW,39.0257508,-119.1990429,U,NAD83, 4351.00,.01,NGVD29,16050303,qw,01065,,0,,wat,IMM,149674,0,1978-09-06,1978-09-06,1
USGS,390133119115302,108  N13 E25 04BBBB2    USGS Well 1B Weed Hts,GW,39.0257508,-119.1990429,U,NAD83, 4351.00,.01,NGVD29,16050303,qw,01090,,0,,wat,IMM,150235,0,1978-09-06,1978-09-06,1
USGS,390133119115302,108  N13 E25 04BBBB2    USGS Well 1B Weed Hts,GW,39.0257508,-119.1990429,U,NAD83, 4351.00,.01,NGVD29,16050303,qw,01145,,0,,wat,IMN,154310,0,1978-09-06,1978-09-06,1
USGS,390133119115302,108  N13 E25 04BBBB2    USGS Well 1B Weed Hts,GW,39.0257508,-119.1990429,U,NAD83, 4351.00,.01,NGVD29,16050303,qw,70301,,0,,wat,PHY,1642222,0,1978-09-06,1978-09-06,1
USGS,390133119115302,108  N13 E25 04BBBB2    USGS Well 1B Weed Hts,GW,39.0257508,-119.1990429,U,NAD83, 4351.00,.01,NGVD29,16050303,qw,70303,,0,,wat,PHY,1642222,0,1978-09-06,1978-09-06,1
USGS,390133119115302,108  N13 E25 04BBBB2    USGS Well 1B Weed Hts,GW,39.0257508,-119.1990429,U,NAD83, 4351.00,.01,NGVD29,16050303,qw,71890,,0,,wat,IMM,149633,0,1978-09-06,1978-09-06,1
USGS,390134119111001,108  N13 E25 04AABB1,GW,39.02602778,-119.1861389,1,NAD83, 4360, 15,NGVD29,16050303,gw,62610,,0,,wat,,1642461,0,2000-01-19,2004-11-19,2
USGS,390134119111001,108  N13 E25 04AABB1,GW,39.02602778,-119.1861389,1,NAD83, 4360, 15,NGVD29,16050303,gw,62611,,0,,wat,,1642461,0,2000-01-19,2004-11-19,2
USGS,390134119111001,108  N13 E25 04AABB1,GW,39.02602778,-119.1861389,1,NAD83, 4360, 15,NGVD29,16050303,gw,72019,,0,,wat,,1642008,0,2000-01-19,2004-11-19,2
USGS,390135119113501,108  N14 E25 33CDDC1,GW,39.02638889,-119.193,1,NAD83, 4357, 15,NGVD29,16050303,ad,,,0,,wat,,0,0,2005,2007,3
USGS,390135119113501,108  N14 E25 33CDDC1,GW,39.02638889,-119.193,1,NAD83, 4357, 15,NGVD29,16050303,gw,62610,,0,,wat,,1642461,0,2001-02-15,2011-03-11,9
USGS,390135119113501,108  N14 E25 33CDDC1,GW,39.02638889,-119.193,1,NAD83, 4357, 15,NGVD29,16050303,gw,62611,,0,,wat,,1642461,0,2001-02-15,2011-03-11,9
USGS,390135119113501,108  N14 E25 33CDDC1,GW,39.02638889,-119.193,1,NAD83, 4357, 15,NGVD29,16050303,gw,72019,,0,,wat,,1642008,0,2001-02-15,2011-03-11,9
USGS,390136119071301,108  N14 E26 31CDCC1,GW,39.02658889,-119.1203389,1,NAD83, 4371.,  5,NAVD88,16050303,gw,62610,,0,,wat,,1642461,0,2011-06-29,2011-06-29,1
USGS,390136119071301,108  N14 E26 31CDCC1,GW,39.02658889,-119.1203389,1,NAD83, 4371.,  5,NAVD88,16050303,gw,62611,,0,,wat,,1642461,0,2011-06-29,2011-06-29,1
USGS,390136119071301,108  N14 E26 31CDCC1,GW,39.02658889,-119.1203389,1,NAD83, 4371.,  5,NAVD88,16050303,gw,72019,,0,,wat,,1642008,0,2011-06-29,2011-06-29,1
USGS,390136119071301,108  N14 E26 31CDCC1,GW,39.02658889,-119.1203389,1,NAD83, 4371.,  5,NAVD88,16050303,qw,,,0,,wat,ALL,0,0,2023-06-28,2023-06-28,2
USGS,390136119071301,108  N14 E26 31CDCC1,GW,39.02658889,-119.1203389,1,NAD83, 4371.,  5,NAVD88,16050303,qw,61680,,0,,wat,OPE,698704,0,2023-06-28,2023-06-28,2
USGS,390136119071301,108  N14 E26 31CDCC1,GW,39.02658889,-119.1203389,1,NAD83, 4371.,  5,NAVD88,16050303,qw,61683,,0,,wat,OPE,592824,0,2023-06-28,2023-06-28,2
USGS,390136119071301,108  N14 E26 31CDCC1,GW,39.02658889,-119.1203389,1,NAD83, 4371.,  5,NAVD88,16050303,qw,65065,,0,,wat,OPE,94128,0,2023-06-28,2023-06-28,2
USGS,390136119071301,108  N14 E26 31CDCC1,GW,39.02658889,-119.1203389,1,NAD83, 4371.,  5,NAVD88,16050303,qw,65069,,0,,wat,OPE,3723,0,2023-06-28,2023-06-28,2
USGS,390136119071301,108  N14 E26 31CDCC1,GW,39.02658889,-119.1203389,1,NAD83, 4371.,  5,NAVD88,16050303,qw,65072,,0,,wat,OPE,108852,0,2023-06-28,2023-06-28,2
USGS,390136119071301,108  N14 E26 31CDCC1,GW,39.02658889,-119.1203389,1,NAD83, 4371.,  5,NAVD88,16050303,qw,65078,,0,,wat,OPE,42705,0,2023-06-28,2023-06-28,2
USGS,390136119071301,108  N14 E26 31CDCC1,GW,39.02658889,-119.1203389,1,NAD83, 4371.,  5,NAVD88,16050303,qw,65085,,0,,wat,OPE,291062,0,2023-06-28,2023-06-28,2
USGS,390136119071301,108  N14 E26 31CDCC1,GW,39.02658889,-119.1203389,1,NAD83, 4371.,  5,NAVD88,16050303,qw,65087,,0,,wat,OPE,31922,0,2023-06-28,2023-06-28,2
USGS,390136119071301,108  N14 E26 31CDCC1,GW,39.02658889,-119.1203389,1,NAD83, 4371.,  5,NAVD88,16050303,qw,65090,,0,,wat,OPE,291013,0,2023-06-28,2023-06-28,2
USGS,390136119071301,108  N14 E26 31CDCC1,GW,39.02658889,-119.1203389,1,NAD83, 4371.,  5,NAVD88,16050303,qw,65102,,0,,wat,OPE,1263,0,2023-06-28,2023-06-28,2
USGS,390136119071301,108  N14 E26 31CDCC1,GW,39.02658889,-119.1203389,1,NAD83, 4371.,  5,NAVD88,16050303,qw,65105,,0,,wat,OPE,32219,0,2023-06-28,2023-06-28,2
USGS,390136119071301,108  N14 E26 31CDCC1,GW,39.02658889,-119.1203389,1,NAD83, 4371.,  5,NAVD88,16050303,qw,65107,,0,,wat,OPE,248542,0,2023-06-28,2023-06-28,2
USGS,390136119071301,108  N14 E26 31CDCC1,GW,39.02658889,-119.1203389,1,NAD83, 4371.,  5,NAVD88,16050303,qw,66589,,0,,wat,OPE,627422,0,2023-06-28,2023-06-28,2
USGS,390136119071301,108  N14 E26 31CDCC1,GW,39.02658889,-119.1203389,1,NAD83, 4371.,  5,NAVD88,16050303,qw,66596,,0,,wat,OPE,3400,0,2023-06-28,2023-06-28,2
USGS,390136119071301,108  N14 E26 31CDCC1,GW,39.02658889,-119.1203389,1,NAD83, 4371.,  5,NAVD88,16050303,qw,66598,,0,,wat,OPE,42606,0,2023-06-28,2023-06-28,2
USGS,390136119071301,108  N14 E26 31CDCC1,GW,39.02658889,-119.1203389,1,NAD83, 4371.,  5,NAVD88,16050303,qw,66604,,0,,wat,OPE,621722,0,2023-06-28,2023-06-28,2
USGS,390136119071301,108  N14 E26 31CDCC1,GW,39.02658889,-119.1203389,1,NAD83, 4371.,  5,NAVD88,16050303,qw,66607,,0,,wat,OPE,1735485,0,2023-06-28,2023-06-28,2
USGS,390136119071301,108  N14 E26 31CDCC1,GW,39.02658889,-119.1203389,1,NAD83, 4371.,  5,NAVD88,16050303,qw,66610,,0,,wat,OPE,17131236,0,2023-06-28,2023-06-28,2
USGS,390136119071301,108  N14 E26 31CDCC1,GW,39.02658889,-119.1203389,1,NAD83, 4371.,  5,NAVD88,16050303,qw,66613,,0,,wat,OPE,1735477,0,2023-06-28,2023-06-28,2
USGS,390136119071301,108  N14 E26 31CDCC1,GW,39.02658889,-119.1203389,1,NAD83, 4371.,  5,NAVD88,16050303,qw,66620,,0,,wat,OPE,964304,0,2023-06-28,2023-06-28,2
USGS,390136119071301,108  N14 E26 31CDCC1,GW,39.02658889,-119.1203389,1,NAD83, 4371.,  5,NAVD88,16050303,qw,66632,,0,,wat,OPE,600957,0,2023-06-28,2023-06-28,2
USGS,390136119071301,108  N14 E26 31CDCC1,GW,39.02658889,-119.1203389,1,NAD83, 4371.,  5,NAVD88,16050303,qw,66643,,0,,wat,OPE,316398,0,2023-06-28,2023-06-28,2
USGS,390136119071301,108  N14 E26 31CDCC1,GW,39.02658889,-119.1203389,1,NAD83, 4371.,  5,NAVD88,16050303,qw,66646,,0,,wat,OPE,17131830,0,2023-06-28,2023-06-28,2
USGS,390136119071301,108  N14 E26 31CDCC1,GW,39.02658889,-119.1203389,1,NAD83, 4371.,  5,NAVD88,16050303,qw,66649,,0,,wat,OPE,699223,0,2023-06-28,2023-06-28,2
USGS,390136119071301,108  N14 E26 31CDCC1,GW,39.02658889,-119.1203389,1,NAD83, 4371.,  5,NAVD88,16050303,qw,66654,,0,,wat,OPE,964221,0,2023-06-28,2023-06-28,2
USGS,390136119071301,108  N14 E26 31CDCC1,GW,39.02658889,-119.1203389,1,NAD83, 4371.,  5,NAVD88,16050303,qw,66660,,0,,wat,OPE,964486,0,2023-06-28,2023-06-28,2
USGS,390136119071301,108  N14 E26 31CDCC1,GW,39.02658889,-119.1203389,1,NAD83, 4371.,  5,NAVD88,16050303,qw,67702,,0,,wat,OPE,89474,0,2023-06-28,2023-06-28,2
USGS,390136119071301,108  N14 E26 31CDCC1,GW,39.02658889,-119.1203389,1,NAD83, 4371.,  5,NAVD88,16050303,qw,68231,,0,,wat,OPE,0,0,2023-06-28,2023-06-28,2
USGS,390136119071301,108  N14 E26 31CDCC1,GW,39.02658889,-119.1203389,1,NAD83, 4371.,  5,NAVD88,16050303,qw,68336,,0,,wat,OPE,1826891,0,2023-06-28,2023-06-28,2
USGS,390136119071301,108  N14 E26 31CDCC1,GW,39.02658889,-119.1203389,1,NAD83, 4371.,  5,NAVD88,16050303,qw,68426,,0,,wat,OPE,700989,0,2023-06-28,2023-06-28,2
USGS,390136119071301,108  N14 E26 31CDCC1,GW,39.02658889,-119.1203389,1,NAD83, 4371.,  5,NAVD88,16050303,qw,68437,,0,,wat,OPE,310664,0,2023-06-28,2023-06-28,2
USGS,390136119071301,108  N14 E26 31CDCC1,GW,39.02658889,-119.1203389,1,NAD83, 4371.,  5,NAVD88,16050303,qw,68498,,0,,wat,OPE,0,0,2023-06-28,2023-06-28,2
USGS,390136119071301,108  N14 E26 31CDCC1,GW,39.02658889,-119.1203389,1,NAD83, 4371.,  5,NAVD88,16050303,qw,68500,,0,,wat,OPE,15651,0,2023-06-28,2023-06-28,2
USGS,390136119071301,108  N14 E26 31CDCC1,GW,39.02658889,-119.1203389,1,NAD83, 4371.,  5,NAVD88,16050303,qw,68519,,0,,wat,OPE,256677,0,2023-06-28,2023-06-28,2
USGS,390136119071301,108  N14 E26 31CDCC1,GW,39.02658889,-119.1203389,1,NAD83, 4371.,  5,NAVD88,16050303,qw,68520,,0,,wat,OPE,266114,0,2023-06-28,2023-06-28,2
USGS,390136119071301,108  N14 E26 31CDCC1,GW,39.02658889,-119.1203389,1,NAD83, 4371.,  5,NAVD88,16050303,qw,68522,,0,,wat,OPE,1736958,0,2023-06-28,2023-06-28,2
USGS,390136119071301,108  N14 E26 31CDCC1,GW,39.02658889,-119.1203389,1,NAD83, 4371.,  5,NAVD88,16050303,qw,68523,,0,,wat,OPE,1736956,0,2023-06-28,2023-06-28,2
USGS,390136119071301,108  N14 E26 31CDCC1,GW,39.02658889,-119.1203389,1,NAD83, 4371.,  5,NAVD88,16050303,qw,68538,,0,,wat,OPE,228676,0,2023-06-28,2023-06-28,2
USGS,390136119071301,108  N14 E26 31CDCC1,GW,39.02658889,-119.1203389,1,NAD83, 4371.,  5,NAVD88,16050303,qw,68542,,0,,wat,OPE,42127,0,2023-06-28,2023-06-28,2
USGS,390136119071301,108  N14 E26 31CDCC1,GW,39.02658889,-119.1203389,1,NAD83, 4371.,  5,NAVD88,16050303,qw,68543,,0,,wat,OPE,90837,0,2023-06-28,2023-06-28,2
USGS,390136119071301,108  N14 E26 31CDCC1,GW,39.02658889,-119.1203389,1,NAD83, 4371.,  5,NAVD88,16050303,qw,68547,,0,,wat,OPE,115386,0,2023-06-28,2023-06-28,2
USGS,390136119071301,108  N14 E26 31CDCC1,GW,39.02658889,-119.1203389,1,NAD83, 4371.,  5,NAVD88,16050303,qw,68548,,0,,wat,OPE,172767,0,2023-06-28,2023-06-28,2
USGS,390136119071301,108  N14 E26 31CDCC1,GW,39.02658889,-119.1203389,1,NAD83, 4371.,  5,NAVD88,16050303,qw,68550,,0,,wat,OPE,775775,0,2023-06-28,2023-06-28,2
USGS,390136119071301,108  N14 E26 31CDCC1,GW,39.02658889,-119.1203389,1,NAD83, 4371.,  5,NAVD88,16050303,qw,68552,,0,,wat,OPE,775908,0,2023-06-28,2023-06-28,2
USGS,390136119071301,108  N14 E26 31CDCC1,GW,39.02658889,-119.1203389,1,NAD83, 4371.,  5,NAVD88,16050303,qw,68553,,0,,wat,OPE,0,0,2023-06-28,2023-06-28,2
USGS,390136119071301,108  N14 E26 31CDCC1,GW,39.02658889,-119.1203389,1,NAD83, 4371.,  5,NAVD88,16050303,qw,68562,,0,,wat,OPE,0,0,2023-06-28,2023-06-28,2
USGS,390136119071301,108  N14 E26 31CDCC1,GW,39.02658889,-119.1203389,1,NAD83, 4371.,  5,NAVD88,16050303,qw,68571,,0,,wat,OPE,94219,0,2023-06-28,2023-06-28,2
USGS,390136119071301,108  N14 E26 31CDCC1,GW,39.02658889,-119.1203389,1,NAD83, 4371.,  5,NAVD88,16050303,qw,68572,,0,,wat,OPE,3681,0,2023-06-28,2023-06-28,2
USGS,390136119071301,108  N14 E26 31CDCC1,GW,39.02658889,-119.1203389,1,NAD83, 4371.,  5,NAVD88,16050303,qw,68573,,0,,wat,OPE,38406,0,2023-06-28,2023-06-28,2
USGS,390136119071301,108  N14 E26 31CDCC1,GW,39.02658889,-119.1203389,1,NAD83, 4371.,  5,NAVD88,16050303,qw,68576,,0,,wat,OPE,269233,0,2023-06-28,2023-06-28,2
USGS,390136119071301,108  N14 E26 31CDCC1,GW,39.02658889,-119.1203389,1,NAD83, 4371.,  5,NAVD88,16050303,qw,68578,,0,,wat,OPE,17131616,0,2023-06-28,2023-06-28,2
USGS,390136119071301,108  N14 E26 31CDCC1,GW,39.02658889,-119.1203389,1,NAD83, 4371.,  5,NAVD88,16050303,qw,68580,,0,,wat,OPE,600437,0,2023-06-28,2023-06-28,2
USGS,390136119071301,108  N14 E26 31CDCC1,GW,39.02658889,-119.1203389,1,NAD83, 4371.,  5,NAVD88,16050303,qw,68596,,0,,wat,OPE,184630,0,2023-06-28,2023-06-28,2
USGS,390136119071301,108  N14 E26 31CDCC1,GW,39.02658889,-119.1203389,1,NAD83, 4371.,  5,NAVD88,16050303,qw,68598,,0,,wat,OPE,17131723,0,2023-06-28,2023-06-28,2
USGS,390136119071301,108  N14 E26 31CDCC1,GW,39.02658889,-119.1203389,1,NAD83, 4371.,  5,NAVD88,16050303,qw,68604,,0,,wat,OPE,1734922,0,2023-06-28,2023-06-28,2
USGS,390136119071301,108  N14 E26 31CDCC1,GW,39.02658889,-119.1203389,1,NAD83, 4371.,  5,NAVD88,16050303,qw,68608,,0,,wat,OPE,98004,0,2023-06-28,2023-06-28,2
USGS,390136119071301,108  N14 E26 31CDCC1,GW,39.02658889,-119.1203389,1,NAD83, 4371.,  5,NAVD88,16050303,qw,68622,,0,,wat,OPE,0,0,2023-06-28,2023-06-28,2
USGS,390136119071301,108  N14 E26 31CDCC1,GW,39.02658889,-119.1203389,1,NAD83, 4371.,  5,NAVD88,16050303,qw,68624,,0,,wat,OPE,104976,0,2023-06-28,2023-06-28,2
USGS,390136119071301,108  N14 E26 31CDCC1,GW,39.02658889,-119.1203389,1,NAD83, 4371.,  5,NAVD88,16050303,qw,68639,,0,,wat,OPE,42614,0,2023-06-28,2023-06-28,2
USGS,390136119071301,108  N14 E26 31CDCC1,GW,39.02658889,-119.1203389,1,NAD83, 4371.,  5,NAVD88,16050303,qw,68644,,0,,wat,OPE,169813,0,2023-06-28,2023-06-28,2
USGS,390136119071301,108  N14 E26 31CDCC1,GW,39.02658889,-119.1203389,1,NAD83, 4371.,  5,NAVD88,16050303,qw,68645,,0,,wat,OPE,205609,0,2023-06-28,2023-06-28,2
USGS,390136119071301,108  N14 E26 31CDCC1,GW,39.02658889,-119.1203389,1,NAD83, 4371.,  5,NAVD88,16050303,qw,68647,,0,,wat,OPE,964635,0,2023-06-28,2023-06-28,2
USGS,390136119071301,108  N14 E26 31CDCC1,GW,39.02658889,-119.1203389,1,NAD83, 4371.,  5,NAVD88,16050303,qw,68650,,0,,wat,OPE,1736964,0,2023-06-28,2023-06-28,2
USGS,390136119071301,108  N14 E26 31CDCC1,GW,39.02658889,-119.1203389,1,NAD83, 4371.,  5,NAVD88,16050303,qw,68651,,0,,wat,OPE,1736962,0,2023-06-28,2023-06-28,2
USGS,390136119071301,108  N14 E26 31CDCC1,GW,39.02658889,-119.1203389,1,NAD83, 4371.,  5,NAVD88,16050303,qw,68652,,0,,wat,OPE,219204,0,2023-06-28,2023-06-28,2
USGS,390136119071301,108  N14 E26 31CDCC1,GW,39.02658889,-119.1203389,1,NAD83, 4371.,  5,NAVD88,16050303,qw,68659,,0,,wat,OPE,1826863,0,2023-06-28,2023-06-28,2
USGS,390136119071301,108  N14 E26 31CDCC1,GW,39.02658889,-119.1203389,1,NAD83, 4371.,  5,NAVD88,16050303,qw,68660,,0,,wat,OPE,17123530,0,2023-06-28,2023-06-28,2
USGS,390136119071301,108  N14 E26 31CDCC1,GW,39.02658889,-119.1203389,1,NAD83, 4371.,  5,NAVD88,16050303,qw,68663,,0,,wat,OPE,213793,0,2023-06-28,2023-06-28,2
USGS,390136119071301,108  N14 E26 31CDCC1,GW,39.02658889,-119.1203389,1,NAD83, 4371.,  5,NAVD88,16050303,qw,68678,,0,,wat,OPE,37416,0,2023-06-28,2023-06-28,2
USGS,390136119071301,108  N14 E26 31CDCC1,GW,39.02658889,-119.1203389,1,NAD83, 4371.,  5,NAVD88,16050303,qw,68679,,0,,wat,OPE,28928,0,2023-06-28,2023-06-28,2
USGS,390136119071301,108  N14 E26 31CDCC1,GW,39.02658889,-119.1203389,1,NAD83, 4371.,  5,NAVD88,16050303,qw,68687,,0,,wat,OPE,622704,0,2023-06-28,2023-06-28,2
USGS,390136119071301,108  N14 E26 31CDCC1,GW,39.02658889,-119.1203389,1,NAD83, 4371.,  5,NAVD88,16050303,qw,68688,,0,,wat,OPE,582718,0,2023-06-28,2023-06-28,2
USGS,390136119071301,108  N14 E26 31CDCC1,GW,39.02658889,-119.1203389,1,NAD83, 4371.,  5,NAVD88,16050303,qw,68693,,0,,wat,OPE,606400,0,2023-06-28,2023-06-28,2
USGS,390136119071301,108  N14 E26 31CDCC1,GW,39.02658889,-119.1203389,1,NAD83, 4371.,  5,NAVD88,16050303,qw,68695,,0,,wat,OPE,265652,0,2023-06-28,2023-06-28,2
USGS,390136119071301,108  N14 E26 31CDCC1,GW,39.02658889,-119.1203389,1,NAD83, 4371.,  5,NAVD88,16050303,qw,68699,,0,,wat,OPE,183806,0,2023-06-28,2023-06-28,2
USGS,390136119071301,108  N14 E26 31CDCC1,GW,39.02658889,-119.1203389,1,NAD83, 4371.,  5,NAVD88,16050303,qw,68703,,0,,wat,OPE,963363,0,2023-06-28,2023-06-28,2
USGS,390136119071301,108  N14 E26 31CDCC1,GW,39.02658889,-119.1203389,1,NAD83, 4371.,  5,NAVD88,16050303,qw,68704,,0,,wat,OPE,0,0,2023-06-28,2023-06-28,2
USGS,390136119071301,108  N14 E26 31CDCC1,GW,39.02658889,-119.1203389,1,NAD83, 4371.,  5,NAVD88,16050303,qw,68708,,0,,wat,OPE,777318,0,2023-06-28,2023-06-28,2
USGS,390136119071301,108  N14 E26 31CDCC1,GW,39.02658889,-119.1203389,1,NAD83, 4371.,  5,NAVD88,16050303,qw,68712,,0,,wat,OPE,303958,0,2023-06-28,2023-06-28,2
USGS,390136119071301,108  N14 E26 31CDCC1,GW,39.02658889,-119.1203389,1,NAD83, 4371.,  5,NAVD88,16050303,qw,68769,,0,,wat,OPE,294827,0,2023-06-28,2023-06-28,2
USGS,390136119071301,108  N14 E26 31CDCC1,GW,39.02658889,-119.1203389,1,NAD83, 4371.,  5,NAVD88,16050303,qw,68872,,0,,wat,OPE,602326,0,2023-06-28,2023-06-28,2
USGS,390136119071301,108  N14 E26 31CDCC1,GW,39.02658889,-119.1203389,1,NAD83, 4371.,  5,NAVD88,16050303,qw,68873,,0,,wat,OPE,0,0,2023-06-28,2023-06-28,2
USGS,390136119071301,108  N14 E26 31CDCC1,GW,39.02658889,-119.1203389,1,NAD83, 4371.,  5,NAVD88,16050303,qw,90516,,0,,wat,INF,0,0,2023-06-28,2023-06-28,2
USGS,390136119071301,108  N14 E26 31CDCC1,GW,39.02658889,-119.1203389,1,NAD83, 4371.,  5,NAVD88,16050303,qw,90517,,0,,wat,INF,0,0,2023-06-28,2023-06-28,2
USGS,390136119071301,108  N14 E26 31CDCC1,GW,39.02658889,-119.1203389,1,NAD83, 4371.,  5,NAVD88,16050303,qw,90519,,0,,wat,INF,0,0,2023-06-28,2023-06-28,2
USGS,390136119071301,108  N14 E26 31CDCC1,GW,39.02658889,-119.1203389,1,NAD83, 4371.,  5,NAVD88,16050303,qw,90520,,0,,wat,INF,0,0,2023-06-28,2023-06-28,2
USGS,390136119071301,108  N14 E26 31CDCC1,GW,39.02658889,-119.1203389,1,NAD83, 4371.,  5,NAVD88,16050303,qw,90521,,0,,wat,INF,1736832,0,2023-06-28,2023-06-28,2
USGS,390136119071301,108  N14 E26 31CDCC1,GW,39.02658889,-119.1203389,1,NAD83, 4371.,  5,NAVD88,16050303,qw,90522,,0,,wat,INF,0,0,2023-06-28,2023-06-28,2
USGS,390136119071301,108  N14 E26 31CDCC1,GW,39.02658889,-119.1203389,1,NAD83, 4371.,  5,NAVD88,16050303,qw,90523,,0,,wat,INF,1736864,0,2023-06-28,2023-06-28,2
USGS,390136119071301,108  N14 E26 31CDCC1,GW,39.02658889,-119.1203389,1,NAD83, 4371.,  5,NAVD88,16050303,qw,90524,,0,,wat,INF,0,0,2023-06-28,2023-06-28,2
USGS,390136119071301,108  N14 E26 31CDCC1,GW,39.02658889,-119.1203389,1,NAD83, 4371.,  5,NAVD88,16050303,qw,90527,,0,,wat,INF,0,0,2023-06-28,2023-06-28,2
USGS,390136119071301,108  N14 E26 31CDCC1,GW,39.02658889,-119.1203389,1,NAD83, 4371.,  5,NAVD88,16050303,qw,90529,,0,,wat,INF,0,0,2023-06-28,2023-06-28,2
USGS,390136119071301,108  N14 E26 31CDCC1,GW,39.02658889,-119.1203389,1,NAD83, 4371.,  5,NAVD88,16050303,qw,90552,,0,,wat,INF,1736840,0,2023-06-28,2023-06-28,2
USGS,390136119071301,108  N14 E26 31CDCC1,GW,39.02658889,-119.1203389,1,NAD83, 4371.,  5,NAVD88,16050303,qw,90553,,0,,wat,INF,0,0,2023-06-28,2023-06-28,2
USGS,390136119071301,108  N14 E26 31CDCC1,GW,39.02658889,-119.1203389,1,NAD83, 4371.,  5,NAVD88,16050303,qw,90554,,0,,wat,INF,0,0,2023-06-28,2023-06-28,2
USGS,390136119071301,108  N14 E26 31CDCC1,GW,39.02658889,-119.1203389,1,NAD83, 4371.,  5,NAVD88,16050303,qw,90555,,0,,wat,INF,0,0,2023-06-28,2023-06-28,2
USGS,390136119071301,108  N14 E26 31CDCC1,GW,39.02658889,-119.1203389,1,NAD83, 4371.,  5,NAVD88,16050303,qw,90556,,0,,wat,INF,0,0,2023-06-28,2023-06-28,2
USGS,390136119071301,108  N14 E26 31CDCC1,GW,39.02658889,-119.1203389,1,NAD83, 4371.,  5,NAVD88,16050303,qw,90558,,0,,wat,INF,0,0,2023-06-28,2023-06-28,2
USGS,390136119071301,108  N14 E26 31CDCC1,GW,39.02658889,-119.1203389,1,NAD83, 4371.,  5,NAVD88,16050303,qw,90624,,0,,wat,INF,0,0,2023-06-28,2023-06-28,2
USGS,390136119071301,108  N14 E26 31CDCC1,GW,39.02658889,-119.1203389,1,NAD83, 4371.,  5,NAVD88,16050303,qw,90625,,0,,wat,INF,0,0,2023-06-28,2023-06-28,2
USGS,390136119071301,108  N14 E26 31CDCC1,GW,39.02658889,-119.1203389,1,NAD83, 4371.,  5,NAVD88,16050303,qw,90808,,0,,wat,INF,0,0,2023-06-28,2023-06-28,2
USGS,390137119034001,108  N14 E26 34CA  1,GW,39.02686336,-119.0620965,M,NAD83, 4370.,1,NGVD29,16050303,gw,62610,,0,,wat,,1642461,0,1966-03-16,1966-03-16,1
USGS,390137119034001,108  N14 E26 34CA  1,GW,39.02686336,-119.0620965,M,NAD83, 4370.,1,NGVD29,16050303,gw,62611,,0,,wat,,1642461,0,1966-03-16,1966-03-16,1
USGS,390137119034001,108  N14 E26 34CA  1,GW,39.02686336,-119.0620965,M,NAD83, 4370.,1,NGVD29,16050303,gw,72019,,0,,wat,,1642008,0,1966-03-16,1966-03-16,1
USGS,390137119055201,108  N14 E26 32CA  1,GW,39.02686298,-119.0987637,M,NAD83, 4350.,1,NGVD29,16050303,gw,62610,,0,,wat,,1642461,0,1966-03-15,1966-03-15,1
USGS,390137119055201,108  N14 E26 32CA  1,GW,39.02686298,-119.0987637,M,NAD83, 4350.,1,NGVD29,16050303,gw,62611,,0,,wat,,1642461,0,1966-03-15,1966-03-15,1
USGS,390137119055201,108  N14 E26 32CA  1,GW,39.02686298,-119.0987637,M,NAD83, 4350.,1,NGVD29,16050303,gw,72019,,0,,wat,,1642008,0,1966-03-15,1966-03-15,1
USGS,390137119065401,108  N14 E26 31DCCC1,GW,39.0268628,-119.1159861,S,NAD83, 4349., 10,NGVD29,16050303,gw,62610,,0,,wat,,1642461,0,1977-03-08,1999-02-24,26
USGS,390137119065401,108  N14 E26 31DCCC1,GW,39.0268628,-119.1159861,S,NAD83, 4349., 10,NGVD29,16050303,gw,62611,,0,,wat,,1642461,0,1977-03-08,1999-02-24,26
USGS,390137119065401,108  N14 E26 31DCCC1,GW,39.0268628,-119.1159861,S,NAD83, 4349., 10,NGVD29,16050303,gw,72019,,0,,wat,,1642008,0,1977-03-08,1999-02-24,26
USGS,390137119065402,108  N14 E26 31DCCC2,GW,39.0268628,-119.1159861,S,NAD83, 4357, 15,NGVD29,16050303,ad,,,0,,wat,,0,0,2005,2007,3
USGS,390137119065402,108  N14 E26 31DCCC2,GW,39.0268628,-119.1159861,S,NAD83, 4357, 15,NGVD29,16050303,gw,62610,,0,,wat,,1642461,0,1981-10-13,2010-11-30,30
USGS,390137119065402,108  N14 E26 31DCCC2,GW,39.0268628,-119.1159861,S,NAD83, 4357, 15,NGVD29,16050303,gw,62611,,0,,wat,,1642461,0,1981-10-13,2010-11-30,30
USGS,390137119065402,108  N14 E26 31DCCC2,GW,39.0268628,-119.1159861,S,NAD83, 4357, 15,NGVD29,16050303,gw,72019,,0,,wat,,1642008,0,1981-10-13,2010-11-30,30
USGS,390149119030501,108  N14 E26 34AD  1,GW,39.0301968,-119.0523741,M,NAD83, 4405.,1,NGVD29,16050303,gw,62610,,0,,wat,,1642461,0,1966-03-15,1966-03-15,1
USGS,390149119030501,108  N14 E26 34AD  1,GW,39.0301968,-119.0523741,M,NAD83, 4405.,1,NGVD29,16050303,gw,62611,,0,,wat,,1642461,0,1966-03-15,1966-03-15,1
USGS,390149119030501,108  N14 E26 34AD  1,GW,39.0301968,-119.0523741,M,NAD83, 4405.,1,NGVD29,16050303,gw,72019,,0,,wat,,1642008,0,1966-03-15,1966-03-15,1
USGS,390151119020201,108  N14 E26 35AD  1,GW,39.03075255,-119.0348739,M,NAD83, 4475.,1,NGVD29,16050303,gw,62610,,0,,wat,,1642461,0,1966-03-16,1966-03-16,1
USGS,390151119020201,108  N14 E26 35AD  1,GW,39.03075255,-119.0348739,M,NAD83, 4475.,1,NGVD29,16050303,gw,62611,,0,,wat,,1642461,0,1966-03-16,1966-03-16,1
USGS,390151119020201,108  N14 E26 35AD  1,GW,39.03075255,-119.0348739,M,NAD83, 4475.,1,NGVD29,16050303,gw,72019,,0,,wat,,1642008,0,1966-03-16,1966-03-16,1
USGS,390151119104601,108  N14 E25 33AD  1,GW,39.030751,-119.1804316,M,NAD83, 4355.,1,NGVD29,16050303,gw,62610,,0,,wat,,1642461,0,1966-03-15,1966-03-15,1
USGS,390151119104601,108  N14 E25 33AD  1,GW,39.030751,-119.1804316,M,NAD83, 4355.,1,NGVD29,16050303,gw,62611,,0,,wat,,1642461,0,1966-03-15,1966-03-15,1
USGS,390151119104601,108  N14 E25 33AD  1,GW,39.030751,-119.1804316,M,NAD83, 4355.,1,NGVD29,16050303,gw,72019,,0,,wat,,1642008,0,1966-03-15,1966-03-15,1
USGS,390152119104401,108  N14 E25 34CBCA2,GW,39.0310288,-119.179876,F,NAD83, 4362, 15,NGVD29,16050303,ad,,,0,,wat,,0,0,2005,2007,3
USGS,390152119104401,108  N14 E25 34CBCA2,GW,39.0310288,-119.179876,F,NAD83, 4362, 15,NGVD29,16050303,gw,62610,,0,,wat,,1642461,0,1992-10-30,2010-11-30,14
USGS,390152119104401,108  N14 E25 34CBCA2,GW,39.0310288,-119.179876,F,NAD83, 4362, 15,NGVD29,16050303,gw,62611,,0,,wat,,1642461,0,1992-10-30,2010-11-30,14
USGS,390152119104401,108  N14 E25 34CBCA2,GW,39.0310288,-119.179876,F,NAD83, 4362, 15,NGVD29,16050303,gw,72019,,0,,wat,,1642008,0,1992-10-30,2010-11-30,14
USGS,390154119104001,108  N14 E25 34CB  1,GW,39.03158439,-119.1787649,S,NAD83, 4360., 20,NGVD29,16050303,gw,62610,,0,,wat,,1642461,0,1961-03-30,2000-03-02,22
USGS,390154119104001,108  N14 E25 34CB  1,GW,39.03158439,-119.1787649,S,NAD83, 4360., 20,NGVD29,16050303,gw,62611,,0,,wat,,1642461,0,1961-03-30,2000-03-02,22
USGS,390154119104001,108  N14 E25 34CB  1,GW,39.03158439,-119.1787649,S,NAD83, 4360., 20,NGVD29,16050303,gw,72019,,0,,wat,,1642008,0,1961-03-30,2000-03-02,22
USGS,390155119025501,108  N14 E26 35BC  1,GW,39.0318635,-119.0495964,M,NAD83, 4415.,1,NGVD29,16050303,gw,62610,,0,,wat,,1642461,0,1966-06-16,1966-06-16,1
USGS,390155119025501,108  N14 E26 35BC  1,GW,39.0318635,-119.0495964,M,NAD83, 4415.,1,NGVD29,16050303,gw,62611,,0,,wat,,1642461,0,1966-06-16,1966-06-16,1
USGS,390155119025501,108  N14 E26 35BC  1,GW,39.0318635,-119.0495964,M,NAD83, 4415.,1,NGVD29,16050303,gw,72019,,0,,wat,,1642008,0,1966-06-16,1966-06-16,1
USGS,390201119062001,108  N14 E26 32BCCC1,GW,39.0335296,-119.1065416,S,NAD83, 4352, 15,NGVD29,16050303,ad,,,0,,wat,,0,0,2005,2007,3
USGS,390201119062001,108  N14 E26 32BCCC1,GW,39.0335296,-119.1065416,S,NAD83, 4352, 15,NGVD29,16050303,gw,62610,,0,,wat,,1642461,0,1960-07-03,2007-02-13,33
USGS,390201119062001,108  N14 E26 32BCCC1,GW,39.0335296,-119.1065416,S,NAD83, 4352, 15,NGVD29,16050303,gw,62611,,0,,wat,,1642461,0,1960-07-03,2007-02-13,33
USGS,390201119062001,108  N14 E26 32BCCC1,GW,39.0335296,-119.1065416,S,NAD83, 4352, 15,NGVD29,16050303,gw,72019,,0,,wat,,1642008,0,1960-07-03,2007-02-13,33
USGS,390201119062002,108  N14 E26 32BCCC2,GW,39.0335296,-119.1065416,S,NAD83, 4352, 15,NGVD29,16050303,ad,,,0,,wat,,0,0,2005,2007,3
USGS,390201119062002,108  N14 E26 32BCCC2,GW,39.0335296,-119.1065416,S,NAD83, 4352, 15,NGVD29,16050303,gw,62610,,0,,wat,,1642461,0,1977-08-01,2007-02-13,28
USGS,390201119062002,108  N14 E26 32BCCC2,GW,39.0335296,-119.1065416,S,NAD83, 4352, 15,NGVD29,16050303,gw,62611,,0,,wat,,1642461,0,1977-08-01,2007-02-13,28
USGS,390201119062002,108  N14 E26 32BCCC2,GW,39.0335296,-119.1065416,S,NAD83, 4352, 15,NGVD29,16050303,gw,72019,,0,,wat,,1642008,0,1977-08-01,2007-02-13,28
USGS,390203119055101,108  N14 E26 32BDDD1,GW,39.0340852,-119.098486,S,NAD83, 4352, 15,NGVD29,16050303,ad,,,0,,wat,,0,0,2005,2007,3
USGS,390203119055101,108  N14 E26 32BDDD1,GW,39.0340852,-119.098486,S,NAD83, 4352, 15,NGVD29,16050303,gw,62610,,0,,wat,,1642461,0,1949-07-16,2010-11-30,32
USGS,390203119055101,108  N14 E26 32BDDD1,GW,39.0340852,-119.098486,S,NAD83, 4352, 15,NGVD29,16050303,gw,62611,,0,,wat,,1642461,0,1949-07-16,2010-11-30,32
USGS,390203119055101,108  N14 E26 32BDDD1,GW,39.0340852,-119.098486,S,NAD83, 4352, 15,NGVD29,16050303,gw,72019,,0,,wat,,1642008,0,1949-07-16,2010-11-30,32
USGS,390204119052801,108  N14 E26 32ADCA1,GW,39.03436308,-119.092097,S,NAD83, 4350., 10,NGVD29,16050303,gw,62610,,0,,wat,,1642461,0,1961-04-04,2010-02-22,22
USGS,390204119052801,108  N14 E26 32ADCA1,GW,39.03436308,-119.092097,S,NAD83, 4350., 10,NGVD29,16050303,gw,62611,,0,,wat,,1642461,0,1961-04-04,2010-02-22,22
USGS,390204119052801,108  N14 E26 32ADCA1,GW,39.03436308,-119.092097,S,NAD83, 4350., 10,NGVD29,16050303,gw,72019,,0,,wat,,1642008,0,1961-04-04,2010-02-22,22
USGS,390208119020701,108  N14 E26 35AA  1,GW,39.03547477,-119.0362629,M,NAD83, 4480.,1,NGVD29,16050303,gw,62610,,0,,wat,,1642461,0,1966-03-16,1966-03-16,1
USGS,390208119020701,108  N14 E26 35AA  1,GW,39.03547477,-119.0362629,M,NAD83, 4480.,1,NGVD29,16050303,gw,62611,,0,,wat,,1642461,0,1966-03-16,1966-03-16,1
USGS,390208119020701,108  N14 E26 35AA  1,GW,39.03547477,-119.0362629,M,NAD83, 4480.,1,NGVD29,16050303,gw,72019,,0,,wat,,1642008,0,1966-03-16,1966-03-16,1
USGS,390218119110501,108  N14 E25 28DD  1,GW,39.038251,-119.1857095,M,NAD83, 4348.,1,NGVD29,16050303,gw,62610,,0,,wat,,1642461,0,1966-03-15,1966-03-15,1
USGS,390218119110501,108  N14 E25 28DD  1,GW,39.038251,-119.1857095,M,NAD83, 4348.,1,NGVD29,16050303,gw,62611,,0,,wat,,1642461,0,1966-03-15,1966-03-15,1
USGS,390218119110501,108  N14 E25 28DD  1,GW,39.038251,-119.1857095,M,NAD83, 4348.,1,NGVD29,16050303,gw,72019,,0,,wat,,1642008,0,1966-03-15,1966-03-15,1
USGS,390219118515301,110A N14 E28 33BBBD1    WEBER DAM NESTED INTERMED,GW,39.03869444,-118.8647778,1,NAD83, 4253., 25,NAVD88,16050303,ad,,,0,,wat,,0,0,2012,2012,1
USGS,390219118515301,110A N14 E28 33BBBD1    WEBER DAM NESTED INTERMED,GW,39.03869444,-118.8647778,1,NAD83, 4253., 25,NAVD88,16050303,aw,,,0,,wat,,0,0,2010,2021,22
USGS,390219118515301,110A N14 E28 33BBBD1    WEBER DAM NESTED INTERMED,GW,39.03869444,-118.8647778,1,NAD83, 4253., 25,NAVD88,16050303,gw,62610,,0,,wat,,1642461,0,2010-12-08,2023-04-18,26
USGS,390219118515301,110A N14 E28 33BBBD1    WEBER DAM NESTED INTERMED,GW,39.03869444,-118.8647778,1,NAD83, 4253., 25,NAVD88,16050303,gw,62611,,0,,wat,,1642461,0,2010-12-08,2023-04-18,26
USGS,390219118515301,110A N14 E28 33BBBD1    WEBER DAM NESTED INTERMED,GW,39.03869444,-118.8647778,1,NAD83, 4253., 25,NAVD88,16050303,gw,72019,,0,,wat,,1642008,0,2010-12-08,2023-04-18,26
USGS,390219118515301,110A N14 E28 33BBBD1    WEBER DAM NESTED INTERMED,GW,39.03869444,-118.8647778,1,NAD83, 4253., 25,NAVD88,16050303,qw,,,0,,wat,ALL,0,0,2011-04-04,2011-11-17,2
USGS,390219118515301,110A N14 E28 33BBBD1    WEBER DAM NESTED INTERMED,GW,39.03869444,-118.8647778,1,NAD83, 4253., 25,NAVD88,16050303,qw,00003,,0,,wat,INF,0,0,2011-04-04,2011-04-04,1
USGS,390219118515301,110A N14 E28 33BBBD1    WEBER DAM NESTED INTERMED,GW,39.03869444,-118.8647778,1,NAD83, 4253., 25,NAVD88,16050303,qw,00010,,0,,wat,PHY,1645597,0,2011-04-04,2011-11-17,2
USGS,390219118515301,110A N14 E28 33BBBD1    WEBER DAM NESTED INTERMED,GW,39.03869444,-118.8647778,1,NAD83, 4253., 25,NAVD88,16050303,qw,00020,,0,,wat,PHY,1645712,0,2011-04-04,2011-04-04,1
USGS,390219118515301,110A N14 E28 33BBBD1    WEBER DAM NESTED INTERMED,GW,39.03869444,-118.8647778,1,NAD83, 4253., 25,NAVD88,16050303,qw,00025,,0,,wat,PHY,1641265,0,2011-04-04,2011-04-04,1
USGS,390219118515301,110A N14 E28 33BBBD1    WEBER DAM NESTED INTERMED,GW,39.03869444,-118.8647778,1,NAD83, 4253., 25,NAVD88,16050303,qw,00059,,0,,wat,PHY,1643253,0,2011-04-04,2011-04-04,1
USGS,390219118515301,110A N14 E28 33BBBD1    WEBER DAM NESTED INTERMED,GW,39.03869444,-118.8647778,1,NAD83, 4253., 25,NAVD88,16050303,qw,00095,,0,,wat,PHY,1646694,0,2011-04-04,2011-11-17,2
USGS,390219118515301,110A N14 E28 33BBBD1    WEBER DAM NESTED INTERMED,GW,39.03869444,-118.8647778,1,NAD83, 4253., 25,NAVD88,16050303,qw,00191,,0,,wat,INN,1640572,0,2011-04-04,2011-04-04,1
USGS,390219118515301,110A N14 E28 33BBBD1    WEBER DAM NESTED INTERMED,GW,39.03869444,-118.8647778,1,NAD83, 4253., 25,NAVD88,16050303,qw,00300,,0,,wat,INN,154302,0,2011-04-04,2011-04-04,1
USGS,390219118515301,110A N14 E28 33BBBD1    WEBER DAM NESTED INTERMED,GW,39.03869444,-118.8647778,1,NAD83, 4253., 25,NAVD88,16050303,qw,00301,,0,,wat,INN,154302,0,2011-04-04,2011-04-04,1
USGS,390219118515301,110A N14 E28 33BBBD1    WEBER DAM NESTED INTERMED,GW,39.03869444,-118.8647778,1,NAD83, 4253., 25,NAVD88,16050303,qw,00400,,0,,wat,PHY,17028275,0,2011-04-04,2011-04-04,1
USGS,390219118515301,110A N14 E28 33BBBD1    WEBER DAM NESTED INTERMED,GW,39.03869444,-118.8647778,1,NAD83, 4253., 25,NAVD88,16050303,qw,00403,,0,,wat,PHY,1644335,0,2011-04-04,2011-04-04,1
USGS,390219118515301,110A N14 E28 33BBBD1    WEBER DAM NESTED INTERMED,GW,39.03869444,-118.8647778,1,NAD83, 4253., 25,NAVD88,16050303,qw,00405,,0,,wat,INN,33548,0,2011-04-04,2011-04-04,1
USGS,390219118515301,110A N14 E28 33BBBD1    WEBER DAM NESTED INTERMED,GW,39.03869444,-118.8647778,1,NAD83, 4253., 25,NAVD88,16050303,qw,00452,,0,,wat,INN,119396,0,2011-04-04,2011-04-04,1
USGS,390219118515301,110A N14 E28 33BBBD1    WEBER DAM NESTED INTERMED,GW,39.03869444,-118.8647778,1,NAD83, 4253., 25,NAVD88,16050303,qw,00453,,0,,wat,INN,4788,0,2011-04-04,2011-04-04,1
USGS,390219118515301,110A N14 E28 33BBBD1    WEBER DAM NESTED INTERMED,GW,39.03869444,-118.8647778,1,NAD83, 4253., 25,NAVD88,16050303,qw,00607,,0,,wat,NUT,17297623,0,2011-04-04,2011-04-04,1
USGS,390219118515301,110A N14 E28 33BBBD1    WEBER DAM NESTED INTERMED,GW,39.03869444,-118.8647778,1,NAD83, 4253., 25,NAVD88,16050303,qw,00608,,0,,wat,NUT,966655,0,2011-04-04,2011-04-04,1
USGS,390219118515301,110A N14 E28 33BBBD1    WEBER DAM NESTED INTERMED,GW,39.03869444,-118.8647778,1,NAD83, 4253., 25,NAVD88,16050303,qw,00613,,0,,wat,NUT,197194,0,2011-04-04,2011-04-04,1
USGS,390219118515301,110A N14 E28 33BBBD1    WEBER DAM NESTED INTERMED,GW,39.03869444,-118.8647778,1,NAD83, 4253., 25,NAVD88,16050303,qw,00618,,0,,wat,NUT,197186,0,2011-04-04,2011-04-04,1
USGS,390219118515301,110A N14 E28 33BBBD1    WEBER DAM NESTED INTERMED,GW,39.03869444,-118.8647778,1,NAD83, 4253., 25,NAVD88,16050303,qw,00631,,0,,wat,NUT,701177,0,2011-04-04,2011-04-04,1
USGS,390219118515301,110A N14 E28 33BBBD1    WEBER DAM NESTED INTERMED,GW,39.03869444,-118.8647778,1,NAD83, 4253., 25,NAVD88,16050303,qw,00660,,0,,wat,NUT,194464,0,2011-04-04,2011-04-04,1
USGS,390219118515301,110A N14 E28 33BBBD1    WEBER DAM NESTED INTERMED,GW,39.03869444,-118.8647778,1,NAD83, 4253., 25,NAVD88,16050303,qw,00671,,0,,wat,NUT,194464,0,2011-04-04,2011-04-04,1
USGS,390219118515301,110A N14 E28 33BBBD1    WEBER DAM NESTED INTERMED,GW,39.03869444,-118.8647778,1,NAD83, 4253., 25,NAVD88,16050303,qw,00900,,0,,wat,PHY,1640416,0,2011-04-04,2011-04-04,1
USGS,390219118515301,110A N14 E28 33BBBD1    WEBER DAM NESTED INTERMED,GW,39.03869444,-118.8647778,1,NAD83, 4253., 25,NAVD88,16050303,qw,00915,,0,,wat,INM,150268,0,2011-04-04,2011-04-04,1
USGS,390219118515301,110A N14 E28 33BBBD1    WEBER DAM NESTED INTERMED,GW,39.03869444,-118.8647778,1,NAD83, 4253., 25,NAVD88,16050303,qw,00925,,0,,wat,INM,149617,0,2011-04-04,2011-04-04,1
USGS,390219118515301,110A N14 E28 33BBBD1    WEBER DAM NESTED INTERMED,GW,39.03869444,-118.8647778,1,NAD83, 4253., 25,NAVD88,16050303,qw,00930,,0,,wat,INM,149856,0,2011-04-04,2011-04-04,1
USGS,390219118515301,110A N14 E28 33BBBD1    WEBER DAM NESTED INTERMED,GW,39.03869444,-118.8647778,1,NAD83, 4253., 25,NAVD88,16050303,qw,00931,,0,,wat,INM,1640523,0,2011-04-04,2011-04-04,1
USGS,390219118515301,110A N14 E28 33BBBD1    WEBER DAM NESTED INTERMED,GW,39.03869444,-118.8647778,1,NAD83, 4253., 25,NAVD88,16050303,qw,00932,,0,,wat,INM,1646660,0,2011-04-04,2011-04-04,1
USGS,390219118515301,110A N14 E28 33BBBD1    WEBER DAM NESTED INTERMED,GW,39.03869444,-118.8647778,1,NAD83, 4253., 25,NAVD88,16050303,qw,00935,,0,,wat,INM,149740,0,2011-04-04,2011-04-04,1
USGS,390219118515301,110A N14 E28 33BBBD1    WEBER DAM NESTED INTERMED,GW,39.03869444,-118.8647778,1,NAD83, 4253., 25,NAVD88,16050303,qw,00940,,0,,wat,INN,205955,0,2011-04-04,2011-04-04,1
USGS,390219118515301,110A N14 E28 33BBBD1    WEBER DAM NESTED INTERMED,GW,39.03869444,-118.8647778,1,NAD83, 4253., 25,NAVD88,16050303,qw,00945,,0,,wat,INN,197301,0,2011-04-04,2011-04-04,1
USGS,390219118515301,110A N14 E28 33BBBD1    WEBER DAM NESTED INTERMED,GW,39.03869444,-118.8647778,1,NAD83, 4253., 25,NAVD88,16050303,qw,00950,,0,,wat,INN,206706,0,2011-04-04,2011-04-04,1
USGS,390219118515301,110A N14 E28 33BBBD1    WEBER DAM NESTED INTERMED,GW,39.03869444,-118.8647778,1,NAD83, 4253., 25,NAVD88,16050303,qw,00955,,0,,wat,INN,151977,0,2011-04-04,2011-04-04,1
USGS,390219118515301,110A N14 E28 33BBBD1    WEBER DAM NESTED INTERMED,GW,39.03869444,-118.8647778,1,NAD83, 4253., 25,NAVD88,16050303,qw,01000,,0,,wat,IMN,149989,0,2011-04-04,2011-04-04,1
USGS,390219118515301,110A N14 E28 33BBBD1    WEBER DAM NESTED INTERMED,GW,39.03869444,-118.8647778,1,NAD83, 4253., 25,NAVD88,16050303,qw,01005,,0,,wat,IMM,149997,0,2011-04-04,2011-04-04,1
USGS,390219118515301,110A N14 E28 33BBBD1    WEBER DAM NESTED INTERMED,GW,39.03869444,-118.8647778,1,NAD83, 4253., 25,NAVD88,16050303,qw,01010,,0,,wat,IMM,150003,0,2011-04-04,2011-04-04,1
USGS,390219118515301,110A N14 E28 33BBBD1    WEBER DAM NESTED INTERMED,GW,39.03869444,-118.8647778,1,NAD83, 4253., 25,NAVD88,16050303,qw,01020,,0,,wat,IMN,150011,0,2011-04-04,2011-04-04,1
USGS,390219118515301,110A N14 E28 33BBBD1    WEBER DAM NESTED INTERMED,GW,39.03869444,-118.8647778,1,NAD83, 4253., 25,NAVD88,16050303,qw,01025,,0,,wat,IMM,150029,0,2011-04-04,2011-04-04,1
USGS,390219118515301,110A N14 E28 33BBBD1    WEBER DAM NESTED INTERMED,GW,39.03869444,-118.8647778,1,NAD83, 4253., 25,NAVD88,16050303,qw,01030,,0,,wat,IMM,150060,0,2011-04-04,2011-04-04,1
USGS,390219118515301,110A N14 E28 33BBBD1    WEBER DAM NESTED INTERMED,GW,39.03869444,-118.8647778,1,NAD83, 4253., 25,NAVD88,16050303,qw,01035,,0,,wat,IMM,150078,0,2011-04-04,2011-04-04,1
USGS,390219118515301,110A N14 E28 33BBBD1    WEBER DAM NESTED INTERMED,GW,39.03869444,-118.8647778,1,NAD83, 4253., 25,NAVD88,16050303,qw,01040,,0,,wat,IMM,150086,0,2011-04-04,2011-04-04,1
USGS,390219118515301,110A N14 E28 33BBBD1    WEBER DAM NESTED INTERMED,GW,39.03869444,-118.8647778,1,NAD83, 4253., 25,NAVD88,16050303,qw,01046,,0,,wat,IMM,149559,0,2011-04-04,2011-04-04,1
USGS,390219118515301,110A N14 E28 33BBBD1    WEBER DAM NESTED INTERMED,GW,39.03869444,-118.8647778,1,NAD83, 4253., 25,NAVD88,16050303,qw,01049,,0,,wat,IMM,149583,0,2011-04-04,2011-04-04,1
USGS,390219118515301,110A N14 E28 33BBBD1    WEBER DAM NESTED INTERMED,GW,39.03869444,-118.8647778,1,NAD83, 4253., 25,NAVD88,16050303,qw,01056,,0,,wat,IMM,149625,0,2011-04-04,2011-04-04,1
USGS,390219118515301,110A N14 E28 33BBBD1    WEBER DAM NESTED INTERMED,GW,39.03869444,-118.8647778,1,NAD83, 4253., 25,NAVD88,16050303,qw,01057,,0,,wat,IMM,149898,0,2011-04-04,2011-04-04,1
USGS,390219118515301,110A N14 E28 33BBBD1    WEBER DAM NESTED INTERMED,GW,39.03869444,-118.8647778,1,NAD83, 4253., 25,NAVD88,16050303,qw,01060,,0,,wat,IMM,149641,0,2011-04-04,2011-04-04,1
USGS,390219118515301,110A N14 E28 33BBBD1    WEBER DAM NESTED INTERMED,GW,39.03869444,-118.8647778,1,NAD83, 4253., 25,NAVD88,16050303,qw,01065,,0,,wat,IMM,149674,0,2011-04-04,2011-04-04,1
USGS,390219118515301,110A N14 E28 33BBBD1    WEBER DAM NESTED INTERMED,GW,39.03869444,-118.8647778,1,NAD83, 4253., 25,NAVD88,16050303,qw,01075,,0,,wat,IMM,149849,0,2011-04-04,2011-04-04,1
USGS,390219118515301,110A N14 E28 33BBBD1    WEBER DAM NESTED INTERMED,GW,39.03869444,-118.8647778,1,NAD83, 4253., 25,NAVD88,16050303,qw,01080,,0,,wat,IMM,149864,0,2011-04-04,2011-04-04,1
USGS,390219118515301,110A N14 E28 33BBBD1    WEBER DAM NESTED INTERMED,GW,39.03869444,-118.8647778,1,NAD83, 4253., 25,NAVD88,16050303,qw,01085,,0,,wat,IMM,150193,0,2011-04-04,2011-04-04,1
USGS,390219118515301,110A N14 E28 33BBBD1    WEBER DAM NESTED INTERMED,GW,39.03869444,-118.8647778,1,NAD83, 4253., 25,NAVD88,16050303,qw,01090,,0,,wat,IMM,150235,0,2011-04-04,2011-04-04,1
USGS,390219118515301,110A N14 E28 33BBBD1    WEBER DAM NESTED INTERMED,GW,39.03869444,-118.8647778,1,NAD83, 4253., 25,NAVD88,16050303,qw,01095,,0,,wat,IMN,149963,0,2011-04-04,2011-04-04,1
USGS,390219118515301,110A N14 E28 33BBBD1    WEBER DAM NESTED INTERMED,GW,39.03869444,-118.8647778,1,NAD83, 4253., 25,NAVD88,16050303,qw,01106,,0,,wat,IMM,149476,0,2011-04-04,2011-04-04,1
USGS,390219118515301,110A N14 E28 33BBBD1    WEBER DAM NESTED INTERMED,GW,39.03869444,-118.8647778,1,NAD83, 4253., 25,NAVD88,16050303,qw,01130,,0,,wat,IMM,149591,0,2011-04-04,2011-04-04,1
USGS,390219118515301,110A N14 E28 33BBBD1    WEBER DAM NESTED INTERMED,GW,39.03869444,-118.8647778,1,NAD83, 4253., 25,NAVD88,16050303,qw,01145,,0,,wat,IMN,154310,0,2011-04-04,2011-04-04,1
USGS,390219118515301,110A N14 E28 33BBBD1    WEBER DAM NESTED INTERMED,GW,39.03869444,-118.8647778,1,NAD83, 4253., 25,NAVD88,16050303,qw,03515,,0,,wat,RAD,182469,0,2011-04-04,2011-04-04,1
USGS,390219118515301,110A N14 E28 33BBBD1    WEBER DAM NESTED INTERMED,GW,39.03869444,-118.8647778,1,NAD83, 4253., 25,NAVD88,16050303,qw,04126,,0,,wat,RAD,182451,0,2011-04-04,2011-04-04,1
USGS,390219118515301,110A N14 E28 33BBBD1    WEBER DAM NESTED INTERMED,GW,39.03869444,-118.8647778,1,NAD83, 4253., 25,NAVD88,16050303,qw,22703,,0,,wat,RAD,150185,0,2011-04-04,2011-04-04,1
USGS,390219118515301,110A N14 E28 33BBBD1    WEBER DAM NESTED INTERMED,GW,39.03869444,-118.8647778,1,NAD83, 4253., 25,NAVD88,16050303,qw,39086,,0,,wat,INN,1640192,0,2011-04-04,2011-04-04,1
USGS,390219118515301,110A N14 E28 33BBBD1    WEBER DAM NESTED INTERMED,GW,39.03869444,-118.8647778,1,NAD83, 4253., 25,NAVD88,16050303,qw,50280,,0,,wat,INF,0,0,2011-11-17,2011-11-17,1
USGS,390219118515301,110A N14 E28 33BBBD1    WEBER DAM NESTED INTERMED,GW,39.03869444,-118.8647778,1,NAD83, 4253., 25,NAVD88,16050303,qw,62452,,0,,wat,IMN,710947,0,2011-04-04,2011-04-04,1
USGS,390219118515301,110A N14 E28 33BBBD1    WEBER DAM NESTED INTERMED,GW,39.03869444,-118.8647778,1,NAD83, 4253., 25,NAVD88,16050303,qw,62453,,0,,wat,IMN,17151366,0,2011-04-04,2011-04-04,1
USGS,390219118515301,110A N14 E28 33BBBD1    WEBER DAM NESTED INTERMED,GW,39.03869444,-118.8647778,1,NAD83, 4253., 25,NAVD88,16050303,qw,62454,,0,,wat,OOT,1732853,0,2011-04-04,2011-04-04,1
USGS,390219118515301,110A N14 E28 33BBBD1    WEBER DAM NESTED INTERMED,GW,39.03869444,-118.8647778,1,NAD83, 4253., 25,NAVD88,16050303,qw,62455,,0,,wat,OPE,5702,0,2011-04-04,2011-04-04,1
USGS,390219118515301,110A N14 E28 33BBBD1    WEBER DAM NESTED INTERMED,GW,39.03869444,-118.8647778,1,NAD83, 4253., 25,NAVD88,16050303,qw,62854,,0,,wat,NUT,52450988,0,2011-04-04,2011-04-04,1
USGS,390219118515301,110A N14 E28 33BBBD1    WEBER DAM NESTED INTERMED,GW,39.03869444,-118.8647778,1,NAD83, 4253., 25,NAVD88,16050303,qw,70300,,0,,wat,PHY,1642222,0,2011-04-04,2011-04-04,1
USGS,390219118515301,110A N14 E28 33BBBD1    WEBER DAM NESTED INTERMED,GW,39.03869444,-118.8647778,1,NAD83, 4253., 25,NAVD88,16050303,qw,70301,,0,,wat,PHY,1642222,0,2011-04-04,2011-04-04,1
USGS,390219118515301,110A N14 E28 33BBBD1    WEBER DAM NESTED INTERMED,GW,39.03869444,-118.8647778,1,NAD83, 4253., 25,NAVD88,16050303,qw,70303,,0,,wat,PHY,1642222,0,2011-04-04,2011-04-04,1
USGS,390219118515301,110A N14 E28 33BBBD1    WEBER DAM NESTED INTERMED,GW,39.03869444,-118.8647778,1,NAD83, 4253., 25,NAVD88,16050303,qw,71846,,0,,wat,NUT,966655,0,2011-04-04,2011-04-04,1
USGS,390219118515301,110A N14 E28 33BBBD1    WEBER DAM NESTED INTERMED,GW,39.03869444,-118.8647778,1,NAD83, 4253., 25,NAVD88,16050303,qw,71851,,0,,wat,NUT,197186,0,2011-04-04,2011-04-04,1
USGS,390219118515301,110A N14 E28 33BBBD1    WEBER DAM NESTED INTERMED,GW,39.03869444,-118.8647778,1,NAD83, 4253., 25,NAVD88,16050303,qw,71856,,0,,wat,NUT,197194,0,2011-04-04,2011-04-04,1
USGS,390219118515301,110A N14 E28 33BBBD1    WEBER DAM NESTED INTERMED,GW,39.03869444,-118.8647778,1,NAD83, 4253., 25,NAVD88,16050303,qw,71870,,0,,wat,INN,227538,0,2011-04-04,2011-04-04,1
USGS,390219118515301,110A N14 E28 33BBBD1    WEBER DAM NESTED INTERMED,GW,39.03869444,-118.8647778,1,NAD83, 4253., 25,NAVD88,16050303,qw,71890,,0,,wat,IMM,149633,0,2011-04-04,2011-04-04,1
USGS,390219118515301,110A N14 E28 33BBBD1    WEBER DAM NESTED INTERMED,GW,39.03869444,-118.8647778,1,NAD83, 4253., 25,NAVD88,16050303,qw,71999,,0,,wat,INF,0,0,2011-04-04,2011-04-04,1
USGS,390219118515301,110A N14 E28 33BBBD1    WEBER DAM NESTED INTERMED,GW,39.03869444,-118.8647778,1,NAD83, 4253., 25,NAVD88,16050303,qw,82082,,0,,wat,ISO,1642107,0,2011-04-04,2011-04-04,1
USGS,390219118515301,110A N14 E28 33BBBD1    WEBER DAM NESTED INTERMED,GW,39.03869444,-118.8647778,1,NAD83, 4253., 25,NAVD88,16050303,qw,82085,,0,,wat,ISO,967034,0,2011-04-04,2011-04-04,1
USGS,390219118515301,110A N14 E28 33BBBD1    WEBER DAM NESTED INTERMED,GW,39.03869444,-118.8647778,1,NAD83, 4253., 25,NAVD88,16050303,qw,90095,,0,,wat,PHY,1646694,0,2011-04-04,2011-04-04,1
USGS,390219118515302,110A N14 E28 33BBBD2    WEBER DAM NESTED SHALLOW,GW,39.03869444,-118.8647778,1,NAD83, 4253., 25,NAVD88,16050303,ad,,,0,,wat,,0,0,2012,2012,1
USGS,390219118515302,110A N14 E28 33BBBD2    WEBER DAM NESTED SHALLOW,GW,39.03869444,-118.8647778,1,NAD83, 4253., 25,NAVD88,16050303,aw,,,0,,wat,,0,0,2010,2021,23
USGS,390219118515302,110A N14 E28 33BBBD2    WEBER DAM NESTED SHALLOW,GW,39.03869444,-118.8647778,1,NAD83, 4253., 25,NAVD88,16050303,gw,62610,,0,,wat,,1642461,0,2010-05-26,2023-04-18,27
USGS,390219118515302,110A N14 E28 33BBBD2    WEBER DAM NESTED SHALLOW,GW,39.03869444,-118.8647778,1,NAD83, 4253., 25,NAVD88,16050303,gw,62611,,0,,wat,,1642461,0,2010-05-26,2023-04-18,27
USGS,390219118515302,110A N14 E28 33BBBD2    WEBER DAM NESTED SHALLOW,GW,39.03869444,-118.8647778,1,NAD83, 4253., 25,NAVD88,16050303,gw,72019,,0,,wat,,1642008,0,2010-05-26,2023-04-18,27
USGS,390219118515302,110A N14 E28 33BBBD2    WEBER DAM NESTED SHALLOW,GW,39.03869444,-118.8647778,1,NAD83, 4253., 25,NAVD88,16050303,qw,,,0,,wat,ALL,0,0,2011-04-04,2011-11-17,2
USGS,390219118515302,110A N14 E28 33BBBD2    WEBER DAM NESTED SHALLOW,GW,39.03869444,-118.8647778,1,NAD83, 4253., 25,NAVD88,16050303,qw,00003,,0,,wat,INF,0,0,2011-04-04,2011-04-04,1
USGS,390219118515302,110A N14 E28 33BBBD2    WEBER DAM NESTED SHALLOW,GW,39.03869444,-118.8647778,1,NAD83, 4253., 25,NAVD88,16050303,qw,00010,,0,,wat,PHY,1645597,0,2011-04-04,2011-11-17,2
USGS,390219118515302,110A N14 E28 33BBBD2    WEBER DAM NESTED SHALLOW,GW,39.03869444,-118.8647778,1,NAD83, 4253., 25,NAVD88,16050303,qw,00020,,0,,wat,PHY,1645712,0,2011-04-04,2011-04-04,1
USGS,390219118515302,110A N14 E28 33BBBD2    WEBER DAM NESTED SHALLOW,GW,39.03869444,-118.8647778,1,NAD83, 4253., 25,NAVD88,16050303,qw,00025,,0,,wat,PHY,1641265,0,2011-04-04,2011-04-04,1
USGS,390219118515302,110A N14 E28 33BBBD2    WEBER DAM NESTED SHALLOW,GW,39.03869444,-118.8647778,1,NAD83, 4253., 25,NAVD88,16050303,qw,00059,,0,,wat,PHY,1643253,0,2011-04-04,2011-04-04,1
USGS,390219118515302,110A N14 E28 33BBBD2    WEBER DAM NESTED SHALLOW,GW,39.03869444,-118.8647778,1,NAD83, 4253., 25,NAVD88,16050303,qw,00095,,0,,wat,PHY,1646694,0,2011-04-04,2011-11-17,2
USGS,390219118515302,110A N14 E28 33BBBD2    WEBER DAM NESTED SHALLOW,GW,39.03869444,-118.8647778,1,NAD83, 4253., 25,NAVD88,16050303,qw,00191,,0,,wat,INN,1640572,0,2011-04-04,2011-04-04,1
USGS,390219118515302,110A N14 E28 33BBBD2    WEBER DAM NESTED SHALLOW,GW,39.03869444,-118.8647778,1,NAD83, 4253., 25,NAVD88,16050303,qw,00300,,0,,wat,INN,154302,0,2011-04-04,2011-04-04,1
USGS,390219118515302,110A N14 E28 33BBBD2    WEBER DAM NESTED SHALLOW,GW,39.03869444,-118.8647778,1,NAD83, 4253., 25,NAVD88,16050303,qw,00301,,0,,wat,INN,154302,0,2011-04-04,2011-04-04,1
USGS,390219118515302,110A N14 E28 33BBBD2    WEBER DAM NESTED SHALLOW,GW,39.03869444,-118.8647778,1,NAD83, 4253., 25,NAVD88,16050303,qw,00400,,0,,wat,PHY,17028275,0,2011-04-04,2011-04-04,1
USGS,390219118515302,110A N14 E28 33BBBD2    WEBER DAM NESTED SHALLOW,GW,39.03869444,-118.8647778,1,NAD83, 4253., 25,NAVD88,16050303,qw,00403,,0,,wat,PHY,1644335,0,2011-04-04,2011-04-04,1
USGS,390219118515302,110A N14 E28 33BBBD2    WEBER DAM NESTED SHALLOW,GW,39.03869444,-118.8647778,1,NAD83, 4253., 25,NAVD88,16050303,qw,00405,,0,,wat,INN,33548,0,2011-04-04,2011-04-04,1
USGS,390219118515302,110A N14 E28 33BBBD2    WEBER DAM NESTED SHALLOW,GW,39.03869444,-118.8647778,1,NAD83, 4253., 25,NAVD88,16050303,qw,00452,,0,,wat,INN,119396,0,2011-04-04,2011-04-04,1
USGS,390219118515302,110A N14 E28 33BBBD2    WEBER DAM NESTED SHALLOW,GW,39.03869444,-118.8647778,1,NAD83, 4253., 25,NAVD88,16050303,qw,00453,,0,,wat,INN,4788,0,2011-04-04,2011-04-04,1
USGS,390219118515302,110A N14 E28 33BBBD2    WEBER DAM NESTED SHALLOW,GW,39.03869444,-118.8647778,1,NAD83, 4253., 25,NAVD88,16050303,qw,00607,,0,,wat,NUT,17297623,0,2011-04-04,2011-04-04,1
USGS,390219118515302,110A N14 E28 33BBBD2    WEBER DAM NESTED SHALLOW,GW,39.03869444,-118.8647778,1,NAD83, 4253., 25,NAVD88,16050303,qw,00608,,0,,wat,NUT,966655,0,2011-04-04,2011-04-04,1
USGS,390219118515302,110A N14 E28 33BBBD2    WEBER DAM NESTED SHALLOW,GW,39.03869444,-118.8647778,1,NAD83, 4253., 25,NAVD88,16050303,qw,00613,,0,,wat,NUT,197194,0,2011-04-04,2011-04-04,1
USGS,390219118515302,110A N14 E28 33BBBD2    WEBER DAM NESTED SHALLOW,GW,39.03869444,-118.8647778,1,NAD83, 4253., 25,NAVD88,16050303,qw,00618,,0,,wat,NUT,197186,0,2011-04-04,2011-04-04,1
USGS,390219118515302,110A N14 E28 33BBBD2    WEBER DAM NESTED SHALLOW,GW,39.03869444,-118.8647778,1,NAD83, 4253., 25,NAVD88,16050303,qw,00631,,0,,wat,NUT,701177,0,2011-04-04,2011-04-04,1
USGS,390219118515302,110A N14 E28 33BBBD2    WEBER DAM NESTED SHALLOW,GW,39.03869444,-118.8647778,1,NAD83, 4253., 25,NAVD88,16050303,qw,00660,,0,,wat,NUT,194464,0,2011-04-04,2011-04-04,1
USGS,390219118515302,110A N14 E28 33BBBD2    WEBER DAM NESTED SHALLOW,GW,39.03869444,-118.8647778,1,NAD83, 4253., 25,NAVD88,16050303,qw,00671,,0,,wat,NUT,194464,0,2011-04-04,2011-04-04,1
USGS,390219118515302,110A N14 E28 33BBBD2    WEBER DAM NESTED SHALLOW,GW,39.03869444,-118.8647778,1,NAD83, 4253., 25,NAVD88,16050303,qw,00900,,0,,wat,PHY,1640416,0,2011-04-04,2011-04-04,1
USGS,390219118515302,110A N14 E28 33BBBD2    WEBER DAM NESTED SHALLOW,GW,39.03869444,-118.8647778,1,NAD83, 4253., 25,NAVD88,16050303,qw,00915,,0,,wat,INM,150268,0,2011-04-04,2011-04-04,1
USGS,390219118515302,110A N14 E28 33BBBD2    WEBER DAM NESTED SHALLOW,GW,39.03869444,-118.8647778,1,NAD83, 4253., 25,NAVD88,16050303,qw,00925,,0,,wat,INM,149617,0,2011-04-04,2011-04-04,1
USGS,390219118515302,110A N14 E28 33BBBD2    WEBER DAM NESTED SHALLOW,GW,39.03869444,-118.8647778,1,NAD83, 4253., 25,NAVD88,16050303,qw,00930,,0,,wat,INM,149856,0,2011-04-04,2011-04-04,1
USGS,390219118515302,110A N14 E28 33BBBD2    WEBER DAM NESTED SHALLOW,GW,39.03869444,-118.8647778,1,NAD83, 4253., 25,NAVD88,16050303,qw,00931,,0,,wat,INM,1640523,0,2011-04-04,2011-04-04,1
USGS,390219118515302,110A N14 E28 33BBBD2    WEBER DAM NESTED SHALLOW,GW,39.03869444,-118.8647778,1,NAD83, 4253., 25,NAVD88,16050303,qw,00932,,0,,wat,INM,1646660,0,2011-04-04,2011-04-04,1
USGS,390219118515302,110A N14 E28 33BBBD2    WEBER DAM NESTED SHALLOW,GW,39.03869444,-118.8647778,1,NAD83, 4253., 25,NAVD88,16050303,qw,00935,,0,,wat,INM,149740,0,2011-04-04,2011-04-04,1
USGS,390219118515302,110A N14 E28 33BBBD2    WEBER DAM NESTED SHALLOW,GW,39.03869444,-118.8647778,1,NAD83, 4253., 25,NAVD88,16050303,qw,00940,,0,,wat,INN,205955,0,2011-04-04,2011-04-04,1
USGS,390219118515302,110A N14 E28 33BBBD2    WEBER DAM NESTED SHALLOW,GW,39.03869444,-118.8647778,1,NAD83, 4253., 25,NAVD88,16050303,qw,00945,,0,,wat,INN,197301,0,2011-04-04,2011-04-04,1
USGS,390219118515302,110A N14 E28 33BBBD2    WEBER DAM NESTED SHALLOW,GW,39.03869444,-118.8647778,1,NAD83, 4253., 25,NAVD88,16050303,qw,00950,,0,,wat,INN,206706,0,2011-04-04,2011-04-04,1
USGS,390219118515302,110A N14 E28 33BBBD2    WEBER DAM NESTED SHALLOW,GW,39.03869444,-118.8647778,1,NAD83, 4253., 25,NAVD88,16050303,qw,00955,,0,,wat,INN,151977,0,2011-04-04,2011-04-04,1
USGS,390219118515302,110A N14 E28 33BBBD2    WEBER DAM NESTED SHALLOW,GW,39.03869444,-118.8647778,1,NAD83, 4253., 25,NAVD88,16050303,qw,01000,,0,,wat,IMN,149989,0,2011-04-04,2011-04-04,1
USGS,390219118515302,110A N14 E28 33BBBD2    WEBER DAM NESTED SHALLOW,GW,39.03869444,-118.8647778,1,NAD83, 4253., 25,NAVD88,16050303,qw,01005,,0,,wat,IMM,149997,0,2011-04-04,2011-04-04,1
USGS,390219118515302,110A N14 E28 33BBBD2    WEBER DAM NESTED SHALLOW,GW,39.03869444,-118.8647778,1,NAD83, 4253., 25,NAVD88,16050303,qw,01010,,0,,wat,IMM,150003,0,2011-04-04,2011-04-04,1
USGS,390219118515302,110A N14 E28 33BBBD2    WEBER DAM NESTED SHALLOW,GW,39.03869444,-118.8647778,1,NAD83, 4253., 25,NAVD88,16050303,qw,01020,,0,,wat,IMN,150011,0,2011-04-04,2011-04-04,1
USGS,390219118515302,110A N14 E28 33BBBD2    WEBER DAM NESTED SHALLOW,GW,39.03869444,-118.8647778,1,NAD83, 4253., 25,NAVD88,16050303,qw,01025,,0,,wat,IMM,150029,0,2011-04-04,2011-04-04,1
USGS,390219118515302,110A N14 E28 33BBBD2    WEBER DAM NESTED SHALLOW,GW,39.03869444,-118.8647778,1,NAD83, 4253., 25,NAVD88,16050303,qw,01030,,0,,wat,IMM,150060,0,2011-04-04,2011-04-04,1
USGS,390219118515302,110A N14 E28 33BBBD2    WEBER DAM NESTED SHALLOW,GW,39.03869444,-118.8647778,1,NAD83, 4253., 25,NAVD88,16050303,qw,01035,,0,,wat,IMM,150078,0,2011-04-04,2011-04-04,1
USGS,390219118515302,110A N14 E28 33BBBD2    WEBER DAM NESTED SHALLOW,GW,39.03869444,-118.8647778,1,NAD83, 4253., 25,NAVD88,16050303,qw,01040,,0,,wat,IMM,150086,0,2011-04-04,2011-04-04,1
USGS,390219118515302,110A N14 E28 33BBBD2    WEBER DAM NESTED SHALLOW,GW,39.03869444,-118.8647778,1,NAD83, 4253., 25,NAVD88,16050303,qw,01046,,0,,wat,IMM,149559,0,2011-04-04,2011-04-04,1
USGS,390219118515302,110A N14 E28 33BBBD2    WEBER DAM NESTED SHALLOW,GW,39.03869444,-118.8647778,1,NAD83, 4253., 25,NAVD88,16050303,qw,01049,,0,,wat,IMM,149583,0,2011-04-04,2011-04-04,1
USGS,390219118515302,110A N14 E28 33BBBD2    WEBER DAM NESTED SHALLOW,GW,39.03869444,-118.8647778,1,NAD83, 4253., 25,NAVD88,16050303,qw,01056,,0,,wat,IMM,149625,0,2011-04-04,2011-04-04,1
USGS,390219118515302,110A N14 E28 33BBBD2    WEBER DAM NESTED SHALLOW,GW,39.03869444,-118.8647778,1,NAD83, 4253., 25,NAVD88,16050303,qw,01057,,0,,wat,IMM,149898,0,2011-04-04,2011-04-04,1
USGS,390219118515302,110A N14 E28 33BBBD2    WEBER DAM NESTED SHALLOW,GW,39.03869444,-118.8647778,1,NAD83, 4253., 25,NAVD88,16050303,qw,01060,,0,,wat,IMM,149641,0,2011-04-04,2011-04-04,1
USGS,390219118515302,110A N14 E28 33BBBD2    WEBER DAM NESTED SHALLOW,GW,39.03869444,-118.8647778,1,NAD83, 4253., 25,NAVD88,16050303,qw,01065,,0,,wat,IMM,149674,0,2011-04-04,2011-04-04,1
USGS,390219118515302,110A N14 E28 33BBBD2    WEBER DAM NESTED SHALLOW,GW,39.03869444,-118.8647778,1,NAD83, 4253., 25,NAVD88,16050303,qw,01075,,0,,wat,IMM,149849,0,2011-04-04,2011-04-04,1
USGS,390219118515302,110A N14 E28 33BBBD2    WEBER DAM NESTED SHALLOW,GW,39.03869444,-118.8647778,1,NAD83, 4253., 25,NAVD88,16050303,qw,01080,,0,,wat,IMM,149864,0,2011-04-04,2011-04-04,1
USGS,390219118515302,110A N14 E28 33BBBD2    WEBER DAM NESTED SHALLOW,GW,39.03869444,-118.8647778,1,NAD83, 4253., 25,NAVD88,16050303,qw,01085,,0,,wat,IMM,150193,0,2011-04-04,2011-04-04,1
USGS,390219118515302,110A N14 E28 33BBBD2    WEBER DAM NESTED SHALLOW,GW,39.03869444,-118.8647778,1,NAD83, 4253., 25,NAVD88,16050303,qw,01090,,0,,wat,IMM,150235,0,2011-04-04,2011-04-04,1
USGS,390219118515302,110A N14 E28 33BBBD2    WEBER DAM NESTED SHALLOW,GW,39.03869444,-118.8647778,1,NAD83, 4253., 25,NAVD88,16050303,qw,01095,,0,,wat,IMN,149963,0,2011-04-04,2011-04-04,1
USGS,390219118515302,110A N14 E28 33BBBD2    WEBER DAM NESTED SHALLOW,GW,39.03869444,-118.8647778,1,NAD83, 4253., 25,NAVD88,16050303,qw,01106,,0,,wat,IMM,149476,0,2011-04-04,2011-04-04,1
USGS,390219118515302,110A N14 E28 33BBBD2    WEBER DAM NESTED SHALLOW,GW,39.03869444,-118.8647778,1,NAD83, 4253., 25,NAVD88,16050303,qw,01130,,0,,wat,IMM,149591,0,2011-04-04,2011-04-04,1
USGS,390219118515302,110A N14 E28 33BBBD2    WEBER DAM NESTED SHALLOW,GW,39.03869444,-118.8647778,1,NAD83, 4253., 25,NAVD88,16050303,qw,01145,,0,,wat,IMN,154310,0,2011-04-04,2011-04-04,1
USGS,390219118515302,110A N14 E28 33BBBD2    WEBER DAM NESTED SHALLOW,GW,39.03869444,-118.8647778,1,NAD83, 4253., 25,NAVD88,16050303,qw,03515,,0,,wat,RAD,182469,0,2011-04-04,2011-04-04,1
USGS,390219118515302,110A N14 E28 33BBBD2    WEBER DAM NESTED SHALLOW,GW,39.03869444,-118.8647778,1,NAD83, 4253., 25,NAVD88,16050303,qw,04126,,0,,wat,RAD,182451,0,2011-04-04,2011-04-04,1
USGS,390219118515302,110A N14 E28 33BBBD2    WEBER DAM NESTED SHALLOW,GW,39.03869444,-118.8647778,1,NAD83, 4253., 25,NAVD88,16050303,qw,22703,,0,,wat,RAD,150185,0,2011-04-04,2011-04-04,1
USGS,390219118515302,110A N14 E28 33BBBD2    WEBER DAM NESTED SHALLOW,GW,39.03869444,-118.8647778,1,NAD83, 4253., 25,NAVD88,16050303,qw,39086,,0,,wat,INN,1640192,0,2011-04-04,2011-04-04,1
USGS,390219118515302,110A N14 E28 33BBBD2    WEBER DAM NESTED SHALLOW,GW,39.03869444,-118.8647778,1,NAD83, 4253., 25,NAVD88,16050303,qw,50280,,0,,wat,INF,0,0,2011-11-17,2011-11-17,1
USGS,390219118515302,110A N14 E28 33BBBD2    WEBER DAM NESTED SHALLOW,GW,39.03869444,-118.8647778,1,NAD83, 4253., 25,NAVD88,16050303,qw,62452,,0,,wat,IMN,710947,0,2011-04-04,2011-04-04,1
USGS,390219118515302,110A N14 E28 33BBBD2    WEBER DAM NESTED SHALLOW,GW,39.03869444,-118.8647778,1,NAD83, 4253., 25,NAVD88,16050303,qw,62453,,0,,wat,IMN,17151366,0,2011-04-04,2011-04-04,1
USGS,390219118515302,110A N14 E28 33BBBD2    WEBER DAM NESTED SHALLOW,GW,39.03869444,-118.8647778,1,NAD83, 4253., 25,NAVD88,16050303,qw,62454,,0,,wat,OOT,1732853,0,2011-04-04,2011-04-04,1
USGS,390219118515302,110A N14 E28 33BBBD2    WEBER DAM NESTED SHALLOW,GW,39.03869444,-118.8647778,1,NAD83, 4253., 25,NAVD88,16050303,qw,62455,,0,,wat,OPE,5702,0,2011-04-04,2011-04-04,1
USGS,390219118515302,110A N14 E28 33BBBD2    WEBER DAM NESTED SHALLOW,GW,39.03869444,-118.8647778,1,NAD83, 4253., 25,NAVD88,16050303,qw,62854,,0,,wat,NUT,52450988,0,2011-04-04,2011-04-04,1
USGS,390219118515302,110A N14 E28 33BBBD2    WEBER DAM NESTED SHALLOW,GW,39.03869444,-118.8647778,1,NAD83, 4253., 25,NAVD88,16050303,qw,70300,,0,,wat,PHY,1642222,0,2011-04-04,2011-04-04,1
USGS,390219118515302,110A N14 E28 33BBBD2    WEBER DAM NESTED SHALLOW,GW,39.03869444,-118.8647778,1,NAD83, 4253., 25,NAVD88,16050303,qw,70301,,0,,wat,PHY,1642222,0,2011-04-04,2011-04-04,1
USGS,390219118515302,110A N14 E28 33BBBD2    WEBER DAM NESTED SHALLOW,GW,39.03869444,-118.8647778,1,NAD83, 4253., 25,NAVD88,16050303,qw,70303,,0,,wat,PHY,1642222,0,2011-04-04,2011-04-04,1
USGS,390219118515302,110A N14 E28 33BBBD2    WEBER DAM NESTED SHALLOW,GW,39.03869444,-118.8647778,1,NAD83, 4253., 25,NAVD88,16050303,qw,71846,,0,,wat,NUT,966655,0,2011-04-04,2011-04-04,1
USGS,390219118515302,110A N14 E28 33BBBD2    WEBER DAM NESTED SHALLOW,GW,39.03869444,-118.8647778,1,NAD83, 4253., 25,NAVD88,16050303,qw,71851,,0,,wat,NUT,197186,0,2011-04-04,2011-04-04,1
USGS,390219118515302,110A N14 E28 33BBBD2    WEBER DAM NESTED SHALLOW,GW,39.03869444,-118.8647778,1,NAD83, 4253., 25,NAVD88,16050303,qw,71856,,0,,wat,NUT,197194,0,2011-04-04,2011-04-04,1
USGS,390219118515302,110A N14 E28 33BBBD2    WEBER DAM NESTED SHALLOW,GW,39.03869444,-118.8647778,1,NAD83, 4253., 25,NAVD88,16050303,qw,71870,,0,,wat,INN,227538,0,2011-04-04,2011-04-04,1
USGS,390219118515302,110A N14 E28 33BBBD2    WEBER DAM NESTED SHALLOW,GW,39.03869444,-118.8647778,1,NAD83, 4253., 25,NAVD88,16050303,qw,71890,,0,,wat,IMM,149633,0,2011-04-04,2011-04-04,1
USGS,390219118515302,110A N14 E28 33BBBD2    WEBER DAM NESTED SHALLOW,GW,39.03869444,-118.8647778,1,NAD83, 4253., 25,NAVD88,16050303,qw,71999,,0,,wat,INF,0,0,2011-04-04,2011-04-04,1
USGS,390219118515302,110A N14 E28 33BBBD2    WEBER DAM NESTED SHALLOW,GW,39.03869444,-118.8647778,1,NAD83, 4253., 25,NAVD88,16050303,qw,82082,,0,,wat,ISO,1642107,0,2011-04-04,2011-04-04,1
USGS,390219118515302,110A N14 E28 33BBBD2    WEBER DAM NESTED SHALLOW,GW,39.03869444,-118.8647778,1,NAD83, 4253., 25,NAVD88,16050303,qw,82085,,0,,wat,ISO,967034,0,2011-04-04,2011-04-04,1
USGS,390219118515302,110A N14 E28 33BBBD2    WEBER DAM NESTED SHALLOW,GW,39.03869444,-118.8647778,1,NAD83, 4253., 25,NAVD88,16050303,qw,90095,,0,,wat,PHY,1646694,0,2011-04-04,2011-04-04,1
USGS,390219118515303,110A N14 E28 33BBBD3    WEBER DAM DEEP,GW,39.03869444,-118.865,1,NAD83, 4263., 25,NAVD88,16050303,ad,,,0,,wat,,0,0,2012,2012,1
USGS,390219118515303,110A N14 E28 33BBBD3    WEBER DAM DEEP,GW,39.03869444,-118.865,1,NAD83, 4263., 25,NAVD88,16050303,aw,,,0,,wat,,0,0,2010,2021,23
USGS,390219118515303,110A N14 E28 33BBBD3    WEBER DAM DEEP,GW,39.03869444,-118.865,1,NAD83, 4263., 25,NAVD88,16050303,gw,62610,,0,,wat,,1642461,0,2010-05-23,2023-04-18,27
USGS,390219118515303,110A N14 E28 33BBBD3    WEBER DAM DEEP,GW,39.03869444,-118.865,1,NAD83, 4263., 25,NAVD88,16050303,gw,62611,,0,,wat,,1642461,0,2010-05-23,2023-04-18,27
USGS,390219118515303,110A N14 E28 33BBBD3    WEBER DAM DEEP,GW,39.03869444,-118.865,1,NAD83, 4263., 25,NAVD88,16050303,gw,72019,,0,,wat,,1642008,0,2010-05-23,2023-04-18,27
USGS,390219118515303,110A N14 E28 33BBBD3    WEBER DAM DEEP,GW,39.03869444,-118.865,1,NAD83, 4263., 25,NAVD88,16050303,qw,,,0,,wat,ALL,0,0,2011-03-31,2011-11-17,2
USGS,390219118515303,110A N14 E28 33BBBD3    WEBER DAM DEEP,GW,39.03869444,-118.865,1,NAD83, 4263., 25,NAVD88,16050303,qw,00003,,0,,wat,INF,0,0,2011-03-31,2011-03-31,1
USGS,390219118515303,110A N14 E28 33BBBD3    WEBER DAM DEEP,GW,39.03869444,-118.865,1,NAD83, 4263., 25,NAVD88,16050303,qw,00010,,0,,wat,PHY,1645597,0,2011-03-31,2011-11-17,2
USGS,390219118515303,110A N14 E28 33BBBD3    WEBER DAM DEEP,GW,39.03869444,-118.865,1,NAD83, 4263., 25,NAVD88,16050303,qw,00020,,0,,wat,PHY,1645712,0,2011-03-31,2011-03-31,1
USGS,390219118515303,110A N14 E28 33BBBD3    WEBER DAM DEEP,GW,39.03869444,-118.865,1,NAD83, 4263., 25,NAVD88,16050303,qw,00025,,0,,wat,PHY,1641265,0,2011-03-31,2011-03-31,1
USGS,390219118515303,110A N14 E28 33BBBD3    WEBER DAM DEEP,GW,39.03869444,-118.865,1,NAD83, 4263., 25,NAVD88,16050303,qw,00059,,0,,wat,PHY,1643253,0,2011-03-31,2011-03-31,1
USGS,390219118515303,110A N14 E28 33BBBD3    WEBER DAM DEEP,GW,39.03869444,-118.865,1,NAD83, 4263., 25,NAVD88,16050303,qw,00095,,0,,wat,PHY,1646694,0,2011-03-31,2011-11-17,2
USGS,390219118515303,110A N14 E28 33BBBD3    WEBER DAM DEEP,GW,39.03869444,-118.865,1,NAD83, 4263., 25,NAVD88,16050303,qw,00191,,0,,wat,INN,1640572,0,2011-03-31,2011-03-31,1
USGS,390219118515303,110A N14 E28 33BBBD3    WEBER DAM DEEP,GW,39.03869444,-118.865,1,NAD83, 4263., 25,NAVD88,16050303,qw,00300,,0,,wat,INN,154302,0,2011-03-31,2011-03-31,1
USGS,390219118515303,110A N14 E28 33BBBD3    WEBER DAM DEEP,GW,39.03869444,-118.865,1,NAD83, 4263., 25,NAVD88,16050303,qw,00301,,0,,wat,INN,154302,0,2011-03-31,2011-03-31,1
USGS,390219118515303,110A N14 E28 33BBBD3    WEBER DAM DEEP,GW,39.03869444,-118.865,1,NAD83, 4263., 25,NAVD88,16050303,qw,00400,,0,,wat,PHY,17028275,0,2011-03-31,2011-03-31,1
USGS,390219118515303,110A N14 E28 33BBBD3    WEBER DAM DEEP,GW,39.03869444,-118.865,1,NAD83, 4263., 25,NAVD88,16050303,qw,00403,,0,,wat,PHY,1644335,0,2011-03-31,2011-03-31,1
USGS,390219118515303,110A N14 E28 33BBBD3    WEBER DAM DEEP,GW,39.03869444,-118.865,1,NAD83, 4263., 25,NAVD88,16050303,qw,00405,,0,,wat,INN,33548,0,2011-03-31,2011-03-31,1
USGS,390219118515303,110A N14 E28 33BBBD3    WEBER DAM DEEP,GW,39.03869444,-118.865,1,NAD83, 4263., 25,NAVD88,16050303,qw,00452,,0,,wat,INN,119396,0,2011-03-31,2011-03-31,1
USGS,390219118515303,110A N14 E28 33BBBD3    WEBER DAM DEEP,GW,39.03869444,-118.865,1,NAD83, 4263., 25,NAVD88,16050303,qw,00453,,0,,wat,INN,4788,0,2011-03-31,2011-03-31,1
USGS,390219118515303,110A N14 E28 33BBBD3    WEBER DAM DEEP,GW,39.03869444,-118.865,1,NAD83, 4263., 25,NAVD88,16050303,qw,00607,,0,,wat,NUT,17297623,0,2011-03-31,2011-03-31,1
USGS,390219118515303,110A N14 E28 33BBBD3    WEBER DAM DEEP,GW,39.03869444,-118.865,1,NAD83, 4263., 25,NAVD88,16050303,qw,00608,,0,,wat,NUT,966655,0,2011-03-31,2011-03-31,1
USGS,390219118515303,110A N14 E28 33BBBD3    WEBER DAM DEEP,GW,39.03869444,-118.865,1,NAD83, 4263., 25,NAVD88,16050303,qw,00613,,0,,wat,NUT,197194,0,2011-03-31,2011-03-31,1
USGS,390219118515303,110A N14 E28 33BBBD3    WEBER DAM DEEP,GW,39.03869444,-118.865,1,NAD83, 4263., 25,NAVD88,16050303,qw,00618,,0,,wat,NUT,197186,0,2011-03-31,2011-03-31,1
USGS,390219118515303,110A N14 E28 33BBBD3    WEBER DAM DEEP,GW,39.03869444,-118.865,1,NAD83, 4263., 25,NAVD88,16050303,qw,00631,,0,,wat,NUT,701177,0,2011-03-31,2011-03-31,1
USGS,390219118515303,110A N14 E28 33BBBD3    WEBER DAM DEEP,GW,39.03869444,-118.865,1,NAD83, 4263., 25,NAVD88,16050303,qw,00660,,0,,wat,NUT,194464,0,2011-03-31,2011-03-31,1
USGS,390219118515303,110A N14 E28 33BBBD3    WEBER DAM DEEP,GW,39.03869444,-118.865,1,NAD83, 4263., 25,NAVD88,16050303,qw,00671,,0,,wat,NUT,194464,0,2011-03-31,2011-03-31,1
USGS,390219118515303,110A N14 E28 33BBBD3    WEBER DAM DEEP,GW,39.03869444,-118.865,1,NAD83, 4263., 25,NAVD88,16050303,qw,00900,,0,,wat,PHY,1640416,0,2011-03-31,2011-03-31,1
USGS,390219118515303,110A N14 E28 33BBBD3    WEBER DAM DEEP,GW,39.03869444,-118.865,1,NAD83, 4263., 25,NAVD88,16050303,qw,00915,,0,,wat,INM,150268,0,2011-03-31,2011-03-31,1
USGS,390219118515303,110A N14 E28 33BBBD3    WEBER DAM DEEP,GW,39.03869444,-118.865,1,NAD83, 4263., 25,NAVD88,16050303,qw,00925,,0,,wat,INM,149617,0,2011-03-31,2011-03-31,1
USGS,390219118515303,110A N14 E28 33BBBD3    WEBER DAM DEEP,GW,39.03869444,-118.865,1,NAD83, 4263., 25,NAVD88,16050303,qw,00930,,0,,wat,INM,149856,0,2011-03-31,2011-03-31,1
USGS,390219118515303,110A N14 E28 33BBBD3    WEBER DAM DEEP,GW,39.03869444,-118.865,1,NAD83, 4263., 25,NAVD88,16050303,qw,00931,,0,,wat,INM,1640523,0,2011-03-31,2011-03-31,1
USGS,390219118515303,110A N14 E28 33BBBD3    WEBER DAM DEEP,GW,39.03869444,-118.865,1,NAD83, 4263., 25,NAVD88,16050303,qw,00932,,0,,wat,INM,1646660,0,2011-03-31,2011-03-31,1
USGS,390219118515303,110A N14 E28 33BBBD3    WEBER DAM DEEP,GW,39.03869444,-118.865,1,NAD83, 4263., 25,NAVD88,16050303,qw,00935,,0,,wat,INM,149740,0,2011-03-31,2011-03-31,1
USGS,390219118515303,110A N14 E28 33BBBD3    WEBER DAM DEEP,GW,39.03869444,-118.865,1,NAD83, 4263., 25,NAVD88,16050303,qw,00940,,0,,wat,INN,205955,0,2011-03-31,2011-03-31,1
USGS,390219118515303,110A N14 E28 33BBBD3    WEBER DAM DEEP,GW,39.03869444,-118.865,1,NAD83, 4263., 25,NAVD88,16050303,qw,00945,,0,,wat,INN,197301,0,2011-03-31,2011-03-31,1
USGS,390219118515303,110A N14 E28 33BBBD3    WEBER DAM DEEP,GW,39.03869444,-118.865,1,NAD83, 4263., 25,NAVD88,16050303,qw,00950,,0,,wat,INN,206706,0,2011-03-31,2011-03-31,1
USGS,390219118515303,110A N14 E28 33BBBD3    WEBER DAM DEEP,GW,39.03869444,-118.865,1,NAD83, 4263., 25,NAVD88,16050303,qw,00955,,0,,wat,INN,151977,0,2011-03-31,2011-03-31,1
USGS,390219118515303,110A N14 E28 33BBBD3    WEBER DAM DEEP,GW,39.03869444,-118.865,1,NAD83, 4263., 25,NAVD88,16050303,qw,01000,,0,,wat,IMN,149989,0,2011-03-31,2011-03-31,1
USGS,390219118515303,110A N14 E28 33BBBD3    WEBER DAM DEEP,GW,39.03869444,-118.865,1,NAD83, 4263., 25,NAVD88,16050303,qw,01005,,0,,wat,IMM,149997,0,2011-03-31,2011-03-31,1
USGS,390219118515303,110A N14 E28 33BBBD3    WEBER DAM DEEP,GW,39.03869444,-118.865,1,NAD83, 4263., 25,NAVD88,16050303,qw,01010,,0,,wat,IMM,150003,0,2011-03-31,2011-03-31,1
USGS,390219118515303,110A N14 E28 33BBBD3    WEBER DAM DEEP,GW,39.03869444,-118.865,1,NAD83, 4263., 25,NAVD88,16050303,qw,01020,,0,,wat,IMN,150011,0,2011-03-31,2011-03-31,1
USGS,390219118515303,110A N14 E28 33BBBD3    WEBER DAM DEEP,GW,39.03869444,-118.865,1,NAD83, 4263., 25,NAVD88,16050303,qw,01025,,0,,wat,IMM,150029,0,2011-03-31,2011-03-31,1
USGS,390219118515303,110A N14 E28 33BBBD3    WEBER DAM DEEP,GW,39.03869444,-118.865,1,NAD83, 4263., 25,NAVD88,16050303,qw,01030,,0,,wat,IMM,150060,0,2011-03-31,2011-03-31,1
USGS,390219118515303,110A N14 E28 33BBBD3    WEBER DAM DEEP,GW,39.03869444,-118.865,1,NAD83, 4263., 25,NAVD88,16050303,qw,01035,,0,,wat,IMM,150078,0,2011-03-31,2011-03-31,1
USGS,390219118515303,110A N14 E28 33BBBD3    WEBER DAM DEEP,GW,39.03869444,-118.865,1,NAD83, 4263., 25,NAVD88,16050303,qw,01040,,0,,wat,IMM,150086,0,2011-03-31,2011-03-31,1
USGS,390219118515303,110A N14 E28 33BBBD3    WEBER DAM DEEP,GW,39.03869444,-118.865,1,NAD83, 4263., 25,NAVD88,16050303,qw,01046,,0,,wat,IMM,149559,0,2011-03-31,2011-03-31,1
USGS,390219118515303,110A N14 E28 33BBBD3    WEBER DAM DEEP,GW,39.03869444,-118.865,1,NAD83, 4263., 25,NAVD88,16050303,qw,01049,,0,,wat,IMM,149583,0,2011-03-31,2011-03-31,1
USGS,390219118515303,110A N14 E28 33BBBD3    WEBER DAM DEEP,GW,39.03869444,-118.865,1,NAD83, 4263., 25,NAVD88,16050303,qw,01056,,0,,wat,IMM,149625,0,2011-03-31,2011-03-31,1
USGS,390219118515303,110A N14 E28 33BBBD3    WEBER DAM DEEP,GW,39.03869444,-118.865,1,NAD83, 4263., 25,NAVD88,16050303,qw,01057,,0,,wat,IMM,149898,0,2011-03-31,2011-03-31,1
USGS,390219118515303,110A N14 E28 33BBBD3    WEBER DAM DEEP,GW,39.03869444,-118.865,1,NAD83, 4263., 25,NAVD88,16050303,qw,01060,,0,,wat,IMM,149641,0,2011-03-31,2011-03-31,1
USGS,390219118515303,110A N14 E28 33BBBD3    WEBER DAM DEEP,GW,39.03869444,-118.865,1,NAD83, 4263., 25,NAVD88,16050303,qw,01065,,0,,wat,IMM,149674,0,2011-03-31,2011-03-31,1
USGS,390219118515303,110A N14 E28 33BBBD3    WEBER DAM DEEP,GW,39.03869444,-118.865,1,NAD83, 4263., 25,NAVD88,16050303,qw,01075,,0,,wat,IMM,149849,0,2011-03-31,2011-03-31,1
USGS,390219118515303,110A N14 E28 33BBBD3    WEBER DAM DEEP,GW,39.03869444,-118.865,1,NAD83, 4263., 25,NAVD88,16050303,qw,01080,,0,,wat,IMM,149864,0,2011-03-31,2011-03-31,1
USGS,390219118515303,110A N14 E28 33BBBD3    WEBER DAM DEEP,GW,39.03869444,-118.865,1,NAD83, 4263., 25,NAVD88,16050303,qw,01085,,0,,wat,IMM,150193,0,2011-03-31,2011-03-31,1
USGS,390219118515303,110A N14 E28 33BBBD3    WEBER DAM DEEP,GW,39.03869444,-118.865,1,NAD83, 4263., 25,NAVD88,16050303,qw,01090,,0,,wat,IMM,150235,0,2011-03-31,2011-03-31,1
USGS,390219118515303,110A N14 E28 33BBBD3    WEBER DAM DEEP,GW,39.03869444,-118.865,1,NAD83, 4263., 25,NAVD88,16050303,qw,01095,,0,,wat,IMN,149963,0,2011-03-31,2011-03-31,1
USGS,390219118515303,110A N14 E28 33BBBD3    WEBER DAM DEEP,GW,39.03869444,-118.865,1,NAD83, 4263., 25,NAVD88,16050303,qw,01106,,0,,wat,IMM,149476,0,2011-03-31,2011-03-31,1
USGS,390219118515303,110A N14 E28 33BBBD3    WEBER DAM DEEP,GW,39.03869444,-118.865,1,NAD83, 4263., 25,NAVD88,16050303,qw,01130,,0,,wat,IMM,149591,0,2011-03-31,2011-03-31,1
USGS,390219118515303,110A N14 E28 33BBBD3    WEBER DAM DEEP,GW,39.03869444,-118.865,1,NAD83, 4263., 25,NAVD88,16050303,qw,01145,,0,,wat,IMN,154310,0,2011-03-31,2011-03-31,1
USGS,390219118515303,110A N14 E28 33BBBD3    WEBER DAM DEEP,GW,39.03869444,-118.865,1,NAD83, 4263., 25,NAVD88,16050303,qw,03515,,0,,wat,RAD,182469,0,2011-03-31,2011-03-31,1
USGS,390219118515303,110A N14 E28 33BBBD3    WEBER DAM DEEP,GW,39.03869444,-118.865,1,NAD83, 4263., 25,NAVD88,16050303,qw,04126,,0,,wat,RAD,182451,0,2011-03-31,2011-03-31,1
USGS,390219118515303,110A N14 E28 33BBBD3    WEBER DAM DEEP,GW,39.03869444,-118.865,1,NAD83, 4263., 25,NAVD88,16050303,qw,22703,,0,,wat,RAD,150185,0,2011-03-31,2011-03-31,1
USGS,390219118515303,110A N14 E28 33BBBD3    WEBER DAM DEEP,GW,39.03869444,-118.865,1,NAD83, 4263., 25,NAVD88,16050303,qw,39086,,0,,wat,INN,1640192,0,2011-03-31,2011-03-31,1
USGS,390219118515303,110A N14 E28 33BBBD3    WEBER DAM DEEP,GW,39.03869444,-118.865,1,NAD83, 4263., 25,NAVD88,16050303,qw,50280,,0,,wat,INF,0,0,2011-11-17,2011-11-17,1
USGS,390219118515303,110A N14 E28 33BBBD3    WEBER DAM DEEP,GW,39.03869444,-118.865,1,NAD83, 4263., 25,NAVD88,16050303,qw,62854,,0,,wat,NUT,52450988,0,2011-03-31,2011-03-31,1
USGS,390219118515303,110A N14 E28 33BBBD3    WEBER DAM DEEP,GW,39.03869444,-118.865,1,NAD83, 4263., 25,NAVD88,16050303,qw,70300,,0,,wat,PHY,1642222,0,2011-03-31,2011-03-31,1
USGS,390219118515303,110A N14 E28 33BBBD3    WEBER DAM DEEP,GW,39.03869444,-118.865,1,NAD83, 4263., 25,NAVD88,16050303,qw,70301,,0,,wat,PHY,1642222,0,2011-03-31,2011-03-31,1
USGS,390219118515303,110A N14 E28 33BBBD3    WEBER DAM DEEP,GW,39.03869444,-118.865,1,NAD83, 4263., 25,NAVD88,16050303,qw,70303,,0,,wat,PHY,1642222,0,2011-03-31,2011-03-31,1
USGS,390219118515303,110A N14 E28 33BBBD3    WEBER DAM DEEP,GW,39.03869444,-118.865,1,NAD83, 4263., 25,NAVD88,16050303,qw,71846,,0,,wat,NUT,966655,0,2011-03-31,2011-03-31,1
USGS,390219118515303,110A N14 E28 33BBBD3    WEBER DAM DEEP,GW,39.03869444,-118.865,1,NAD83, 4263., 25,NAVD88,16050303,qw,71851,,0,,wat,NUT,197186,0,2011-03-31,2011-03-31,1
USGS,390219118515303,110A N14 E28 33BBBD3    WEBER DAM DEEP,GW,39.03869444,-118.865,1,NAD83, 4263., 25,NAVD88,16050303,qw,71856,,0,,wat,NUT,197194,0,2011-03-31,2011-03-31,1
USGS,390219118515303,110A N14 E28 33BBBD3    WEBER DAM DEEP,GW,39.03869444,-118.865,1,NAD83, 4263., 25,NAVD88,16050303,qw,71870,,0,,wat,INN,227538,0,2011-03-31,2011-03-31,1
USGS,390219118515303,110A N14 E28 33BBBD3    WEBER DAM DEEP,GW,39.03869444,-118.865,1,NAD83, 4263., 25,NAVD88,16050303,qw,71890,,0,,wat,IMM,149633,0,2011-03-31,2011-03-31,1
USGS,390219118515303,110A N14 E28 33BBBD3    WEBER DAM DEEP,GW,39.03869444,-118.865,1,NAD83, 4263., 25,NAVD88,16050303,qw,71999,,0,,wat,INF,0,0,2011-03-31,2011-03-31,1
USGS,390219118515303,110A N14 E28 33BBBD3    WEBER DAM DEEP,GW,39.03869444,-118.865,1,NAD83, 4263., 25,NAVD88,16050303,qw,72004,,0,,wat,INF,0,0,2011-03-31,2011-03-31,1
USGS,390219118515303,110A N14 E28 33BBBD3    WEBER DAM DEEP,GW,39.03869444,-118.865,1,NAD83, 4263., 25,NAVD88,16050303,qw,82082,,0,,wat,ISO,1642107,0,2011-03-31,2011-03-31,1
USGS,390219118515303,110A N14 E28 33BBBD3    WEBER DAM DEEP,GW,39.03869444,-118.865,1,NAD83, 4263., 25,NAVD88,16050303,qw,82085,,0,,wat,ISO,967034,0,2011-03-31,2011-03-31,1
USGS,390219118515303,110A N14 E28 33BBBD3    WEBER DAM DEEP,GW,39.03869444,-118.865,1,NAD83, 4263., 25,NAVD88,16050303,qw,90095,,0,,wat,PHY,1646694,0,2011-03-31,2011-03-31,1
USGS,390225119100801,108  N14 E25 27ACCD1,GW,39.04019565,-119.169876,S,NAD83, 4359, 15,NGVD29,16050303,ad,,,0,,wat,,0,0,2005,2007,3
USGS,390225119100801,108  N14 E25 27ACCD1,GW,39.04019565,-119.169876,S,NAD83, 4359, 15,NGVD29,16050303,gw,62610,,0,,wat,,1642461,0,1960-07-14,2007-02-03,35
USGS,390225119100801,108  N14 E25 27ACCD1,GW,39.04019565,-119.169876,S,NAD83, 4359, 15,NGVD29,16050303,gw,62611,,0,,wat,,1642461,0,1960-07-14,2007-02-03,35
USGS,390225119100801,108  N14 E25 27ACCD1,GW,39.04019565,-119.169876,S,NAD83, 4359, 15,NGVD29,16050303,gw,72019,,0,,wat,,1642008,0,1960-07-14,2007-02-03,35
USGS,390226119091401,108  N14 E25 26CA  1,GW,39.04047358,-119.1548757,M,NAD83, 4350.,1,NGVD29,16050303,gw,62610,,0,,wat,,1642461,0,1966-03-15,1966-03-15,1
USGS,390226119091401,108  N14 E25 26CA  1,GW,39.04047358,-119.1548757,M,NAD83, 4350.,1,NGVD29,16050303,gw,62611,,0,,wat,,1642461,0,1966-03-15,1966-03-15,1
USGS,390226119091401,108  N14 E25 26CA  1,GW,39.04047358,-119.1548757,M,NAD83, 4350.,1,NGVD29,16050303,gw,72019,,0,,wat,,1642008,0,1966-03-15,1966-03-15,1
USGS,390229119053601,108  N14 E26 29DB  1,GW,39.0413075,-119.0943194,M,NAD83, 4344.,1,NGVD29,16050303,gw,62610,,0,,wat,,1642461,0,1966-03-15,1966-03-15,1
USGS,390229119053601,108  N14 E26 29DB  1,GW,39.0413075,-119.0943194,M,NAD83, 4344.,1,NGVD29,16050303,gw,62611,,0,,wat,,1642461,0,1966-03-15,1966-03-15,1
USGS,390229119053601,108  N14 E26 29DB  1,GW,39.0413075,-119.0943194,M,NAD83, 4344.,1,NGVD29,16050303,gw,72019,,0,,wat,,1642008,0,1966-03-15,1966-03-15,1
USGS,390231119024501,108  N14 E26 26CCDD1,GW,39.04186358,-119.0468187,S,NAD83, 4412, 15,NGVD29,16050303,ad,,,0,,wat,,0,0,2005,2007,3
USGS,390231119024501,108  N14 E26 26CCDD1,GW,39.04186358,-119.0468187,S,NAD83, 4412, 15,NGVD29,16050303,gw,62610,,0,,wat,,1642461,0,1964-06-11,2005-03-02,20
USGS,390231119024501,108  N14 E26 26CCDD1,GW,39.04186358,-119.0468187,S,NAD83, 4412, 15,NGVD29,16050303,gw,62611,,0,,wat,,1642461,0,1964-06-11,2005-03-02,20
USGS,390231119024501,108  N14 E26 26CCDD1,GW,39.04186358,-119.0468187,S,NAD83, 4412, 15,NGVD29,16050303,gw,72019,,0,,wat,,1642008,0,1964-06-11,2005-03-02,20
USGS,390237119075701,108  N14 E25 25AC  1,GW,39.05027778,-119.135,S,NAD83, 4340.,  1,NGVD29,16050303,gw,62610,,0,,wat,,1642461,0,1965-10-28,1965-10-28,1
USGS,390237119075701,108  N14 E25 25AC  1,GW,39.05027778,-119.135,S,NAD83, 4340.,  1,NGVD29,16050303,gw,62611,,0,,wat,,1642461,0,1965-10-28,1965-10-28,1
USGS,390237119075701,108  N14 E25 25AC  1,GW,39.05027778,-119.135,S,NAD83, 4340.,  1,NGVD29,16050303,gw,72019,,0,,wat,,1642008,0,1965-10-28,1965-10-28,1
USGS,390239119053701,108  N14 E26 29DCAA1,GW,39.04419444,-119.0935556,1,NAD83, 4350, 15,NGVD29,16050303,gw,62610,,0,,wat,,1642461,0,2004-02-27,2004-02-27,1
USGS,390239119053701,108  N14 E26 29DCAA1,GW,39.04419444,-119.0935556,1,NAD83, 4350, 15,NGVD29,16050303,gw,62611,,0,,wat,,1642461,0,2004-02-27,2004-02-27,1
USGS,390239119053701,108  N14 E26 29DCAA1,GW,39.04419444,-119.0935556,1,NAD83, 4350, 15,NGVD29,16050303,gw,72019,,0,,wat,,1642008,0,2004-02-27,2004-02-27,1
USGS,390241119023901,108  N14 E26 26BD  1,GW,39.04464138,-119.045152,M,NAD83, 4390.,1,NGVD29,16050303,gw,62610,,0,,wat,,1642461,0,1966-03-16,1966-03-16,1
USGS,390241119023901,108  N14 E26 26BD  1,GW,39.04464138,-119.045152,M,NAD83, 4390.,1,NGVD29,16050303,gw,62611,,0,,wat,,1642461,0,1966-03-16,1966-03-16,1
USGS,390241119023901,108  N14 E26 26BD  1,GW,39.04464138,-119.045152,M,NAD83, 4390.,1,NGVD29,16050303,gw,72019,,0,,wat,,1642008,0,1966-03-16,1966-03-16,1
USGS,390245119022601,108  N14 E26 26AC  1,GW,39.0457525,-119.0415409,M,NAD83, 4395.,1,NGVD29,16050303,gw,62610,,0,,wat,,1642461,0,1965-10-28,1965-10-28,1
USGS,390245119022601,108  N14 E26 26AC  1,GW,39.0457525,-119.0415409,M,NAD83, 4395.,1,NGVD29,16050303,gw,62611,,0,,wat,,1642461,0,1965-10-28,1965-10-28,1
USGS,390245119022601,108  N14 E26 26AC  1,GW,39.0457525,-119.0415409,M,NAD83, 4395.,1,NGVD29,16050303,gw,72019,,0,,wat,,1642008,0,1965-10-28,1965-10-28,1
USGS,390251119100101,108  N14 E25 27AB  1,GW,39.0474179,-119.1679316,M,NAD83, 4348.,1,NGVD29,16050303,gw,62610,,0,,wat,,1642461,0,1966-03-15,1966-03-15,1
USGS,390251119100101,108  N14 E25 27AB  1,GW,39.0474179,-119.1679316,M,NAD83, 4348.,1,NGVD29,16050303,gw,62611,,0,,wat,,1642461,0,1966-03-15,1966-03-15,1
USGS,390251119100101,108  N14 E25 27AB  1,GW,39.0474179,-119.1679316,M,NAD83, 4348.,1,NGVD29,16050303,gw,72019,,0,,wat,,1642008,0,1966-03-15,1966-03-15,1
USGS,390253119081601,108  N14 E25 25BDCD1,GW,39.04805556,-119.1378333,1,NAD83, 4351, 25,NGVD29,16050303,ad,,,0,,wat,,0,0,2005,2007,3
USGS,390253119081601,108  N14 E25 25BDCD1,GW,39.04805556,-119.1378333,1,NAD83, 4351, 25,NGVD29,16050303,gw,62610,,0,,wat,,1642461,0,2003-08-02,2014-03-06,15
USGS,390253119081601,108  N14 E25 25BDCD1,GW,39.04805556,-119.1378333,1,NAD83, 4351, 25,NGVD29,16050303,gw,62611,,0,,wat,,1642461,0,2003-08-02,2014-03-06,15
USGS,390253119081601,108  N14 E25 25BDCD1,GW,39.04805556,-119.1378333,1,NAD83, 4351, 25,NGVD29,16050303,gw,72019,,0,,wat,,1642008,0,2003-08-02,2014-03-06,15
USGS,390255119021101,108  N14 E26 26ADCC1,GW,39.04853037,-119.0373742,S,NAD83, 4400., 20,NGVD29,16050303,gw,62610,,0,,wat,,1642461,0,1959-08-10,2001-03-02,19
USGS,390255119021101,108  N14 E26 26ADCC1,GW,39.04853037,-119.0373742,S,NAD83, 4400., 20,NGVD29,16050303,gw,62611,,0,,wat,,1642461,0,1959-08-10,2001-03-02,19
USGS,390255119021101,108  N14 E26 26ADCC1,GW,39.04853037,-119.0373742,S,NAD83, 4400., 20,NGVD29,16050303,gw,72019,,0,,wat,,1642008,0,1959-08-10,2001-03-02,19
USGS,390255119021102,108  N14 E26 26ADCC2,GW,39.04894444,-119.0368056,1,NAD83, 4408, 15,NGVD29,16050303,ad,,,0,,wat,,0,0,2007,2007,1
USGS,390255119021102,108  N14 E26 26ADCC2,GW,39.04894444,-119.0368056,1,NAD83, 4408, 15,NGVD29,16050303,gw,62610,,0,,wat,,1642461,0,2004-11-16,2007-02-13,4
USGS,390255119021102,108  N14 E26 26ADCC2,GW,39.04894444,-119.0368056,1,NAD83, 4408, 15,NGVD29,16050303,gw,62611,,0,,wat,,1642461,0,2004-11-16,2007-02-13,4
USGS,390255119021102,108  N14 E26 26ADCC2,GW,39.04894444,-119.0368056,1,NAD83, 4408, 15,NGVD29,16050303,gw,72019,,0,,wat,,1642008,0,2004-11-16,2007-02-13,4
USGS,390255119071701,108  N14 E26 30BCDD1,GW,39.0485833,-119.1213333,1,NAD83, 4349, 25,NGVD29,16050303,ad,,,0,,wat,,0,0,2005,2007,3
USGS,390255119071701,108  N14 E26 30BCDD1,GW,39.0485833,-119.1213333,1,NAD83, 4349, 25,NGVD29,16050303,gw,62610,,0,,wat,,1642461,0,2004-02-27,2013-02-26,12
USGS,390255119071701,108  N14 E26 30BCDD1,GW,39.0485833,-119.1213333,1,NAD83, 4349, 25,NGVD29,16050303,gw,62611,,0,,wat,,1642461,0,2004-02-27,2013-02-26,12
USGS,390255119071701,108  N14 E26 30BCDD1,GW,39.0485833,-119.1213333,1,NAD83, 4349, 25,NGVD29,16050303,gw,72019,,0,,wat,,1642008,0,2004-02-27,2013-02-26,12
USGS,390303118513401,110A N14 E28 28BDAB1    WEBER,GW,39.05088889,-118.8595,1,NAD83, 4255, 25,NGVD29,16050303,ad,,,0,,wat,,0,0,2005,2013,6
USGS,390303118513401,110A N14 E28 28BDAB1    WEBER,GW,39.05088889,-118.8595,1,NAD83, 4255, 25,NGVD29,16050303,aw,,,0,,wat,,0,0,2004,2021,77
USGS,390303118513401,110A N14 E28 28BDAB1    WEBER,GW,39.05088889,-118.8595,1,NAD83, 4255, 25,NGVD29,16050303,gw,62610,,0,,wat,,1642461,0,2004-11-16,2023-03-17,81
USGS,390303118513401,110A N14 E28 28BDAB1    WEBER,GW,39.05088889,-118.8595,1,NAD83, 4255, 25,NGVD29,16050303,gw,62611,,0,,wat,,1642461,0,2004-11-16,2023-03-17,81
USGS,390303118513401,110A N14 E28 28BDAB1    WEBER,GW,39.05088889,-118.8595,1,NAD83, 4255, 25,NGVD29,16050303,gw,72019,,0,,wat,,1642008,0,2004-11-16,2023-03-17,81
USGS,390303118513401,110A N14 E28 28BDAB1    WEBER,GW,39.05088889,-118.8595,1,NAD83, 4255, 25,NGVD29,16050303,qw,,,0,,wat,ALL,0,0,2011-11-17,2011-11-17,1
USGS,390303118513401,110A N14 E28 28BDAB1    WEBER,GW,39.05088889,-118.8595,1,NAD83, 4255, 25,NGVD29,16050303,qw,00010,,0,,wat,PHY,1645597,0,2011-11-17,2011-11-17,1
USGS,390303118513401,110A N14 E28 28BDAB1    WEBER,GW,39.05088889,-118.8595,1,NAD83, 4255, 25,NGVD29,16050303,qw,00095,,0,,wat,PHY,1646694,0,2011-11-17,2011-11-17,1
USGS,390303118513401,110A N14 E28 28BDAB1    WEBER,GW,39.05088889,-118.8595,1,NAD83, 4255, 25,NGVD29,16050303,qw,50280,,0,,wat,INF,0,0,2011-11-17,2011-11-17,1
USGS,390306119030201,108  N14 E26 26BCB 1,GW,39.05152778,-119.0506944,1,NAD83, 4361, 15,NGVD29,16050303,gw,62610,,0,,wat,,1642461,0,2004-11-15,2004-11-15,1
USGS,390306119030201,108  N14 E26 26BCB 1,GW,39.05152778,-119.0506944,1,NAD83, 4361, 15,NGVD29,16050303,gw,62611,,0,,wat,,1642461,0,2004-11-15,2004-11-15,1
USGS,390306119030201,108  N14 E26 26BCB 1,GW,39.05152778,-119.0506944,1,NAD83, 4361, 15,NGVD29,16050303,gw,72019,,0,,wat,,1642008,0,2004-11-15,2004-11-15,1
USGS,390310119024901,108  N14 E26 23CC  1,GW,39.05269694,-119.04793,M,NAD83, 4342.,1,NGVD29,16050303,gw,62610,,0,,wat,,1642461,0,1966-03-16,1966-03-16,1
USGS,390310119024901,108  N14 E26 23CC  1,GW,39.05269694,-119.04793,M,NAD83, 4342.,1,NGVD29,16050303,gw,62611,,0,,wat,,1642461,0,1966-03-16,1966-03-16,1
USGS,390310119024901,108  N14 E26 23CC  1,GW,39.05269694,-119.04793,M,NAD83, 4342.,1,NGVD29,16050303,gw,72019,,0,,wat,,1642008,0,1966-03-16,1966-03-16,1
USGS,390312119031901,108  N14 E26 22DD  1,GW,39.0532524,-119.0562635,M,NAD83, 4340.,1,NGVD29,16050303,gw,62610,,0,,wat,,1642461,0,1966-03-16,1966-03-16,1
USGS,390312119031901,108  N14 E26 22DD  1,GW,39.0532524,-119.0562635,M,NAD83, 4340.,1,NGVD29,16050303,gw,62611,,0,,wat,,1642461,0,1966-03-16,1966-03-16,1
USGS,390312119031901,108  N14 E26 22DD  1,GW,39.0532524,-119.0562635,M,NAD83, 4340.,1,NGVD29,16050303,gw,72019,,0,,wat,,1642008,0,1966-03-16,1966-03-16,1
USGS,390316119103301,108  N14 E25 22CB  1,GW,39.0543623,-119.1768206,M,NAD83, 4340.,1,NGVD29,16050303,gw,62610,,0,,wat,,1642461,0,1966-03-15,1966-03-15,1
USGS,390316119103301,108  N14 E25 22CB  1,GW,39.0543623,-119.1768206,M,NAD83, 4340.,1,NGVD29,16050303,gw,62611,,0,,wat,,1642461,0,1966-03-15,1966-03-15,1
USGS,390316119103301,108  N14 E25 22CB  1,GW,39.0543623,-119.1768206,M,NAD83, 4340.,1,NGVD29,16050303,gw,72019,,0,,wat,,1642008,0,1966-03-15,1966-03-15,1
USGS,390318119022601,108  N14 E26 26ABBB1,GW,39.05505556,-119.0405,1,NAD83, 4362, 15,NGVD29,16050303,gw,62610,,0,,wat,,1642461,0,2004-11-16,2004-11-16,1
USGS,390318119022601,108  N14 E26 26ABBB1,GW,39.05505556,-119.0405,1,NAD83, 4362, 15,NGVD29,16050303,gw,62611,,0,,wat,,1642461,0,2004-11-16,2004-11-16,1
USGS,390318119022601,108  N14 E26 26ABBB1,GW,39.05505556,-119.0405,1,NAD83, 4362, 15,NGVD29,16050303,gw,72019,,0,,wat,,1642008,0,2004-11-16,2004-11-16,1
USGS,390319119102401,108  N14 E25 27CDDC1,GW,39.05530556,-119.173361,1,NAD83, 4351, 25,NGVD29,16050303,ad,,,0,,wat,,0,0,2005,2007,3
USGS,390319119102401,108  N14 E25 27CDDC1,GW,39.05530556,-119.173361,1,NAD83, 4351, 25,NGVD29,16050303,gw,62610,,0,,wat,,1642461,0,2004-03-02,2014-03-06,13
USGS,390319119102401,108  N14 E25 27CDDC1,GW,39.05530556,-119.173361,1,NAD83, 4351, 25,NGVD29,16050303,gw,62611,,0,,wat,,1642461,0,2004-03-02,2014-03-06,13
USGS,390319119102401,108  N14 E25 27CDDC1,GW,39.05530556,-119.173361,1,NAD83, 4351, 25,NGVD29,16050303,gw,72019,,0,,wat,,1642008,0,2004-03-02,2014-03-06,13
USGS,390320119030801,108  N14 E26 22DA  1,GW,39.05547468,-119.0532079,M,NAD83, 4338.,1,NGVD29,16050303,gw,62610,,0,,wat,,1642461,0,1965-10-28,1965-10-28,1
USGS,390320119030801,108  N14 E26 22DA  1,GW,39.05547468,-119.0532079,M,NAD83, 4338.,1,NGVD29,16050303,gw,62611,,0,,wat,,1642461,0,1965-10-28,1965-10-28,1
USGS,390320119030801,108  N14 E26 22DA  1,GW,39.05547468,-119.0532079,M,NAD83, 4338.,1,NGVD29,16050303,gw,72019,,0,,wat,,1642008,0,1965-10-28,1965-10-28,1
USGS,390320119081001,108  N14 E25 25BAAA1    MVWMA B-01,GW,39.0555833,-119.1359722,1,NAD83, 4344, 25,NGVD29,16050303,ad,,,0,,wat,,0,0,2005,2013,3
USGS,390320119081001,108  N14 E25 25BAAA1    MVWMA B-01,GW,39.0555833,-119.1359722,1,NAD83, 4344, 25,NGVD29,16050303,gw,62610,,0,,wat,,1642461,0,2005-04-07,2014-02-20,31
USGS,390320119081001,108  N14 E25 25BAAA1    MVWMA B-01,GW,39.0555833,-119.1359722,1,NAD83, 4344, 25,NGVD29,16050303,gw,62611,,0,,wat,,1642461,0,2005-04-07,2014-02-20,31
USGS,390320119081001,108  N14 E25 25BAAA1    MVWMA B-01,GW,39.0555833,-119.1359722,1,NAD83, 4344, 25,NGVD29,16050303,gw,72019,,0,,wat,,1642008,0,2005-04-07,2014-02-20,31
USGS,390320119081001,108  N14 E25 25BAAA1    MVWMA B-01,GW,39.0555833,-119.1359722,1,NAD83, 4344, 25,NGVD29,16050303,qw,,,0,,wat,ALL,0,0,2011-11-16,2011-11-16,1
USGS,390320119081001,108  N14 E25 25BAAA1    MVWMA B-01,GW,39.0555833,-119.1359722,1,NAD83, 4344, 25,NGVD29,16050303,qw,00010,,0,,wat,PHY,1645597,0,2011-11-16,2011-11-16,1
USGS,390320119081001,108  N14 E25 25BAAA1    MVWMA B-01,GW,39.0555833,-119.1359722,1,NAD83, 4344, 25,NGVD29,16050303,qw,00095,,0,,wat,PHY,1646694,0,2011-11-16,2011-11-16,1
USGS,390320119081001,108  N14 E25 25BAAA1    MVWMA B-01,GW,39.0555833,-119.1359722,1,NAD83, 4344, 25,NGVD29,16050303,qw,50280,,0,,wat,INF,0,0,2011-11-16,2011-11-16,1
USGS,390331119100101,108  N14 E25 22AC  1,GW,39.0585291,-119.1679317,M,NAD83, 4345.,1,NGVD29,16050303,gw,62610,,0,,wat,,1642461,0,1965-11-01,1965-11-01,1
USGS,390331119100101,108  N14 E25 22AC  1,GW,39.0585291,-119.1679317,M,NAD83, 4345.,1,NGVD29,16050303,gw,62611,,0,,wat,,1642461,0,1965-11-01,1965-11-01,1
USGS,390331119100101,108  N14 E25 22AC  1,GW,39.0585291,-119.1679317,M,NAD83, 4345.,1,NGVD29,16050303,gw,72019,,0,,wat,,1642008,0,1965-11-01,1965-11-01,1
USGS,390333119025501,108  N14 E26 23BC  1,GW,39.05908584,-119.0495968,M,NAD83, 4336.,1,NGVD29,16050303,gw,62610,,0,,wat,,1642461,0,1966-03-30,1966-03-30,1
USGS,390333119025501,108  N14 E26 23BC  1,GW,39.05908584,-119.0495968,M,NAD83, 4336.,1,NGVD29,16050303,gw,62611,,0,,wat,,1642461,0,1966-03-30,1966-03-30,1
USGS,390333119025501,108  N14 E26 23BC  1,GW,39.05908584,-119.0495968,M,NAD83, 4336.,1,NGVD29,16050303,gw,72019,,0,,wat,,1642008,0,1966-03-30,1966-03-30,1
USGS,390335119034001,108  N14 E26 22BD  1,GW,39.06277778,-119.0619444,S,NAD83, 4337., 10,NGVD29,16050303,gw,62610,,0,,wat,,1642461,0,1966-03-30,1966-03-30,1
USGS,390335119034001,108  N14 E26 22BD  1,GW,39.06277778,-119.0619444,S,NAD83, 4337., 10,NGVD29,16050303,gw,62611,,0,,wat,,1642461,0,1966-03-30,1966-03-30,1
USGS,390335119034001,108  N14 E26 22BD  1,GW,39.06277778,-119.0619444,S,NAD83, 4337., 10,NGVD29,16050303,gw,72019,,0,,wat,,1642008,0,1966-03-30,1966-03-30,1
USGS,390336119030201,108  N14 E26 23CBCC1,GW,39.06005556,-119.0505278,1,NAD83, 4340, 25,NGVD29,16050303,ad,,,0,,wat,,0,0,2005,2007,3
USGS,390336119030201,108  N14 E26 23CBCC1,GW,39.06005556,-119.0505278,1,NAD83, 4340, 25,NGVD29,16050303,gw,62610,,0,,wat,,1642461,0,2004-02-27,2014-03-06,14
USGS,390336119030201,108  N14 E26 23CBCC1,GW,39.06005556,-119.0505278,1,NAD83, 4340, 25,NGVD29,16050303,gw,62611,,0,,wat,,1642461,0,2004-02-27,2014-03-06,14
USGS,390336119030201,108  N14 E26 23CBCC1,GW,39.06005556,-119.0505278,1,NAD83, 4340, 25,NGVD29,16050303,gw,72019,,0,,wat,,1642008,0,2004-02-27,2014-03-06,14
USGS,390336119091901,108  N14 E25 23CADB1,GW,39.0601111,-119.1553333,1,NAD83, 4349, 25,NGVD29,16050303,ad,,,0,,wat,,0,0,2005,2007,3
USGS,390336119091901,108  N14 E25 23CADB1,GW,39.0601111,-119.1553333,1,NAD83, 4349, 25,NGVD29,16050303,gw,62610,,0,,wat,,1642461,0,2004-02-27,2014-03-05,13
USGS,390336119091901,108  N14 E25 23CADB1,GW,39.0601111,-119.1553333,1,NAD83, 4349, 25,NGVD29,16050303,gw,62611,,0,,wat,,1642461,0,2004-02-27,2014-03-05,13
USGS,390336119091901,108  N14 E25 23CADB1,GW,39.0601111,-119.1553333,1,NAD83, 4349, 25,NGVD29,16050303,gw,72019,,0,,wat,,1642008,0,2004-02-27,2014-03-05,13
USGS,390341119023701,108  N14 E26 23CACA1,GW,39.0613081,-119.0445968,S,NAD83, 4340., 10,NGVD29,16050303,gw,62610,,0,,wat,,1642461,0,1970-11-22,1984-04-02,3
USGS,390341119023701,108  N14 E26 23CACA1,GW,39.0613081,-119.0445968,S,NAD83, 4340., 10,NGVD29,16050303,gw,62611,,0,,wat,,1642461,0,1970-11-22,1984-04-02,3
USGS,390341119023701,108  N14 E26 23CACA1,GW,39.0613081,-119.0445968,S,NAD83, 4340., 10,NGVD29,16050303,gw,72019,,0,,wat,,1642008,0,1970-11-22,1984-04-02,3
USGS,390343118465001,110A N14 E29 19DCAA1    WELL B LONG VALLEY,GW,39.05841667,-118.7788889,1,NAD83, 4650, 25,NGVD29,16050303,ad,,,0,,wat,,0,0,2005,2007,2
USGS,390343118465001,110A N14 E29 19DCAA1    WELL B LONG VALLEY,GW,39.05841667,-118.7788889,1,NAD83, 4650, 25,NGVD29,16050303,aw,,,0,,wat,,0,0,2004,2021,21
USGS,390343118465001,110A N14 E29 19DCAA1    WELL B LONG VALLEY,GW,39.05841667,-118.7788889,1,NAD83, 4650, 25,NGVD29,16050303,gw,62610,,0,,wat,,1642461,0,2004-11-17,2023-03-08,24
USGS,390343118465001,110A N14 E29 19DCAA1    WELL B LONG VALLEY,GW,39.05841667,-118.7788889,1,NAD83, 4650, 25,NGVD29,16050303,gw,62611,,0,,wat,,1642461,0,2004-11-17,2023-03-08,24
USGS,390343118465001,110A N14 E29 19DCAA1    WELL B LONG VALLEY,GW,39.05841667,-118.7788889,1,NAD83, 4650, 25,NGVD29,16050303,gw,72019,,0,,wat,,1642008,0,2004-11-17,2023-03-08,24
USGS,390343118465001,110A N14 E29 19DCAA1    WELL B LONG VALLEY,GW,39.05841667,-118.7788889,1,NAD83, 4650, 25,NGVD29,16050303,qw,,,0,,wat,ALL,0,0,1978-03-13,1978-03-13,1
USGS,390343118465001,110A N14 E29 19DCAA1    WELL B LONG VALLEY,GW,39.05841667,-118.7788889,1,NAD83, 4650, 25,NGVD29,16050303,qw,00010,,0,,wat,PHY,1645597,0,1978-03-13,1978-03-13,1
USGS,390343118465001,110A N14 E29 19DCAA1    WELL B LONG VALLEY,GW,39.05841667,-118.7788889,1,NAD83, 4650, 25,NGVD29,16050303,qw,00410,,0,,wat,INN,1640192,0,1978-03-13,1978-03-13,1
USGS,390343118465001,110A N14 E29 19DCAA1    WELL B LONG VALLEY,GW,39.05841667,-118.7788889,1,NAD83, 4650, 25,NGVD29,16050303,qw,00440,,0,,wat,INN,4788,0,1978-03-13,1978-03-13,1
USGS,390343118465001,110A N14 E29 19DCAA1    WELL B LONG VALLEY,GW,39.05841667,-118.7788889,1,NAD83, 4650, 25,NGVD29,16050303,qw,00900,,0,,wat,PHY,1640416,0,1978-03-13,1978-03-13,1
USGS,390343118465001,110A N14 E29 19DCAA1    WELL B LONG VALLEY,GW,39.05841667,-118.7788889,1,NAD83, 4650, 25,NGVD29,16050303,qw,00902,,0,,wat,PHY,1640432,0,1978-03-13,1978-03-13,1
USGS,390343118465001,110A N14 E29 19DCAA1    WELL B LONG VALLEY,GW,39.05841667,-118.7788889,1,NAD83, 4650, 25,NGVD29,16050303,qw,00915,,0,,wat,INM,150268,0,1978-03-13,1978-03-13,1
USGS,390343118465001,110A N14 E29 19DCAA1    WELL B LONG VALLEY,GW,39.05841667,-118.7788889,1,NAD83, 4650, 25,NGVD29,16050303,qw,00925,,0,,wat,INM,149617,0,1978-03-13,1978-03-13,1
USGS,390343118465001,110A N14 E29 19DCAA1    WELL B LONG VALLEY,GW,39.05841667,-118.7788889,1,NAD83, 4650, 25,NGVD29,16050303,qw,00930,,0,,wat,INM,149856,0,1978-03-13,1978-03-13,1
USGS,390343118465001,110A N14 E29 19DCAA1    WELL B LONG VALLEY,GW,39.05841667,-118.7788889,1,NAD83, 4650, 25,NGVD29,16050303,qw,00931,,0,,wat,INM,1640523,0,1978-03-13,1978-03-13,1
USGS,390343118465001,110A N14 E29 19DCAA1    WELL B LONG VALLEY,GW,39.05841667,-118.7788889,1,NAD83, 4650, 25,NGVD29,16050303,qw,00932,,0,,wat,INM,1646660,0,1978-03-13,1978-03-13,1
USGS,390343118465001,110A N14 E29 19DCAA1    WELL B LONG VALLEY,GW,39.05841667,-118.7788889,1,NAD83, 4650, 25,NGVD29,16050303,qw,00935,,0,,wat,INM,149740,0,1978-03-13,1978-03-13,1
USGS,390343118465001,110A N14 E29 19DCAA1    WELL B LONG VALLEY,GW,39.05841667,-118.7788889,1,NAD83, 4650, 25,NGVD29,16050303,qw,00940,,0,,wat,INN,205955,0,1978-03-13,1978-03-13,1
USGS,390343118465001,110A N14 E29 19DCAA1    WELL B LONG VALLEY,GW,39.05841667,-118.7788889,1,NAD83, 4650, 25,NGVD29,16050303,qw,00945,,0,,wat,INN,197301,0,1978-03-13,1978-03-13,1
USGS,390343118465001,110A N14 E29 19DCAA1    WELL B LONG VALLEY,GW,39.05841667,-118.7788889,1,NAD83, 4650, 25,NGVD29,16050303,qw,00950,,0,,wat,INN,206706,0,1978-03-13,1978-03-13,1
USGS,390343118465001,110A N14 E29 19DCAA1    WELL B LONG VALLEY,GW,39.05841667,-118.7788889,1,NAD83, 4650, 25,NGVD29,16050303,qw,00955,,0,,wat,INN,151977,0,1978-03-13,1978-03-13,1
USGS,390343118465001,110A N14 E29 19DCAA1    WELL B LONG VALLEY,GW,39.05841667,-118.7788889,1,NAD83, 4650, 25,NGVD29,16050303,qw,01020,,0,,wat,IMN,150011,0,1978-03-13,1978-03-13,1
USGS,390343118465001,110A N14 E29 19DCAA1    WELL B LONG VALLEY,GW,39.05841667,-118.7788889,1,NAD83, 4650, 25,NGVD29,16050303,qw,01046,,0,,wat,IMM,149559,0,1978-03-13,1978-03-13,1
USGS,390343118465001,110A N14 E29 19DCAA1    WELL B LONG VALLEY,GW,39.05841667,-118.7788889,1,NAD83, 4650, 25,NGVD29,16050303,qw,70301,,0,,wat,PHY,1642222,0,1978-03-13,1978-03-13,1
USGS,390343118465001,110A N14 E29 19DCAA1    WELL B LONG VALLEY,GW,39.05841667,-118.7788889,1,NAD83, 4650, 25,NGVD29,16050303,qw,70303,,0,,wat,PHY,1642222,0,1978-03-13,1978-03-13,1
USGS,390350118544401,110A N14 E27 24ACCB1    WEBER SOUTH,GW,39.06388889,-118.912111,1,NAD83, 4340., 25,NGVD29,16050303,ad,,,0,,wat,,0,0,2011,2013,3
USGS,390350118544401,110A N14 E27 24ACCB1    WEBER SOUTH,GW,39.06388889,-118.912111,1,NAD83, 4340., 25,NGVD29,16050303,aw,,,0,,wat,,0,0,2010,2021,23
USGS,390350118544401,110A N14 E27 24ACCB1    WEBER SOUTH,GW,39.06388889,-118.912111,1,NAD83, 4340., 25,NGVD29,16050303,gw,62610,,0,,wat,,1642461,0,2010-06-04,2023-04-18,27
USGS,390350118544401,110A N14 E27 24ACCB1    WEBER SOUTH,GW,39.06388889,-118.912111,1,NAD83, 4340., 25,NGVD29,16050303,gw,62611,,0,,wat,,1642461,0,2010-06-04,2023-04-18,27
USGS,390350118544401,110A N14 E27 24ACCB1    WEBER SOUTH,GW,39.06388889,-118.912111,1,NAD83, 4340., 25,NGVD29,16050303,gw,72019,,0,,wat,,1642008,0,2010-06-04,2023-04-18,27
USGS,390350118544401,110A N14 E27 24ACCB1    WEBER SOUTH,GW,39.06388889,-118.912111,1,NAD83, 4340., 25,NGVD29,16050303,qw,,,0,,wat,ALL,0,0,2011-04-06,2011-04-06,1
USGS,390350118544401,110A N14 E27 24ACCB1    WEBER SOUTH,GW,39.06388889,-118.912111,1,NAD83, 4340., 25,NGVD29,16050303,qw,00003,,0,,wat,INF,0,0,2011-04-06,2011-04-06,1
USGS,390350118544401,110A N14 E27 24ACCB1    WEBER SOUTH,GW,39.06388889,-118.912111,1,NAD83, 4340., 25,NGVD29,16050303,qw,00010,,0,,wat,PHY,1645597,0,2011-04-06,2011-04-06,1
USGS,390350118544401,110A N14 E27 24ACCB1    WEBER SOUTH,GW,39.06388889,-118.912111,1,NAD83, 4340., 25,NGVD29,16050303,qw,00020,,0,,wat,PHY,1645712,0,2011-04-06,2011-04-06,1
USGS,390350118544401,110A N14 E27 24ACCB1    WEBER SOUTH,GW,39.06388889,-118.912111,1,NAD83, 4340., 25,NGVD29,16050303,qw,00025,,0,,wat,PHY,1641265,0,2011-04-06,2011-04-06,1
USGS,390350118544401,110A N14 E27 24ACCB1    WEBER SOUTH,GW,39.06388889,-118.912111,1,NAD83, 4340., 25,NGVD29,16050303,qw,00059,,0,,wat,PHY,1643253,0,2011-04-06,2011-04-06,1
USGS,390350118544401,110A N14 E27 24ACCB1    WEBER SOUTH,GW,39.06388889,-118.912111,1,NAD83, 4340., 25,NGVD29,16050303,qw,00095,,0,,wat,PHY,1646694,0,2011-04-06,2011-04-06,1
USGS,390350118544401,110A N14 E27 24ACCB1    WEBER SOUTH,GW,39.06388889,-118.912111,1,NAD83, 4340., 25,NGVD29,16050303,qw,00191,,0,,wat,INN,1640572,0,2011-04-06,2011-04-06,1
USGS,390350118544401,110A N14 E27 24ACCB1    WEBER SOUTH,GW,39.06388889,-118.912111,1,NAD83, 4340., 25,NGVD29,16050303,qw,00300,,0,,wat,INN,154302,0,2011-04-06,2011-04-06,1
USGS,390350118544401,110A N14 E27 24ACCB1    WEBER SOUTH,GW,39.06388889,-118.912111,1,NAD83, 4340., 25,NGVD29,16050303,qw,00301,,0,,wat,INN,154302,0,2011-04-06,2011-04-06,1
USGS,390350118544401,110A N14 E27 24ACCB1    WEBER SOUTH,GW,39.06388889,-118.912111,1,NAD83, 4340., 25,NGVD29,16050303,qw,00400,,0,,wat,PHY,17028275,0,2011-04-06,2011-04-06,1
USGS,390350118544401,110A N14 E27 24ACCB1    WEBER SOUTH,GW,39.06388889,-118.912111,1,NAD83, 4340., 25,NGVD29,16050303,qw,00403,,0,,wat,PHY,1644335,0,2011-04-06,2011-04-06,1
USGS,390350118544401,110A N14 E27 24ACCB1    WEBER SOUTH,GW,39.06388889,-118.912111,1,NAD83, 4340., 25,NGVD29,16050303,qw,00405,,0,,wat,INN,33548,0,2011-04-06,2011-04-06,1
USGS,390350118544401,110A N14 E27 24ACCB1    WEBER SOUTH,GW,39.06388889,-118.912111,1,NAD83, 4340., 25,NGVD29,16050303,qw,00900,,0,,wat,PHY,1640416,0,2011-04-06,2011-04-06,1
USGS,390350118544401,110A N14 E27 24ACCB1    WEBER SOUTH,GW,39.06388889,-118.912111,1,NAD83, 4340., 25,NGVD29,16050303,qw,00915,,0,,wat,INM,150268,0,2011-04-06,2011-04-06,1
USGS,390350118544401,110A N14 E27 24ACCB1    WEBER SOUTH,GW,39.06388889,-118.912111,1,NAD83, 4340., 25,NGVD29,16050303,qw,00925,,0,,wat,INM,149617,0,2011-04-06,2011-04-06,1
USGS,390350118544401,110A N14 E27 24ACCB1    WEBER SOUTH,GW,39.06388889,-118.912111,1,NAD83, 4340., 25,NGVD29,16050303,qw,00930,,0,,wat,INM,149856,0,2011-04-06,2011-04-06,1
USGS,390350118544401,110A N14 E27 24ACCB1    WEBER SOUTH,GW,39.06388889,-118.912111,1,NAD83, 4340., 25,NGVD29,16050303,qw,00931,,0,,wat,INM,1640523,0,2011-04-06,2011-04-06,1
USGS,390350118544401,110A N14 E27 24ACCB1    WEBER SOUTH,GW,39.06388889,-118.912111,1,NAD83, 4340., 25,NGVD29,16050303,qw,00932,,0,,wat,INM,1646660,0,2011-04-06,2011-04-06,1
USGS,390350118544401,110A N14 E27 24ACCB1    WEBER SOUTH,GW,39.06388889,-118.912111,1,NAD83, 4340., 25,NGVD29,16050303,qw,00935,,0,,wat,INM,149740,0,2011-04-06,2011-04-06,1
USGS,390350118544401,110A N14 E27 24ACCB1    WEBER SOUTH,GW,39.06388889,-118.912111,1,NAD83, 4340., 25,NGVD29,16050303,qw,00940,,0,,wat,INN,205955,0,2011-04-06,2011-04-06,1
USGS,390350118544401,110A N14 E27 24ACCB1    WEBER SOUTH,GW,39.06388889,-118.912111,1,NAD83, 4340., 25,NGVD29,16050303,qw,00945,,0,,wat,INN,197301,0,2011-04-06,2011-04-06,1
USGS,390350118544401,110A N14 E27 24ACCB1    WEBER SOUTH,GW,39.06388889,-118.912111,1,NAD83, 4340., 25,NGVD29,16050303,qw,00950,,0,,wat,INN,206706,0,2011-04-06,2011-04-06,1
USGS,390350118544401,110A N14 E27 24ACCB1    WEBER SOUTH,GW,39.06388889,-118.912111,1,NAD83, 4340., 25,NGVD29,16050303,qw,00955,,0,,wat,INN,151977,0,2011-04-06,2011-04-06,1
USGS,390350118544401,110A N14 E27 24ACCB1    WEBER SOUTH,GW,39.06388889,-118.912111,1,NAD83, 4340., 25,NGVD29,16050303,qw,01046,,0,,wat,IMM,149559,0,2011-04-06,2011-04-06,1
USGS,390350118544401,110A N14 E27 24ACCB1    WEBER SOUTH,GW,39.06388889,-118.912111,1,NAD83, 4340., 25,NGVD29,16050303,qw,01056,,0,,wat,IMM,149625,0,2011-04-06,2011-04-06,1
USGS,390350118544401,110A N14 E27 24ACCB1    WEBER SOUTH,GW,39.06388889,-118.912111,1,NAD83, 4340., 25,NGVD29,16050303,qw,39086,,0,,wat,INN,1640192,0,2011-04-06,2011-04-06,1
USGS,390350118544401,110A N14 E27 24ACCB1    WEBER SOUTH,GW,39.06388889,-118.912111,1,NAD83, 4340., 25,NGVD29,16050303,qw,62452,,0,,wat,IMN,710947,0,2011-04-06,2011-04-06,1
USGS,390350118544401,110A N14 E27 24ACCB1    WEBER SOUTH,GW,39.06388889,-118.912111,1,NAD83, 4340., 25,NGVD29,16050303,qw,62453,,0,,wat,IMN,17151366,0,2011-04-06,2011-04-06,1
USGS,390350118544401,110A N14 E27 24ACCB1    WEBER SOUTH,GW,39.06388889,-118.912111,1,NAD83, 4340., 25,NGVD29,16050303,qw,62454,,0,,wat,OOT,1732853,0,2011-04-06,2011-04-06,1
USGS,390350118544401,110A N14 E27 24ACCB1    WEBER SOUTH,GW,39.06388889,-118.912111,1,NAD83, 4340., 25,NGVD29,16050303,qw,62455,,0,,wat,OPE,5702,0,2011-04-06,2011-04-06,1
USGS,390350118544401,110A N14 E27 24ACCB1    WEBER SOUTH,GW,39.06388889,-118.912111,1,NAD83, 4340., 25,NGVD29,16050303,qw,70300,,0,,wat,PHY,1642222,0,2011-04-06,2011-04-06,1
USGS,390350118544401,110A N14 E27 24ACCB1    WEBER SOUTH,GW,39.06388889,-118.912111,1,NAD83, 4340., 25,NGVD29,16050303,qw,70301,,0,,wat,PHY,1642222,0,2011-04-06,2011-04-06,1
USGS,390350118544401,110A N14 E27 24ACCB1    WEBER SOUTH,GW,39.06388889,-118.912111,1,NAD83, 4340., 25,NGVD29,16050303,qw,70303,,0,,wat,PHY,1642222,0,2011-04-06,2011-04-06,1
USGS,390350118544401,110A N14 E27 24ACCB1    WEBER SOUTH,GW,39.06388889,-118.912111,1,NAD83, 4340., 25,NGVD29,16050303,qw,71870,,0,,wat,INN,227538,0,2011-04-06,2011-04-06,1
USGS,390350118544401,110A N14 E27 24ACCB1    WEBER SOUTH,GW,39.06388889,-118.912111,1,NAD83, 4340., 25,NGVD29,16050303,qw,71999,,0,,wat,INF,0,0,2011-04-06,2011-04-06,1
USGS,390350118544401,110A N14 E27 24ACCB1    WEBER SOUTH,GW,39.06388889,-118.912111,1,NAD83, 4340., 25,NGVD29,16050303,qw,82082,,0,,wat,ISO,1642107,0,2011-04-06,2011-04-06,1
USGS,390350118544401,110A N14 E27 24ACCB1    WEBER SOUTH,GW,39.06388889,-118.912111,1,NAD83, 4340., 25,NGVD29,16050303,qw,82085,,0,,wat,ISO,967034,0,2011-04-06,2011-04-06,1
USGS,390350118544401,110A N14 E27 24ACCB1    WEBER SOUTH,GW,39.06388889,-118.912111,1,NAD83, 4340., 25,NGVD29,16050303,qw,82398,,0,,wat,INF,0,0,2011-04-06,2011-04-06,1
USGS,390350118544401,110A N14 E27 24ACCB1    WEBER SOUTH,GW,39.06388889,-118.912111,1,NAD83, 4340., 25,NGVD29,16050303,qw,90095,,0,,wat,PHY,1646694,0,2011-04-06,2011-04-06,1
USGS,390358118584801,110A N14 E27 17DD  1    USBLM,GW,39.06603086,-118.9809846,M,NAD83, 4505.,1,NGVD29,16050303,gw,62610,,0,,wat,,1642461,0,1965-05-11,1965-05-11,1
USGS,390358118584801,110A N14 E27 17DD  1    USBLM,GW,39.06603086,-118.9809846,M,NAD83, 4505.,1,NGVD29,16050303,gw,62611,,0,,wat,,1642461,0,1965-05-11,1965-05-11,1
USGS,390358118584801,110A N14 E27 17DD  1    USBLM,GW,39.06603086,-118.9809846,M,NAD83, 4505.,1,NGVD29,16050303,gw,72019,,0,,wat,,1642008,0,1965-05-11,1965-05-11,1
USGS,390358119011901,108  N14 E26 13DC  1    USGS,GW,39.06603057,-119.0229299,M,NAD83, 4400.,1,NGVD29,16050303,gw,62610,,0,,wat,,1642461,0,1966-03-16,1966-03-16,1
USGS,390358119011901,108  N14 E26 13DC  1    USGS,GW,39.06603057,-119.0229299,M,NAD83, 4400.,1,NGVD29,16050303,gw,62611,,0,,wat,,1642461,0,1966-03-16,1966-03-16,1
USGS,390358119011901,108  N14 E26 13DC  1    USGS,GW,39.06603057,-119.0229299,M,NAD83, 4400.,1,NGVD29,16050303,gw,72019,,0,,wat,,1642008,0,1966-03-16,1966-03-16,1
USGS,390400119110201,108  N14 E25 16DD  1,GW,39.06658455,-119.1848764,M,NAD83, 4343.,1,NGVD29,16050303,gw,62610,,0,,wat,,1642461,0,1966-03-14,1966-03-14,1
USGS,390400119110201,108  N14 E25 16DD  1,GW,39.06658455,-119.1848764,M,NAD83, 4343.,1,NGVD29,16050303,gw,62611,,0,,wat,,1642461,0,1966-03-14,1966-03-14,1
USGS,390400119110201,108  N14 E25 16DD  1,GW,39.06658455,-119.1848764,M,NAD83, 4343.,1,NGVD29,16050303,gw,72019,,0,,wat,,1642008,0,1966-03-14,1966-03-14,1
USGS,390406119030601,108  N14 E26 22AADA1,GW,39.06830556,-119.05175,1,NAD83, 4337, 25,NGVD29,16050303,ad,,,0,,wat,,0,0,2005,2007,3
USGS,390406119030601,108  N14 E26 22AADA1,GW,39.06830556,-119.05175,1,NAD83, 4337, 25,NGVD29,16050303,gw,62610,,0,,wat,,1642461,0,2004-02-27,2014-03-06,14
USGS,390406119030601,108  N14 E26 22AADA1,GW,39.06830556,-119.05175,1,NAD83, 4337, 25,NGVD29,16050303,gw,62611,,0,,wat,,1642461,0,2004-02-27,2014-03-06,14
USGS,390406119030601,108  N14 E26 22AADA1,GW,39.06830556,-119.05175,1,NAD83, 4337, 25,NGVD29,16050303,gw,72019,,0,,wat,,1642008,0,2004-02-27,2014-03-06,14
USGS,390408119020401,108  N14 E26 14DD  1,GW,39.0688082,-119.0354301,M,NAD83, 4350.,1,NGVD29,16050303,gw,62610,,0,,wat,,1642461,0,1966-03-16,1966-03-16,1
USGS,390408119020401,108  N14 E26 14DD  1,GW,39.0688082,-119.0354301,M,NAD83, 4350.,1,NGVD29,16050303,gw,62611,,0,,wat,,1642461,0,1966-03-16,1966-03-16,1
USGS,390408119020401,108  N14 E26 14DD  1,GW,39.0688082,-119.0354301,M,NAD83, 4350.,1,NGVD29,16050303,gw,72019,,0,,wat,,1642008,0,1966-03-16,1966-03-16,1
USGS,390411119055401,108  N14 E26 20BAAA1    NFG3.070,GW,39.0698333,-119.0982778,1,NAD83, 4340, 15,NGVD29,16050303,gw,62610,,0,,wat,,1642461,0,2004-02-27,2014-03-05,5
USGS,390411119055401,108  N14 E26 20BAAA1    NFG3.070,GW,39.0698333,-119.0982778,1,NAD83, 4340, 15,NGVD29,16050303,gw,62611,,0,,wat,,1642461,0,2004-02-27,2014-03-05,5
USGS,390411119055401,108  N14 E26 20BAAA1    NFG3.070,GW,39.0698333,-119.0982778,1,NAD83, 4340, 15,NGVD29,16050303,gw,72019,,0,,wat,,1642008,0,2004-02-27,2014-03-05,5
USGS,390413119103601,108  N14 E25 15CCDD1,GW,39.07027778,-119.1766389,1,NAD83, 4343, 15,NGVD29,16050303,gw,62610,,0,,wat,,1642461,0,2004-03-02,2004-03-02,1
USGS,390413119103601,108  N14 E25 15CCDD1,GW,39.07027778,-119.1766389,1,NAD83, 4343, 15,NGVD29,16050303,gw,62611,,0,,wat,,1642461,0,2004-03-02,2004-03-02,1
USGS,390413119103601,108  N14 E25 15CCDD1,GW,39.07027778,-119.1766389,1,NAD83, 4343, 15,NGVD29,16050303,gw,72019,,0,,wat,,1642008,0,2004-03-02,2004-03-02,1
USGS,390416119015201,108  N14 E26 13CCCD    YELLOW TWIN,GW,39.07105556,-119.0309722,1,NAD83, 4366,  5,NAVD88,16050303,gw,62610,,0,,wat,,1642461,0,2010-03-01,2014-03-06,6
USGS,390416119015201,108  N14 E26 13CCCD    YELLOW TWIN,GW,39.07105556,-119.0309722,1,NAD83, 4366,  5,NAVD88,16050303,gw,62611,,0,,wat,,1642461,0,2010-03-01,2014-03-06,6
USGS,390416119015201,108  N14 E26 13CCCD    YELLOW TWIN,GW,39.07105556,-119.0309722,1,NAD83, 4366,  5,NAVD88,16050303,gw,72019,,0,,wat,,1642008,0,2010-03-01,2014-03-06,6
USGS,390416119102901,108  N14 E25 15CDCC1,GW,39.0710291,-119.1757097,S,NAD83, 4325., 10,NGVD29,16050303,gw,62610,,0,,wat,,1642461,0,1960-06-16,1998-03-17,20
USGS,390416119102901,108  N14 E25 15CDCC1,GW,39.0710291,-119.1757097,S,NAD83, 4325., 10,NGVD29,16050303,gw,62611,,0,,wat,,1642461,0,1960-06-16,1998-03-17,20
USGS,390416119102901,108  N14 E25 15CDCC1,GW,39.0710291,-119.1757097,S,NAD83, 4325., 10,NGVD29,16050303,gw,72019,,0,,wat,,1642008,0,1960-06-16,1998-03-17,20
USGS,390416119112401,108  N14 E25 16DCCB1    CMPBLL SHALLOW,GW,39.0709722,-119.1900833,1,NAD83, 4336, 25,NGVD29,16050303,ad,,,0,,wat,,0,0,2005,2007,3
USGS,390416119112401,108  N14 E25 16DCCB1    CMPBLL SHALLOW,GW,39.0709722,-119.1900833,1,NAD83, 4336, 25,NGVD29,16050303,gw,62610,,0,,wat,,1642461,0,2002-01-10,2012-02-28,10
USGS,390416119112401,108  N14 E25 16DCCB1    CMPBLL SHALLOW,GW,39.0709722,-119.1900833,1,NAD83, 4336, 25,NGVD29,16050303,gw,62611,,0,,wat,,1642461,0,2002-01-10,2012-02-28,10
USGS,390416119112401,108  N14 E25 16DCCB1    CMPBLL SHALLOW,GW,39.0709722,-119.1900833,1,NAD83, 4336, 25,NGVD29,16050303,gw,72019,,0,,wat,,1642008,0,2002-01-10,2012-02-28,10
USGS,390416119112402,108  N14 E25 16DCCB2    CMPBLL DEEP,GW,39.071,-119.1900833,1,NAD83, 4336, 25,NGVD29,16050303,ad,,,0,,wat,,0,0,2005,2007,3
USGS,390416119112402,108  N14 E25 16DCCB2    CMPBLL DEEP,GW,39.071,-119.1900833,1,NAD83, 4336, 25,NGVD29,16050303,gw,62610,,0,,wat,,1642461,0,2002-01-11,2012-02-27,9
USGS,390416119112402,108  N14 E25 16DCCB2    CMPBLL DEEP,GW,39.071,-119.1900833,1,NAD83, 4336, 25,NGVD29,16050303,gw,62611,,0,,wat,,1642461,0,2002-01-11,2012-02-27,9
USGS,390416119112402,108  N14 E25 16DCCB2    CMPBLL DEEP,GW,39.071,-119.1900833,1,NAD83, 4336, 25,NGVD29,16050303,gw,72019,,0,,wat,,1642008,0,2002-01-11,2012-02-27,9
USGS,390436119030701,108  N14 E26 15ADBB1,GW,39.07658588,-119.0529305,S,NAD83, 4332, 15,NGVD29,16050303,gw,62610,,0,,wat,,1642461,0,1961-04-24,2003-02-27,25
USGS,390436119030701,108  N14 E26 15ADBB1,GW,39.07658588,-119.0529305,S,NAD83, 4332, 15,NGVD29,16050303,gw,62611,,0,,wat,,1642461,0,1961-04-24,2003-02-27,25
USGS,390436119030701,108  N14 E26 15ADBB1,GW,39.07658588,-119.0529305,S,NAD83, 4332, 15,NGVD29,16050303,gw,72019,,0,,wat,,1642008,0,1961-04-24,2003-02-27,25
USGS,390437119065601,108  N14 E26 18BACA1    NVDW,GW,39.0818611,-119.1187222,1,NAD83, 4338, 15,NGVD29,16050303,ad,,,0,,wat,,0,0,2005,2007,3
USGS,390437119065601,108  N14 E26 18BACA1    NVDW,GW,39.0818611,-119.1187222,1,NAD83, 4338, 15,NGVD29,16050303,gw,62610,,0,,wat,,1642461,0,1966-03-15,2006-11-29,7
USGS,390437119065601,108  N14 E26 18BACA1    NVDW,GW,39.0818611,-119.1187222,1,NAD83, 4338, 15,NGVD29,16050303,gw,62611,,0,,wat,,1642461,0,1966-03-15,2006-11-29,7
USGS,390437119065601,108  N14 E26 18BACA1    NVDW,GW,39.0818611,-119.1187222,1,NAD83, 4338, 15,NGVD29,16050303,gw,72019,,0,,wat,,1642008,0,1966-03-15,2006-11-29,7
USGS,390453119025301,108  N14 E26 14BCAB1,GW,39.0813611,-119.0480833,1,NAD83, 4333, 15,NGVD29,16050303,ad,,,0,,wat,,0,0,2005,2007,3
USGS,390453119025301,108  N14 E26 14BCAB1,GW,39.0813611,-119.0480833,1,NAD83, 4333, 15,NGVD29,16050303,gw,62610,,0,,wat,,1642461,0,2004-02-27,2006-11-29,6
USGS,390453119025301,108  N14 E26 14BCAB1,GW,39.0813611,-119.0480833,1,NAD83, 4333, 15,NGVD29,16050303,gw,62611,,0,,wat,,1642461,0,2004-02-27,2006-11-29,6
USGS,390453119025301,108  N14 E26 14BCAB1,GW,39.0813611,-119.0480833,1,NAD83, 4333, 15,NGVD29,16050303,gw,72019,,0,,wat,,1642008,0,2004-02-27,2006-11-29,6
USGS,390453119110201,108  N14 E25 09DD  1,GW,39.08130687,-119.1848765,M,NAD83, 4330.,1,NGVD29,16050303,gw,62610,,0,,wat,,1642461,0,1966-03-28,1966-03-28,1
USGS,390453119110201,108  N14 E25 09DD  1,GW,39.08130687,-119.1848765,M,NAD83, 4330.,1,NGVD29,16050303,gw,62611,,0,,wat,,1642461,0,1966-03-28,1966-03-28,1
USGS,390453119110201,108  N14 E25 09DD  1,GW,39.08130687,-119.1848765,M,NAD83, 4330.,1,NGVD29,16050303,gw,72019,,0,,wat,,1642008,0,1966-03-28,1966-03-28,1
USGS,390500119091901,108  N14 E25 11CA  1,GW,39.0832516,-119.156265,M,NAD83, 4335.,1,NGVD29,16050303,gw,62610,,0,,wat,,1642461,0,1965-10-27,1965-10-27,1
USGS,390500119091901,108  N14 E25 11CA  1,GW,39.0832516,-119.156265,M,NAD83, 4335.,1,NGVD29,16050303,gw,62611,,0,,wat,,1642461,0,1965-10-27,1965-10-27,1
USGS,390500119091901,108  N14 E25 11CA  1,GW,39.0832516,-119.156265,M,NAD83, 4335.,1,NGVD29,16050303,gw,72019,,0,,wat,,1642008,0,1965-10-27,1965-10-27,1
USGS,390506119085501,108  N14 E25 11DB  1,GW,39.0849183,-119.1495984,M,NAD83, 4340.,1,NGVD29,16050303,gw,62610,,0,,wat,,1642461,0,1966-03-14,1966-03-14,1
USGS,390506119085501,108  N14 E25 11DB  1,GW,39.0849183,-119.1495984,M,NAD83, 4340.,1,NGVD29,16050303,gw,62611,,0,,wat,,1642461,0,1966-03-14,1966-03-14,1
USGS,390506119085501,108  N14 E25 11DB  1,GW,39.0849183,-119.1495984,M,NAD83, 4340.,1,NGVD29,16050303,gw,72019,,0,,wat,,1642008,0,1966-03-14,1966-03-14,1
USGS,390509119103401,108  N14 E25 10CCDA1,GW,39.0857514,-119.1770987,S,NAD83, 4333, 15,NGVD29,16050303,ad,,,0,,wat,,0,0,2005,2007,3
USGS,390509119103401,108  N14 E25 10CCDA1,GW,39.0857514,-119.1770987,S,NAD83, 4333, 15,NGVD29,16050303,gw,62610,,0,,wat,,1642461,0,1974-04-10,2007-02-13,26
USGS,390509119103401,108  N14 E25 10CCDA1,GW,39.0857514,-119.1770987,S,NAD83, 4333, 15,NGVD29,16050303,gw,62611,,0,,wat,,1642461,0,1974-04-10,2007-02-13,26
USGS,390509119103401,108  N14 E25 10CCDA1,GW,39.0857514,-119.1770987,S,NAD83, 4333, 15,NGVD29,16050303,gw,72019,,0,,wat,,1642008,0,1974-04-10,2007-02-13,26
USGS,390518118585901,110A N14 E27 08CADA1    USGS,GW,39.08941667,-118.9878222,S,NAD83, 4348,  1,NGVD29,16050303,ad,,,0,,wat,,0,0,2005,2007,2
USGS,390518118585901,110A N14 E27 08CADA1    USGS,GW,39.08941667,-118.9878222,S,NAD83, 4348,  1,NGVD29,16050303,gw,62610,,0,,wat,,1642461,0,1966-03-16,2011-03-11,6
USGS,390518118585901,110A N14 E27 08CADA1    USGS,GW,39.08941667,-118.9878222,S,NAD83, 4348,  1,NGVD29,16050303,gw,62611,,0,,wat,,1642461,0,1966-03-16,2011-03-11,6
USGS,390518118585901,110A N14 E27 08CADA1    USGS,GW,39.08941667,-118.9878222,S,NAD83, 4348,  1,NGVD29,16050303,gw,72019,,0,,wat,,1642008,0,1966-03-16,2011-03-11,6
USGS,390527118581901,110A N14 E27 09BABB1    CAMBELL VALLEY OSS 1,GW,39.09763889,-118.9724167,S,NAD83, 4276,  1,NGVD29,16050303,ad,,,0,,wat,,0,0,2005,2008,4
USGS,390527118581901,110A N14 E27 09BABB1    CAMBELL VALLEY OSS 1,GW,39.09763889,-118.9724167,S,NAD83, 4276,  1,NGVD29,16050303,aw,,,0,,wat,,0,0,1966,2021,76
USGS,390527118581901,110A N14 E27 09BABB1    CAMBELL VALLEY OSS 1,GW,39.09763889,-118.9724167,S,NAD83, 4276,  1,NGVD29,16050303,gw,62610,,0,,wat,,1642461,0,1966-03-16,2023-04-18,80
USGS,390527118581901,110A N14 E27 09BABB1    CAMBELL VALLEY OSS 1,GW,39.09763889,-118.9724167,S,NAD83, 4276,  1,NGVD29,16050303,gw,62611,,0,,wat,,1642461,0,1966-03-16,2023-04-18,80
USGS,390527118581901,110A N14 E27 09BABB1    CAMBELL VALLEY OSS 1,GW,39.09763889,-118.9724167,S,NAD83, 4276,  1,NGVD29,16050303,gw,72019,,0,,wat,,1642008,0,1966-03-16,2023-04-18,80
USGS,390527119091401,108  N14 E25 11BA  1,GW,39.09075165,-119.1548763,M,NAD83, 4327.,1,NGVD29,16050303,gw,62610,,0,,wat,,1642461,0,1966-03-14,1966-03-14,1
USGS,390527119091401,108  N14 E25 11BA  1,GW,39.09075165,-119.1548763,M,NAD83, 4327.,1,NGVD29,16050303,gw,62611,,0,,wat,,1642461,0,1966-03-14,1966-03-14,1
USGS,390527119091401,108  N14 E25 11BA  1,GW,39.09075165,-119.1548763,M,NAD83, 4327.,1,NGVD29,16050303,gw,72019,,0,,wat,,1642008,0,1966-03-14,1966-03-14,1
USGS,390530119094501,108  N14 E25 10ADDD1,GW,39.09177778,-119.162611,1,NAD83, 4333, 25,NGVD29,16050303,ad,,,0,,wat,,0,0,2005,2007,3
USGS,390530119094501,108  N14 E25 10ADDD1,GW,39.09177778,-119.162611,1,NAD83, 4333, 25,NGVD29,16050303,gw,62610,,0,,wat,,1642461,0,2004-03-02,2014-03-06,14
USGS,390530119094501,108  N14 E25 10ADDD1,GW,39.09177778,-119.162611,1,NAD83, 4333, 25,NGVD29,16050303,gw,62611,,0,,wat,,1642461,0,2004-03-02,2014-03-06,14
USGS,390530119094501,108  N14 E25 10ADDD1,GW,39.09177778,-119.162611,1,NAD83, 4333, 25,NGVD29,16050303,gw,72019,,0,,wat,,1642008,0,2004-03-02,2014-03-06,14
USGS,390531119100101,108  N14 E25 10ACDD1,GW,39.09188889,-119.1670556,1,NAD83, 4333, 25,NGVD29,16050303,ad,,,0,,wat,,0,0,2005,2007,3
USGS,390531119100101,108  N14 E25 10ACDD1,GW,39.09188889,-119.1670556,1,NAD83, 4333, 25,NGVD29,16050303,gw,62610,,0,,wat,,1642461,0,2004-03-02,2012-03-16,10
USGS,390531119100101,108  N14 E25 10ACDD1,GW,39.09188889,-119.1670556,1,NAD83, 4333, 25,NGVD29,16050303,gw,62611,,0,,wat,,1642461,0,2004-03-02,2012-03-16,10
USGS,390531119100101,108  N14 E25 10ACDD1,GW,39.09188889,-119.1670556,1,NAD83, 4333, 25,NGVD29,16050303,gw,72019,,0,,wat,,1642008,0,2004-03-02,2012-03-16,10
USGS,390538118534701,110A N14 E28 07BDBD1    WEBER NORTH,GW,39.0938333,-118.8963333,1,NAD83, 4321., 25,NGVD29,16050303,ad,,,0,,wat,,0,0,2011,2013,3
USGS,390538118534701,110A N14 E28 07BDBD1    WEBER NORTH,GW,39.0938333,-118.8963333,1,NAD83, 4321., 25,NGVD29,16050303,aw,,,0,,wat,,0,0,2010,2021,21
USGS,390538118534701,110A N14 E28 07BDBD1    WEBER NORTH,GW,39.0938333,-118.8963333,1,NAD83, 4321., 25,NGVD29,16050303,gw,62610,,0,,wat,,1642461,0,2010-06-25,2022-11-23,24
USGS,390538118534701,110A N14 E28 07BDBD1    WEBER NORTH,GW,39.0938333,-118.8963333,1,NAD83, 4321., 25,NGVD29,16050303,gw,62611,,0,,wat,,1642461,0,2010-06-25,2022-11-23,24
USGS,390538118534701,110A N14 E28 07BDBD1    WEBER NORTH,GW,39.0938333,-118.8963333,1,NAD83, 4321., 25,NGVD29,16050303,gw,72019,,0,,wat,,1642008,0,2010-06-25,2022-11-23,24
USGS,390538118534701,110A N14 E28 07BDBD1    WEBER NORTH,GW,39.0938333,-118.8963333,1,NAD83, 4321., 25,NGVD29,16050303,qw,,,0,,wat,ALL,0,0,2011-04-05,2011-04-05,1
USGS,390538118534701,110A N14 E28 07BDBD1    WEBER NORTH,GW,39.0938333,-118.8963333,1,NAD83, 4321., 25,NGVD29,16050303,qw,00003,,0,,wat,INF,0,0,2011-04-05,2011-04-05,1
USGS,390538118534701,110A N14 E28 07BDBD1    WEBER NORTH,GW,39.0938333,-118.8963333,1,NAD83, 4321., 25,NGVD29,16050303,qw,00010,,0,,wat,PHY,1645597,0,2011-04-05,2011-04-05,1
USGS,390538118534701,110A N14 E28 07BDBD1    WEBER NORTH,GW,39.0938333,-118.8963333,1,NAD83, 4321., 25,NGVD29,16050303,qw,00020,,0,,wat,PHY,1645712,0,2011-04-05,2011-04-05,1
USGS,390538118534701,110A N14 E28 07BDBD1    WEBER NORTH,GW,39.0938333,-118.8963333,1,NAD83, 4321., 25,NGVD29,16050303,qw,00025,,0,,wat,PHY,1641265,0,2011-04-05,2011-04-05,1
USGS,390538118534701,110A N14 E28 07BDBD1    WEBER NORTH,GW,39.0938333,-118.8963333,1,NAD83, 4321., 25,NGVD29,16050303,qw,00059,,0,,wat,PHY,1643253,0,2011-04-05,2011-04-05,1
USGS,390538118534701,110A N14 E28 07BDBD1    WEBER NORTH,GW,39.0938333,-118.8963333,1,NAD83, 4321., 25,NGVD29,16050303,qw,00095,,0,,wat,PHY,1646694,0,2011-04-05,2011-04-05,1
USGS,390538118534701,110A N14 E28 07BDBD1    WEBER NORTH,GW,39.0938333,-118.8963333,1,NAD83, 4321., 25,NGVD29,16050303,qw,00191,,0,,wat,INN,1640572,0,2011-04-05,2011-04-05,1
USGS,390538118534701,110A N14 E28 07BDBD1    WEBER NORTH,GW,39.0938333,-118.8963333,1,NAD83, 4321., 25,NGVD29,16050303,qw,00300,,0,,wat,INN,154302,0,2011-04-05,2011-04-05,1
USGS,390538118534701,110A N14 E28 07BDBD1    WEBER NORTH,GW,39.0938333,-118.8963333,1,NAD83, 4321., 25,NGVD29,16050303,qw,00301,,0,,wat,INN,154302,0,2011-04-05,2011-04-05,1
USGS,390538118534701,110A N14 E28 07BDBD1    WEBER NORTH,GW,39.0938333,-118.8963333,1,NAD83, 4321., 25,NGVD29,16050303,qw,00400,,0,,wat,PHY,17028275,0,2011-04-05,2011-04-05,1
USGS,390538118534701,110A N14 E28 07BDBD1    WEBER NORTH,GW,39.0938333,-118.8963333,1,NAD83, 4321., 25,NGVD29,16050303,qw,00403,,0,,wat,PHY,1644335,0,2011-04-05,2011-04-05,1
USGS,390538118534701,110A N14 E28 07BDBD1    WEBER NORTH,GW,39.0938333,-118.8963333,1,NAD83, 4321., 25,NGVD29,16050303,qw,00405,,0,,wat,INN,33548,0,2011-04-05,2011-04-05,1
USGS,390538118534701,110A N14 E28 07BDBD1    WEBER NORTH,GW,39.0938333,-118.8963333,1,NAD83, 4321., 25,NGVD29,16050303,qw,00452,,0,,wat,INN,119396,0,2011-04-05,2011-04-05,1
USGS,390538118534701,110A N14 E28 07BDBD1    WEBER NORTH,GW,39.0938333,-118.8963333,1,NAD83, 4321., 25,NGVD29,16050303,qw,00453,,0,,wat,INN,4788,0,2011-04-05,2011-04-05,1
USGS,390538118534701,110A N14 E28 07BDBD1    WEBER NORTH,GW,39.0938333,-118.8963333,1,NAD83, 4321., 25,NGVD29,16050303,qw,00900,,0,,wat,PHY,1640416,0,2011-04-05,2011-04-05,1
USGS,390538118534701,110A N14 E28 07BDBD1    WEBER NORTH,GW,39.0938333,-118.8963333,1,NAD83, 4321., 25,NGVD29,16050303,qw,00915,,0,,wat,INM,150268,0,2011-04-05,2011-04-05,1
USGS,390538118534701,110A N14 E28 07BDBD1    WEBER NORTH,GW,39.0938333,-118.8963333,1,NAD83, 4321., 25,NGVD29,16050303,qw,00925,,0,,wat,INM,149617,0,2011-04-05,2011-04-05,1
USGS,390538118534701,110A N14 E28 07BDBD1    WEBER NORTH,GW,39.0938333,-118.8963333,1,NAD83, 4321., 25,NGVD29,16050303,qw,00930,,0,,wat,INM,149856,0,2011-04-05,2011-04-05,1
USGS,390538118534701,110A N14 E28 07BDBD1    WEBER NORTH,GW,39.0938333,-118.8963333,1,NAD83, 4321., 25,NGVD29,16050303,qw,00931,,0,,wat,INM,1640523,0,2011-04-05,2011-04-05,1
USGS,390538118534701,110A N14 E28 07BDBD1    WEBER NORTH,GW,39.0938333,-118.8963333,1,NAD83, 4321., 25,NGVD29,16050303,qw,00932,,0,,wat,INM,1646660,0,2011-04-05,2011-04-05,1
USGS,390538118534701,110A N14 E28 07BDBD1    WEBER NORTH,GW,39.0938333,-118.8963333,1,NAD83, 4321., 25,NGVD29,16050303,qw,00935,,0,,wat,INM,149740,0,2011-04-05,2011-04-05,1
USGS,390538118534701,110A N14 E28 07BDBD1    WEBER NORTH,GW,39.0938333,-118.8963333,1,NAD83, 4321., 25,NGVD29,16050303,qw,00940,,0,,wat,INN,205955,0,2011-04-05,2011-04-05,1
USGS,390538118534701,110A N14 E28 07BDBD1    WEBER NORTH,GW,39.0938333,-118.8963333,1,NAD83, 4321., 25,NGVD29,16050303,qw,00945,,0,,wat,INN,197301,0,2011-04-05,2011-04-05,1
USGS,390538118534701,110A N14 E28 07BDBD1    WEBER NORTH,GW,39.0938333,-118.8963333,1,NAD83, 4321., 25,NGVD29,16050303,qw,00950,,0,,wat,INN,206706,0,2011-04-05,2011-04-05,1
USGS,390538118534701,110A N14 E28 07BDBD1    WEBER NORTH,GW,39.0938333,-118.8963333,1,NAD83, 4321., 25,NGVD29,16050303,qw,00955,,0,,wat,INN,151977,0,2011-04-05,2011-04-05,1
USGS,390538118534701,110A N14 E28 07BDBD1    WEBER NORTH,GW,39.0938333,-118.8963333,1,NAD83, 4321., 25,NGVD29,16050303,qw,01046,,0,,wat,IMM,149559,0,2011-04-05,2011-04-05,1
USGS,390538118534701,110A N14 E28 07BDBD1    WEBER NORTH,GW,39.0938333,-118.8963333,1,NAD83, 4321., 25,NGVD29,16050303,qw,01056,,0,,wat,IMM,149625,0,2011-04-05,2011-04-05,1
USGS,390538118534701,110A N14 E28 07BDBD1    WEBER NORTH,GW,39.0938333,-118.8963333,1,NAD83, 4321., 25,NGVD29,16050303,qw,39086,,0,,wat,INN,1640192,0,2011-04-05,2011-04-05,1
USGS,390538118534701,110A N14 E28 07BDBD1    WEBER NORTH,GW,39.0938333,-118.8963333,1,NAD83, 4321., 25,NGVD29,16050303,qw,62452,,0,,wat,IMN,710947,0,2011-04-05,2011-04-05,1
USGS,390538118534701,110A N14 E28 07BDBD1    WEBER NORTH,GW,39.0938333,-118.8963333,1,NAD83, 4321., 25,NGVD29,16050303,qw,62453,,0,,wat,IMN,17151366,0,2011-04-05,2011-04-05,1
USGS,390538118534701,110A N14 E28 07BDBD1    WEBER NORTH,GW,39.0938333,-118.8963333,1,NAD83, 4321., 25,NGVD29,16050303,qw,62454,,0,,wat,OOT,1732853,0,2011-04-05,2011-04-05,1
USGS,390538118534701,110A N14 E28 07BDBD1    WEBER NORTH,GW,39.0938333,-118.8963333,1,NAD83, 4321., 25,NGVD29,16050303,qw,62455,,0,,wat,OPE,5702,0,2011-04-05,2011-04-05,1
USGS,390538118534701,110A N14 E28 07BDBD1    WEBER NORTH,GW,39.0938333,-118.8963333,1,NAD83, 4321., 25,NGVD29,16050303,qw,70300,,0,,wat,PHY,1642222,0,2011-04-05,2011-04-05,1
USGS,390538118534701,110A N14 E28 07BDBD1    WEBER NORTH,GW,39.0938333,-118.8963333,1,NAD83, 4321., 25,NGVD29,16050303,qw,70301,,0,,wat,PHY,1642222,0,2011-04-05,2011-04-05,1
USGS,390538118534701,110A N14 E28 07BDBD1    WEBER NORTH,GW,39.0938333,-118.8963333,1,NAD83, 4321., 25,NGVD29,16050303,qw,70303,,0,,wat,PHY,1642222,0,2011-04-05,2011-04-05,1
USGS,390538118534701,110A N14 E28 07BDBD1    WEBER NORTH,GW,39.0938333,-118.8963333,1,NAD83, 4321., 25,NGVD29,16050303,qw,71870,,0,,wat,INN,227538,0,2011-04-05,2011-04-05,1
USGS,390538118534701,110A N14 E28 07BDBD1    WEBER NORTH,GW,39.0938333,-118.8963333,1,NAD83, 4321., 25,NGVD29,16050303,qw,71999,,0,,wat,INF,0,0,2011-04-05,2011-04-05,1
USGS,390538118534701,110A N14 E28 07BDBD1    WEBER NORTH,GW,39.0938333,-118.8963333,1,NAD83, 4321., 25,NGVD29,16050303,qw,82082,,0,,wat,ISO,1642107,0,2011-04-05,2011-04-05,1
USGS,390538118534701,110A N14 E28 07BDBD1    WEBER NORTH,GW,39.0938333,-118.8963333,1,NAD83, 4321., 25,NGVD29,16050303,qw,82085,,0,,wat,ISO,967034,0,2011-04-05,2011-04-05,1
USGS,390538118534701,110A N14 E28 07BDBD1    WEBER NORTH,GW,39.0938333,-118.8963333,1,NAD83, 4321., 25,NGVD29,16050303,qw,82398,,0,,wat,INF,0,0,2011-04-05,2011-04-05,1
USGS,390538118534701,110A N14 E28 07BDBD1    WEBER NORTH,GW,39.0938333,-118.8963333,1,NAD83, 4321., 25,NGVD29,16050303,qw,90095,,0,,wat,PHY,1646694,0,2011-04-05,2011-04-05,1
USGS,390538119091301,108  N14 E25 11BDAC1,GW,39.0938072,-119.1545985,S,NAD83, 4330., 20,NGVD29,16050303,gw,62610,,0,,wat,,1642461,0,1965-04-21,1996-03-12,18
USGS,390538119091301,108  N14 E25 11BDAC1,GW,39.0938072,-119.1545985,S,NAD83, 4330., 20,NGVD29,16050303,gw,62611,,0,,wat,,1642461,0,1965-04-21,1996-03-12,18
USGS,390538119091301,108  N14 E25 11BDAC1,GW,39.0938072,-119.1545985,S,NAD83, 4330., 20,NGVD29,16050303,gw,72019,,0,,wat,,1642008,0,1965-04-21,1996-03-12,18
USGS,390541119100701,108  N14 E25 03DC  1,GW,39.0946404,-119.1695987,M,NAD83, 4322.,1,NGVD29,16050303,gw,62610,,0,,wat,,1642461,0,1965-10-26,1965-10-26,1
USGS,390541119100701,108  N14 E25 03DC  1,GW,39.0946404,-119.1695987,M,NAD83, 4322.,1,NGVD29,16050303,gw,62611,,0,,wat,,1642461,0,1965-10-26,1965-10-26,1
USGS,390541119100701,108  N14 E25 03DC  1,GW,39.0946404,-119.1695987,M,NAD83, 4322.,1,NGVD29,16050303,gw,72019,,0,,wat,,1642008,0,1965-10-26,1965-10-26,1
USGS,390545119103901,108  N14 E25 03CC  1,GW,39.09575147,-119.1784877,M,NAD83, 4300.,1,NGVD29,16050303,gw,62610,,0,,wat,,1642461,0,1965-06-09,1965-06-09,1
USGS,390545119103901,108  N14 E25 03CC  1,GW,39.09575147,-119.1784877,M,NAD83, 4300.,1,NGVD29,16050303,gw,62611,,0,,wat,,1642461,0,1965-06-09,1965-06-09,1
USGS,390545119103901,108  N14 E25 03CC  1,GW,39.09575147,-119.1784877,M,NAD83, 4300.,1,NGVD29,16050303,gw,72019,,0,,wat,,1642008,0,1965-06-09,1965-06-09,1
USGS,390545119110201,108  N14 E25 04DD  1,GW,39.0957514,-119.1848767,M,NAD83, 4320.,1,NGVD29,16050303,gw,62610,,0,,wat,,1642461,0,1966-03-14,1966-03-14,1
USGS,390545119110201,108  N14 E25 04DD  1,GW,39.0957514,-119.1848767,M,NAD83, 4320.,1,NGVD29,16050303,gw,62611,,0,,wat,,1642461,0,1966-03-14,1966-03-14,1
USGS,390545119110201,108  N14 E25 04DD  1,GW,39.0957514,-119.1848767,M,NAD83, 4320.,1,NGVD29,16050303,gw,72019,,0,,wat,,1642008,0,1966-03-14,1966-03-14,1
USGS,390558119094701,108  N14 E25 03DDDC1,GW,39.0993627,-119.1640431,S,NAD83, 4323., 10,NGVD29,16050303,gw,62610,,0,,wat,,1642461,0,1968-01-15,2010-11-22,29
USGS,390558119094701,108  N14 E25 03DDDC1,GW,39.0993627,-119.1640431,S,NAD83, 4323., 10,NGVD29,16050303,gw,62611,,0,,wat,,1642461,0,1968-01-15,2010-11-22,29
USGS,390558119094701,108  N14 E25 03DDDC1,GW,39.0993627,-119.1640431,S,NAD83, 4323., 10,NGVD29,16050303,gw,72019,,0,,wat,,1642008,0,1968-01-15,2010-11-22,29
USGS,390558119094702,108  N14 E25 03DDDC2,GW,39.0993627,-119.1640431,S,NAD83, 4326, 15,NGVD29,16050303,ad,,,0,,wat,,0,0,2005,2007,3
USGS,390558119094702,108  N14 E25 03DDDC2,GW,39.0993627,-119.1640431,S,NAD83, 4326, 15,NGVD29,16050303,gw,62610,,0,,wat,,1642461,0,1981-09-17,2007-02-13,13
USGS,390558119094702,108  N14 E25 03DDDC2,GW,39.0993627,-119.1640431,S,NAD83, 4326, 15,NGVD29,16050303,gw,62611,,0,,wat,,1642461,0,1981-09-17,2007-02-13,13
USGS,390558119094702,108  N14 E25 03DDDC2,GW,39.0993627,-119.1640431,S,NAD83, 4326, 15,NGVD29,16050303,gw,72019,,0,,wat,,1642008,0,1981-09-17,2007-02-13,13
USGS,390600119095301,108  N14 E25 03AD  1,GW,39.09991827,-119.1657098,M,NAD83, 4320.,1,NGVD29,16050303,gw,62610,,0,,wat,,1642461,0,1966-03-14,1966-03-14,1
USGS,390600119095301,108  N14 E25 03AD  1,GW,39.09991827,-119.1657098,M,NAD83, 4320.,1,NGVD29,16050303,gw,62611,,0,,wat,,1642461,0,1966-03-14,1966-03-14,1
USGS,390600119095301,108  N14 E25 03AD  1,GW,39.09991827,-119.1657098,M,NAD83, 4320.,1,NGVD29,16050303,gw,72019,,0,,wat,,1642008,0,1966-03-14,1966-03-14,1
USGS,390600119112401,108  N14 E25 04BD  1,GW,39.09991804,-119.1909879,M,NAD83, 4316.,1,NGVD29,16050303,gw,62610,,0,,wat,,1642461,0,1966-03-14,1966-03-14,1
USGS,390600119112401,108  N14 E25 04BD  1,GW,39.09991804,-119.1909879,M,NAD83, 4316.,1,NGVD29,16050303,gw,62611,,0,,wat,,1642461,0,1966-03-14,1966-03-14,1
USGS,390600119112401,108  N14 E25 04BD  1,GW,39.09991804,-119.1909879,M,NAD83, 4316.,1,NGVD29,16050303,gw,72019,,0,,wat,,1642008,0,1966-03-14,1966-03-14,1
USGS,390601119031701,108  N14 E26 03DCDD1,GW,39.10019706,-119.0557087,S,NAD83, 4319,  1,NGVD29,16050303,ad,,,0,,wat,,0,0,2005,2007,3
USGS,390601119031701,108  N14 E26 03DCDD1,GW,39.10019706,-119.0557087,S,NAD83, 4319,  1,NGVD29,16050303,gw,62610,,0,,wat,,1642461,0,1983-01-19,2007-02-14,28
USGS,390601119031701,108  N14 E26 03DCDD1,GW,39.10019706,-119.0557087,S,NAD83, 4319,  1,NGVD29,16050303,gw,62611,,0,,wat,,1642461,0,1983-01-19,2007-02-14,28
USGS,390601119031701,108  N14 E26 03DCDD1,GW,39.10019706,-119.0557087,S,NAD83, 4319,  1,NGVD29,16050303,gw,72019,,0,,wat,,1642008,0,1983-01-19,2007-02-14,28
USGS,390602119090001,108  N14 E25 02AC  1,GW,39.10047397,-119.1509875,M,NAD83, 4320.,  1,NGVD29,16050303,gw,62610,,0,,wat,,1642461,0,1966-03-14,1966-03-14,1
USGS,390602119090001,108  N14 E25 02AC  1,GW,39.10047397,-119.1509875,M,NAD83, 4320.,  1,NGVD29,16050303,gw,62611,,0,,wat,,1642461,0,1966-03-14,1966-03-14,1
USGS,390602119090001,108  N14 E25 02AC  1,GW,39.10047397,-119.1509875,M,NAD83, 4320.,  1,NGVD29,16050303,gw,72019,,0,,wat,,1642008,0,1966-03-14,1966-03-14,1
USGS,390606119032901,108  N14 E26 03DCBC1,GW,39.1092222,-119.0596667,1,NAD83, 4315, 25,NGVD29,16050303,ad,,,0,,wat,,0,0,2005,2008,4
USGS,390606119032901,108  N14 E26 03DCBC1,GW,39.1092222,-119.0596667,1,NAD83, 4315, 25,NGVD29,16050303,gw,62610,,0,,wat,,1642461,0,1959-05-01,2014-02-20,91
USGS,390606119032901,108  N14 E26 03DCBC1,GW,39.1092222,-119.0596667,1,NAD83, 4315, 25,NGVD29,16050303,gw,62611,,0,,wat,,1642461,0,1959-05-01,2014-02-20,91
USGS,390606119032901,108  N14 E26 03DCBC1,GW,39.1092222,-119.0596667,1,NAD83, 4315, 25,NGVD29,16050303,gw,72019,,0,,wat,,1642008,0,1959-05-01,2014-02-20,91
USGS,390608119033201,108  N14 E26 03AC  1,GW,39.10214147,-119.0598754,M,NAD83, 4320.,1,NGVD29,16050303,gw,62610,,0,,wat,,1642461,0,1966-03-16,1966-03-16,1
USGS,390608119033201,108  N14 E26 03AC  1,GW,39.10214147,-119.0598754,M,NAD83, 4320.,1,NGVD29,16050303,gw,62611,,0,,wat,,1642461,0,1966-03-16,1966-03-16,1
USGS,390608119033201,108  N14 E26 03AC  1,GW,39.10214147,-119.0598754,M,NAD83, 4320.,1,NGVD29,16050303,gw,72019,,0,,wat,,1642008,0,1966-03-16,1966-03-16,1
USGS,390609118554401,110A N14 E27 02DBCD3    COW CAMP RB,GW,39.10244444,-118.9289167,1,NAD83, 4218.68,.01,NGVD29,16050303,ad,,,0,,wat,,0,0,2005,2008,4
USGS,390609118554401,110A N14 E27 02DBCD3    COW CAMP RB,GW,39.10244444,-118.9289167,1,NAD83, 4218.68,.01,NGVD29,16050303,gw,62610,,0,,wat,,1642461,0,2005-03-17,2008-08-28,21
USGS,390609118554401,110A N14 E27 02DBCD3    COW CAMP RB,GW,39.10244444,-118.9289167,1,NAD83, 4218.68,.01,NGVD29,16050303,gw,62611,,0,,wat,,1642461,0,2005-03-17,2008-08-28,21
USGS,390609118554401,110A N14 E27 02DBCD3    COW CAMP RB,GW,39.10244444,-118.9289167,1,NAD83, 4218.68,.01,NGVD29,16050303,gw,72019,,0,,wat,,1642008,0,2005-03-17,2008-08-28,21
USGS,390610118554201,110A N14 E27 02DBCD2    COW CAMP LB DS,GW,39.10266667,-118.9284444,1,NAD83, 4220.34, 25,NGVD29,16050303,ad,,,0,,wat,,0,0,2005,2008,4
USGS,390610118554201,110A N14 E27 02DBCD2    COW CAMP LB DS,GW,39.10266667,-118.9284444,1,NAD83, 4220.34, 25,NGVD29,16050303,gw,62610,,0,,wat,,1642461,0,2005-03-15,2014-03-11,36
USGS,390610118554201,110A N14 E27 02DBCD2    COW CAMP LB DS,GW,39.10266667,-118.9284444,1,NAD83, 4220.34, 25,NGVD29,16050303,gw,62611,,0,,wat,,1642461,0,2005-03-15,2014-03-11,36
USGS,390610118554201,110A N14 E27 02DBCD2    COW CAMP LB DS,GW,39.10266667,-118.9284444,1,NAD83, 4220.34, 25,NGVD29,16050303,gw,72019,,0,,wat,,1642008,0,2005-03-15,2014-03-11,36
USGS,390610118554202,110A N14 E27 02DBCD4    COW CAMP RB DS,GW,39.10263889,-118.9284444,1,NAD83, 4226., 20,NGVD29,16050303,gw,62610,,0,,wat,,1642461,0,2010-12-08,2014-03-11,8
USGS,390610118554202,110A N14 E27 02DBCD4    COW CAMP RB DS,GW,39.10263889,-118.9284444,1,NAD83, 4226., 20,NGVD29,16050303,gw,62611,,0,,wat,,1642461,0,2010-12-08,2014-03-11,8
USGS,390610118554202,110A N14 E27 02DBCD4    COW CAMP RB DS,GW,39.10263889,-118.9284444,1,NAD83, 4226., 20,NGVD29,16050303,gw,72019,,0,,wat,,1642008,0,2010-12-08,2014-03-11,8
USGS,390610118554202,110A N14 E27 02DBCD4    COW CAMP RB DS,GW,39.10263889,-118.9284444,1,NAD83, 4226., 20,NGVD29,16050303,qw,,,0,,wat,ALL,0,0,2011-04-11,2011-04-11,1
USGS,390610118554202,110A N14 E27 02DBCD4    COW CAMP RB DS,GW,39.10263889,-118.9284444,1,NAD83, 4226., 20,NGVD29,16050303,qw,00003,,0,,wat,INF,0,0,2011-04-11,2011-04-11,1
USGS,390610118554202,110A N14 E27 02DBCD4    COW CAMP RB DS,GW,39.10263889,-118.9284444,1,NAD83, 4226., 20,NGVD29,16050303,qw,00010,,0,,wat,PHY,1645597,0,2011-04-11,2011-04-11,1
USGS,390610118554202,110A N14 E27 02DBCD4    COW CAMP RB DS,GW,39.10263889,-118.9284444,1,NAD83, 4226., 20,NGVD29,16050303,qw,00020,,0,,wat,PHY,1645712,0,2011-04-11,2011-04-11,1
USGS,390610118554202,110A N14 E27 02DBCD4    COW CAMP RB DS,GW,39.10263889,-118.9284444,1,NAD83, 4226., 20,NGVD29,16050303,qw,00025,,0,,wat,PHY,1641265,0,2011-04-11,2011-04-11,1
USGS,390610118554202,110A N14 E27 02DBCD4    COW CAMP RB DS,GW,39.10263889,-118.9284444,1,NAD83, 4226., 20,NGVD29,16050303,qw,00059,,0,,wat,PHY,1643253,0,2011-04-11,2011-04-11,1
USGS,390610118554202,110A N14 E27 02DBCD4    COW CAMP RB DS,GW,39.10263889,-118.9284444,1,NAD83, 4226., 20,NGVD29,16050303,qw,00095,,0,,wat,PHY,1646694,0,2011-04-11,2011-04-11,1
USGS,390610118554202,110A N14 E27 02DBCD4    COW CAMP RB DS,GW,39.10263889,-118.9284444,1,NAD83, 4226., 20,NGVD29,16050303,qw,00191,,0,,wat,INN,1640572,0,2011-04-11,2011-04-11,1
USGS,390610118554202,110A N14 E27 02DBCD4    COW CAMP RB DS,GW,39.10263889,-118.9284444,1,NAD83, 4226., 20,NGVD29,16050303,qw,00300,,0,,wat,INN,154302,0,2011-04-11,2011-04-11,1
USGS,390610118554202,110A N14 E27 02DBCD4    COW CAMP RB DS,GW,39.10263889,-118.9284444,1,NAD83, 4226., 20,NGVD29,16050303,qw,00301,,0,,wat,INN,154302,0,2011-04-11,2011-04-11,1
USGS,390610118554202,110A N14 E27 02DBCD4    COW CAMP RB DS,GW,39.10263889,-118.9284444,1,NAD83, 4226., 20,NGVD29,16050303,qw,00400,,0,,wat,PHY,17028275,0,2011-04-11,2011-04-11,1
USGS,390610118554202,110A N14 E27 02DBCD4    COW CAMP RB DS,GW,39.10263889,-118.9284444,1,NAD83, 4226., 20,NGVD29,16050303,qw,00403,,0,,wat,PHY,1644335,0,2011-04-11,2011-04-11,1
USGS,390610118554202,110A N14 E27 02DBCD4    COW CAMP RB DS,GW,39.10263889,-118.9284444,1,NAD83, 4226., 20,NGVD29,16050303,qw,00405,,0,,wat,INN,33548,0,2011-04-11,2011-04-11,1
USGS,390610118554202,110A N14 E27 02DBCD4    COW CAMP RB DS,GW,39.10263889,-118.9284444,1,NAD83, 4226., 20,NGVD29,16050303,qw,00900,,0,,wat,PHY,1640416,0,2011-04-11,2011-04-11,1
USGS,390610118554202,110A N14 E27 02DBCD4    COW CAMP RB DS,GW,39.10263889,-118.9284444,1,NAD83, 4226., 20,NGVD29,16050303,qw,00915,,0,,wat,INM,150268,0,2011-04-11,2011-04-11,1
USGS,390610118554202,110A N14 E27 02DBCD4    COW CAMP RB DS,GW,39.10263889,-118.9284444,1,NAD83, 4226., 20,NGVD29,16050303,qw,00925,,0,,wat,INM,149617,0,2011-04-11,2011-04-11,1
USGS,390610118554202,110A N14 E27 02DBCD4    COW CAMP RB DS,GW,39.10263889,-118.9284444,1,NAD83, 4226., 20,NGVD29,16050303,qw,00930,,0,,wat,INM,149856,0,2011-04-11,2011-04-11,1
USGS,390610118554202,110A N14 E27 02DBCD4    COW CAMP RB DS,GW,39.10263889,-118.9284444,1,NAD83, 4226., 20,NGVD29,16050303,qw,00931,,0,,wat,INM,1640523,0,2011-04-11,2011-04-11,1
USGS,390610118554202,110A N14 E27 02DBCD4    COW CAMP RB DS,GW,39.10263889,-118.9284444,1,NAD83, 4226., 20,NGVD29,16050303,qw,00932,,0,,wat,INM,1646660,0,2011-04-11,2011-04-11,1
USGS,390610118554202,110A N14 E27 02DBCD4    COW CAMP RB DS,GW,39.10263889,-118.9284444,1,NAD83, 4226., 20,NGVD29,16050303,qw,00935,,0,,wat,INM,149740,0,2011-04-11,2011-04-11,1
USGS,390610118554202,110A N14 E27 02DBCD4    COW CAMP RB DS,GW,39.10263889,-118.9284444,1,NAD83, 4226., 20,NGVD29,16050303,qw,00940,,0,,wat,INN,205955,0,2011-04-11,2011-04-11,1
USGS,390610118554202,110A N14 E27 02DBCD4    COW CAMP RB DS,GW,39.10263889,-118.9284444,1,NAD83, 4226., 20,NGVD29,16050303,qw,00945,,0,,wat,INN,197301,0,2011-04-11,2011-04-11,1
USGS,390610118554202,110A N14 E27 02DBCD4    COW CAMP RB DS,GW,39.10263889,-118.9284444,1,NAD83, 4226., 20,NGVD29,16050303,qw,00950,,0,,wat,INN,206706,0,2011-04-11,2011-04-11,1
USGS,390610118554202,110A N14 E27 02DBCD4    COW CAMP RB DS,GW,39.10263889,-118.9284444,1,NAD83, 4226., 20,NGVD29,16050303,qw,00955,,0,,wat,INN,151977,0,2011-04-11,2011-04-11,1
USGS,390610118554202,110A N14 E27 02DBCD4    COW CAMP RB DS,GW,39.10263889,-118.9284444,1,NAD83, 4226., 20,NGVD29,16050303,qw,01046,,0,,wat,IMM,149559,0,2011-04-11,2011-04-11,1
USGS,390610118554202,110A N14 E27 02DBCD4    COW CAMP RB DS,GW,39.10263889,-118.9284444,1,NAD83, 4226., 20,NGVD29,16050303,qw,01056,,0,,wat,IMM,149625,0,2011-04-11,2011-04-11,1
USGS,390610118554202,110A N14 E27 02DBCD4    COW CAMP RB DS,GW,39.10263889,-118.9284444,1,NAD83, 4226., 20,NGVD29,16050303,qw,39086,,0,,wat,INN,1640192,0,2011-04-11,2011-04-11,1
USGS,390610118554202,110A N14 E27 02DBCD4    COW CAMP RB DS,GW,39.10263889,-118.9284444,1,NAD83, 4226., 20,NGVD29,16050303,qw,62452,,0,,wat,IMN,710947,0,2011-04-11,2011-04-11,1
USGS,390610118554202,110A N14 E27 02DBCD4    COW CAMP RB DS,GW,39.10263889,-118.9284444,1,NAD83, 4226., 20,NGVD29,16050303,qw,62453,,0,,wat,IMN,17151366,0,2011-04-11,2011-04-11,1
USGS,390610118554202,110A N14 E27 02DBCD4    COW CAMP RB DS,GW,39.10263889,-118.9284444,1,NAD83, 4226., 20,NGVD29,16050303,qw,62454,,0,,wat,OOT,1732853,0,2011-04-11,2011-04-11,1
USGS,390610118554202,110A N14 E27 02DBCD4    COW CAMP RB DS,GW,39.10263889,-118.9284444,1,NAD83, 4226., 20,NGVD29,16050303,qw,62455,,0,,wat,OPE,5702,0,2011-04-11,2011-04-11,1
USGS,390610118554202,110A N14 E27 02DBCD4    COW CAMP RB DS,GW,39.10263889,-118.9284444,1,NAD83, 4226., 20,NGVD29,16050303,qw,70300,,0,,wat,PHY,1642222,0,2011-04-11,2011-04-11,1
USGS,390610118554202,110A N14 E27 02DBCD4    COW CAMP RB DS,GW,39.10263889,-118.9284444,1,NAD83, 4226., 20,NGVD29,16050303,qw,70301,,0,,wat,PHY,1642222,0,2011-04-11,2011-04-11,1
USGS,390610118554202,110A N14 E27 02DBCD4    COW CAMP RB DS,GW,39.10263889,-118.9284444,1,NAD83, 4226., 20,NGVD29,16050303,qw,70303,,0,,wat,PHY,1642222,0,2011-04-11,2011-04-11,1
USGS,390610118554202,110A N14 E27 02DBCD4    COW CAMP RB DS,GW,39.10263889,-118.9284444,1,NAD83, 4226., 20,NGVD29,16050303,qw,71870,,0,,wat,INN,227538,0,2011-04-11,2011-04-11,1
USGS,390610118554202,110A N14 E27 02DBCD4    COW CAMP RB DS,GW,39.10263889,-118.9284444,1,NAD83, 4226., 20,NGVD29,16050303,qw,71999,,0,,wat,INF,0,0,2011-04-11,2011-04-11,1
USGS,390610118554202,110A N14 E27 02DBCD4    COW CAMP RB DS,GW,39.10263889,-118.9284444,1,NAD83, 4226., 20,NGVD29,16050303,qw,82082,,0,,wat,ISO,1642107,0,2011-04-11,2011-04-11,1
USGS,390610118554202,110A N14 E27 02DBCD4    COW CAMP RB DS,GW,39.10263889,-118.9284444,1,NAD83, 4226., 20,NGVD29,16050303,qw,82085,,0,,wat,ISO,967034,0,2011-04-11,2011-04-11,1
USGS,390610118554202,110A N14 E27 02DBCD4    COW CAMP RB DS,GW,39.10263889,-118.9284444,1,NAD83, 4226., 20,NGVD29,16050303,qw,90095,,0,,wat,PHY,1646694,0,2011-04-11,2011-04-11,1
USGS,390610118554301,110A N14 E27 02DBCD1    COW CAMP LB US,GW,39.10269444,-118.9285,1,NAD83, 4220.65, 25,NGVD29,16050303,ad,,,0,,wat,,0,0,2005,2012,5
USGS,390610118554301,110A N14 E27 02DBCD1    COW CAMP LB US,GW,39.10269444,-118.9285,1,NAD83, 4220.65, 25,NGVD29,16050303,gw,62610,,0,,wat,,1642461,0,2005-03-16,2014-03-11,39
USGS,390610118554301,110A N14 E27 02DBCD1    COW CAMP LB US,GW,39.10269444,-118.9285,1,NAD83, 4220.65, 25,NGVD29,16050303,gw,62611,,0,,wat,,1642461,0,2005-03-16,2014-03-11,39
USGS,390610118554301,110A N14 E27 02DBCD1    COW CAMP LB US,GW,39.10269444,-118.9285,1,NAD83, 4220.65, 25,NGVD29,16050303,gw,72019,,0,,wat,,1642008,0,2005-03-16,2014-03-11,39
USGS,390610118554301,110A N14 E27 02DBCD1    COW CAMP LB US,GW,39.10269444,-118.9285,1,NAD83, 4220.65, 25,NGVD29,16050303,qw,,,0,,wat,ALL,0,0,2006-08-01,2011-11-17,2
USGS,390610118554301,110A N14 E27 02DBCD1    COW CAMP LB US,GW,39.10269444,-118.9285,1,NAD83, 4220.65, 25,NGVD29,16050303,qw,00003,,0,,wat,INF,0,0,2006-08-01,2006-08-01,1
USGS,390610118554301,110A N14 E27 02DBCD1    COW CAMP LB US,GW,39.10269444,-118.9285,1,NAD83, 4220.65, 25,NGVD29,16050303,qw,00010,,0,,wat,PHY,1645597,0,2006-08-01,2011-11-17,2
USGS,390610118554301,110A N14 E27 02DBCD1    COW CAMP LB US,GW,39.10269444,-118.9285,1,NAD83, 4220.65, 25,NGVD29,16050303,qw,00020,,0,,wat,PHY,1645712,0,2006-08-01,2006-08-01,1
USGS,390610118554301,110A N14 E27 02DBCD1    COW CAMP LB US,GW,39.10269444,-118.9285,1,NAD83, 4220.65, 25,NGVD29,16050303,qw,00025,,0,,wat,PHY,1641265,0,2006-08-01,2006-08-01,1
USGS,390610118554301,110A N14 E27 02DBCD1    COW CAMP LB US,GW,39.10269444,-118.9285,1,NAD83, 4220.65, 25,NGVD29,16050303,qw,00028,,0,,wat,INF,0,0,2006-08-01,2006-08-01,1
USGS,390610118554301,110A N14 E27 02DBCD1    COW CAMP LB US,GW,39.10269444,-118.9285,1,NAD83, 4220.65, 25,NGVD29,16050303,qw,00095,,0,,wat,PHY,1646694,0,2006-08-01,2011-11-17,2
USGS,390610118554301,110A N14 E27 02DBCD1    COW CAMP LB US,GW,39.10269444,-118.9285,1,NAD83, 4220.65, 25,NGVD29,16050303,qw,00191,,0,,wat,INN,1640572,0,2006-08-01,2006-08-01,1
USGS,390610118554301,110A N14 E27 02DBCD1    COW CAMP LB US,GW,39.10269444,-118.9285,1,NAD83, 4220.65, 25,NGVD29,16050303,qw,00300,,0,,wat,INN,154302,0,2006-08-01,2006-08-01,1
USGS,390610118554301,110A N14 E27 02DBCD1    COW CAMP LB US,GW,39.10269444,-118.9285,1,NAD83, 4220.65, 25,NGVD29,16050303,qw,00301,,0,,wat,INN,154302,0,2006-08-01,2006-08-01,1
USGS,390610118554301,110A N14 E27 02DBCD1    COW CAMP LB US,GW,39.10269444,-118.9285,1,NAD83, 4220.65, 25,NGVD29,16050303,qw,00400,,0,,wat,PHY,17028275,0,2006-08-01,2006-08-01,1
USGS,390610118554301,110A N14 E27 02DBCD1    COW CAMP LB US,GW,39.10269444,-118.9285,1,NAD83, 4220.65, 25,NGVD29,16050303,qw,00403,,0,,wat,PHY,1644335,0,2006-08-01,2006-08-01,1
USGS,390610118554301,110A N14 E27 02DBCD1    COW CAMP LB US,GW,39.10269444,-118.9285,1,NAD83, 4220.65, 25,NGVD29,16050303,qw,00405,,0,,wat,INN,33548,0,2006-08-01,2006-08-01,1
USGS,390610118554301,110A N14 E27 02DBCD1    COW CAMP LB US,GW,39.10269444,-118.9285,1,NAD83, 4220.65, 25,NGVD29,16050303,qw,00900,,0,,wat,PHY,1640416,0,2006-08-01,2006-08-01,1
USGS,390610118554301,110A N14 E27 02DBCD1    COW CAMP LB US,GW,39.10269444,-118.9285,1,NAD83, 4220.65, 25,NGVD29,16050303,qw,00915,,0,,wat,INM,150268,0,2006-08-01,2006-08-01,1
USGS,390610118554301,110A N14 E27 02DBCD1    COW CAMP LB US,GW,39.10269444,-118.9285,1,NAD83, 4220.65, 25,NGVD29,16050303,qw,00925,,0,,wat,INM,149617,0,2006-08-01,2006-08-01,1
USGS,390610118554301,110A N14 E27 02DBCD1    COW CAMP LB US,GW,39.10269444,-118.9285,1,NAD83, 4220.65, 25,NGVD29,16050303,qw,00930,,0,,wat,INM,149856,0,2006-08-01,2006-08-01,1
USGS,390610118554301,110A N14 E27 02DBCD1    COW CAMP LB US,GW,39.10269444,-118.9285,1,NAD83, 4220.65, 25,NGVD29,16050303,qw,00931,,0,,wat,INM,1640523,0,2006-08-01,2006-08-01,1
USGS,390610118554301,110A N14 E27 02DBCD1    COW CAMP LB US,GW,39.10269444,-118.9285,1,NAD83, 4220.65, 25,NGVD29,16050303,qw,00932,,0,,wat,INM,1646660,0,2006-08-01,2006-08-01,1
USGS,390610118554301,110A N14 E27 02DBCD1    COW CAMP LB US,GW,39.10269444,-118.9285,1,NAD83, 4220.65, 25,NGVD29,16050303,qw,00935,,0,,wat,INM,149740,0,2006-08-01,2006-08-01,1
USGS,390610118554301,110A N14 E27 02DBCD1    COW CAMP LB US,GW,39.10269444,-118.9285,1,NAD83, 4220.65, 25,NGVD29,16050303,qw,00940,,0,,wat,INN,205955,0,2006-08-01,2006-08-01,1
USGS,390610118554301,110A N14 E27 02DBCD1    COW CAMP LB US,GW,39.10269444,-118.9285,1,NAD83, 4220.65, 25,NGVD29,16050303,qw,00945,,0,,wat,INN,197301,0,2006-08-01,2006-08-01,1
USGS,390610118554301,110A N14 E27 02DBCD1    COW CAMP LB US,GW,39.10269444,-118.9285,1,NAD83, 4220.65, 25,NGVD29,16050303,qw,00950,,0,,wat,INN,206706,0,2006-08-01,2006-08-01,1
USGS,390610118554301,110A N14 E27 02DBCD1    COW CAMP LB US,GW,39.10269444,-118.9285,1,NAD83, 4220.65, 25,NGVD29,16050303,qw,00955,,0,,wat,INN,151977,0,2006-08-01,2006-08-01,1
USGS,390610118554301,110A N14 E27 02DBCD1    COW CAMP LB US,GW,39.10269444,-118.9285,1,NAD83, 4220.65, 25,NGVD29,16050303,qw,01020,,0,,wat,IMN,150011,0,2006-08-01,2006-08-01,1
USGS,390610118554301,110A N14 E27 02DBCD1    COW CAMP LB US,GW,39.10269444,-118.9285,1,NAD83, 4220.65, 25,NGVD29,16050303,qw,01046,,0,,wat,IMM,149559,0,2006-08-01,2006-08-01,1
USGS,390610118554301,110A N14 E27 02DBCD1    COW CAMP LB US,GW,39.10269444,-118.9285,1,NAD83, 4220.65, 25,NGVD29,16050303,qw,01056,,0,,wat,IMM,149625,0,2006-08-01,2006-08-01,1
USGS,390610118554301,110A N14 E27 02DBCD1    COW CAMP LB US,GW,39.10269444,-118.9285,1,NAD83, 4220.65, 25,NGVD29,16050303,qw,01080,,0,,wat,IMM,149864,0,2006-08-01,2006-08-01,1
USGS,390610118554301,110A N14 E27 02DBCD1    COW CAMP LB US,GW,39.10269444,-118.9285,1,NAD83, 4220.65, 25,NGVD29,16050303,qw,22603,,0,,wat,RAD,150185,0,2006-08-01,2006-08-01,1
USGS,390610118554301,110A N14 E27 02DBCD1    COW CAMP LB US,GW,39.10269444,-118.9285,1,NAD83, 4220.65, 25,NGVD29,16050303,qw,22610,,0,,wat,RAD,192708,0,2006-08-01,2006-08-01,1
USGS,390610118554301,110A N14 E27 02DBCD1    COW CAMP LB US,GW,39.10269444,-118.9285,1,NAD83, 4220.65, 25,NGVD29,16050303,qw,22620,,0,,wat,RAD,198606,0,2006-08-01,2006-08-01,1
USGS,390610118554301,110A N14 E27 02DBCD1    COW CAMP LB US,GW,39.10269444,-118.9285,1,NAD83, 4220.65, 25,NGVD29,16050303,qw,30210,,0,,wat,PHY,1642040,0,2006-08-01,2006-08-01,1
USGS,390610118554301,110A N14 E27 02DBCD1    COW CAMP LB US,GW,39.10269444,-118.9285,1,NAD83, 4220.65, 25,NGVD29,16050303,qw,39086,,0,,wat,INN,1640192,0,2006-08-01,2006-08-01,1
USGS,390610118554301,110A N14 E27 02DBCD1    COW CAMP LB US,GW,39.10269444,-118.9285,1,NAD83, 4220.65, 25,NGVD29,16050303,qw,49932,,0,,wat,ISO,967356,0,2006-08-01,2006-08-01,1
USGS,390610118554301,110A N14 E27 02DBCD1    COW CAMP LB US,GW,39.10269444,-118.9285,1,NAD83, 4220.65, 25,NGVD29,16050303,qw,50280,,0,,wat,INF,0,0,2011-11-17,2011-11-17,1
USGS,390610118554301,110A N14 E27 02DBCD1    COW CAMP LB US,GW,39.10269444,-118.9285,1,NAD83, 4220.65, 25,NGVD29,16050303,qw,62648,,0,,wat,ISO,0,0,2006-08-01,2006-08-01,1
USGS,390610118554301,110A N14 E27 02DBCD1    COW CAMP LB US,GW,39.10269444,-118.9285,1,NAD83, 4220.65, 25,NGVD29,16050303,qw,70300,,0,,wat,PHY,1642222,0,2006-08-01,2006-08-01,1
USGS,390610118554301,110A N14 E27 02DBCD1    COW CAMP LB US,GW,39.10269444,-118.9285,1,NAD83, 4220.65, 25,NGVD29,16050303,qw,70301,,0,,wat,PHY,1642222,0,2006-08-01,2006-08-01,1
USGS,390610118554301,110A N14 E27 02DBCD1    COW CAMP LB US,GW,39.10269444,-118.9285,1,NAD83, 4220.65, 25,NGVD29,16050303,qw,70303,,0,,wat,PHY,1642222,0,2006-08-01,2006-08-01,1
USGS,390610118554301,110A N14 E27 02DBCD1    COW CAMP LB US,GW,39.10269444,-118.9285,1,NAD83, 4220.65, 25,NGVD29,16050303,qw,71870,,0,,wat,INN,227538,0,2006-08-01,2006-08-01,1
USGS,390610118554301,110A N14 E27 02DBCD1    COW CAMP LB US,GW,39.10269444,-118.9285,1,NAD83, 4220.65, 25,NGVD29,16050303,qw,72019,,0,,wat,PHY,1642008,0,2006-08-01,2006-08-01,1
USGS,390610118554301,110A N14 E27 02DBCD1    COW CAMP LB US,GW,39.10269444,-118.9285,1,NAD83, 4220.65, 25,NGVD29,16050303,qw,75978,,0,,wat,ISO,17148297,0,2006-08-01,2006-08-01,1
USGS,390610118554301,110A N14 E27 02DBCD1    COW CAMP LB US,GW,39.10269444,-118.9285,1,NAD83, 4220.65, 25,NGVD29,16050303,qw,76002,,0,,wat,RAD,197491,0,2006-08-01,2006-08-01,1
USGS,390610118554301,110A N14 E27 02DBCD1    COW CAMP LB US,GW,39.10269444,-118.9285,1,NAD83, 4220.65, 25,NGVD29,16050303,qw,82082,,0,,wat,ISO,1642107,0,2006-08-01,2006-08-01,1
USGS,390610118554301,110A N14 E27 02DBCD1    COW CAMP LB US,GW,39.10269444,-118.9285,1,NAD83, 4220.65, 25,NGVD29,16050303,qw,82085,,0,,wat,ISO,967034,0,2006-08-01,2006-08-01,1
USGS,390610118554301,110A N14 E27 02DBCD1    COW CAMP LB US,GW,39.10269444,-118.9285,1,NAD83, 4220.65, 25,NGVD29,16050303,qw,82303,,0,,wat,RAD,197491,0,2006-08-01,2006-08-01,1
USGS,390610118554301,110A N14 E27 02DBCD1    COW CAMP LB US,GW,39.10269444,-118.9285,1,NAD83, 4220.65, 25,NGVD29,16050303,qw,84164,,0,,wat,INF,0,0,2006-08-01,2006-08-01,1
USGS,390610118554301,110A N14 E27 02DBCD1    COW CAMP LB US,GW,39.10269444,-118.9285,1,NAD83, 4220.65, 25,NGVD29,16050303,qw,90095,,0,,wat,PHY,1646694,0,2006-08-01,2006-08-01,1
USGS,390611119110301,108  N14 E25 04DACC1,GW,39.10297367,-119.1851545,S,NAD83, 4321, 15,NGVD29,16050303,ad,,,0,,wat,,0,0,2005,2007,3
USGS,390611119110301,108  N14 E25 04DACC1,GW,39.10297367,-119.1851545,S,NAD83, 4321, 15,NGVD29,16050303,gw,62610,,0,,wat,,1642461,0,1981-03-23,2010-11-22,29
USGS,390611119110301,108  N14 E25 04DACC1,GW,39.10297367,-119.1851545,S,NAD83, 4321, 15,NGVD29,16050303,gw,62611,,0,,wat,,1642461,0,1981-03-23,2010-11-22,29
USGS,390611119110301,108  N14 E25 04DACC1,GW,39.10297367,-119.1851545,S,NAD83, 4321, 15,NGVD29,16050303,gw,72019,,0,,wat,,1642008,0,1981-03-23,2010-11-22,29
USGS,390612119112601,108  N14 E25 04BA  1,GW,39.10325139,-119.1915435,M,NAD83, 4315.,1,NGVD29,16050303,gw,62610,,0,,wat,,1642461,0,1966-03-14,1966-03-14,1
USGS,390612119112601,108  N14 E25 04BA  1,GW,39.10325139,-119.1915435,M,NAD83, 4315.,1,NGVD29,16050303,gw,62611,,0,,wat,,1642461,0,1966-03-14,1966-03-14,1
USGS,390612119112601,108  N14 E25 04BA  1,GW,39.10325139,-119.1915435,M,NAD83, 4315.,1,NGVD29,16050303,gw,72019,,0,,wat,,1642008,0,1966-03-14,1966-03-14,1
USGS,390624119090101,108  N14 E25 02ACDC1    MVWMA B-11,GW,39.10663889,-119.1502778,1,NAD83, 4322, 25,NGVD29,16050303,ad,,,0,,wat,,0,0,2005,2005,1
USGS,390624119090101,108  N14 E25 02ACDC1    MVWMA B-11,GW,39.10663889,-119.1502778,1,NAD83, 4322, 25,NGVD29,16050303,gw,62610,,0,,wat,,1642461,0,1961-03-26,2014-03-06,12
USGS,390624119090101,108  N14 E25 02ACDC1    MVWMA B-11,GW,39.10663889,-119.1502778,1,NAD83, 4322, 25,NGVD29,16050303,gw,62611,,0,,wat,,1642461,0,1961-03-26,2014-03-06,12
USGS,390624119090101,108  N14 E25 02ACDC1    MVWMA B-11,GW,39.10663889,-119.1502778,1,NAD83, 4322, 25,NGVD29,16050303,gw,72019,,0,,wat,,1642008,0,1961-03-26,2014-03-06,12
USGS,390636119032101,108  N14 E26 03ACAA1,GW,39.1101111,-119.05575,1,NAD83, 4320,  1,NGVD29,16050303,gw,62610,,0,,wat,,1642461,0,1964-07-14,2004-11-15,2
USGS,390636119032101,108  N14 E26 03ACAA1,GW,39.1101111,-119.05575,1,NAD83, 4320,  1,NGVD29,16050303,gw,62611,,0,,wat,,1642461,0,1964-07-14,2004-11-15,2
USGS,390636119032101,108  N14 E26 03ACAA1,GW,39.1101111,-119.05575,1,NAD83, 4320,  1,NGVD29,16050303,gw,72019,,0,,wat,,1642008,0,1964-07-14,2004-11-15,2
USGS,390650118584101,110A N15 E27 32DDDD1    WILLOW ET RB,GW,39.1139722,-118.9780833,1,NAD83, 4237.25,.01,NGVD29,16050303,ad,,,0,,wat,,0,0,2005,2008,4
USGS,390650118584101,110A N15 E27 32DDDD1    WILLOW ET RB,GW,39.1139722,-118.9780833,1,NAD83, 4237.25,.01,NGVD29,16050303,gw,62610,,0,,wat,,1642461,0,2005-03-29,2008-08-28,18
USGS,390650118584101,110A N15 E27 32DDDD1    WILLOW ET RB,GW,39.1139722,-118.9780833,1,NAD83, 4237.25,.01,NGVD29,16050303,gw,62611,,0,,wat,,1642461,0,2005-03-29,2008-08-28,18
USGS,390650118584101,110A N15 E27 32DDDD1    WILLOW ET RB,GW,39.1139722,-118.9780833,1,NAD83, 4237.25,.01,NGVD29,16050303,gw,72019,,0,,wat,,1642008,0,2005-03-29,2008-08-28,18
USGS,390653118584001,110A N15 E27 32DDDA1    WILLOW ET LB PLATFORM,GW,39.11466667,-118.9776944,1,NAD83, 4237.06,.01,NGVD29,16050303,ad,,,0,,wat,,0,0,2006,2008,3
USGS,390653118584001,110A N15 E27 32DDDA1    WILLOW ET LB PLATFORM,GW,39.11466667,-118.9776944,1,NAD83, 4237.06,.01,NGVD29,16050303,gw,62610,,0,,wat,,1642461,0,2005-03-24,2008-08-28,29
USGS,390653118584001,110A N15 E27 32DDDA1    WILLOW ET LB PLATFORM,GW,39.11466667,-118.9776944,1,NAD83, 4237.06,.01,NGVD29,16050303,gw,62611,,0,,wat,,1642461,0,2005-03-24,2008-08-28,29
USGS,390653118584001,110A N15 E27 32DDDA1    WILLOW ET LB PLATFORM,GW,39.11466667,-118.9776944,1,NAD83, 4237.06,.01,NGVD29,16050303,gw,72019,,0,,wat,,1642008,0,2005-03-24,2008-08-28,29
USGS,390658118583801,110A N15 E27 33CCBB1    WILLOW ET LB DS,GW,39.11602778,-118.9773333,1,NAD83, 4236.59,.01,NGVD29,16050303,ad,,,0,,wat,,0,0,2005,2008,4
USGS,390658118583801,110A N15 E27 33CCBB1    WILLOW ET LB DS,GW,39.11602778,-118.9773333,1,NAD83, 4236.59,.01,NGVD29,16050303,gw,62610,,0,,wat,,1642461,0,2005-03-30,2011-03-14,30
USGS,390658118583801,110A N15 E27 33CCBB1    WILLOW ET LB DS,GW,39.11602778,-118.9773333,1,NAD83, 4236.59,.01,NGVD29,16050303,gw,62611,,0,,wat,,1642461,0,2005-03-30,2011-03-14,30
USGS,390658118583801,110A N15 E27 33CCBB1    WILLOW ET LB DS,GW,39.11602778,-118.9773333,1,NAD83, 4236.59,.01,NGVD29,16050303,gw,72019,,0,,wat,,1642008,0,2005-03-30,2011-03-14,30
USGS,390658118583801,110A N15 E27 33CCBB1    WILLOW ET LB DS,GW,39.11602778,-118.9773333,1,NAD83, 4236.59,.01,NGVD29,16050303,qw,,,0,,wat,ALL,0,0,2006-08-01,2006-08-01,1
USGS,390658118583801,110A N15 E27 33CCBB1    WILLOW ET LB DS,GW,39.11602778,-118.9773333,1,NAD83, 4236.59,.01,NGVD29,16050303,qw,00003,,0,,wat,INF,0,0,2006-08-01,2006-08-01,1
USGS,390658118583801,110A N15 E27 33CCBB1    WILLOW ET LB DS,GW,39.11602778,-118.9773333,1,NAD83, 4236.59,.01,NGVD29,16050303,qw,00010,,0,,wat,PHY,1645597,0,2006-08-01,2006-08-01,1
USGS,390658118583801,110A N15 E27 33CCBB1    WILLOW ET LB DS,GW,39.11602778,-118.9773333,1,NAD83, 4236.59,.01,NGVD29,16050303,qw,00020,,0,,wat,PHY,1645712,0,2006-08-01,2006-08-01,1
USGS,390658118583801,110A N15 E27 33CCBB1    WILLOW ET LB DS,GW,39.11602778,-118.9773333,1,NAD83, 4236.59,.01,NGVD29,16050303,qw,00028,,0,,wat,INF,0,0,2006-08-01,2006-08-01,1
USGS,390658118583801,110A N15 E27 33CCBB1    WILLOW ET LB DS,GW,39.11602778,-118.9773333,1,NAD83, 4236.59,.01,NGVD29,16050303,qw,00095,,0,,wat,PHY,1646694,0,2006-08-01,2006-08-01,1
USGS,390658118583801,110A N15 E27 33CCBB1    WILLOW ET LB DS,GW,39.11602778,-118.9773333,1,NAD83, 4236.59,.01,NGVD29,16050303,qw,00191,,0,,wat,INN,1640572,0,2006-08-01,2006-08-01,1
USGS,390658118583801,110A N15 E27 33CCBB1    WILLOW ET LB DS,GW,39.11602778,-118.9773333,1,NAD83, 4236.59,.01,NGVD29,16050303,qw,00400,,0,,wat,PHY,17028275,0,2006-08-01,2006-08-01,1
USGS,390658118583801,110A N15 E27 33CCBB1    WILLOW ET LB DS,GW,39.11602778,-118.9773333,1,NAD83, 4236.59,.01,NGVD29,16050303,qw,00403,,0,,wat,PHY,1644335,0,2006-08-01,2006-08-01,1
USGS,390658118583801,110A N15 E27 33CCBB1    WILLOW ET LB DS,GW,39.11602778,-118.9773333,1,NAD83, 4236.59,.01,NGVD29,16050303,qw,00405,,0,,wat,INN,33548,0,2006-08-01,2006-08-01,1
USGS,390658118583801,110A N15 E27 33CCBB1    WILLOW ET LB DS,GW,39.11602778,-118.9773333,1,NAD83, 4236.59,.01,NGVD29,16050303,qw,00900,,0,,wat,PHY,1640416,0,2006-08-01,2006-08-01,1
USGS,390658118583801,110A N15 E27 33CCBB1    WILLOW ET LB DS,GW,39.11602778,-118.9773333,1,NAD83, 4236.59,.01,NGVD29,16050303,qw,00904,,0,,wat,PHY,1640432,0,2006-08-01,2006-08-01,1
USGS,390658118583801,110A N15 E27 33CCBB1    WILLOW ET LB DS,GW,39.11602778,-118.9773333,1,NAD83, 4236.59,.01,NGVD29,16050303,qw,00915,,0,,wat,INM,150268,0,2006-08-01,2006-08-01,1
USGS,390658118583801,110A N15 E27 33CCBB1    WILLOW ET LB DS,GW,39.11602778,-118.9773333,1,NAD83, 4236.59,.01,NGVD29,16050303,qw,00925,,0,,wat,INM,149617,0,2006-08-01,2006-08-01,1
USGS,390658118583801,110A N15 E27 33CCBB1    WILLOW ET LB DS,GW,39.11602778,-118.9773333,1,NAD83, 4236.59,.01,NGVD29,16050303,qw,00930,,0,,wat,INM,149856,0,2006-08-01,2006-08-01,1
USGS,390658118583801,110A N15 E27 33CCBB1    WILLOW ET LB DS,GW,39.11602778,-118.9773333,1,NAD83, 4236.59,.01,NGVD29,16050303,qw,00931,,0,,wat,INM,1640523,0,2006-08-01,2006-08-01,1
USGS,390658118583801,110A N15 E27 33CCBB1    WILLOW ET LB DS,GW,39.11602778,-118.9773333,1,NAD83, 4236.59,.01,NGVD29,16050303,qw,00932,,0,,wat,INM,1646660,0,2006-08-01,2006-08-01,1
USGS,390658118583801,110A N15 E27 33CCBB1    WILLOW ET LB DS,GW,39.11602778,-118.9773333,1,NAD83, 4236.59,.01,NGVD29,16050303,qw,00935,,0,,wat,INM,149740,0,2006-08-01,2006-08-01,1
USGS,390658118583801,110A N15 E27 33CCBB1    WILLOW ET LB DS,GW,39.11602778,-118.9773333,1,NAD83, 4236.59,.01,NGVD29,16050303,qw,00940,,0,,wat,INN,205955,0,2006-08-01,2006-08-01,1
USGS,390658118583801,110A N15 E27 33CCBB1    WILLOW ET LB DS,GW,39.11602778,-118.9773333,1,NAD83, 4236.59,.01,NGVD29,16050303,qw,00945,,0,,wat,INN,197301,0,2006-08-01,2006-08-01,1
USGS,390658118583801,110A N15 E27 33CCBB1    WILLOW ET LB DS,GW,39.11602778,-118.9773333,1,NAD83, 4236.59,.01,NGVD29,16050303,qw,00950,,0,,wat,INN,206706,0,2006-08-01,2006-08-01,1
USGS,390658118583801,110A N15 E27 33CCBB1    WILLOW ET LB DS,GW,39.11602778,-118.9773333,1,NAD83, 4236.59,.01,NGVD29,16050303,qw,00955,,0,,wat,INN,151977,0,2006-08-01,2006-08-01,1
USGS,390658118583801,110A N15 E27 33CCBB1    WILLOW ET LB DS,GW,39.11602778,-118.9773333,1,NAD83, 4236.59,.01,NGVD29,16050303,qw,01020,,0,,wat,IMN,150011,0,2006-08-01,2006-08-01,1
USGS,390658118583801,110A N15 E27 33CCBB1    WILLOW ET LB DS,GW,39.11602778,-118.9773333,1,NAD83, 4236.59,.01,NGVD29,16050303,qw,01046,,0,,wat,IMM,149559,0,2006-08-01,2006-08-01,1
USGS,390658118583801,110A N15 E27 33CCBB1    WILLOW ET LB DS,GW,39.11602778,-118.9773333,1,NAD83, 4236.59,.01,NGVD29,16050303,qw,01056,,0,,wat,IMM,149625,0,2006-08-01,2006-08-01,1
USGS,390658118583801,110A N15 E27 33CCBB1    WILLOW ET LB DS,GW,39.11602778,-118.9773333,1,NAD83, 4236.59,.01,NGVD29,16050303,qw,01080,,0,,wat,IMM,149864,0,2006-08-01,2006-08-01,1
USGS,390658118583801,110A N15 E27 33CCBB1    WILLOW ET LB DS,GW,39.11602778,-118.9773333,1,NAD83, 4236.59,.01,NGVD29,16050303,qw,22603,,0,,wat,RAD,150185,0,2006-08-01,2006-08-01,1
USGS,390658118583801,110A N15 E27 33CCBB1    WILLOW ET LB DS,GW,39.11602778,-118.9773333,1,NAD83, 4236.59,.01,NGVD29,16050303,qw,22610,,0,,wat,RAD,192708,0,2006-08-01,2006-08-01,1
USGS,390658118583801,110A N15 E27 33CCBB1    WILLOW ET LB DS,GW,39.11602778,-118.9773333,1,NAD83, 4236.59,.01,NGVD29,16050303,qw,22620,,0,,wat,RAD,198606,0,2006-08-01,2006-08-01,1
USGS,390658118583801,110A N15 E27 33CCBB1    WILLOW ET LB DS,GW,39.11602778,-118.9773333,1,NAD83, 4236.59,.01,NGVD29,16050303,qw,30210,,0,,wat,PHY,1642040,0,2006-08-01,2006-08-01,1
USGS,390658118583801,110A N15 E27 33CCBB1    WILLOW ET LB DS,GW,39.11602778,-118.9773333,1,NAD83, 4236.59,.01,NGVD29,16050303,qw,39086,,0,,wat,INN,1640192,0,2006-08-01,2006-08-01,1
USGS,390658118583801,110A N15 E27 33CCBB1    WILLOW ET LB DS,GW,39.11602778,-118.9773333,1,NAD83, 4236.59,.01,NGVD29,16050303,qw,49932,,0,,wat,ISO,967356,0,2006-08-01,2006-08-01,1
USGS,390658118583801,110A N15 E27 33CCBB1    WILLOW ET LB DS,GW,39.11602778,-118.9773333,1,NAD83, 4236.59,.01,NGVD29,16050303,qw,62648,,0,,wat,ISO,0,0,2006-08-01,2006-08-01,1
USGS,390658118583801,110A N15 E27 33CCBB1    WILLOW ET LB DS,GW,39.11602778,-118.9773333,1,NAD83, 4236.59,.01,NGVD29,16050303,qw,70300,,0,,wat,PHY,1642222,0,2006-08-01,2006-08-01,1
USGS,390658118583801,110A N15 E27 33CCBB1    WILLOW ET LB DS,GW,39.11602778,-118.9773333,1,NAD83, 4236.59,.01,NGVD29,16050303,qw,70301,,0,,wat,PHY,1642222,0,2006-08-01,2006-08-01,1
USGS,390658118583801,110A N15 E27 33CCBB1    WILLOW ET LB DS,GW,39.11602778,-118.9773333,1,NAD83, 4236.59,.01,NGVD29,16050303,qw,70303,,0,,wat,PHY,1642222,0,2006-08-01,2006-08-01,1
USGS,390658118583801,110A N15 E27 33CCBB1    WILLOW ET LB DS,GW,39.11602778,-118.9773333,1,NAD83, 4236.59,.01,NGVD29,16050303,qw,71870,,0,,wat,INN,227538,0,2006-08-01,2006-08-01,1
USGS,390658118583801,110A N15 E27 33CCBB1    WILLOW ET LB DS,GW,39.11602778,-118.9773333,1,NAD83, 4236.59,.01,NGVD29,16050303,qw,72019,,0,,wat,PHY,1642008,0,2006-08-01,2006-08-01,1
USGS,390658118583801,110A N15 E27 33CCBB1    WILLOW ET LB DS,GW,39.11602778,-118.9773333,1,NAD83, 4236.59,.01,NGVD29,16050303,qw,75978,,0,,wat,ISO,17148297,0,2006-08-01,2006-08-01,1
USGS,390658118583801,110A N15 E27 33CCBB1    WILLOW ET LB DS,GW,39.11602778,-118.9773333,1,NAD83, 4236.59,.01,NGVD29,16050303,qw,76002,,0,,wat,RAD,197491,0,2006-08-01,2006-08-01,1
USGS,390658118583801,110A N15 E27 33CCBB1    WILLOW ET LB DS,GW,39.11602778,-118.9773333,1,NAD83, 4236.59,.01,NGVD29,16050303,qw,82082,,0,,wat,ISO,1642107,0,2006-08-01,2006-08-01,1
USGS,390658118583801,110A N15 E27 33CCBB1    WILLOW ET LB DS,GW,39.11602778,-118.9773333,1,NAD83, 4236.59,.01,NGVD29,16050303,qw,82085,,0,,wat,ISO,967034,0,2006-08-01,2006-08-01,1
USGS,390658118583801,110A N15 E27 33CCBB1    WILLOW ET LB DS,GW,39.11602778,-118.9773333,1,NAD83, 4236.59,.01,NGVD29,16050303,qw,82303,,0,,wat,RAD,197491,0,2006-08-01,2006-08-01,1
USGS,390658118583801,110A N15 E27 33CCBB1    WILLOW ET LB DS,GW,39.11602778,-118.9773333,1,NAD83, 4236.59,.01,NGVD29,16050303,qw,84164,,0,,wat,INF,0,0,2006-08-01,2006-08-01,1
USGS,390658118583801,110A N15 E27 33CCBB1    WILLOW ET LB DS,GW,39.11602778,-118.9773333,1,NAD83, 4236.59,.01,NGVD29,16050303,qw,90095,,0,,wat,PHY,1646694,0,2006-08-01,2006-08-01,1
USGS,390700118584001,110A N15 E27 32DADD1    WILLOW ET LB US,GW,39.11675,-118.9779167,1,NAD83, 4238.67, 25,NGVD29,16050303,ad,,,0,,wat,,0,0,2005,2012,5
USGS,390700118584001,110A N15 E27 32DADD1    WILLOW ET LB US,GW,39.11675,-118.9779167,1,NAD83, 4238.67, 25,NGVD29,16050303,gw,62610,,0,,wat,,1642461,0,2005-03-31,2014-03-11,37
USGS,390700118584001,110A N15 E27 32DADD1    WILLOW ET LB US,GW,39.11675,-118.9779167,1,NAD83, 4238.67, 25,NGVD29,16050303,gw,62611,,0,,wat,,1642461,0,2005-03-31,2014-03-11,37
USGS,390700118584001,110A N15 E27 32DADD1    WILLOW ET LB US,GW,39.11675,-118.9779167,1,NAD83, 4238.67, 25,NGVD29,16050303,gw,72019,,0,,wat,,1642008,0,2005-03-31,2014-03-11,37
USGS,390700118584001,110A N15 E27 32DADD1    WILLOW ET LB US,GW,39.11675,-118.9779167,1,NAD83, 4238.67, 25,NGVD29,16050303,qw,,,0,,wat,ALL,0,0,2011-11-17,2011-11-17,1
USGS,390700118584001,110A N15 E27 32DADD1    WILLOW ET LB US,GW,39.11675,-118.9779167,1,NAD83, 4238.67, 25,NGVD29,16050303,qw,00010,,0,,wat,PHY,1645597,0,2011-11-17,2011-11-17,1
USGS,390700118584001,110A N15 E27 32DADD1    WILLOW ET LB US,GW,39.11675,-118.9779167,1,NAD83, 4238.67, 25,NGVD29,16050303,qw,00095,,0,,wat,PHY,1646694,0,2011-11-17,2011-11-17,1
USGS,390700118584001,110A N15 E27 32DADD1    WILLOW ET LB US,GW,39.11675,-118.9779167,1,NAD83, 4238.67, 25,NGVD29,16050303,qw,50280,,0,,wat,INF,0,0,2011-11-17,2011-11-17,1
USGS,390700118584101,110A N15 E27 32DADD2    WILLOW ET DEEP,GW,39.11677778,-118.978,1,NAD83, 4253., 25,NGVD29,16050303,ad,,,0,,wat,,0,0,2012,2012,1
USGS,390700118584101,110A N15 E27 32DADD2    WILLOW ET DEEP,GW,39.11677778,-118.978,1,NAD83, 4253., 25,NGVD29,16050303,gw,62610,,0,,wat,,1642461,0,2010-08-11,2013-12-03,8
USGS,390700118584101,110A N15 E27 32DADD2    WILLOW ET DEEP,GW,39.11677778,-118.978,1,NAD83, 4253., 25,NGVD29,16050303,gw,62611,,0,,wat,,1642461,0,2010-08-11,2013-12-03,8
USGS,390700118584101,110A N15 E27 32DADD2    WILLOW ET DEEP,GW,39.11677778,-118.978,1,NAD83, 4253., 25,NGVD29,16050303,gw,72019,,0,,wat,,1642008,0,2010-08-11,2013-12-03,8
USGS,390700118584101,110A N15 E27 32DADD2    WILLOW ET DEEP,GW,39.11677778,-118.978,1,NAD83, 4253., 25,NGVD29,16050303,qw,,,0,,wat,ALL,0,0,2011-04-11,2011-11-17,2
USGS,390700118584101,110A N15 E27 32DADD2    WILLOW ET DEEP,GW,39.11677778,-118.978,1,NAD83, 4253., 25,NGVD29,16050303,qw,00003,,0,,wat,INF,0,0,2011-04-11,2011-04-11,1
USGS,390700118584101,110A N15 E27 32DADD2    WILLOW ET DEEP,GW,39.11677778,-118.978,1,NAD83, 4253., 25,NGVD29,16050303,qw,00010,,0,,wat,PHY,1645597,0,2011-04-11,2011-11-17,2
USGS,390700118584101,110A N15 E27 32DADD2    WILLOW ET DEEP,GW,39.11677778,-118.978,1,NAD83, 4253., 25,NGVD29,16050303,qw,00020,,0,,wat,PHY,1645712,0,2011-04-11,2011-04-11,1
USGS,390700118584101,110A N15 E27 32DADD2    WILLOW ET DEEP,GW,39.11677778,-118.978,1,NAD83, 4253., 25,NGVD29,16050303,qw,00025,,0,,wat,PHY,1641265,0,2011-04-11,2011-04-11,1
USGS,390700118584101,110A N15 E27 32DADD2    WILLOW ET DEEP,GW,39.11677778,-118.978,1,NAD83, 4253., 25,NGVD29,16050303,qw,00059,,0,,wat,PHY,1643253,0,2011-04-11,2011-04-11,1
USGS,390700118584101,110A N15 E27 32DADD2    WILLOW ET DEEP,GW,39.11677778,-118.978,1,NAD83, 4253., 25,NGVD29,16050303,qw,00095,,0,,wat,PHY,1646694,0,2011-04-11,2011-11-17,2
USGS,390700118584101,110A N15 E27 32DADD2    WILLOW ET DEEP,GW,39.11677778,-118.978,1,NAD83, 4253., 25,NGVD29,16050303,qw,00191,,0,,wat,INN,1640572,0,2011-04-11,2011-04-11,1
USGS,390700118584101,110A N15 E27 32DADD2    WILLOW ET DEEP,GW,39.11677778,-118.978,1,NAD83, 4253., 25,NGVD29,16050303,qw,00300,,0,,wat,INN,154302,0,2011-04-11,2011-04-11,1
USGS,390700118584101,110A N15 E27 32DADD2    WILLOW ET DEEP,GW,39.11677778,-118.978,1,NAD83, 4253., 25,NGVD29,16050303,qw,00301,,0,,wat,INN,154302,0,2011-04-11,2011-04-11,1
USGS,390700118584101,110A N15 E27 32DADD2    WILLOW ET DEEP,GW,39.11677778,-118.978,1,NAD83, 4253., 25,NGVD29,16050303,qw,00400,,0,,wat,PHY,17028275,0,2011-04-11,2011-04-11,1
USGS,390700118584101,110A N15 E27 32DADD2    WILLOW ET DEEP,GW,39.11677778,-118.978,1,NAD83, 4253., 25,NGVD29,16050303,qw,00403,,0,,wat,PHY,1644335,0,2011-04-11,2011-04-11,1
USGS,390700118584101,110A N15 E27 32DADD2    WILLOW ET DEEP,GW,39.11677778,-118.978,1,NAD83, 4253., 25,NGVD29,16050303,qw,00405,,0,,wat,INN,33548,0,2011-04-11,2011-04-11,1
USGS,390700118584101,110A N15 E27 32DADD2    WILLOW ET DEEP,GW,39.11677778,-118.978,1,NAD83, 4253., 25,NGVD29,16050303,qw,00900,,0,,wat,PHY,1640416,0,2011-04-11,2011-04-11,1
USGS,390700118584101,110A N15 E27 32DADD2    WILLOW ET DEEP,GW,39.11677778,-118.978,1,NAD83, 4253., 25,NGVD29,16050303,qw,00915,,0,,wat,INM,150268,0,2011-04-11,2011-04-11,1
USGS,390700118584101,110A N15 E27 32DADD2    WILLOW ET DEEP,GW,39.11677778,-118.978,1,NAD83, 4253., 25,NGVD29,16050303,qw,00925,,0,,wat,INM,149617,0,2011-04-11,2011-04-11,1
USGS,390700118584101,110A N15 E27 32DADD2    WILLOW ET DEEP,GW,39.11677778,-118.978,1,NAD83, 4253., 25,NGVD29,16050303,qw,00930,,0,,wat,INM,149856,0,2011-04-11,2011-04-11,1
USGS,390700118584101,110A N15 E27 32DADD2    WILLOW ET DEEP,GW,39.11677778,-118.978,1,NAD83, 4253., 25,NGVD29,16050303,qw,00931,,0,,wat,INM,1640523,0,2011-04-11,2011-04-11,1
USGS,390700118584101,110A N15 E27 32DADD2    WILLOW ET DEEP,GW,39.11677778,-118.978,1,NAD83, 4253., 25,NGVD29,16050303,qw,00932,,0,,wat,INM,1646660,0,2011-04-11,2011-04-11,1
USGS,390700118584101,110A N15 E27 32DADD2    WILLOW ET DEEP,GW,39.11677778,-118.978,1,NAD83, 4253., 25,NGVD29,16050303,qw,00935,,0,,wat,INM,149740,0,2011-04-11,2011-04-11,1
USGS,390700118584101,110A N15 E27 32DADD2    WILLOW ET DEEP,GW,39.11677778,-118.978,1,NAD83, 4253., 25,NGVD29,16050303,qw,00940,,0,,wat,INN,205955,0,2011-04-11,2011-04-11,1
USGS,390700118584101,110A N15 E27 32DADD2    WILLOW ET DEEP,GW,39.11677778,-118.978,1,NAD83, 4253., 25,NGVD29,16050303,qw,00945,,0,,wat,INN,197301,0,2011-04-11,2011-04-11,1
USGS,390700118584101,110A N15 E27 32DADD2    WILLOW ET DEEP,GW,39.11677778,-118.978,1,NAD83, 4253., 25,NGVD29,16050303,qw,00950,,0,,wat,INN,206706,0,2011-04-11,2011-04-11,1
USGS,390700118584101,110A N15 E27 32DADD2    WILLOW ET DEEP,GW,39.11677778,-118.978,1,NAD83, 4253., 25,NGVD29,16050303,qw,00955,,0,,wat,INN,151977,0,2011-04-11,2011-04-11,1
USGS,390700118584101,110A N15 E27 32DADD2    WILLOW ET DEEP,GW,39.11677778,-118.978,1,NAD83, 4253., 25,NGVD29,16050303,qw,01046,,0,,wat,IMM,149559,0,2011-04-11,2011-04-11,1
USGS,390700118584101,110A N15 E27 32DADD2    WILLOW ET DEEP,GW,39.11677778,-118.978,1,NAD83, 4253., 25,NGVD29,16050303,qw,01056,,0,,wat,IMM,149625,0,2011-04-11,2011-04-11,1
USGS,390700118584101,110A N15 E27 32DADD2    WILLOW ET DEEP,GW,39.11677778,-118.978,1,NAD83, 4253., 25,NGVD29,16050303,qw,39086,,0,,wat,INN,1640192,0,2011-04-11,2011-04-11,1
USGS,390700118584101,110A N15 E27 32DADD2    WILLOW ET DEEP,GW,39.11677778,-118.978,1,NAD83, 4253., 25,NGVD29,16050303,qw,50280,,0,,wat,INF,0,0,2011-11-17,2011-11-17,1
USGS,390700118584101,110A N15 E27 32DADD2    WILLOW ET DEEP,GW,39.11677778,-118.978,1,NAD83, 4253., 25,NGVD29,16050303,qw,62452,,0,,wat,IMN,710947,0,2011-04-11,2011-04-11,1
USGS,390700118584101,110A N15 E27 32DADD2    WILLOW ET DEEP,GW,39.11677778,-118.978,1,NAD83, 4253., 25,NGVD29,16050303,qw,62453,,0,,wat,IMN,17151366,0,2011-04-11,2011-04-11,1
USGS,390700118584101,110A N15 E27 32DADD2    WILLOW ET DEEP,GW,39.11677778,-118.978,1,NAD83, 4253., 25,NGVD29,16050303,qw,62454,,0,,wat,OOT,1732853,0,2011-04-11,2011-04-11,1
USGS,390700118584101,110A N15 E27 32DADD2    WILLOW ET DEEP,GW,39.11677778,-118.978,1,NAD83, 4253., 25,NGVD29,16050303,qw,62455,,0,,wat,OPE,5702,0,2011-04-11,2011-04-11,1
USGS,390700118584101,110A N15 E27 32DADD2    WILLOW ET DEEP,GW,39.11677778,-118.978,1,NAD83, 4253., 25,NGVD29,16050303,qw,70300,,0,,wat,PHY,1642222,0,2011-04-11,2011-04-11,1
USGS,390700118584101,110A N15 E27 32DADD2    WILLOW ET DEEP,GW,39.11677778,-118.978,1,NAD83, 4253., 25,NGVD29,16050303,qw,70301,,0,,wat,PHY,1642222,0,2011-04-11,2011-04-11,1
USGS,390700118584101,110A N15 E27 32DADD2    WILLOW ET DEEP,GW,39.11677778,-118.978,1,NAD83, 4253., 25,NGVD29,16050303,qw,70303,,0,,wat,PHY,1642222,0,2011-04-11,2011-04-11,1
USGS,390700118584101,110A N15 E27 32DADD2    WILLOW ET DEEP,GW,39.11677778,-118.978,1,NAD83, 4253., 25,NGVD29,16050303,qw,71870,,0,,wat,INN,227538,0,2011-04-11,2011-04-11,1
USGS,390700118584101,110A N15 E27 32DADD2    WILLOW ET DEEP,GW,39.11677778,-118.978,1,NAD83, 4253., 25,NGVD29,16050303,qw,71999,,0,,wat,INF,0,0,2011-04-11,2011-04-11,1
USGS,390700118584101,110A N15 E27 32DADD2    WILLOW ET DEEP,GW,39.11677778,-118.978,1,NAD83, 4253., 25,NGVD29,16050303,qw,82082,,0,,wat,ISO,1642107,0,2011-04-11,2011-04-11,1
USGS,390700118584101,110A N15 E27 32DADD2    WILLOW ET DEEP,GW,39.11677778,-118.978,1,NAD83, 4253., 25,NGVD29,16050303,qw,82085,,0,,wat,ISO,967034,0,2011-04-11,2011-04-11,1
USGS,390700118584101,110A N15 E27 32DADD2    WILLOW ET DEEP,GW,39.11677778,-118.978,1,NAD83, 4253., 25,NGVD29,16050303,qw,90095,,0,,wat,PHY,1646694,0,2011-04-11,2011-04-11,1
USGS,390702119023101,110A N15 E26 35BC  1    USGS,GW,39.11714168,-119.042931,M,NAD83, 4315.,1,NGVD29,16050303,gw,62610,,0,,wat,,1642461,0,1966-03-16,1966-03-16,1
USGS,390702119023101,110A N15 E26 35BC  1    USGS,GW,39.11714168,-119.042931,M,NAD83, 4315.,1,NGVD29,16050303,gw,62611,,0,,wat,,1642461,0,1966-03-16,1966-03-16,1
USGS,390702119023101,110A N15 E26 35BC  1    USGS,GW,39.11714168,-119.042931,M,NAD83, 4315.,1,NGVD29,16050303,gw,72019,,0,,wat,,1642008,0,1966-03-16,1966-03-16,1
USGS,390710119085501,108  N15 E25 35AA  1,GW,39.11936298,-119.1495988,M,NAD83, 4307.,1,NGVD29,16050303,gw,62610,,0,,wat,,1642461,0,1966-03-14,1966-03-14,1
USGS,390710119085501,108  N15 E25 35AA  1,GW,39.11936298,-119.1495988,M,NAD83, 4307.,1,NGVD29,16050303,gw,62611,,0,,wat,,1642461,0,1966-03-14,1966-03-14,1
USGS,390710119085501,108  N15 E25 35AA  1,GW,39.11936298,-119.1495988,M,NAD83, 4307.,1,NGVD29,16050303,gw,72019,,0,,wat,,1642008,0,1966-03-14,1966-03-14,1
USGS,390712119070101,108  N15 E25 35AA  2,GW,39.12630749,-119.1459877,M,NAD83, 4306.,1,NGVD29,16050303,gw,62610,,0,,wat,,1642461,0,2011-03-09,2014-03-05,7
USGS,390712119070101,108  N15 E25 35AA  2,GW,39.12630749,-119.1459877,M,NAD83, 4306.,1,NGVD29,16050303,gw,62611,,0,,wat,,1642461,0,2011-03-09,2014-03-05,7
USGS,390712119070101,108  N15 E25 35AA  2,GW,39.12630749,-119.1459877,M,NAD83, 4306.,1,NGVD29,16050303,gw,72019,,0,,wat,,1642008,0,2011-03-09,2014-03-05,7
USGS,390714119104801,108  N15 E25 34CBBB1,GW,39.1206111,-119.1799444,1,NAD83, 4309, 25,NGVD29,16050303,ad,,,0,,wat,,0,0,2005,2007,3
USGS,390714119104801,108  N15 E25 34CBBB1,GW,39.1206111,-119.1799444,1,NAD83, 4309, 25,NGVD29,16050303,gw,62610,,0,,wat,,1642461,0,2004-03-03,2014-03-06,14
USGS,390714119104801,108  N15 E25 34CBBB1,GW,39.1206111,-119.1799444,1,NAD83, 4309, 25,NGVD29,16050303,gw,62611,,0,,wat,,1642461,0,2004-03-03,2014-03-06,14
USGS,390714119104801,108  N15 E25 34CBBB1,GW,39.1206111,-119.1799444,1,NAD83, 4309, 25,NGVD29,16050303,gw,72019,,0,,wat,,1642008,0,2004-03-03,2014-03-06,14
USGS,390715119095901,108  N15 E25 34ACDD1,GW,39.1207517,-119.1673767,S,NAD83, 4292,  1,NGVD29,16050303,ad,,,0,,wat,,0,0,2005,2007,3
USGS,390715119095901,108  N15 E25 34ACDD1,GW,39.1207517,-119.1673767,S,NAD83, 4292,  1,NGVD29,16050303,gw,62610,,0,,wat,,1642461,0,1976-11-12,2010-11-22,37
USGS,390715119095901,108  N15 E25 34ACDD1,GW,39.1207517,-119.1673767,S,NAD83, 4292,  1,NGVD29,16050303,gw,62611,,0,,wat,,1642461,0,1976-11-12,2010-11-22,37
USGS,390715119095901,108  N15 E25 34ACDD1,GW,39.1207517,-119.1673767,S,NAD83, 4292,  1,NGVD29,16050303,gw,72019,,0,,wat,,1642008,0,1976-11-12,2010-11-22,37
USGS,390727119115301,108  N15 E25 32AADD1,GW,39.1240848,-119.1990437,S,NAD83, 4304., 20,NGVD29,16050303,gw,62610,,0,,wat,,1642461,0,1981-03-23,1999-02-23,18
USGS,390727119115301,108  N15 E25 32AADD1,GW,39.1240848,-119.1990437,S,NAD83, 4304., 20,NGVD29,16050303,gw,62611,,0,,wat,,1642461,0,1981-03-23,1999-02-23,18
USGS,390727119115301,108  N15 E25 32AADD1,GW,39.1240848,-119.1990437,S,NAD83, 4304., 20,NGVD29,16050303,gw,72019,,0,,wat,,1642008,0,1981-03-23,1999-02-23,18
USGS,390729119020401,110A N15 E26 25CCBC1    USGS,GW,39.13153056,-119.0318194,S,NAD83, 4301., 10,NGVD29,16050303,aw,,,0,,wat,,0,0,1966,2021,17
USGS,390729119020401,110A N15 E26 25CCBC1    USGS,GW,39.13153056,-119.0318194,S,NAD83, 4301., 10,NGVD29,16050303,gw,62610,,0,,wat,,1642461,0,1966-03-16,2023-04-18,21
USGS,390729119020401,110A N15 E26 25CCBC1    USGS,GW,39.13153056,-119.0318194,S,NAD83, 4301., 10,NGVD29,16050303,gw,62611,,0,,wat,,1642461,0,1966-03-16,2023-04-18,21
USGS,390729119020401,110A N15 E26 25CCBC1    USGS,GW,39.13153056,-119.0318194,S,NAD83, 4301., 10,NGVD29,16050303,gw,72019,,0,,wat,,1642008,0,1966-03-16,2023-04-18,21
USGS,390729119074601,108  N15 E25 25DD  1,GW,39.12464095,-119.130432,M,NAD83, 4300.,1,NGVD29,16050303,gw,62610,,0,,wat,,1642461,0,1966-02-25,1966-02-25,1
USGS,390729119074601,108  N15 E25 25DD  1,GW,39.12464095,-119.130432,M,NAD83, 4300.,1,NGVD29,16050303,gw,62611,,0,,wat,,1642461,0,1966-02-25,1966-02-25,1
USGS,390729119074601,108  N15 E25 25DD  1,GW,39.12464095,-119.130432,M,NAD83, 4300.,1,NGVD29,16050303,gw,72019,,0,,wat,,1642008,0,1966-02-25,1966-02-25,1
USGS,390729119080001,108  N15 E25 25DC  1,GW,39.1246409,-119.1343209,M,NAD83, 4300.,1,NGVD29,16050303,gw,62610,,0,,wat,,1642461,0,1966-02-25,1966-02-25,1
USGS,390729119080001,108  N15 E25 25DC  1,GW,39.1246409,-119.1343209,M,NAD83, 4300.,1,NGVD29,16050303,gw,62611,,0,,wat,,1642461,0,1966-02-25,1966-02-25,1
USGS,390729119080001,108  N15 E25 25DC  1,GW,39.1246409,-119.1343209,M,NAD83, 4300.,1,NGVD29,16050303,gw,72019,,0,,wat,,1642008,0,1966-02-25,1966-02-25,1
USGS,390731119092201,108  N15 E25 26CD  1,GW,39.12519628,-119.1570989,M,NAD83, 4304.,1,NGVD29,16050303,gw,62610,,0,,wat,,1642461,0,1966-03-07,1966-03-07,1
USGS,390731119092201,108  N15 E25 26CD  1,GW,39.12519628,-119.1570989,M,NAD83, 4304.,1,NGVD29,16050303,gw,62611,,0,,wat,,1642461,0,1966-03-07,1966-03-07,1
USGS,390731119092201,108  N15 E25 26CD  1,GW,39.12519628,-119.1570989,M,NAD83, 4304.,1,NGVD29,16050303,gw,72019,,0,,wat,,1642008,0,1966-03-07,1966-03-07,1
USGS,390800119093001,108  N15 E25 26C   1,GW,39.13325186,-119.1593212,S,NAD83, 4304.,1,NGVD29,16050303,gw,62610,,0,,wat,,1642461,0,1961-10-13,1967-03-10,5
USGS,390800119093001,108  N15 E25 26C   1,GW,39.13325186,-119.1593212,S,NAD83, 4304.,1,NGVD29,16050303,gw,62611,,0,,wat,,1642461,0,1961-10-13,1967-03-10,5
USGS,390800119093001,108  N15 E25 26C   1,GW,39.13325186,-119.1593212,S,NAD83, 4304.,1,NGVD29,16050303,gw,72019,,0,,wat,,1642008,0,1961-10-13,1967-03-10,5
USGS,390802119100901,108  N15 E25 27AB  1,GW,39.1338073,-119.1701547,M,NAD83, 4299.,1,NGVD29,16050303,gw,62610,,0,,wat,,1642461,0,1966-02-24,1966-02-24,1
USGS,390802119100901,108  N15 E25 27AB  1,GW,39.1338073,-119.1701547,M,NAD83, 4299.,1,NGVD29,16050303,gw,62611,,0,,wat,,1642461,0,1966-02-24,1966-02-24,1
USGS,390802119100901,108  N15 E25 27AB  1,GW,39.1338073,-119.1701547,M,NAD83, 4299.,1,NGVD29,16050303,gw,72019,,0,,wat,,1642008,0,1966-02-24,1966-02-24,1
USGS,390825119050701,110A N15 E26 21CBAC1    USGS,GW,39.14928056,-119.0856306,1,NAD83, 4314., 10,NGVD29,16050303,gw,62610,,0,,wat,,1642461,0,1966-03-16,1966-03-16,1
USGS,390825119050701,110A N15 E26 21CBAC1    USGS,GW,39.14928056,-119.0856306,1,NAD83, 4314., 10,NGVD29,16050303,gw,62611,,0,,wat,,1642461,0,1966-03-16,1966-03-16,1
USGS,390825119050701,110A N15 E26 21CBAC1    USGS,GW,39.14928056,-119.0856306,1,NAD83, 4314., 10,NGVD29,16050303,gw,72019,,0,,wat,,1642008,0,1966-03-16,1966-03-16,1
USGS,390827119093501,108  N15 E25 23CB  1,GW,39.1407519,-119.1607102,M,NAD83, 4298.,1,NGVD29,16050303,gw,62610,,0,,wat,,1642461,0,1966-02-24,1966-02-24,1
USGS,390827119093501,108  N15 E25 23CB  1,GW,39.1407519,-119.1607102,M,NAD83, 4298.,1,NGVD29,16050303,gw,62611,,0,,wat,,1642461,0,1966-02-24,1966-02-24,1
USGS,390827119093501,108  N15 E25 23CB  1,GW,39.1407519,-119.1607102,M,NAD83, 4298.,1,NGVD29,16050303,gw,72019,,0,,wat,,1642008,0,1966-02-24,1966-02-24,1
USGS,390829119112901,108  N15 E25 21CADD1,GW,39.1465833,-119.190361,1,NAD83, 4293,  1,NGVD29,16050303,ad,,,0,,wat,,0,0,2005,2007,3
USGS,390829119112901,108  N15 E25 21CADD1,GW,39.1465833,-119.190361,1,NAD83, 4293,  1,NGVD29,16050303,aw,,,0,,wat,,0,0,2004,2021,25
USGS,390829119112901,108  N15 E25 21CADD1,GW,39.1465833,-119.190361,1,NAD83, 4293,  1,NGVD29,16050303,gw,62610,,0,,wat,,1642461,0,2004-03-03,2023-03-14,29
USGS,390829119112901,108  N15 E25 21CADD1,GW,39.1465833,-119.190361,1,NAD83, 4293,  1,NGVD29,16050303,gw,62611,,0,,wat,,1642461,0,2004-03-03,2023-03-14,29
USGS,390829119112901,108  N15 E25 21CADD1,GW,39.1465833,-119.190361,1,NAD83, 4293,  1,NGVD29,16050303,gw,72019,,0,,wat,,1642008,0,2004-03-03,2023-03-14,29
USGS,390836119104201,108  N15 E25 22CCDC1,GW,39.14327778,-119.1781944,1,NAD83, 4293., 10,NGVD29,16050303,gw,62610,,0,,wat,,1642461,0,2010-11-22,2014-03-05,8
USGS,390836119104201,108  N15 E25 22CCDC1,GW,39.14327778,-119.1781944,1,NAD83, 4293., 10,NGVD29,16050303,gw,62611,,0,,wat,,1642461,0,2010-11-22,2014-03-05,8
USGS,390836119104201,108  N15 E25 22CCDC1,GW,39.14327778,-119.1781944,1,NAD83, 4293., 10,NGVD29,16050303,gw,72019,,0,,wat,,1642008,0,2010-11-22,2014-03-05,8
USGS,390848119112501,107  N15 E25 21CADD2    H-3,GW,39.14663889,-119.1903889,1,NAD83, 4299, 25,NGVD29,16050303,ad,,,0,,wat,,0,0,2005,2007,3
USGS,390848119112501,107  N15 E25 21CADD2    H-3,GW,39.14663889,-119.1903889,1,NAD83, 4299, 25,NGVD29,16050303,gw,62610,,0,,wat,,1642461,0,2004-03-03,2014-03-05,13
USGS,390848119112501,107  N15 E25 21CADD2    H-3,GW,39.14663889,-119.1903889,1,NAD83, 4299, 25,NGVD29,16050303,gw,62611,,0,,wat,,1642461,0,2004-03-03,2014-03-05,13
USGS,390848119112501,107  N15 E25 21CADD2    H-3,GW,39.14663889,-119.1903889,1,NAD83, 4299, 25,NGVD29,16050303,gw,72019,,0,,wat,,1642008,0,2004-03-03,2014-03-05,13
USGS,390855119112501,108  N15 E25 21CAAD1    H-1,GW,39.14852778,-119.19025,1,NAD83, 4294,  1,NGVD29,16050303,gw,62610,,0,,wat,,1642461,0,2004-03-03,2004-03-03,1
USGS,390855119112501,108  N15 E25 21CAAD1    H-1,GW,39.14852778,-119.19025,1,NAD83, 4294,  1,NGVD29,16050303,gw,62611,,0,,wat,,1642461,0,2004-03-03,2004-03-03,1
USGS,390855119112501,108  N15 E25 21CAAD1    H-1,GW,39.14852778,-119.19025,1,NAD83, 4294,  1,NGVD29,16050303,gw,72019,,0,,wat,,1642008,0,2004-03-03,2004-03-03,1
USGS,390903119091601,108  N15 E25 23BDDB1,GW,39.1508333,-119.1544722,1,NAD83, 4297.,  5,NAVD88,16050303,gw,62610,,0,,wat,,1642461,0,2011-03-14,2014-03-05,7
USGS,390903119091601,108  N15 E25 23BDDB1,GW,39.1508333,-119.1544722,1,NAD83, 4297.,  5,NAVD88,16050303,gw,62611,,0,,wat,,1642461,0,2011-03-14,2014-03-05,7
USGS,390903119091601,108  N15 E25 23BDDB1,GW,39.1508333,-119.1544722,1,NAD83, 4297.,  5,NAVD88,16050303,gw,72019,,0,,wat,,1642008,0,2011-03-14,2014-03-05,7
USGS,390906118575701,110A N15 E27 21ACAC1    EAST JULIAN,GW,39.15175,-118.9659444,1,NAD83, 4379., 20,NGVD29,16050303,ad,,,0,,wat,,0,0,2005,2007,2
USGS,390906118575701,110A N15 E27 21ACAC1    EAST JULIAN,GW,39.15175,-118.9659444,1,NAD83, 4379., 20,NGVD29,16050303,aw,,,0,,wat,,0,0,1986,2021,8
USGS,390906118575701,110A N15 E27 21ACAC1    EAST JULIAN,GW,39.15175,-118.9659444,1,NAD83, 4379., 20,NGVD29,16050303,gw,62610,,0,,wat,,1642461,0,1986-05-21,2022-11-23,11
USGS,390906118575701,110A N15 E27 21ACAC1    EAST JULIAN,GW,39.15175,-118.9659444,1,NAD83, 4379., 20,NGVD29,16050303,gw,62611,,0,,wat,,1642461,0,1986-05-21,2022-11-23,11
USGS,390906118575701,110A N15 E27 21ACAC1    EAST JULIAN,GW,39.15175,-118.9659444,1,NAD83, 4379., 20,NGVD29,16050303,gw,72019,,0,,wat,,1642008,0,1986-05-21,2022-11-23,11
USGS,390906119070401,108  N15 E26 18CD  1,GW,39.1515856,-119.1187656,M,NAD83, 4308.,1,NGVD29,16050303,gw,62610,,0,,wat,,1642461,0,1966-02-24,1966-02-24,1
USGS,390906119070401,108  N15 E26 18CD  1,GW,39.1515856,-119.1187656,M,NAD83, 4308.,1,NGVD29,16050303,gw,62611,,0,,wat,,1642461,0,1966-02-24,1966-02-24,1
USGS,390906119070401,108  N15 E26 18CD  1,GW,39.1515856,-119.1187656,M,NAD83, 4308.,1,NGVD29,16050303,gw,72019,,0,,wat,,1642008,0,1966-02-24,1966-02-24,1
USGS,390914119060601,108  N15 E26 20BDBB1,GW,39.15402778,-119.1017778,1,NAD83, 4331, 25,NGVD29,16050303,ad,,,0,,wat,,0,0,2005,2013,6
USGS,390914119060601,108  N15 E26 20BDBB1,GW,39.15402778,-119.1017778,1,NAD83, 4331, 25,NGVD29,16050303,aw,,,0,,wat,,0,0,1994,2021,80
USGS,390914119060601,108  N15 E26 20BDBB1,GW,39.15402778,-119.1017778,1,NAD83, 4331, 25,NGVD29,16050303,gw,62610,,0,,wat,,1642461,0,1994-09-08,2023-03-14,84
USGS,390914119060601,108  N15 E26 20BDBB1,GW,39.15402778,-119.1017778,1,NAD83, 4331, 25,NGVD29,16050303,gw,62611,,0,,wat,,1642461,0,1994-09-08,2023-03-14,84
USGS,390914119060601,108  N15 E26 20BDBB1,GW,39.15402778,-119.1017778,1,NAD83, 4331, 25,NGVD29,16050303,gw,72019,,0,,wat,,1642008,0,1994-09-08,2023-03-14,84
USGS,390914119060601,108  N15 E26 20BDBB1,GW,39.15402778,-119.1017778,1,NAD83, 4331, 25,NGVD29,16050303,qw,,,0,,wat,ALL,0,0,2006-08-10,2011-11-17,2
USGS,390914119060601,108  N15 E26 20BDBB1,GW,39.15402778,-119.1017778,1,NAD83, 4331, 25,NGVD29,16050303,qw,00010,,0,,wat,PHY,1645597,0,2006-08-10,2011-11-17,2
USGS,390914119060601,108  N15 E26 20BDBB1,GW,39.15402778,-119.1017778,1,NAD83, 4331, 25,NGVD29,16050303,qw,00025,,0,,wat,PHY,1641265,0,2006-08-10,2006-08-10,1
USGS,390914119060601,108  N15 E26 20BDBB1,GW,39.15402778,-119.1017778,1,NAD83, 4331, 25,NGVD29,16050303,qw,00028,,0,,wat,INF,0,0,2006-08-10,2006-08-10,1
USGS,390914119060601,108  N15 E26 20BDBB1,GW,39.15402778,-119.1017778,1,NAD83, 4331, 25,NGVD29,16050303,qw,00095,,0,,wat,PHY,1646694,0,2006-08-10,2011-11-17,2
USGS,390914119060601,108  N15 E26 20BDBB1,GW,39.15402778,-119.1017778,1,NAD83, 4331, 25,NGVD29,16050303,qw,00191,,0,,wat,INN,1640572,0,2006-08-10,2006-08-10,1
USGS,390914119060601,108  N15 E26 20BDBB1,GW,39.15402778,-119.1017778,1,NAD83, 4331, 25,NGVD29,16050303,qw,00300,,0,,wat,INN,154302,0,2006-08-10,2006-08-10,1
USGS,390914119060601,108  N15 E26 20BDBB1,GW,39.15402778,-119.1017778,1,NAD83, 4331, 25,NGVD29,16050303,qw,00301,,0,,wat,INN,154302,0,2006-08-10,2006-08-10,1
USGS,390914119060601,108  N15 E26 20BDBB1,GW,39.15402778,-119.1017778,1,NAD83, 4331, 25,NGVD29,16050303,qw,00400,,0,,wat,PHY,17028275,0,2006-08-10,2006-08-10,1
USGS,390914119060601,108  N15 E26 20BDBB1,GW,39.15402778,-119.1017778,1,NAD83, 4331, 25,NGVD29,16050303,qw,00403,,0,,wat,PHY,1644335,0,2006-08-10,2006-08-10,1
USGS,390914119060601,108  N15 E26 20BDBB1,GW,39.15402778,-119.1017778,1,NAD83, 4331, 25,NGVD29,16050303,qw,00405,,0,,wat,INN,33548,0,2006-08-10,2006-08-10,1
USGS,390914119060601,108  N15 E26 20BDBB1,GW,39.15402778,-119.1017778,1,NAD83, 4331, 25,NGVD29,16050303,qw,00900,,0,,wat,PHY,1640416,0,2006-08-10,2006-08-10,1
USGS,390914119060601,108  N15 E26 20BDBB1,GW,39.15402778,-119.1017778,1,NAD83, 4331, 25,NGVD29,16050303,qw,00915,,0,,wat,INM,150268,0,2006-08-10,2006-08-10,1
USGS,390914119060601,108  N15 E26 20BDBB1,GW,39.15402778,-119.1017778,1,NAD83, 4331, 25,NGVD29,16050303,qw,00925,,0,,wat,INM,149617,0,2006-08-10,2006-08-10,1
USGS,390914119060601,108  N15 E26 20BDBB1,GW,39.15402778,-119.1017778,1,NAD83, 4331, 25,NGVD29,16050303,qw,00930,,0,,wat,INM,149856,0,2006-08-10,2006-08-10,1
USGS,390914119060601,108  N15 E26 20BDBB1,GW,39.15402778,-119.1017778,1,NAD83, 4331, 25,NGVD29,16050303,qw,00931,,0,,wat,INM,1640523,0,2006-08-10,2006-08-10,1
USGS,390914119060601,108  N15 E26 20BDBB1,GW,39.15402778,-119.1017778,1,NAD83, 4331, 25,NGVD29,16050303,qw,00932,,0,,wat,INM,1646660,0,2006-08-10,2006-08-10,1
USGS,390914119060601,108  N15 E26 20BDBB1,GW,39.15402778,-119.1017778,1,NAD83, 4331, 25,NGVD29,16050303,qw,00935,,0,,wat,INM,149740,0,2006-08-10,2006-08-10,1
USGS,390914119060601,108  N15 E26 20BDBB1,GW,39.15402778,-119.1017778,1,NAD83, 4331, 25,NGVD29,16050303,qw,00940,,0,,wat,INN,205955,0,2006-08-10,2006-08-10,1
USGS,390914119060601,108  N15 E26 20BDBB1,GW,39.15402778,-119.1017778,1,NAD83, 4331, 25,NGVD29,16050303,qw,00945,,0,,wat,INN,197301,0,2006-08-10,2006-08-10,1
USGS,390914119060601,108  N15 E26 20BDBB1,GW,39.15402778,-119.1017778,1,NAD83, 4331, 25,NGVD29,16050303,qw,00950,,0,,wat,INN,206706,0,2006-08-10,2006-08-10,1
USGS,390914119060601,108  N15 E26 20BDBB1,GW,39.15402778,-119.1017778,1,NAD83, 4331, 25,NGVD29,16050303,qw,00955,,0,,wat,INN,151977,0,2006-08-10,2006-08-10,1
USGS,390914119060601,108  N15 E26 20BDBB1,GW,39.15402778,-119.1017778,1,NAD83, 4331, 25,NGVD29,16050303,qw,01020,,0,,wat,IMN,150011,0,2006-08-10,2006-08-10,1
USGS,390914119060601,108  N15 E26 20BDBB1,GW,39.15402778,-119.1017778,1,NAD83, 4331, 25,NGVD29,16050303,qw,01046,,0,,wat,IMM,149559,0,2006-08-10,2006-08-10,1
USGS,390914119060601,108  N15 E26 20BDBB1,GW,39.15402778,-119.1017778,1,NAD83, 4331, 25,NGVD29,16050303,qw,01056,,0,,wat,IMM,149625,0,2006-08-10,2006-08-10,1
USGS,390914119060601,108  N15 E26 20BDBB1,GW,39.15402778,-119.1017778,1,NAD83, 4331, 25,NGVD29,16050303,qw,01080,,0,,wat,IMM,149864,0,2006-08-10,2006-08-10,1
USGS,390914119060601,108  N15 E26 20BDBB1,GW,39.15402778,-119.1017778,1,NAD83, 4331, 25,NGVD29,16050303,qw,22603,,0,,wat,RAD,150185,0,2006-08-10,2006-08-10,1
USGS,390914119060601,108  N15 E26 20BDBB1,GW,39.15402778,-119.1017778,1,NAD83, 4331, 25,NGVD29,16050303,qw,22610,,0,,wat,RAD,192708,0,2006-08-10,2006-08-10,1
USGS,390914119060601,108  N15 E26 20BDBB1,GW,39.15402778,-119.1017778,1,NAD83, 4331, 25,NGVD29,16050303,qw,22620,,0,,wat,RAD,198606,0,2006-08-10,2006-08-10,1
USGS,390914119060601,108  N15 E26 20BDBB1,GW,39.15402778,-119.1017778,1,NAD83, 4331, 25,NGVD29,16050303,qw,39086,,0,,wat,INN,1640192,0,2006-08-10,2006-08-10,1
USGS,390914119060601,108  N15 E26 20BDBB1,GW,39.15402778,-119.1017778,1,NAD83, 4331, 25,NGVD29,16050303,qw,49932,,0,,wat,ISO,967356,0,2006-08-10,2006-08-10,1
USGS,390914119060601,108  N15 E26 20BDBB1,GW,39.15402778,-119.1017778,1,NAD83, 4331, 25,NGVD29,16050303,qw,50280,,0,,wat,INF,0,0,2011-11-17,2011-11-17,1
USGS,390914119060601,108  N15 E26 20BDBB1,GW,39.15402778,-119.1017778,1,NAD83, 4331, 25,NGVD29,16050303,qw,62648,,0,,wat,ISO,0,0,2006-08-10,2006-08-10,1
USGS,390914119060601,108  N15 E26 20BDBB1,GW,39.15402778,-119.1017778,1,NAD83, 4331, 25,NGVD29,16050303,qw,70300,,0,,wat,PHY,1642222,0,2006-08-10,2006-08-10,1
USGS,390914119060601,108  N15 E26 20BDBB1,GW,39.15402778,-119.1017778,1,NAD83, 4331, 25,NGVD29,16050303,qw,70301,,0,,wat,PHY,1642222,0,2006-08-10,2006-08-10,1
USGS,390914119060601,108  N15 E26 20BDBB1,GW,39.15402778,-119.1017778,1,NAD83, 4331, 25,NGVD29,16050303,qw,70303,,0,,wat,PHY,1642222,0,2006-08-10,2006-08-10,1
USGS,390914119060601,108  N15 E26 20BDBB1,GW,39.15402778,-119.1017778,1,NAD83, 4331, 25,NGVD29,16050303,qw,71870,,0,,wat,INN,227538,0,2006-08-10,2006-08-10,1
USGS,390914119060601,108  N15 E26 20BDBB1,GW,39.15402778,-119.1017778,1,NAD83, 4331, 25,NGVD29,16050303,qw,75978,,0,,wat,ISO,17148297,0,2006-08-10,2006-08-10,1
USGS,390914119060601,108  N15 E26 20BDBB1,GW,39.15402778,-119.1017778,1,NAD83, 4331, 25,NGVD29,16050303,qw,76002,,0,,wat,RAD,197491,0,2006-08-10,2006-08-10,1
USGS,390914119060601,108  N15 E26 20BDBB1,GW,39.15402778,-119.1017778,1,NAD83, 4331, 25,NGVD29,16050303,qw,82082,,0,,wat,ISO,1642107,0,2006-08-10,2006-08-10,1
USGS,390914119060601,108  N15 E26 20BDBB1,GW,39.15402778,-119.1017778,1,NAD83, 4331, 25,NGVD29,16050303,qw,82085,,0,,wat,ISO,967034,0,2006-08-10,2006-08-10,1
USGS,390914119060601,108  N15 E26 20BDBB1,GW,39.15402778,-119.1017778,1,NAD83, 4331, 25,NGVD29,16050303,qw,82303,,0,,wat,RAD,197491,0,2006-08-10,2006-08-10,1
USGS,390914119060601,108  N15 E26 20BDBB1,GW,39.15402778,-119.1017778,1,NAD83, 4331, 25,NGVD29,16050303,qw,84164,,0,,wat,INF,0,0,2006-08-10,2006-08-10,1
USGS,390914119060601,108  N15 E26 20BDBB1,GW,39.15402778,-119.1017778,1,NAD83, 4331, 25,NGVD29,16050303,qw,90095,,0,,wat,PHY,1646694,0,2006-08-10,2006-08-10,1
USGS,390914119071401,108  N15 E26 18CC  1,GW,39.15380785,-119.1215434,M,NAD83, 4300.,1,NGVD29,16050303,gw,62610,,0,,wat,,1642461,0,1966-02-24,1966-02-24,1
USGS,390914119071401,108  N15 E26 18CC  1,GW,39.15380785,-119.1215434,M,NAD83, 4300.,1,NGVD29,16050303,gw,62611,,0,,wat,,1642461,0,1966-02-24,1966-02-24,1
USGS,390914119071401,108  N15 E26 18CC  1,GW,39.15380785,-119.1215434,M,NAD83, 4300.,1,NGVD29,16050303,gw,72019,,0,,wat,,1642008,0,1966-02-24,1966-02-24,1
USGS,390924118580201,110A N15 E27 21A   1,GW,39.15658668,-118.9582078,M,NAD83, 4455.,35.,NGVD29,16050303,gw,62610,,0,,wat,,1642461,0,1966-02-16,1966-02-16,1
USGS,390924118580201,110A N15 E27 21A   1,GW,39.15658668,-118.9582078,M,NAD83, 4455.,35.,NGVD29,16050303,gw,62611,,0,,wat,,1642461,0,1966-02-16,1966-02-16,1
USGS,390924118580201,110A N15 E27 21A   1,GW,39.15658668,-118.9582078,M,NAD83, 4455.,35.,NGVD29,16050303,gw,72019,,0,,wat,,1642008,0,1966-02-16,1966-02-16,1
USGS,390933119030301,110A N15 E26 15DDDA1    JULIAN POWERLINE DEEP,GW,39.1591111,-119.0509444,1,NAD83, 4281., 25,NGVD29,16050303,ad,,,0,,wat,,0,0,2012,2012,1
USGS,390933119030301,110A N15 E26 15DDDA1    JULIAN POWERLINE DEEP,GW,39.1591111,-119.0509444,1,NAD83, 4281., 25,NGVD29,16050303,aw,,,0,,wat,,0,0,2010,2020,22
USGS,390933119030301,110A N15 E26 15DDDA1    JULIAN POWERLINE DEEP,GW,39.1591111,-119.0509444,1,NAD83, 4281., 25,NGVD29,16050303,gw,62610,,0,,wat,,1642461,0,2010-08-04,2023-04-18,26
USGS,390933119030301,110A N15 E26 15DDDA1    JULIAN POWERLINE DEEP,GW,39.1591111,-119.0509444,1,NAD83, 4281., 25,NGVD29,16050303,gw,62611,,0,,wat,,1642461,0,2010-08-04,2023-04-18,26
USGS,390933119030301,110A N15 E26 15DDDA1    JULIAN POWERLINE DEEP,GW,39.1591111,-119.0509444,1,NAD83, 4281., 25,NGVD29,16050303,gw,72019,,0,,wat,,1642008,0,2010-08-04,2023-04-18,26
USGS,390933119030301,110A N15 E26 15DDDA1    JULIAN POWERLINE DEEP,GW,39.1591111,-119.0509444,1,NAD83, 4281., 25,NGVD29,16050303,qw,,,0,,wat,ALL,0,0,2011-04-12,2011-11-17,2
USGS,390933119030301,110A N15 E26 15DDDA1    JULIAN POWERLINE DEEP,GW,39.1591111,-119.0509444,1,NAD83, 4281., 25,NGVD29,16050303,qw,00003,,0,,wat,INF,0,0,2011-04-12,2011-04-12,1
USGS,390933119030301,110A N15 E26 15DDDA1    JULIAN POWERLINE DEEP,GW,39.1591111,-119.0509444,1,NAD83, 4281., 25,NGVD29,16050303,qw,00010,,0,,wat,PHY,1645597,0,2011-04-12,2011-11-17,2
USGS,390933119030301,110A N15 E26 15DDDA1    JULIAN POWERLINE DEEP,GW,39.1591111,-119.0509444,1,NAD83, 4281., 25,NGVD29,16050303,qw,00020,,0,,wat,PHY,1645712,0,2011-04-12,2011-04-12,1
USGS,390933119030301,110A N15 E26 15DDDA1    JULIAN POWERLINE DEEP,GW,39.1591111,-119.0509444,1,NAD83, 4281., 25,NGVD29,16050303,qw,00025,,0,,wat,PHY,1641265,0,2011-04-12,2011-04-12,1
USGS,390933119030301,110A N15 E26 15DDDA1    JULIAN POWERLINE DEEP,GW,39.1591111,-119.0509444,1,NAD83, 4281., 25,NGVD29,16050303,qw,00059,,0,,wat,PHY,1643253,0,2011-04-12,2011-04-12,1
USGS,390933119030301,110A N15 E26 15DDDA1    JULIAN POWERLINE DEEP,GW,39.1591111,-119.0509444,1,NAD83, 4281., 25,NGVD29,16050303,qw,00095,,0,,wat,PHY,1646694,0,2011-04-12,2011-11-17,2
USGS,390933119030301,110A N15 E26 15DDDA1    JULIAN POWERLINE DEEP,GW,39.1591111,-119.0509444,1,NAD83, 4281., 25,NGVD29,16050303,qw,00191,,0,,wat,INN,1640572,0,2011-04-12,2011-04-12,1
USGS,390933119030301,110A N15 E26 15DDDA1    JULIAN POWERLINE DEEP,GW,39.1591111,-119.0509444,1,NAD83, 4281., 25,NGVD29,16050303,qw,00300,,0,,wat,INN,154302,0,2011-04-12,2011-04-12,1
USGS,390933119030301,110A N15 E26 15DDDA1    JULIAN POWERLINE DEEP,GW,39.1591111,-119.0509444,1,NAD83, 4281., 25,NGVD29,16050303,qw,00301,,0,,wat,INN,154302,0,2011-04-12,2011-04-12,1
USGS,390933119030301,110A N15 E26 15DDDA1    JULIAN POWERLINE DEEP,GW,39.1591111,-119.0509444,1,NAD83, 4281., 25,NGVD29,16050303,qw,00400,,0,,wat,PHY,17028275,0,2011-04-12,2011-04-12,1
USGS,390933119030301,110A N15 E26 15DDDA1    JULIAN POWERLINE DEEP,GW,39.1591111,-119.0509444,1,NAD83, 4281., 25,NGVD29,16050303,qw,00403,,0,,wat,PHY,1644335,0,2011-04-12,2011-04-12,1
USGS,390933119030301,110A N15 E26 15DDDA1    JULIAN POWERLINE DEEP,GW,39.1591111,-119.0509444,1,NAD83, 4281., 25,NGVD29,16050303,qw,00405,,0,,wat,INN,33548,0,2011-04-12,2011-04-12,1
USGS,390933119030301,110A N15 E26 15DDDA1    JULIAN POWERLINE DEEP,GW,39.1591111,-119.0509444,1,NAD83, 4281., 25,NGVD29,16050303,qw,00452,,0,,wat,INN,119396,0,2011-04-12,2011-04-12,1
USGS,390933119030301,110A N15 E26 15DDDA1    JULIAN POWERLINE DEEP,GW,39.1591111,-119.0509444,1,NAD83, 4281., 25,NGVD29,16050303,qw,00453,,0,,wat,INN,4788,0,2011-04-12,2011-04-12,1
USGS,390933119030301,110A N15 E26 15DDDA1    JULIAN POWERLINE DEEP,GW,39.1591111,-119.0509444,1,NAD83, 4281., 25,NGVD29,16050303,qw,00900,,0,,wat,PHY,1640416,0,2011-04-12,2011-04-12,1
USGS,390933119030301,110A N15 E26 15DDDA1    JULIAN POWERLINE DEEP,GW,39.1591111,-119.0509444,1,NAD83, 4281., 25,NGVD29,16050303,qw,00915,,0,,wat,INM,150268,0,2011-04-12,2011-04-12,1
USGS,390933119030301,110A N15 E26 15DDDA1    JULIAN POWERLINE DEEP,GW,39.1591111,-119.0509444,1,NAD83, 4281., 25,NGVD29,16050303,qw,00925,,0,,wat,INM,149617,0,2011-04-12,2011-04-12,1
USGS,390933119030301,110A N15 E26 15DDDA1    JULIAN POWERLINE DEEP,GW,39.1591111,-119.0509444,1,NAD83, 4281., 25,NGVD29,16050303,qw,00930,,0,,wat,INM,149856,0,2011-04-12,2011-04-12,1
USGS,390933119030301,110A N15 E26 15DDDA1    JULIAN POWERLINE DEEP,GW,39.1591111,-119.0509444,1,NAD83, 4281., 25,NGVD29,16050303,qw,00931,,0,,wat,INM,1640523,0,2011-04-12,2011-04-12,1
USGS,390933119030301,110A N15 E26 15DDDA1    JULIAN POWERLINE DEEP,GW,39.1591111,-119.0509444,1,NAD83, 4281., 25,NGVD29,16050303,qw,00932,,0,,wat,INM,1646660,0,2011-04-12,2011-04-12,1
USGS,390933119030301,110A N15 E26 15DDDA1    JULIAN POWERLINE DEEP,GW,39.1591111,-119.0509444,1,NAD83, 4281., 25,NGVD29,16050303,qw,00935,,0,,wat,INM,149740,0,2011-04-12,2011-04-12,1
USGS,390933119030301,110A N15 E26 15DDDA1    JULIAN POWERLINE DEEP,GW,39.1591111,-119.0509444,1,NAD83, 4281., 25,NGVD29,16050303,qw,00940,,0,,wat,INN,205955,0,2011-04-12,2011-04-12,1
USGS,390933119030301,110A N15 E26 15DDDA1    JULIAN POWERLINE DEEP,GW,39.1591111,-119.0509444,1,NAD83, 4281., 25,NGVD29,16050303,qw,00945,,0,,wat,INN,197301,0,2011-04-12,2011-04-12,1
USGS,390933119030301,110A N15 E26 15DDDA1    JULIAN POWERLINE DEEP,GW,39.1591111,-119.0509444,1,NAD83, 4281., 25,NGVD29,16050303,qw,00950,,0,,wat,INN,206706,0,2011-04-12,2011-04-12,1
USGS,390933119030301,110A N15 E26 15DDDA1    JULIAN POWERLINE DEEP,GW,39.1591111,-119.0509444,1,NAD83, 4281., 25,NGVD29,16050303,qw,00955,,0,,wat,INN,151977,0,2011-04-12,2011-04-12,1
USGS,390933119030301,110A N15 E26 15DDDA1    JULIAN POWERLINE DEEP,GW,39.1591111,-119.0509444,1,NAD83, 4281., 25,NGVD29,16050303,qw,01046,,0,,wat,IMM,149559,0,2011-04-12,2011-04-12,1
USGS,390933119030301,110A N15 E26 15DDDA1    JULIAN POWERLINE DEEP,GW,39.1591111,-119.0509444,1,NAD83, 4281., 25,NGVD29,16050303,qw,01056,,0,,wat,IMM,149625,0,2011-04-12,2011-04-12,1
USGS,390933119030301,110A N15 E26 15DDDA1    JULIAN POWERLINE DEEP,GW,39.1591111,-119.0509444,1,NAD83, 4281., 25,NGVD29,16050303,qw,39086,,0,,wat,INN,1640192,0,2011-04-12,2011-04-12,1
USGS,390933119030301,110A N15 E26 15DDDA1    JULIAN POWERLINE DEEP,GW,39.1591111,-119.0509444,1,NAD83, 4281., 25,NGVD29,16050303,qw,50280,,0,,wat,INF,0,0,2011-11-17,2011-11-17,1
USGS,390933119030301,110A N15 E26 15DDDA1    JULIAN POWERLINE DEEP,GW,39.1591111,-119.0509444,1,NAD83, 4281., 25,NGVD29,16050303,qw,62452,,0,,wat,IMN,710947,0,2011-04-12,2011-04-12,1
USGS,390933119030301,110A N15 E26 15DDDA1    JULIAN POWERLINE DEEP,GW,39.1591111,-119.0509444,1,NAD83, 4281., 25,NGVD29,16050303,qw,62453,,0,,wat,IMN,17151366,0,2011-04-12,2011-04-12,1
USGS,390933119030301,110A N15 E26 15DDDA1    JULIAN POWERLINE DEEP,GW,39.1591111,-119.0509444,1,NAD83, 4281., 25,NGVD29,16050303,qw,62454,,0,,wat,OOT,1732853,0,2011-04-12,2011-04-12,1
USGS,390933119030301,110A N15 E26 15DDDA1    JULIAN POWERLINE DEEP,GW,39.1591111,-119.0509444,1,NAD83, 4281., 25,NGVD29,16050303,qw,62455,,0,,wat,OPE,5702,0,2011-04-12,2011-04-12,1
USGS,390933119030301,110A N15 E26 15DDDA1    JULIAN POWERLINE DEEP,GW,39.1591111,-119.0509444,1,NAD83, 4281., 25,NGVD29,16050303,qw,70300,,0,,wat,PHY,1642222,0,2011-04-12,2011-04-12,1
USGS,390933119030301,110A N15 E26 15DDDA1    JULIAN POWERLINE DEEP,GW,39.1591111,-119.0509444,1,NAD83, 4281., 25,NGVD29,16050303,qw,70301,,0,,wat,PHY,1642222,0,2011-04-12,2011-04-12,1
USGS,390933119030301,110A N15 E26 15DDDA1    JULIAN POWERLINE DEEP,GW,39.1591111,-119.0509444,1,NAD83, 4281., 25,NGVD29,16050303,qw,70303,,0,,wat,PHY,1642222,0,2011-04-12,2011-04-12,1
USGS,390933119030301,110A N15 E26 15DDDA1    JULIAN POWERLINE DEEP,GW,39.1591111,-119.0509444,1,NAD83, 4281., 25,NGVD29,16050303,qw,71870,,0,,wat,INN,227538,0,2011-04-12,2011-04-12,1
USGS,390933119030301,110A N15 E26 15DDDA1    JULIAN POWERLINE DEEP,GW,39.1591111,-119.0509444,1,NAD83, 4281., 25,NGVD29,16050303,qw,71999,,0,,wat,INF,0,0,2011-04-12,2011-04-12,1
USGS,390933119030301,110A N15 E26 15DDDA1    JULIAN POWERLINE DEEP,GW,39.1591111,-119.0509444,1,NAD83, 4281., 25,NGVD29,16050303,qw,82082,,0,,wat,ISO,1642107,0,2011-04-12,2011-04-12,1
USGS,390933119030301,110A N15 E26 15DDDA1    JULIAN POWERLINE DEEP,GW,39.1591111,-119.0509444,1,NAD83, 4281., 25,NGVD29,16050303,qw,82085,,0,,wat,ISO,967034,0,2011-04-12,2011-04-12,1
USGS,390933119030301,110A N15 E26 15DDDA1    JULIAN POWERLINE DEEP,GW,39.1591111,-119.0509444,1,NAD83, 4281., 25,NGVD29,16050303,qw,90095,,0,,wat,PHY,1646694,0,2011-04-12,2011-04-12,1
USGS,390933119030302,110A N15 E26 15DDDA2    JULIAN POWERLINE SHALLOW,GW,39.1591111,-119.0509444,1,NAD83, 4281., 25,NGVD29,16050303,ad,,,0,,wat,,0,0,2012,2012,1
USGS,390933119030302,110A N15 E26 15DDDA2    JULIAN POWERLINE SHALLOW,GW,39.1591111,-119.0509444,1,NAD83, 4281., 25,NGVD29,16050303,aw,,,0,,wat,,0,0,2010,2021,23
USGS,390933119030302,110A N15 E26 15DDDA2    JULIAN POWERLINE SHALLOW,GW,39.1591111,-119.0509444,1,NAD83, 4281., 25,NGVD29,16050303,gw,62610,,0,,wat,,1642461,0,2010-08-05,2023-04-18,27
USGS,390933119030302,110A N15 E26 15DDDA2    JULIAN POWERLINE SHALLOW,GW,39.1591111,-119.0509444,1,NAD83, 4281., 25,NGVD29,16050303,gw,62611,,0,,wat,,1642461,0,2010-08-05,2023-04-18,27
USGS,390933119030302,110A N15 E26 15DDDA2    JULIAN POWERLINE SHALLOW,GW,39.1591111,-119.0509444,1,NAD83, 4281., 25,NGVD29,16050303,gw,72019,,0,,wat,,1642008,0,2010-08-05,2023-04-18,27
USGS,390933119030302,110A N15 E26 15DDDA2    JULIAN POWERLINE SHALLOW,GW,39.1591111,-119.0509444,1,NAD83, 4281., 25,NGVD29,16050303,qw,,,0,,wat,ALL,0,0,2011-04-12,2011-11-17,2
USGS,390933119030302,110A N15 E26 15DDDA2    JULIAN POWERLINE SHALLOW,GW,39.1591111,-119.0509444,1,NAD83, 4281., 25,NGVD29,16050303,qw,00003,,0,,wat,INF,0,0,2011-04-12,2011-04-12,1
USGS,390933119030302,110A N15 E26 15DDDA2    JULIAN POWERLINE SHALLOW,GW,39.1591111,-119.0509444,1,NAD83, 4281., 25,NGVD29,16050303,qw,00010,,0,,wat,PHY,1645597,0,2011-04-12,2011-11-17,2
USGS,390933119030302,110A N15 E26 15DDDA2    JULIAN POWERLINE SHALLOW,GW,39.1591111,-119.0509444,1,NAD83, 4281., 25,NGVD29,16050303,qw,00020,,0,,wat,PHY,1645712,0,2011-04-12,2011-04-12,1
USGS,390933119030302,110A N15 E26 15DDDA2    JULIAN POWERLINE SHALLOW,GW,39.1591111,-119.0509444,1,NAD83, 4281., 25,NGVD29,16050303,qw,00025,,0,,wat,PHY,1641265,0,2011-04-12,2011-04-12,1
USGS,390933119030302,110A N15 E26 15DDDA2    JULIAN POWERLINE SHALLOW,GW,39.1591111,-119.0509444,1,NAD83, 4281., 25,NGVD29,16050303,qw,00095,,0,,wat,PHY,1646694,0,2011-04-12,2011-11-17,2
USGS,390933119030302,110A N15 E26 15DDDA2    JULIAN POWERLINE SHALLOW,GW,39.1591111,-119.0509444,1,NAD83, 4281., 25,NGVD29,16050303,qw,00191,,0,,wat,INN,1640572,0,2011-04-12,2011-04-12,1
USGS,390933119030302,110A N15 E26 15DDDA2    JULIAN POWERLINE SHALLOW,GW,39.1591111,-119.0509444,1,NAD83, 4281., 25,NGVD29,16050303,qw,00300,,0,,wat,INN,154302,0,2011-04-12,2011-04-12,1
USGS,390933119030302,110A N15 E26 15DDDA2    JULIAN POWERLINE SHALLOW,GW,39.1591111,-119.0509444,1,NAD83, 4281., 25,NGVD29,16050303,qw,00301,,0,,wat,INN,154302,0,2011-04-12,2011-04-12,1
USGS,390933119030302,110A N15 E26 15DDDA2    JULIAN POWERLINE SHALLOW,GW,39.1591111,-119.0509444,1,NAD83, 4281., 25,NGVD29,16050303,qw,00400,,0,,wat,PHY,17028275,0,2011-04-12,2011-04-12,1
USGS,390933119030302,110A N15 E26 15DDDA2    JULIAN POWERLINE SHALLOW,GW,39.1591111,-119.0509444,1,NAD83, 4281., 25,NGVD29,16050303,qw,00403,,0,,wat,PHY,1644335,0,2011-04-12,2011-04-12,1
USGS,390933119030302,110A N15 E26 15DDDA2    JULIAN POWERLINE SHALLOW,GW,39.1591111,-119.0509444,1,NAD83, 4281., 25,NGVD29,16050303,qw,00405,,0,,wat,INN,33548,0,2011-04-12,2011-04-12,1
USGS,390933119030302,110A N15 E26 15DDDA2    JULIAN POWERLINE SHALLOW,GW,39.1591111,-119.0509444,1,NAD83, 4281., 25,NGVD29,16050303,qw,00900,,0,,wat,PHY,1640416,0,2011-04-12,2011-04-12,1
USGS,390933119030302,110A N15 E26 15DDDA2    JULIAN POWERLINE SHALLOW,GW,39.1591111,-119.0509444,1,NAD83, 4281., 25,NGVD29,16050303,qw,00915,,0,,wat,INM,150268,0,2011-04-12,2011-04-12,1
USGS,390933119030302,110A N15 E26 15DDDA2    JULIAN POWERLINE SHALLOW,GW,39.1591111,-119.0509444,1,NAD83, 4281., 25,NGVD29,16050303,qw,00925,,0,,wat,INM,149617,0,2011-04-12,2011-04-12,1
USGS,390933119030302,110A N15 E26 15DDDA2    JULIAN POWERLINE SHALLOW,GW,39.1591111,-119.0509444,1,NAD83, 4281., 25,NGVD29,16050303,qw,00930,,0,,wat,INM,149856,0,2011-04-12,2011-04-12,1
USGS,390933119030302,110A N15 E26 15DDDA2    JULIAN POWERLINE SHALLOW,GW,39.1591111,-119.0509444,1,NAD83, 4281., 25,NGVD29,16050303,qw,00931,,0,,wat,INM,1640523,0,2011-04-12,2011-04-12,1
USGS,390933119030302,110A N15 E26 15DDDA2    JULIAN POWERLINE SHALLOW,GW,39.1591111,-119.0509444,1,NAD83, 4281., 25,NGVD29,16050303,qw,00932,,0,,wat,INM,1646660,0,2011-04-12,2011-04-12,1
USGS,390933119030302,110A N15 E26 15DDDA2    JULIAN POWERLINE SHALLOW,GW,39.1591111,-119.0509444,1,NAD83, 4281., 25,NGVD29,16050303,qw,00935,,0,,wat,INM,149740,0,2011-04-12,2011-04-12,1
USGS,390933119030302,110A N15 E26 15DDDA2    JULIAN POWERLINE SHALLOW,GW,39.1591111,-119.0509444,1,NAD83, 4281., 25,NGVD29,16050303,qw,00940,,0,,wat,INN,205955,0,2011-04-12,2011-04-12,1
USGS,390933119030302,110A N15 E26 15DDDA2    JULIAN POWERLINE SHALLOW,GW,39.1591111,-119.0509444,1,NAD83, 4281., 25,NGVD29,16050303,qw,00945,,0,,wat,INN,197301,0,2011-04-12,2011-04-12,1
USGS,390933119030302,110A N15 E26 15DDDA2    JULIAN POWERLINE SHALLOW,GW,39.1591111,-119.0509444,1,NAD83, 4281., 25,NGVD29,16050303,qw,00950,,0,,wat,INN,206706,0,2011-04-12,2011-04-12,1
USGS,390933119030302,110A N15 E26 15DDDA2    JULIAN POWERLINE SHALLOW,GW,39.1591111,-119.0509444,1,NAD83, 4281., 25,NGVD29,16050303,qw,00955,,0,,wat,INN,151977,0,2011-04-12,2011-04-12,1
USGS,390933119030302,110A N15 E26 15DDDA2    JULIAN POWERLINE SHALLOW,GW,39.1591111,-119.0509444,1,NAD83, 4281., 25,NGVD29,16050303,qw,01046,,0,,wat,IMM,149559,0,2011-04-12,2011-04-12,1
USGS,390933119030302,110A N15 E26 15DDDA2    JULIAN POWERLINE SHALLOW,GW,39.1591111,-119.0509444,1,NAD83, 4281., 25,NGVD29,16050303,qw,01056,,0,,wat,IMM,149625,0,2011-04-12,2011-04-12,1
USGS,390933119030302,110A N15 E26 15DDDA2    JULIAN POWERLINE SHALLOW,GW,39.1591111,-119.0509444,1,NAD83, 4281., 25,NGVD29,16050303,qw,39086,,0,,wat,INN,1640192,0,2011-04-12,2011-04-12,1
USGS,390933119030302,110A N15 E26 15DDDA2    JULIAN POWERLINE SHALLOW,GW,39.1591111,-119.0509444,1,NAD83, 4281., 25,NGVD29,16050303,qw,50280,,0,,wat,INF,0,0,2011-11-17,2011-11-17,1
USGS,390933119030302,110A N15 E26 15DDDA2    JULIAN POWERLINE SHALLOW,GW,39.1591111,-119.0509444,1,NAD83, 4281., 25,NGVD29,16050303,qw,62452,,0,,wat,IMN,710947,0,2011-04-12,2011-04-12,1
USGS,390933119030302,110A N15 E26 15DDDA2    JULIAN POWERLINE SHALLOW,GW,39.1591111,-119.0509444,1,NAD83, 4281., 25,NGVD29,16050303,qw,62453,,0,,wat,IMN,17151366,0,2011-04-12,2011-04-12,1
USGS,390933119030302,110A N15 E26 15DDDA2    JULIAN POWERLINE SHALLOW,GW,39.1591111,-119.0509444,1,NAD83, 4281., 25,NGVD29,16050303,qw,62454,,0,,wat,OOT,1732853,0,2011-04-12,2011-04-12,1
USGS,390933119030302,110A N15 E26 15DDDA2    JULIAN POWERLINE SHALLOW,GW,39.1591111,-119.0509444,1,NAD83, 4281., 25,NGVD29,16050303,qw,62455,,0,,wat,OPE,5702,0,2011-04-12,2011-04-12,1
USGS,390933119030302,110A N15 E26 15DDDA2    JULIAN POWERLINE SHALLOW,GW,39.1591111,-119.0509444,1,NAD83, 4281., 25,NGVD29,16050303,qw,70300,,0,,wat,PHY,1642222,0,2011-04-12,2011-04-12,1
USGS,390933119030302,110A N15 E26 15DDDA2    JULIAN POWERLINE SHALLOW,GW,39.1591111,-119.0509444,1,NAD83, 4281., 25,NGVD29,16050303,qw,70301,,0,,wat,PHY,1642222,0,2011-04-12,2011-04-12,1
USGS,390933119030302,110A N15 E26 15DDDA2    JULIAN POWERLINE SHALLOW,GW,39.1591111,-119.0509444,1,NAD83, 4281., 25,NGVD29,16050303,qw,70303,,0,,wat,PHY,1642222,0,2011-04-12,2011-04-12,1
USGS,390933119030302,110A N15 E26 15DDDA2    JULIAN POWERLINE SHALLOW,GW,39.1591111,-119.0509444,1,NAD83, 4281., 25,NGVD29,16050303,qw,71870,,0,,wat,INN,227538,0,2011-04-12,2011-04-12,1
USGS,390933119030302,110A N15 E26 15DDDA2    JULIAN POWERLINE SHALLOW,GW,39.1591111,-119.0509444,1,NAD83, 4281., 25,NGVD29,16050303,qw,71999,,0,,wat,INF,0,0,2011-04-12,2011-04-12,1
USGS,390933119030302,110A N15 E26 15DDDA2    JULIAN POWERLINE SHALLOW,GW,39.1591111,-119.0509444,1,NAD83, 4281., 25,NGVD29,16050303,qw,82082,,0,,wat,ISO,1642107,0,2011-04-12,2011-04-12,1
USGS,390933119030302,110A N15 E26 15DDDA2    JULIAN POWERLINE SHALLOW,GW,39.1591111,-119.0509444,1,NAD83, 4281., 25,NGVD29,16050303,qw,82085,,0,,wat,ISO,967034,0,2011-04-12,2011-04-12,1
USGS,390933119030302,110A N15 E26 15DDDA2    JULIAN POWERLINE SHALLOW,GW,39.1591111,-119.0509444,1,NAD83, 4281., 25,NGVD29,16050303,qw,90095,,0,,wat,PHY,1646694,0,2011-04-12,2011-04-12,1
USGS,390950119104501,108  N15 E25 15CBBA1,GW,39.1639722,-119.1792222,1,NAD83, 4300., 10,NGVD29,16050303,gw,62610,,0,,wat,,1642461,0,1986-12-09,1986-12-09,1
USGS,390950119104501,108  N15 E25 15CBBA1,GW,39.1639722,-119.1792222,1,NAD83, 4300., 10,NGVD29,16050303,gw,62611,,0,,wat,,1642461,0,1986-12-09,1986-12-09,1
USGS,390950119104501,108  N15 E25 15CBBA1,GW,39.1639722,-119.1792222,1,NAD83, 4300., 10,NGVD29,16050303,gw,72019,,0,,wat,,1642008,0,1986-12-09,1986-12-09,1
USGS,390950119104501,108  N15 E25 15CBBA1,GW,39.1639722,-119.1792222,1,NAD83, 4300., 10,NGVD29,16050303,qw,,,0,,wat,ALL,0,0,2010-06-21,2010-06-25,7
USGS,390950119104501,108  N15 E25 15CBBA1,GW,39.1639722,-119.1792222,1,NAD83, 4300., 10,NGVD29,16050303,qw,07000,,0,,wat,RAD,166686,0,2010-06-25,2010-06-25,2
USGS,390950119104501,108  N15 E25 15CBBA1,GW,39.1639722,-119.1792222,1,NAD83, 4300., 10,NGVD29,16050303,qw,82082,,0,,wat,ISO,1642107,0,2010-06-21,2010-06-25,5
USGS,390950119104501,108  N15 E25 15CBBA1,GW,39.1639722,-119.1792222,1,NAD83, 4300., 10,NGVD29,16050303,qw,82085,,0,,wat,ISO,967034,0,2010-06-21,2010-06-25,5
USGS,391004119093201,108  N15 E25 11DCAC1    USBLM,GW,39.17494444,-119.1514444,1,NAD83, 4321,  1,NGVD29,16050303,ad,,,0,,wat,,0,0,2005,2008,4
USGS,391004119093201,108  N15 E25 11DCAC1    USBLM,GW,39.17494444,-119.1514444,1,NAD83, 4321,  1,NGVD29,16050303,aw,,,0,,wat,,0,0,2004,2021,76
USGS,391004119093201,108  N15 E25 11DCAC1    USBLM,GW,39.17494444,-119.1514444,1,NAD83, 4321,  1,NGVD29,16050303,gw,62610,,0,,wat,,1642461,0,2004-03-03,2023-03-14,80
USGS,391004119093201,108  N15 E25 11DCAC1    USBLM,GW,39.17494444,-119.1514444,1,NAD83, 4321,  1,NGVD29,16050303,gw,62611,,0,,wat,,1642461,0,2004-03-03,2023-03-14,80
USGS,391004119093201,108  N15 E25 11DCAC1    USBLM,GW,39.17494444,-119.1514444,1,NAD83, 4321,  1,NGVD29,16050303,gw,72019,,0,,wat,,1642008,0,2004-03-03,2023-03-14,80
USGS,391011119020301,110A  N15 E26 14AACB1 MID JULIAN,GW,39.16980556,-119.0341667,1,NAD83, 4408,  1,NGVD29,16050303,aw,,,0,,wat,,0,0,1986,2021,17
USGS,391011119020301,110A  N15 E26 14AACB1 MID JULIAN,GW,39.16980556,-119.0341667,1,NAD83, 4408,  1,NGVD29,16050303,gw,62610,,0,,wat,,1642461,0,1986-05-21,2022-11-29,20
USGS,391011119020301,110A  N15 E26 14AACB1 MID JULIAN,GW,39.16980556,-119.0341667,1,NAD83, 4408,  1,NGVD29,16050303,gw,62611,,0,,wat,,1642461,0,1986-05-21,2022-11-29,20
USGS,391011119020301,110A  N15 E26 14AACB1 MID JULIAN,GW,39.16980556,-119.0341667,1,NAD83, 4408,  1,NGVD29,16050303,gw,72019,,0,,wat,,1642008,0,1986-05-21,2022-11-29,20
USGS,391017119090301,108  N15 E25 14ABBA1    GADDA,GW,39.17127778,-119.1509444,1,NAD83, 4300., 10,NGVD29,16050303,aw,,,0,,wat,,0,0,2010,2021,20
USGS,391017119090301,108  N15 E25 14ABBA1    GADDA,GW,39.17127778,-119.1509444,1,NAD83, 4300., 10,NGVD29,16050303,gw,62610,,0,,wat,,1642461,0,2010-09-02,2023-03-14,24
USGS,391017119090301,108  N15 E25 14ABBA1    GADDA,GW,39.17127778,-119.1509444,1,NAD83, 4300., 10,NGVD29,16050303,gw,62611,,0,,wat,,1642461,0,2010-09-02,2023-03-14,24
USGS,391017119090301,108  N15 E25 14ABBA1    GADDA,GW,39.17127778,-119.1509444,1,NAD83, 4300., 10,NGVD29,16050303,gw,72019,,0,,wat,,1642008,0,2010-09-02,2023-03-14,24
USGS,391021119094001,108  N15 E25 11CCCC1,GW,39.17252778,-119.1611944,1,NAD83, 4301., 10,NGVD29,16050303,aw,,,0,,wat,,0,0,2010,2021,19
USGS,391021119094001,108  N15 E25 11CCCC1,GW,39.17252778,-119.1611944,1,NAD83, 4301., 10,NGVD29,16050303,gw,62610,,0,,wat,,1642461,0,2010-11-19,2023-03-14,23
USGS,391021119094001,108  N15 E25 11CCCC1,GW,39.17252778,-119.1611944,1,NAD83, 4301., 10,NGVD29,16050303,gw,62611,,0,,wat,,1642461,0,2010-11-19,2023-03-14,23
USGS,391021119094001,108  N15 E25 11CCCC1,GW,39.17252778,-119.1611944,1,NAD83, 4301., 10,NGVD29,16050303,gw,72019,,0,,wat,,1642008,0,2010-11-19,2023-03-14,23
USGS,391052119034101,110A N15 E26 10BDCD2    USBLM - JULIAN WELL,GW,39.18075,-119.0619167,1,NAD83, 4326.,  1,NGVD29,16050303,ad,,,0,,wat,,0,0,2005,2008,4
USGS,391052119034101,110A N15 E26 10BDCD2    USBLM - JULIAN WELL,GW,39.18075,-119.0619167,1,NAD83, 4326.,  1,NGVD29,16050303,aw,,,0,,wat,,0,0,1966,2021,79
USGS,391052119034101,110A N15 E26 10BDCD2    USBLM - JULIAN WELL,GW,39.18075,-119.0619167,1,NAD83, 4326.,  1,NGVD29,16050303,gw,62610,,0,,wat,,1642461,0,1966-02-16,2022-11-21,82
USGS,391052119034101,110A N15 E26 10BDCD2    USBLM - JULIAN WELL,GW,39.18075,-119.0619167,1,NAD83, 4326.,  1,NGVD29,16050303,gw,62611,,0,,wat,,1642461,0,1966-02-16,2022-11-21,82
USGS,391052119034101,110A N15 E26 10BDCD2    USBLM - JULIAN WELL,GW,39.18075,-119.0619167,1,NAD83, 4326.,  1,NGVD29,16050303,gw,72019,,0,,wat,,1642008,0,1966-02-16,2022-11-21,82
USGS,391058119075801,108  N15 E25 12ABCD1    WABUSKA 2,GW,39.1828333,-119.1327222,1,NAD83, 4395., 25,NGVD29,16050303,ad,,,0,,wat,,0,0,2011,2013,3
USGS,391058119075801,108  N15 E25 12ABCD1    WABUSKA 2,GW,39.1828333,-119.1327222,1,NAD83, 4395., 25,NGVD29,16050303,aw,,,0,,wat,,0,0,2010,2021,23
USGS,391058119075801,108  N15 E25 12ABCD1    WABUSKA 2,GW,39.1828333,-119.1327222,1,NAD83, 4395., 25,NGVD29,16050303,gw,62610,,0,,wat,,1642461,0,2010-06-10,2023-03-14,27
USGS,391058119075801,108  N15 E25 12ABCD1    WABUSKA 2,GW,39.1828333,-119.1327222,1,NAD83, 4395., 25,NGVD29,16050303,gw,62611,,0,,wat,,1642461,0,2010-06-10,2023-03-14,27
USGS,391058119075801,108  N15 E25 12ABCD1    WABUSKA 2,GW,39.1828333,-119.1327222,1,NAD83, 4395., 25,NGVD29,16050303,gw,72019,,0,,wat,,1642008,0,2010-06-10,2023-03-14,27
USGS,391058119075801,108  N15 E25 12ABCD1    WABUSKA 2,GW,39.1828333,-119.1327222,1,NAD83, 4395., 25,NGVD29,16050303,qw,,,0,,wat,ALL,0,0,2011-04-19,2011-04-19,1
USGS,391058119075801,108  N15 E25 12ABCD1    WABUSKA 2,GW,39.1828333,-119.1327222,1,NAD83, 4395., 25,NGVD29,16050303,qw,00010,,0,,wat,PHY,1645597,0,2011-04-19,2011-04-19,1
USGS,391058119075801,108  N15 E25 12ABCD1    WABUSKA 2,GW,39.1828333,-119.1327222,1,NAD83, 4395., 25,NGVD29,16050303,qw,00095,,0,,wat,PHY,1646694,0,2011-04-19,2011-04-19,1
USGS,391058119075801,108  N15 E25 12ABCD1    WABUSKA 2,GW,39.1828333,-119.1327222,1,NAD83, 4395., 25,NGVD29,16050303,qw,00191,,0,,wat,INN,1640572,0,2011-04-19,2011-04-19,1
USGS,391058119075801,108  N15 E25 12ABCD1    WABUSKA 2,GW,39.1828333,-119.1327222,1,NAD83, 4395., 25,NGVD29,16050303,qw,00400,,0,,wat,PHY,17028275,0,2011-04-19,2011-04-19,1
USGS,391058119075801,108  N15 E25 12ABCD1    WABUSKA 2,GW,39.1828333,-119.1327222,1,NAD83, 4395., 25,NGVD29,16050303,qw,00403,,0,,wat,PHY,1644335,0,2011-04-19,2011-04-19,1
USGS,391058119075801,108  N15 E25 12ABCD1    WABUSKA 2,GW,39.1828333,-119.1327222,1,NAD83, 4395., 25,NGVD29,16050303,qw,00405,,0,,wat,INN,33548,0,2011-04-19,2011-04-19,1
USGS,391058119075801,108  N15 E25 12ABCD1    WABUSKA 2,GW,39.1828333,-119.1327222,1,NAD83, 4395., 25,NGVD29,16050303,qw,00900,,0,,wat,PHY,1640416,0,2011-04-19,2011-04-19,1
USGS,391058119075801,108  N15 E25 12ABCD1    WABUSKA 2,GW,39.1828333,-119.1327222,1,NAD83, 4395., 25,NGVD29,16050303,qw,00915,,0,,wat,INM,150268,0,2011-04-19,2011-04-19,1
USGS,391058119075801,108  N15 E25 12ABCD1    WABUSKA 2,GW,39.1828333,-119.1327222,1,NAD83, 4395., 25,NGVD29,16050303,qw,00925,,0,,wat,INM,149617,0,2011-04-19,2011-04-19,1
USGS,391058119075801,108  N15 E25 12ABCD1    WABUSKA 2,GW,39.1828333,-119.1327222,1,NAD83, 4395., 25,NGVD29,16050303,qw,00930,,0,,wat,INM,149856,0,2011-04-19,2011-04-19,1
USGS,391058119075801,108  N15 E25 12ABCD1    WABUSKA 2,GW,39.1828333,-119.1327222,1,NAD83, 4395., 25,NGVD29,16050303,qw,00931,,0,,wat,INM,1640523,0,2011-04-19,2011-04-19,1
USGS,391058119075801,108  N15 E25 12ABCD1    WABUSKA 2,GW,39.1828333,-119.1327222,1,NAD83, 4395., 25,NGVD29,16050303,qw,00932,,0,,wat,INM,1646660,0,2011-04-19,2011-04-19,1
USGS,391058119075801,108  N15 E25 12ABCD1    WABUSKA 2,GW,39.1828333,-119.1327222,1,NAD83, 4395., 25,NGVD29,16050303,qw,00935,,0,,wat,INM,149740,0,2011-04-19,2011-04-19,1
USGS,391058119075801,108  N15 E25 12ABCD1    WABUSKA 2,GW,39.1828333,-119.1327222,1,NAD83, 4395., 25,NGVD29,16050303,qw,00940,,0,,wat,INN,205955,0,2011-04-19,2011-04-19,1
USGS,391058119075801,108  N15 E25 12ABCD1    WABUSKA 2,GW,39.1828333,-119.1327222,1,NAD83, 4395., 25,NGVD29,16050303,qw,00945,,0,,wat,INN,197301,0,2011-04-19,2011-04-19,1
USGS,391058119075801,108  N15 E25 12ABCD1    WABUSKA 2,GW,39.1828333,-119.1327222,1,NAD83, 4395., 25,NGVD29,16050303,qw,00950,,0,,wat,INN,206706,0,2011-04-19,2011-04-19,1
USGS,391058119075801,108  N15 E25 12ABCD1    WABUSKA 2,GW,39.1828333,-119.1327222,1,NAD83, 4395., 25,NGVD29,16050303,qw,00955,,0,,wat,INN,151977,0,2011-04-19,2011-04-19,1
USGS,391058119075801,108  N15 E25 12ABCD1    WABUSKA 2,GW,39.1828333,-119.1327222,1,NAD83, 4395., 25,NGVD29,16050303,qw,01046,,0,,wat,IMM,149559,0,2011-04-19,2011-04-19,1
USGS,391058119075801,108  N15 E25 12ABCD1    WABUSKA 2,GW,39.1828333,-119.1327222,1,NAD83, 4395., 25,NGVD29,16050303,qw,01056,,0,,wat,IMM,149625,0,2011-04-19,2011-04-19,1
USGS,391058119075801,108  N15 E25 12ABCD1    WABUSKA 2,GW,39.1828333,-119.1327222,1,NAD83, 4395., 25,NGVD29,16050303,qw,39086,,0,,wat,INN,1640192,0,2011-04-19,2011-04-19,1
USGS,391058119075801,108  N15 E25 12ABCD1    WABUSKA 2,GW,39.1828333,-119.1327222,1,NAD83, 4395., 25,NGVD29,16050303,qw,50280,,0,,wat,INF,0,0,2011-04-19,2011-04-19,1
USGS,391058119075801,108  N15 E25 12ABCD1    WABUSKA 2,GW,39.1828333,-119.1327222,1,NAD83, 4395., 25,NGVD29,16050303,qw,62452,,0,,wat,IMN,710947,0,2011-04-19,2011-04-19,1
USGS,391058119075801,108  N15 E25 12ABCD1    WABUSKA 2,GW,39.1828333,-119.1327222,1,NAD83, 4395., 25,NGVD29,16050303,qw,62453,,0,,wat,IMN,17151366,0,2011-04-19,2011-04-19,1
USGS,391058119075801,108  N15 E25 12ABCD1    WABUSKA 2,GW,39.1828333,-119.1327222,1,NAD83, 4395., 25,NGVD29,16050303,qw,62454,,0,,wat,OOT,1732853,0,2011-04-19,2011-04-19,1
USGS,391058119075801,108  N15 E25 12ABCD1    WABUSKA 2,GW,39.1828333,-119.1327222,1,NAD83, 4395., 25,NGVD29,16050303,qw,62455,,0,,wat,OPE,5702,0,2011-04-19,2011-04-19,1
USGS,391058119075801,108  N15 E25 12ABCD1    WABUSKA 2,GW,39.1828333,-119.1327222,1,NAD83, 4395., 25,NGVD29,16050303,qw,70300,,0,,wat,PHY,1642222,0,2011-04-19,2011-04-19,1
USGS,391058119075801,108  N15 E25 12ABCD1    WABUSKA 2,GW,39.1828333,-119.1327222,1,NAD83, 4395., 25,NGVD29,16050303,qw,70301,,0,,wat,PHY,1642222,0,2011-04-19,2011-04-19,1
USGS,391058119075801,108  N15 E25 12ABCD1    WABUSKA 2,GW,39.1828333,-119.1327222,1,NAD83, 4395., 25,NGVD29,16050303,qw,70303,,0,,wat,PHY,1642222,0,2011-04-19,2011-04-19,1
USGS,391058119075801,108  N15 E25 12ABCD1    WABUSKA 2,GW,39.1828333,-119.1327222,1,NAD83, 4395., 25,NGVD29,16050303,qw,71870,,0,,wat,INN,227538,0,2011-04-19,2011-04-19,1
USGS,391058119075801,108  N15 E25 12ABCD1    WABUSKA 2,GW,39.1828333,-119.1327222,1,NAD83, 4395., 25,NGVD29,16050303,qw,71999,,0,,wat,INF,0,0,2011-04-19,2011-04-19,1
USGS,391058119075801,108  N15 E25 12ABCD1    WABUSKA 2,GW,39.1828333,-119.1327222,1,NAD83, 4395., 25,NGVD29,16050303,qw,82082,,0,,wat,ISO,1642107,0,2011-04-19,2011-04-19,1
USGS,391058119075801,108  N15 E25 12ABCD1    WABUSKA 2,GW,39.1828333,-119.1327222,1,NAD83, 4395., 25,NGVD29,16050303,qw,82085,,0,,wat,ISO,967034,0,2011-04-19,2011-04-19,1
USGS,391058119075801,108  N15 E25 12ABCD1    WABUSKA 2,GW,39.1828333,-119.1327222,1,NAD83, 4395., 25,NGVD29,16050303,qw,82398,,0,,wat,INF,0,0,2011-04-19,2011-04-19,1
USGS,391058119075801,108  N15 E25 12ABCD1    WABUSKA 2,GW,39.1828333,-119.1327222,1,NAD83, 4395., 25,NGVD29,16050303,qw,90095,,0,,wat,PHY,1646694,0,2011-04-19,2011-04-19,1
