agency_cd,site_no,station_nm,site_tp_cd,dec_lat_va,dec_long_va,coord_acy_cd,dec_coord_datum_cd,alt_va,alt_acy_va,alt_datum_cd,huc_cd,data_type_cd,parm_cd,stat_cd,ts_id,loc_web_ds,medium_grp_cd,parm_grp_cd,srs_id,access_cd,begin_date,end_date,count_nu
USGS,10244460,"RAWHIDE FLATS TRIB NR SCHURZ, NV",ST,39.14436479,-118.74959,U,NAD83, 4180.00,.01,NGVD29,16060002,pk,,,0,,wat,,0,0,1967,1983,16
USGS,10293200,"E WALKER RV AT MORGAN BRIDGE NR WICHMAN CYN, NV",ST,38.548,-118.950061,S,NAD83,5093,20,NAVD88,16050301,pk,,,0,,wat,,0,0,2025-09-11,2025-09-11,1
USGS,10293200,"E WALKER RV AT MORGAN BRIDGE NR WICHMAN CYN, NV",ST,38.548,-118.950061,S,NAD83,5093,20,NAVD88,16050301,sv,,,0,,wat,,0,0,2025-02-21,2026-08-26,17
USGS,10293200,"E WALKER RV AT MORGAN BRIDGE NR WICHMAN CYN, NV",ST,38.548,-118.950061,S,NAD83,5093,20,NAVD88,16050301,uv,00060,,347166,,wat,,1645423,0,2025-02-21,2026-10-02,588
USGS,10293200,"E WALKER RV AT MORGAN BRIDGE NR WICHMAN CYN, NV",ST,38.548,-118.950061,S,NAD83,5093,20,NAVD88,16050301,uv,00065,,347165,,wat,,17164583,0,2025-02-21,2026-10-02,588
USGS,10293400,"E WALKER RV AT IVY RANCH BRG NR MASON, NV",ST,38.7185,-118.9795556,S,NAD83,4706,20,NAVD88,16050301,ad,,,0,,wat,,0,0,2025,2025,1
USGS,10293400,"E WALKER RV AT IVY RANCH BRG NR MASON, NV",ST,38.7185,-118.9795556,S,NAD83,4706,20,NAVD88,16050301,dv,00060,00003,354559,,wat,,1645423,0,2025-05-01,2026-10-01,515
USGS,10293400,"E WALKER RV AT IVY RANCH BRG NR MASON, NV",ST,38.7185,-118.9795556,S,NAD83,4706,20,NAVD88,16050301,pk,,,0,,wat,,0,0,2025-06-09,2025-06-09,1
USGS,10293400,"E WALKER RV AT IVY RANCH BRG NR MASON, NV",ST,38.7185,-118.9795556,S,NAD83,4706,20,NAVD88,16050301,sv,,,0,,wat,,0,0,2025-04-30,2026-08-26,15
USGS,10293400,"E WALKER RV AT IVY RANCH BRG NR MASON, NV",ST,38.7185,-118.9795556,S,NAD83,4706,20,NAVD88,16050301,uv,00060,,347743,,wat,,1645423,0,2025-04-30,2026-10-02,520
USGS,10293400,"E WALKER RV AT IVY RANCH BRG NR MASON, NV",ST,38.7185,-118.9795556,S,NAD83,4706,20,NAVD88,16050301,uv,00065,,347742,,wat,,17164583,0,2025-04-30,2026-10-02,520
USGS,10293500,"E WALKER RV ABV STROSNIDER DITCH NR MASON, NV",ST,38.81371389,-119.0479917,S,NAD83, 4574.10,.01,NGVD29,16050301,ad,,,0,,wat,,0,0,2005,2025,21
USGS,10293500,"E WALKER RV ABV STROSNIDER DITCH NR MASON, NV",ST,38.81371389,-119.0479917,S,NAD83, 4574.10,.01,NGVD29,16050301,dv,00060,00003,102497,,wat,,1645423,0,1947-10-01,2026-10-01,25952
USGS,10293500,"E WALKER RV ABV STROSNIDER DITCH NR MASON, NV",ST,38.81371389,-119.0479917,S,NAD83, 4574.10,.01,NGVD29,16050301,pk,,,0,,wat,,0,0,1947-05-28,2025-06-08,78
USGS,10293500,"E WALKER RV ABV STROSNIDER DITCH NR MASON, NV",ST,38.81371389,-119.0479917,S,NAD83, 4574.10,.01,NGVD29,16050301,qw,,,0,,wat,ALL,0,0,1977-04-21,2019-07-10,36
USGS,10293500,"E WALKER RV ABV STROSNIDER DITCH NR MASON, NV",ST,38.81371389,-119.0479917,S,NAD83, 4574.10,.01,NGVD29,16050301,qw,00010,,0,,wat,PHY,1645597,0,1977-04-21,2019-07-10,33
USGS,10293500,"E WALKER RV ABV STROSNIDER DITCH NR MASON, NV",ST,38.81371389,-119.0479917,S,NAD83, 4574.10,.01,NGVD29,16050301,qw,00020,,0,,wat,PHY,1645712,0,1994-05-03,2004-03-08,8
USGS,10293500,"E WALKER RV ABV STROSNIDER DITCH NR MASON, NV",ST,38.81371389,-119.0479917,S,NAD83, 4574.10,.01,NGVD29,16050301,qw,00022,,0,,wat,INF,0,0,2019-06-11,2019-06-11,1
USGS,10293500,"E WALKER RV ABV STROSNIDER DITCH NR MASON, NV",ST,38.81371389,-119.0479917,S,NAD83, 4574.10,.01,NGVD29,16050301,qw,00025,,0,,wat,PHY,1641265,0,1994-05-03,2019-07-10,10
USGS,10293500,"E WALKER RV ABV STROSNIDER DITCH NR MASON, NV",ST,38.81371389,-119.0479917,S,NAD83, 4574.10,.01,NGVD29,16050301,qw,00028,,0,,sed,INF,0,0,2005-04-28,2005-04-28,1
USGS,10293500,"E WALKER RV ABV STROSNIDER DITCH NR MASON, NV",ST,38.81371389,-119.0479917,S,NAD83, 4574.10,.01,NGVD29,16050301,qw,00028,,0,,wat,INF,0,0,1994-05-03,2004-03-08,9
USGS,10293500,"E WALKER RV ABV STROSNIDER DITCH NR MASON, NV",ST,38.81371389,-119.0479917,S,NAD83, 4574.10,.01,NGVD29,16050301,qw,00061,,0,,wat,PHY,1645415,0,1977-04-21,2019-07-10,33
USGS,10293500,"E WALKER RV ABV STROSNIDER DITCH NR MASON, NV",ST,38.81371389,-119.0479917,S,NAD83, 4574.10,.01,NGVD29,16050301,qw,00065,,0,,wat,PHY,17164583,0,1994-05-03,2019-07-10,9
USGS,10293500,"E WALKER RV ABV STROSNIDER DITCH NR MASON, NV",ST,38.81371389,-119.0479917,S,NAD83, 4574.10,.01,NGVD29,16050301,qw,00076,,0,,wat,PHY,1640507,0,1994-05-03,1995-06-28,8
USGS,10293500,"E WALKER RV ABV STROSNIDER DITCH NR MASON, NV",ST,38.81371389,-119.0479917,S,NAD83, 4574.10,.01,NGVD29,16050301,qw,00095,,0,,wat,PHY,1646694,0,1977-04-21,2019-07-10,33
USGS,10293500,"E WALKER RV ABV STROSNIDER DITCH NR MASON, NV",ST,38.81371389,-119.0479917,S,NAD83, 4574.10,.01,NGVD29,16050301,qw,00191,,0,,wat,INN,1640572,0,1994-05-03,2019-07-10,10
USGS,10293500,"E WALKER RV ABV STROSNIDER DITCH NR MASON, NV",ST,38.81371389,-119.0479917,S,NAD83, 4574.10,.01,NGVD29,16050301,qw,00300,,0,,wat,INN,154302,0,1994-05-03,2004-03-08,8
USGS,10293500,"E WALKER RV ABV STROSNIDER DITCH NR MASON, NV",ST,38.81371389,-119.0479917,S,NAD83, 4574.10,.01,NGVD29,16050301,qw,00301,,0,,wat,INN,154302,0,1994-05-03,2004-03-08,8
USGS,10293500,"E WALKER RV ABV STROSNIDER DITCH NR MASON, NV",ST,38.81371389,-119.0479917,S,NAD83, 4574.10,.01,NGVD29,16050301,qw,00400,,0,,wat,PHY,17028275,0,1994-05-03,2019-07-10,10
USGS,10293500,"E WALKER RV ABV STROSNIDER DITCH NR MASON, NV",ST,38.81371389,-119.0479917,S,NAD83, 4574.10,.01,NGVD29,16050301,qw,00403,,0,,wat,PHY,1644335,0,1994-05-03,2004-03-08,9
USGS,10293500,"E WALKER RV ABV STROSNIDER DITCH NR MASON, NV",ST,38.81371389,-119.0479917,S,NAD83, 4574.10,.01,NGVD29,16050301,qw,00405,,0,,wat,INN,33548,0,1994-05-03,2004-03-08,8
USGS,10293500,"E WALKER RV ABV STROSNIDER DITCH NR MASON, NV",ST,38.81371389,-119.0479917,S,NAD83, 4574.10,.01,NGVD29,16050301,qw,00452,,0,,wat,INN,119396,0,1994-05-03,1994-08-30,2
USGS,10293500,"E WALKER RV ABV STROSNIDER DITCH NR MASON, NV",ST,38.81371389,-119.0479917,S,NAD83, 4574.10,.01,NGVD29,16050301,qw,00453,,0,,wat,INN,4788,0,1994-05-03,2004-03-08,8
USGS,10293500,"E WALKER RV ABV STROSNIDER DITCH NR MASON, NV",ST,38.81371389,-119.0479917,S,NAD83, 4574.10,.01,NGVD29,16050301,qw,00600,,0,,wat,NUT,52450988,0,1994-05-03,1995-06-28,8
USGS,10293500,"E WALKER RV ABV STROSNIDER DITCH NR MASON, NV",ST,38.81371389,-119.0479917,S,NAD83, 4574.10,.01,NGVD29,16050301,qw,00605,,0,,wat,NUT,17297623,0,1994-05-03,1995-06-28,8
USGS,10293500,"E WALKER RV ABV STROSNIDER DITCH NR MASON, NV",ST,38.81371389,-119.0479917,S,NAD83, 4574.10,.01,NGVD29,16050301,qw,00608,,0,,wat,NUT,966655,0,1994-05-03,1995-06-28,8
USGS,10293500,"E WALKER RV ABV STROSNIDER DITCH NR MASON, NV",ST,38.81371389,-119.0479917,S,NAD83, 4574.10,.01,NGVD29,16050301,qw,00613,,0,,wat,NUT,197194,0,1994-05-03,1995-06-28,8
USGS,10293500,"E WALKER RV ABV STROSNIDER DITCH NR MASON, NV",ST,38.81371389,-119.0479917,S,NAD83, 4574.10,.01,NGVD29,16050301,qw,00618,,0,,wat,NUT,197186,0,1994-05-03,1995-06-28,8
USGS,10293500,"E WALKER RV ABV STROSNIDER DITCH NR MASON, NV",ST,38.81371389,-119.0479917,S,NAD83, 4574.10,.01,NGVD29,16050301,qw,00625,,0,,wat,NUT,17148461,0,1994-05-03,1995-06-28,8
USGS,10293500,"E WALKER RV ABV STROSNIDER DITCH NR MASON, NV",ST,38.81371389,-119.0479917,S,NAD83, 4574.10,.01,NGVD29,16050301,qw,00631,,0,,wat,NUT,701177,0,1994-05-03,1995-06-28,8
USGS,10293500,"E WALKER RV ABV STROSNIDER DITCH NR MASON, NV",ST,38.81371389,-119.0479917,S,NAD83, 4574.10,.01,NGVD29,16050301,qw,00660,,0,,wat,NUT,194464,0,1994-05-03,1995-06-28,8
USGS,10293500,"E WALKER RV ABV STROSNIDER DITCH NR MASON, NV",ST,38.81371389,-119.0479917,S,NAD83, 4574.10,.01,NGVD29,16050301,qw,00665,,0,,wat,NUT,153049,0,1994-05-03,1995-06-28,8
USGS,10293500,"E WALKER RV ABV STROSNIDER DITCH NR MASON, NV",ST,38.81371389,-119.0479917,S,NAD83, 4574.10,.01,NGVD29,16050301,qw,00666,,0,,wat,NUT,153049,0,1994-05-03,1995-06-28,8
USGS,10293500,"E WALKER RV ABV STROSNIDER DITCH NR MASON, NV",ST,38.81371389,-119.0479917,S,NAD83, 4574.10,.01,NGVD29,16050301,qw,00668,,0,,sed,NUT,153049,0,2005-04-28,2005-04-28,1
USGS,10293500,"E WALKER RV ABV STROSNIDER DITCH NR MASON, NV",ST,38.81371389,-119.0479917,S,NAD83, 4574.10,.01,NGVD29,16050301,qw,00671,,0,,wat,NUT,194464,0,1994-05-03,1995-06-28,8
USGS,10293500,"E WALKER RV ABV STROSNIDER DITCH NR MASON, NV",ST,38.81371389,-119.0479917,S,NAD83, 4574.10,.01,NGVD29,16050301,qw,00900,,0,,wat,PHY,1640416,0,1994-05-03,2004-03-08,9
USGS,10293500,"E WALKER RV ABV STROSNIDER DITCH NR MASON, NV",ST,38.81371389,-119.0479917,S,NAD83, 4574.10,.01,NGVD29,16050301,qw,00915,,0,,wat,INM,150268,0,1994-05-03,2004-03-08,9
USGS,10293500,"E WALKER RV ABV STROSNIDER DITCH NR MASON, NV",ST,38.81371389,-119.0479917,S,NAD83, 4574.10,.01,NGVD29,16050301,qw,00917,,0,,sed,INM,150268,0,2005-04-28,2005-04-28,1
USGS,10293500,"E WALKER RV ABV STROSNIDER DITCH NR MASON, NV",ST,38.81371389,-119.0479917,S,NAD83, 4574.10,.01,NGVD29,16050301,qw,00924,,0,,sed,INM,149617,0,2005-04-28,2005-04-28,1
USGS,10293500,"E WALKER RV ABV STROSNIDER DITCH NR MASON, NV",ST,38.81371389,-119.0479917,S,NAD83, 4574.10,.01,NGVD29,16050301,qw,00925,,0,,wat,INM,149617,0,1994-05-03,2004-03-08,9
USGS,10293500,"E WALKER RV ABV STROSNIDER DITCH NR MASON, NV",ST,38.81371389,-119.0479917,S,NAD83, 4574.10,.01,NGVD29,16050301,qw,00930,,0,,wat,INM,149856,0,1994-05-03,2004-03-08,9
USGS,10293500,"E WALKER RV ABV STROSNIDER DITCH NR MASON, NV",ST,38.81371389,-119.0479917,S,NAD83, 4574.10,.01,NGVD29,16050301,qw,00931,,0,,wat,INM,1640523,0,1994-05-03,2004-03-08,9
USGS,10293500,"E WALKER RV ABV STROSNIDER DITCH NR MASON, NV",ST,38.81371389,-119.0479917,S,NAD83, 4574.10,.01,NGVD29,16050301,qw,00932,,0,,wat,INM,1646660,0,1994-05-03,2004-03-08,9
USGS,10293500,"E WALKER RV ABV STROSNIDER DITCH NR MASON, NV",ST,38.81371389,-119.0479917,S,NAD83, 4574.10,.01,NGVD29,16050301,qw,00934,,0,,sed,INM,149856,0,2005-04-28,2005-04-28,1
USGS,10293500,"E WALKER RV ABV STROSNIDER DITCH NR MASON, NV",ST,38.81371389,-119.0479917,S,NAD83, 4574.10,.01,NGVD29,16050301,qw,00935,,0,,wat,INM,149740,0,1994-05-03,2004-03-08,9
USGS,10293500,"E WALKER RV ABV STROSNIDER DITCH NR MASON, NV",ST,38.81371389,-119.0479917,S,NAD83, 4574.10,.01,NGVD29,16050301,qw,00938,,0,,sed,INM,149740,0,2005-04-28,2005-04-28,1
USGS,10293500,"E WALKER RV ABV STROSNIDER DITCH NR MASON, NV",ST,38.81371389,-119.0479917,S,NAD83, 4574.10,.01,NGVD29,16050301,qw,00940,,0,,wat,INN,205955,0,1994-05-03,2004-03-08,9
USGS,10293500,"E WALKER RV ABV STROSNIDER DITCH NR MASON, NV",ST,38.81371389,-119.0479917,S,NAD83, 4574.10,.01,NGVD29,16050301,qw,00945,,0,,wat,INN,197301,0,1994-05-03,2004-03-08,9
USGS,10293500,"E WALKER RV ABV STROSNIDER DITCH NR MASON, NV",ST,38.81371389,-119.0479917,S,NAD83, 4574.10,.01,NGVD29,16050301,qw,00950,,0,,wat,INN,206706,0,1994-05-03,2004-03-08,9
USGS,10293500,"E WALKER RV ABV STROSNIDER DITCH NR MASON, NV",ST,38.81371389,-119.0479917,S,NAD83, 4574.10,.01,NGVD29,16050301,qw,00955,,0,,wat,INN,151977,0,1994-05-03,2004-03-08,9
USGS,10293500,"E WALKER RV ABV STROSNIDER DITCH NR MASON, NV",ST,38.81371389,-119.0479917,S,NAD83, 4574.10,.01,NGVD29,16050301,qw,01000,,0,,wat,IMN,149989,0,1994-05-03,1995-06-28,7
USGS,10293500,"E WALKER RV ABV STROSNIDER DITCH NR MASON, NV",ST,38.81371389,-119.0479917,S,NAD83, 4574.10,.01,NGVD29,16050301,qw,01005,,0,,wat,IMM,149997,0,1994-05-03,1995-06-28,7
USGS,10293500,"E WALKER RV ABV STROSNIDER DITCH NR MASON, NV",ST,38.81371389,-119.0479917,S,NAD83, 4574.10,.01,NGVD29,16050301,qw,01010,,0,,wat,IMM,150003,0,1994-05-03,1995-06-28,7
USGS,10293500,"E WALKER RV ABV STROSNIDER DITCH NR MASON, NV",ST,38.81371389,-119.0479917,S,NAD83, 4574.10,.01,NGVD29,16050301,qw,01020,,0,,wat,IMN,150011,0,1994-05-03,2004-03-08,9
USGS,10293500,"E WALKER RV ABV STROSNIDER DITCH NR MASON, NV",ST,38.81371389,-119.0479917,S,NAD83, 4574.10,.01,NGVD29,16050301,qw,01025,,0,,wat,IMM,150029,0,1994-05-03,1995-06-28,7
USGS,10293500,"E WALKER RV ABV STROSNIDER DITCH NR MASON, NV",ST,38.81371389,-119.0479917,S,NAD83, 4574.10,.01,NGVD29,16050301,qw,01030,,0,,wat,IMM,150060,0,1994-05-03,1995-06-28,7
USGS,10293500,"E WALKER RV ABV STROSNIDER DITCH NR MASON, NV",ST,38.81371389,-119.0479917,S,NAD83, 4574.10,.01,NGVD29,16050301,qw,01035,,0,,wat,IMM,150078,0,1994-05-03,1995-06-28,7
USGS,10293500,"E WALKER RV ABV STROSNIDER DITCH NR MASON, NV",ST,38.81371389,-119.0479917,S,NAD83, 4574.10,.01,NGVD29,16050301,qw,01040,,0,,wat,IMM,150086,0,1994-05-03,1995-06-28,7
USGS,10293500,"E WALKER RV ABV STROSNIDER DITCH NR MASON, NV",ST,38.81371389,-119.0479917,S,NAD83, 4574.10,.01,NGVD29,16050301,qw,01046,,0,,wat,IMM,149559,0,1994-05-03,2004-03-08,9
USGS,10293500,"E WALKER RV ABV STROSNIDER DITCH NR MASON, NV",ST,38.81371389,-119.0479917,S,NAD83, 4574.10,.01,NGVD29,16050301,qw,01049,,0,,wat,IMM,149583,0,1994-05-03,1995-06-28,7
USGS,10293500,"E WALKER RV ABV STROSNIDER DITCH NR MASON, NV",ST,38.81371389,-119.0479917,S,NAD83, 4574.10,.01,NGVD29,16050301,qw,01056,,0,,wat,IMM,149625,0,1994-05-03,2004-03-08,9
USGS,10293500,"E WALKER RV ABV STROSNIDER DITCH NR MASON, NV",ST,38.81371389,-119.0479917,S,NAD83, 4574.10,.01,NGVD29,16050301,qw,01060,,0,,wat,IMM,149641,0,1994-05-03,1995-06-28,7
USGS,10293500,"E WALKER RV ABV STROSNIDER DITCH NR MASON, NV",ST,38.81371389,-119.0479917,S,NAD83, 4574.10,.01,NGVD29,16050301,qw,01065,,0,,wat,IMM,149674,0,1994-05-03,1995-06-28,7
USGS,10293500,"E WALKER RV ABV STROSNIDER DITCH NR MASON, NV",ST,38.81371389,-119.0479917,S,NAD83, 4574.10,.01,NGVD29,16050301,qw,01075,,0,,wat,IMM,149849,0,1994-05-03,1995-06-28,7
USGS,10293500,"E WALKER RV ABV STROSNIDER DITCH NR MASON, NV",ST,38.81371389,-119.0479917,S,NAD83, 4574.10,.01,NGVD29,16050301,qw,01080,,0,,wat,IMM,149864,0,1994-05-03,2004-03-08,9
USGS,10293500,"E WALKER RV ABV STROSNIDER DITCH NR MASON, NV",ST,38.81371389,-119.0479917,S,NAD83, 4574.10,.01,NGVD29,16050301,qw,01090,,0,,wat,IMM,150235,0,1994-05-03,1995-06-28,7
USGS,10293500,"E WALKER RV ABV STROSNIDER DITCH NR MASON, NV",ST,38.81371389,-119.0479917,S,NAD83, 4574.10,.01,NGVD29,16050301,qw,01095,,0,,wat,IMN,149963,0,1994-05-03,1995-06-28,7
USGS,10293500,"E WALKER RV ABV STROSNIDER DITCH NR MASON, NV",ST,38.81371389,-119.0479917,S,NAD83, 4574.10,.01,NGVD29,16050301,qw,01106,,0,,wat,IMM,149476,0,1994-05-03,1995-06-28,7
USGS,10293500,"E WALKER RV ABV STROSNIDER DITCH NR MASON, NV",ST,38.81371389,-119.0479917,S,NAD83, 4574.10,.01,NGVD29,16050301,qw,01108,,0,,sed,IMM,149476,0,2005-04-28,2005-04-28,1
USGS,10293500,"E WALKER RV ABV STROSNIDER DITCH NR MASON, NV",ST,38.81371389,-119.0479917,S,NAD83, 4574.10,.01,NGVD29,16050301,qw,01130,,0,,wat,IMM,149591,0,1994-05-03,1995-06-28,8
USGS,10293500,"E WALKER RV ABV STROSNIDER DITCH NR MASON, NV",ST,38.81371389,-119.0479917,S,NAD83, 4574.10,.01,NGVD29,16050301,qw,01145,,0,,wat,IMN,154310,0,1994-05-03,1995-06-28,7
USGS,10293500,"E WALKER RV ABV STROSNIDER DITCH NR MASON, NV",ST,38.81371389,-119.0479917,S,NAD83, 4574.10,.01,NGVD29,16050301,qw,01153,,0,,sed,IMM,149930,0,2005-04-28,2005-04-28,1
USGS,10293500,"E WALKER RV ABV STROSNIDER DITCH NR MASON, NV",ST,38.81371389,-119.0479917,S,NAD83, 4574.10,.01,NGVD29,16050301,qw,01170,,0,,sed,IMM,149559,0,2005-04-28,2005-04-28,1
USGS,10293500,"E WALKER RV ABV STROSNIDER DITCH NR MASON, NV",ST,38.81371389,-119.0479917,S,NAD83, 4574.10,.01,NGVD29,16050301,qw,04060,,0,,sed,IMM,149898,0,2005-04-28,2005-04-28,1
USGS,10293500,"E WALKER RV ABV STROSNIDER DITCH NR MASON, NV",ST,38.81371389,-119.0479917,S,NAD83, 4574.10,.01,NGVD29,16050301,qw,04125,,0,,sed,RAD,182451,0,2005-04-28,2005-04-28,1
USGS,10293500,"E WALKER RV ABV STROSNIDER DITCH NR MASON, NV",ST,38.81371389,-119.0479917,S,NAD83, 4574.10,.01,NGVD29,16050301,qw,09507,,0,,sed,RAD,192856,0,2005-04-28,2005-04-28,1
USGS,10293500,"E WALKER RV ABV STROSNIDER DITCH NR MASON, NV",ST,38.81371389,-119.0479917,S,NAD83, 4574.10,.01,NGVD29,16050301,qw,22703,,0,,wat,RAD,150185,0,1994-05-03,1995-06-28,7
USGS,10293500,"E WALKER RV ABV STROSNIDER DITCH NR MASON, NV",ST,38.81371389,-119.0479917,S,NAD83, 4574.10,.01,NGVD29,16050301,qw,30207,,0,,wat,PHY,17164583,0,1994-05-03,2019-07-10,9
USGS,10293500,"E WALKER RV ABV STROSNIDER DITCH NR MASON, NV",ST,38.81371389,-119.0479917,S,NAD83, 4574.10,.01,NGVD29,16050301,qw,30209,,0,,wat,PHY,1645415,0,1977-04-21,2019-07-10,33
USGS,10293500,"E WALKER RV ABV STROSNIDER DITCH NR MASON, NV",ST,38.81371389,-119.0479917,S,NAD83, 4574.10,.01,NGVD29,16050301,qw,34795,,0,,sed,IMN,149963,0,2005-04-28,2005-04-28,1
USGS,10293500,"E WALKER RV ABV STROSNIDER DITCH NR MASON, NV",ST,38.81371389,-119.0479917,S,NAD83, 4574.10,.01,NGVD29,16050301,qw,34800,,0,,sed,IMN,149989,0,2005-04-28,2005-04-28,1
USGS,10293500,"E WALKER RV ABV STROSNIDER DITCH NR MASON, NV",ST,38.81371389,-119.0479917,S,NAD83, 4574.10,.01,NGVD29,16050301,qw,34805,,0,,sed,IMM,149997,0,2005-04-28,2005-04-28,1
USGS,10293500,"E WALKER RV ABV STROSNIDER DITCH NR MASON, NV",ST,38.81371389,-119.0479917,S,NAD83, 4574.10,.01,NGVD29,16050301,qw,34810,,0,,sed,IMM,150003,0,2005-04-28,2005-04-28,1
USGS,10293500,"E WALKER RV ABV STROSNIDER DITCH NR MASON, NV",ST,38.81371389,-119.0479917,S,NAD83, 4574.10,.01,NGVD29,16050301,qw,34815,,0,,sed,IMM,150250,0,2005-04-28,2005-04-28,1
USGS,10293500,"E WALKER RV ABV STROSNIDER DITCH NR MASON, NV",ST,38.81371389,-119.0479917,S,NAD83, 4574.10,.01,NGVD29,16050301,qw,34825,,0,,sed,IMM,150029,0,2005-04-28,2005-04-28,1
USGS,10293500,"E WALKER RV ABV STROSNIDER DITCH NR MASON, NV",ST,38.81371389,-119.0479917,S,NAD83, 4574.10,.01,NGVD29,16050301,qw,34835,,0,,sed,IMM,150045,0,2005-04-28,2005-04-28,1
USGS,10293500,"E WALKER RV ABV STROSNIDER DITCH NR MASON, NV",ST,38.81371389,-119.0479917,S,NAD83, 4574.10,.01,NGVD29,16050301,qw,34840,,0,,sed,IMM,150060,0,2005-04-28,2005-04-28,1
USGS,10293500,"E WALKER RV ABV STROSNIDER DITCH NR MASON, NV",ST,38.81371389,-119.0479917,S,NAD83, 4574.10,.01,NGVD29,16050301,qw,34845,,0,,sed,IMM,150078,0,2005-04-28,2005-04-28,1
USGS,10293500,"E WALKER RV ABV STROSNIDER DITCH NR MASON, NV",ST,38.81371389,-119.0479917,S,NAD83, 4574.10,.01,NGVD29,16050301,qw,34850,,0,,sed,IMM,150086,0,2005-04-28,2005-04-28,1
USGS,10293500,"E WALKER RV ABV STROSNIDER DITCH NR MASON, NV",ST,38.81371389,-119.0479917,S,NAD83, 4574.10,.01,NGVD29,16050301,qw,34860,,0,,sed,IMM,150128,0,2005-04-28,2005-04-28,1
USGS,10293500,"E WALKER RV ABV STROSNIDER DITCH NR MASON, NV",ST,38.81371389,-119.0479917,S,NAD83, 4574.10,.01,NGVD29,16050301,qw,34885,,0,,sed,IMM,149575,0,2005-04-28,2005-04-28,1
USGS,10293500,"E WALKER RV ABV STROSNIDER DITCH NR MASON, NV",ST,38.81371389,-119.0479917,S,NAD83, 4574.10,.01,NGVD29,16050301,qw,34890,,0,,sed,IMM,149583,0,2005-04-28,2005-04-28,1
USGS,10293500,"E WALKER RV ABV STROSNIDER DITCH NR MASON, NV",ST,38.81371389,-119.0479917,S,NAD83, 4574.10,.01,NGVD29,16050301,qw,34895,,0,,sed,IMM,149591,0,2005-04-28,2005-04-28,1
USGS,10293500,"E WALKER RV ABV STROSNIDER DITCH NR MASON, NV",ST,38.81371389,-119.0479917,S,NAD83, 4574.10,.01,NGVD29,16050301,qw,34905,,0,,sed,IMM,149625,0,2005-04-28,2005-04-28,1
USGS,10293500,"E WALKER RV ABV STROSNIDER DITCH NR MASON, NV",ST,38.81371389,-119.0479917,S,NAD83, 4574.10,.01,NGVD29,16050301,qw,34910,,0,,sed,IMM,149633,0,2005-04-28,2005-04-28,1
USGS,10293500,"E WALKER RV ABV STROSNIDER DITCH NR MASON, NV",ST,38.81371389,-119.0479917,S,NAD83, 4574.10,.01,NGVD29,16050301,qw,34915,,0,,sed,IMM,149641,0,2005-04-28,2005-04-28,1
USGS,10293500,"E WALKER RV ABV STROSNIDER DITCH NR MASON, NV",ST,38.81371389,-119.0479917,S,NAD83, 4574.10,.01,NGVD29,16050301,qw,34925,,0,,sed,IMM,149674,0,2005-04-28,2005-04-28,1
USGS,10293500,"E WALKER RV ABV STROSNIDER DITCH NR MASON, NV",ST,38.81371389,-119.0479917,S,NAD83, 4574.10,.01,NGVD29,16050301,qw,34930,,0,,sed,IMM,149682,0,2005-04-28,2005-04-28,1
USGS,10293500,"E WALKER RV ABV STROSNIDER DITCH NR MASON, NV",ST,38.81371389,-119.0479917,S,NAD83, 4574.10,.01,NGVD29,16050301,qw,34945,,0,,sed,IMM,149823,0,2005-04-28,2005-04-28,1
USGS,10293500,"E WALKER RV ABV STROSNIDER DITCH NR MASON, NV",ST,38.81371389,-119.0479917,S,NAD83, 4574.10,.01,NGVD29,16050301,qw,34955,,0,,sed,IMM,149849,0,2005-04-28,2005-04-28,1
USGS,10293500,"E WALKER RV ABV STROSNIDER DITCH NR MASON, NV",ST,38.81371389,-119.0479917,S,NAD83, 4574.10,.01,NGVD29,16050301,qw,34965,,0,,sed,IMM,149864,0,2005-04-28,2005-04-28,1
USGS,10293500,"E WALKER RV ABV STROSNIDER DITCH NR MASON, NV",ST,38.81371389,-119.0479917,S,NAD83, 4574.10,.01,NGVD29,16050301,qw,34970,,0,,sed,INN,152744,0,2005-04-28,2005-04-28,1
USGS,10293500,"E WALKER RV ABV STROSNIDER DITCH NR MASON, NV",ST,38.81371389,-119.0479917,S,NAD83, 4574.10,.01,NGVD29,16050301,qw,34975,,0,,sed,IMM,149872,0,2005-04-28,2005-04-28,1
USGS,10293500,"E WALKER RV ABV STROSNIDER DITCH NR MASON, NV",ST,38.81371389,-119.0479917,S,NAD83, 4574.10,.01,NGVD29,16050301,qw,34980,,0,,sed,RAD,149906,0,2005-04-28,2005-04-28,1
USGS,10293500,"E WALKER RV ABV STROSNIDER DITCH NR MASON, NV",ST,38.81371389,-119.0479917,S,NAD83, 4574.10,.01,NGVD29,16050301,qw,35000,,0,,sed,RAD,150185,0,2005-04-28,2005-04-28,1
USGS,10293500,"E WALKER RV ABV STROSNIDER DITCH NR MASON, NV",ST,38.81371389,-119.0479917,S,NAD83, 4574.10,.01,NGVD29,16050301,qw,35005,,0,,sed,IMM,150193,0,2005-04-28,2005-04-28,1
USGS,10293500,"E WALKER RV ABV STROSNIDER DITCH NR MASON, NV",ST,38.81371389,-119.0479917,S,NAD83, 4574.10,.01,NGVD29,16050301,qw,35010,,0,,sed,IMM,150227,0,2005-04-28,2005-04-28,1
USGS,10293500,"E WALKER RV ABV STROSNIDER DITCH NR MASON, NV",ST,38.81371389,-119.0479917,S,NAD83, 4574.10,.01,NGVD29,16050301,qw,35020,,0,,sed,IMM,150235,0,2005-04-28,2005-04-28,1
USGS,10293500,"E WALKER RV ABV STROSNIDER DITCH NR MASON, NV",ST,38.81371389,-119.0479917,S,NAD83, 4574.10,.01,NGVD29,16050301,qw,39086,,0,,wat,INN,1640192,0,1994-05-03,2004-03-08,8
USGS,10293500,"E WALKER RV ABV STROSNIDER DITCH NR MASON, NV",ST,38.81371389,-119.0479917,S,NAD83, 4574.10,.01,NGVD29,16050301,qw,49266,,0,,sed,OOT,701250,0,2005-04-28,2005-04-28,1
USGS,10293500,"E WALKER RV ABV STROSNIDER DITCH NR MASON, NV",ST,38.81371389,-119.0479917,S,NAD83, 4574.10,.01,NGVD29,16050301,qw,49267,,0,,sed,INN,150037,0,2005-04-28,2005-04-28,1
USGS,10293500,"E WALKER RV ABV STROSNIDER DITCH NR MASON, NV",ST,38.81371389,-119.0479917,S,NAD83, 4574.10,.01,NGVD29,16050301,qw,49962,,0,,sed,RAD,182469,0,2005-04-28,2005-04-28,1
USGS,10293500,"E WALKER RV ABV STROSNIDER DITCH NR MASON, NV",ST,38.81371389,-119.0479917,S,NAD83, 4574.10,.01,NGVD29,16050301,qw,50280,,0,,wat,INF,0,0,2019-06-11,2019-07-10,3
USGS,10293500,"E WALKER RV ABV STROSNIDER DITCH NR MASON, NV",ST,38.81371389,-119.0479917,S,NAD83, 4574.10,.01,NGVD29,16050301,qw,51410,,0,,wat,OPE,775908,0,2019-06-11,2019-06-11,1
USGS,10293500,"E WALKER RV ABV STROSNIDER DITCH NR MASON, NV",ST,38.81371389,-119.0479917,S,NAD83, 4574.10,.01,NGVD29,16050301,qw,51415,,0,,wat,OPE,17123530,0,2019-06-11,2019-06-11,1
USGS,10293500,"E WALKER RV ABV STROSNIDER DITCH NR MASON, NV",ST,38.81371389,-119.0479917,S,NAD83, 4574.10,.01,NGVD29,16050301,qw,51418,,0,,wat,OPE,15651,0,2019-06-11,2019-06-11,1
USGS,10293500,"E WALKER RV ABV STROSNIDER DITCH NR MASON, NV",ST,38.81371389,-119.0479917,S,NAD83, 4574.10,.01,NGVD29,16050301,qw,51442,,0,,wat,OPE,94128,0,2019-06-11,2019-06-11,1
USGS,10293500,"E WALKER RV ABV STROSNIDER DITCH NR MASON, NV",ST,38.81371389,-119.0479917,S,NAD83, 4574.10,.01,NGVD29,16050301,qw,51448,,0,,wat,OPE,42127,0,2019-06-11,2019-06-11,1
USGS,10293500,"E WALKER RV ABV STROSNIDER DITCH NR MASON, NV",ST,38.81371389,-119.0479917,S,NAD83, 4574.10,.01,NGVD29,16050301,qw,51488,,0,,wat,OPE,3400,0,2019-06-11,2019-06-11,1
USGS,10293500,"E WALKER RV ABV STROSNIDER DITCH NR MASON, NV",ST,38.81371389,-119.0479917,S,NAD83, 4574.10,.01,NGVD29,16050301,qw,51496,,0,,wat,OPE,42606,0,2019-06-11,2019-06-11,1
USGS,10293500,"E WALKER RV ABV STROSNIDER DITCH NR MASON, NV",ST,38.81371389,-119.0479917,S,NAD83, 4574.10,.01,NGVD29,16050301,qw,51507,,0,,wat,OPE,621722,0,2019-06-11,2019-06-11,1
USGS,10293500,"E WALKER RV ABV STROSNIDER DITCH NR MASON, NV",ST,38.81371389,-119.0479917,S,NAD83, 4574.10,.01,NGVD29,16050301,qw,51518,,0,,wat,OPE,291062,0,2019-06-11,2019-06-11,1
USGS,10293500,"E WALKER RV ABV STROSNIDER DITCH NR MASON, NV",ST,38.81371389,-119.0479917,S,NAD83, 4574.10,.01,NGVD29,16050301,qw,51536,,0,,wat,OPE,700989,0,2019-06-11,2019-06-11,1
USGS,10293500,"E WALKER RV ABV STROSNIDER DITCH NR MASON, NV",ST,38.81371389,-119.0479917,S,NAD83, 4574.10,.01,NGVD29,16050301,qw,51590,,0,,wat,OPE,89474,0,2019-06-11,2019-06-11,1
USGS,10293500,"E WALKER RV ABV STROSNIDER DITCH NR MASON, NV",ST,38.81371389,-119.0479917,S,NAD83, 4574.10,.01,NGVD29,16050301,qw,51595,,0,,wat,OPE,316398,0,2019-06-11,2019-06-11,1
USGS,10293500,"E WALKER RV ABV STROSNIDER DITCH NR MASON, NV",ST,38.81371389,-119.0479917,S,NAD83, 4574.10,.01,NGVD29,16050301,qw,51616,,0,,wat,OPE,265652,0,2019-06-11,2019-06-11,1
USGS,10293500,"E WALKER RV ABV STROSNIDER DITCH NR MASON, NV",ST,38.81371389,-119.0479917,S,NAD83, 4574.10,.01,NGVD29,16050301,qw,53566,,0,,wat,OPE,582726,0,2019-06-11,2019-06-11,1
USGS,10293500,"E WALKER RV ABV STROSNIDER DITCH NR MASON, NV",ST,38.81371389,-119.0479917,S,NAD83, 4574.10,.01,NGVD29,16050301,qw,62648,,0,,wat,ISO,0,0,2004-03-08,2004-03-08,1
USGS,10293500,"E WALKER RV ABV STROSNIDER DITCH NR MASON, NV",ST,38.81371389,-119.0479917,S,NAD83, 4574.10,.01,NGVD29,16050301,qw,62649,,0,,wat,OPE,686584,0,2019-06-11,2019-07-10,2
USGS,10293500,"E WALKER RV ABV STROSNIDER DITCH NR MASON, NV",ST,38.81371389,-119.0479917,S,NAD83, 4574.10,.01,NGVD29,16050301,qw,62721,,0,,wat,OPE,17119215,0,2019-06-11,2019-07-10,2
USGS,10293500,"E WALKER RV ABV STROSNIDER DITCH NR MASON, NV",ST,38.81371389,-119.0479917,S,NAD83, 4574.10,.01,NGVD29,16050301,qw,62722,,0,,wat,OPE,77438,0,2019-06-11,2019-07-10,2
USGS,10293500,"E WALKER RV ABV STROSNIDER DITCH NR MASON, NV",ST,38.81371389,-119.0479917,S,NAD83, 4574.10,.01,NGVD29,16050301,qw,70300,,0,,wat,PHY,1642222,0,1994-05-03,2004-03-08,9
USGS,10293500,"E WALKER RV ABV STROSNIDER DITCH NR MASON, NV",ST,38.81371389,-119.0479917,S,NAD83, 4574.10,.01,NGVD29,16050301,qw,70301,,0,,wat,PHY,1642222,0,1994-05-03,2004-03-08,9
USGS,10293500,"E WALKER RV ABV STROSNIDER DITCH NR MASON, NV",ST,38.81371389,-119.0479917,S,NAD83, 4574.10,.01,NGVD29,16050301,qw,70302,,0,,wat,PHY,1642222,0,1994-05-03,2004-03-08,8
USGS,10293500,"E WALKER RV ABV STROSNIDER DITCH NR MASON, NV",ST,38.81371389,-119.0479917,S,NAD83, 4574.10,.01,NGVD29,16050301,qw,70303,,0,,wat,PHY,1642222,0,1994-05-03,2004-03-08,9
USGS,10293500,"E WALKER RV ABV STROSNIDER DITCH NR MASON, NV",ST,38.81371389,-119.0479917,S,NAD83, 4574.10,.01,NGVD29,16050301,qw,71846,,0,,wat,NUT,966655,0,1994-05-03,1995-06-28,8
USGS,10293500,"E WALKER RV ABV STROSNIDER DITCH NR MASON, NV",ST,38.81371389,-119.0479917,S,NAD83, 4574.10,.01,NGVD29,16050301,qw,71851,,0,,wat,NUT,197186,0,1994-05-03,1995-06-28,8
USGS,10293500,"E WALKER RV ABV STROSNIDER DITCH NR MASON, NV",ST,38.81371389,-119.0479917,S,NAD83, 4574.10,.01,NGVD29,16050301,qw,71856,,0,,wat,NUT,197194,0,1994-05-03,1995-06-28,8
USGS,10293500,"E WALKER RV ABV STROSNIDER DITCH NR MASON, NV",ST,38.81371389,-119.0479917,S,NAD83, 4574.10,.01,NGVD29,16050301,qw,71870,,0,,wat,INN,227538,0,1994-05-03,1995-06-28,8
USGS,10293500,"E WALKER RV ABV STROSNIDER DITCH NR MASON, NV",ST,38.81371389,-119.0479917,S,NAD83, 4574.10,.01,NGVD29,16050301,qw,71890,,0,,wat,IMM,149633,0,1994-05-03,1995-06-28,7
USGS,10293500,"E WALKER RV ABV STROSNIDER DITCH NR MASON, NV",ST,38.81371389,-119.0479917,S,NAD83, 4574.10,.01,NGVD29,16050301,qw,71999,,0,,wat,INF,0,0,1994-05-03,2019-07-10,10
USGS,10293500,"E WALKER RV ABV STROSNIDER DITCH NR MASON, NV",ST,38.81371389,-119.0479917,S,NAD83, 4574.10,.01,NGVD29,16050301,qw,72219,,0,,wat,INF,0,0,2019-06-11,2019-06-11,1
USGS,10293500,"E WALKER RV ABV STROSNIDER DITCH NR MASON, NV",ST,38.81371389,-119.0479917,S,NAD83, 4574.10,.01,NGVD29,16050301,qw,75977,,0,,sed,RAD,199026,0,2005-04-28,2005-04-28,1
USGS,10293500,"E WALKER RV ABV STROSNIDER DITCH NR MASON, NV",ST,38.81371389,-119.0479917,S,NAD83, 4574.10,.01,NGVD29,16050301,qw,75978,,0,,wat,ISO,17148297,0,2004-03-08,2004-03-08,1
USGS,10293500,"E WALKER RV ABV STROSNIDER DITCH NR MASON, NV",ST,38.81371389,-119.0479917,S,NAD83, 4574.10,.01,NGVD29,16050301,qw,82082,,0,,wat,ISO,1642107,0,1994-05-03,2004-03-08,9
USGS,10293500,"E WALKER RV ABV STROSNIDER DITCH NR MASON, NV",ST,38.81371389,-119.0479917,S,NAD83, 4574.10,.01,NGVD29,16050301,qw,82085,,0,,wat,ISO,967034,0,1994-05-03,2004-03-08,9
USGS,10293500,"E WALKER RV ABV STROSNIDER DITCH NR MASON, NV",ST,38.81371389,-119.0479917,S,NAD83, 4574.10,.01,NGVD29,16050301,qw,82398,,0,,wat,INF,0,0,2019-06-11,2019-07-10,3
USGS,10293500,"E WALKER RV ABV STROSNIDER DITCH NR MASON, NV",ST,38.81371389,-119.0479917,S,NAD83, 4574.10,.01,NGVD29,16050301,qw,84164,,0,,wat,INF,0,0,2019-06-11,2019-07-10,3
USGS,10293500,"E WALKER RV ABV STROSNIDER DITCH NR MASON, NV",ST,38.81371389,-119.0479917,S,NAD83, 4574.10,.01,NGVD29,16050301,qw,84174,,0,,wat,INF,0,0,2019-06-11,2019-06-11,1
USGS,10293500,"E WALKER RV ABV STROSNIDER DITCH NR MASON, NV",ST,38.81371389,-119.0479917,S,NAD83, 4574.10,.01,NGVD29,16050301,qw,90095,,0,,wat,PHY,1646694,0,1994-05-03,2004-03-08,9
USGS,10293500,"E WALKER RV ABV STROSNIDER DITCH NR MASON, NV",ST,38.81371389,-119.0479917,S,NAD83, 4574.10,.01,NGVD29,16050301,qw,90410,,0,,wat,INN,1640192,0,1994-05-03,1995-06-28,8
USGS,10293500,"E WALKER RV ABV STROSNIDER DITCH NR MASON, NV",ST,38.81371389,-119.0479917,S,NAD83, 4574.10,.01,NGVD29,16050301,qw,91135,,0,,wat,INF,0,0,2019-06-11,2019-06-11,1
USGS,10293500,"E WALKER RV ABV STROSNIDER DITCH NR MASON, NV",ST,38.81371389,-119.0479917,S,NAD83, 4574.10,.01,NGVD29,16050301,qw,99111,,0,,wat,INF,0,0,2019-06-11,2019-07-10,2
USGS,10293500,"E WALKER RV ABV STROSNIDER DITCH NR MASON, NV",ST,38.81371389,-119.0479917,S,NAD83, 4574.10,.01,NGVD29,16050301,qw,99206,,0,,wat,INF,0,0,2019-06-11,2019-07-10,2
USGS,10293500,"E WALKER RV ABV STROSNIDER DITCH NR MASON, NV",ST,38.81371389,-119.0479917,S,NAD83, 4574.10,.01,NGVD29,16050301,sv,,,0,,wat,,0,0,1947-01-22,2026-08-25,887
USGS,10293500,"E WALKER RV ABV STROSNIDER DITCH NR MASON, NV",ST,38.81371389,-119.0479917,S,NAD83, 4574.10,.01,NGVD29,16050301,uv,00060,,103798,,wat,,1645423,0,1991-04-01,2026-10-02,12968
USGS,10293500,"E WALKER RV ABV STROSNIDER DITCH NR MASON, NV",ST,38.81371389,-119.0479917,S,NAD83, 4574.10,.01,NGVD29,16050301,uv,00065,,103800,,wat,,17164583,0,2007-10-01,2026-10-02,6941
USGS,10294000,"E WALKER RV ABV MASON VAL NR MASON, NV",ST,38.84463889,-119.0831917,S,NAD83, 4550.00,.01,NGVD29,16050301,dv,00060,00003,102498,,wat,,1645423,0,1916-09-01,1924-08-31,1587
USGS,10294000,"E WALKER RV ABV MASON VAL NR MASON, NV",ST,38.84463889,-119.0831917,S,NAD83, 4550.00,.01,NGVD29,16050301,pk,,,0,,wat,,0,0,1917-04-08,1924-03-01,6
USGS,10294130,"HIGH DITCH NR MASON, NV",ST,38.8946111,-119.136961,1,NAD83, 4493,4.3,NAVD88,16050303,sv,,,0,,wat,,0,0,2011-04-11,2011-04-11,2
USGS,10294180,"HIGH DITCH NR HALL DITCH DIV NEAR MASON, NV",ST,38.8741611,-119.1259306,1,NAD83, 4519,4.3,NAVD88,16050301,sv,,,0,,wat,,0,0,2011-04-11,2011-04-11,2
USGS,10294500,"E WALKER RV NR YERINGTON, NV",ST,38.84964444,-119.098136,S,NAD83, 4530.00,.01,NGVD29,16050301,dv,00060,00003,102499,,wat,,1645423,0,1902-11-01,1908-07-31,1796
USGS,10295000,"E WALKER RV NR MASON, NV",ST,38.8774,-119.1442806,1,NAD83, 4463,20,NAVD88,16050301,ad,,,0,,wat,,0,0,2011,2025,9
USGS,10295000,"E WALKER RV NR MASON, NV",ST,38.8774,-119.1442806,1,NAD83, 4463,20,NAVD88,16050301,dv,00060,00003,102500,,wat,,1645423,0,1910-12-01,2026-10-01,4977
USGS,10295000,"E WALKER RV NR MASON, NV",ST,38.8774,-119.1442806,1,NAD83, 4463,20,NAVD88,16050301,pk,,,0,,wat,,0,0,1911-06-20,2025-09-26,14
USGS,10295000,"E WALKER RV NR MASON, NV",ST,38.8774,-119.1442806,1,NAD83, 4463,20,NAVD88,16050301,sv,,,0,,wat,,0,0,2010-09-28,2026-09-09,104
USGS,10295000,"E WALKER RV NR MASON, NV",ST,38.8774,-119.1442806,1,NAD83, 4463,20,NAVD88,16050301,uv,00060,,103801,,wat,,1645423,0,2010-09-28,2026-10-02,5848
USGS,10295000,"E WALKER RV NR MASON, NV",ST,38.8774,-119.1442806,1,NAD83, 4463,20,NAVD88,16050301,uv,00065,,103802,,wat,,17164583,0,2010-09-28,2026-10-02,5848
USGS,10295010,"MICKEY DITCH NR BORSINI LN NR MASON, NV",ST,38.89898889,-119.1605806,1,NAD83, 4452,4.3,NAVD88,16050303,sv,,,0,,wat,,0,0,2011-03-14,2011-03-16,4
USGS,10295020,"MICKEY DITCH BLW FLUME AT E WALKER RD NR MASON, NV",ST,38.8816111,-119.146961,1,NAD83, 4469,4.3,NAVD88,16050301,sv,,,0,,wat,,0,0,2011-03-14,2011-03-16,4
USGS,10295025,"FOX DITCH AT BARTLETT LN NR MASON, NV",ST,38.9032111,-119.158161,1,NAD83, 4452,4.3,NAVD88,16050303,sv,,,0,,wat,,0,0,2011-03-22,2011-03-22,2
USGS,10295030,"FOX DITCH BLW DIV AT E WALKER RD NR MASON, NV",ST,38.8812,-119.14705,1,NAD83, 4468,4.3,NAVD88,16050301,sv,,,0,,wat,,0,0,2011-03-22,2011-03-22,2
USGS,10295100,"E WALKER RV AT NORDYKE RD NR MASON, NV",ST,38.88880509,-119.167931,S,NAD83, 4450.,20.,NGVD29,16050301,sv,,,0,,wat,,0,0,2011-01-21,2012-02-17,7
USGS,10300125,"TUNNEL DITCH AT SHEPARDS WAY NR HUDSON, NV",ST,38.82726944,-119.167861,1,NAD83, 4578,4.3,NAVD88,16050302,sv,,,0,,wat,,0,0,2011-06-02,2011-06-02,2
USGS,10300150,"TUNNEL DITCH BLW TUNNEL NR HUDSON, NV",ST,38.8225,-119.1991694,1,NAD83, 4612,4.3,NAVD88,16050302,sv,,,0,,wat,,0,0,2011-06-02,2011-06-02,2
USGS,10300200,"W WALKER RV AT HWY 208 BRG 1648 NR MASON, NV",ST,38.83374444,-119.1857639,1,NAD83, 4504,4.3,NAVD88,16050302,ad,,,0,,wat,,0,0,2011,2016,6
USGS,10300200,"W WALKER RV AT HWY 208 BRG 1648 NR MASON, NV",ST,38.83374444,-119.1857639,1,NAD83, 4504,4.3,NAVD88,16050302,dv,00060,00003,102518,,wat,,1645423,0,2010-10-01,2015-10-11,1837
USGS,10300200,"W WALKER RV AT HWY 208 BRG 1648 NR MASON, NV",ST,38.83374444,-119.1857639,1,NAD83, 4504,4.3,NAVD88,16050302,pk,,,0,,wat,,0,0,2011-06-25,2015-06-05,5
USGS,10300200,"W WALKER RV AT HWY 208 BRG 1648 NR MASON, NV",ST,38.83374444,-119.1857639,1,NAD83, 4504,4.3,NAVD88,16050302,sv,,,0,,wat,,0,0,2010-09-28,2015-10-13,57
USGS,10300200,"W WALKER RV AT HWY 208 BRG 1648 NR MASON, NV",ST,38.83374444,-119.1857639,1,NAD83, 4504,4.3,NAVD88,16050302,uv,00060,,103834,,wat,,1645423,0,2010-10-01,2015-10-13,1838
USGS,10300200,"W WALKER RV AT HWY 208 BRG 1648 NR MASON, NV",ST,38.83374444,-119.1857639,1,NAD83, 4504,4.3,NAVD88,16050302,uv,00065,,103833,,wat,,17164583,0,2010-10-01,2015-10-13,1838
USGS,10300400,"W WALKER RV AT NORDYKE RD NR MASON, NV",ST,38.8893605,-119.1793202,S,NAD83, 4450.,20.,NGVD29,16050302,sv,,,0,,wat,,0,0,2011-01-06,2012-02-17,9
USGS,10300600,"WALKER RV AT SNYDER LN NR MASON, NV",ST,38.92125,-119.1915833,S,NAD83, 4426., 20,NGVD29,16050303,ad,,,0,,wat,,0,0,2005,2025,16
USGS,10300600,"WALKER RV AT SNYDER LN NR MASON, NV",ST,38.92125,-119.1915833,S,NAD83, 4426., 20,NGVD29,16050303,dv,00060,00003,102519,,wat,,1645423,0,1974-05-01,2026-10-01,9652
USGS,10300600,"WALKER RV AT SNYDER LN NR MASON, NV",ST,38.92125,-119.1915833,S,NAD83, 4426., 20,NGVD29,16050303,pk,,,0,,wat,,0,0,1974-06-08,2025-04-29,26
USGS,10300600,"WALKER RV AT SNYDER LN NR MASON, NV",ST,38.92125,-119.1915833,S,NAD83, 4426., 20,NGVD29,16050303,qw,,,0,,wat,ALL,0,0,1977-04-21,2019-07-10,58
USGS,10300600,"WALKER RV AT SNYDER LN NR MASON, NV",ST,38.92125,-119.1915833,S,NAD83, 4426., 20,NGVD29,16050303,qw,00010,,0,,wat,PHY,1645597,0,1977-04-21,2019-07-10,55
USGS,10300600,"WALKER RV AT SNYDER LN NR MASON, NV",ST,38.92125,-119.1915833,S,NAD83, 4426., 20,NGVD29,16050303,qw,00022,,0,,wat,INF,0,0,2012-05-17,2019-06-11,2
USGS,10300600,"WALKER RV AT SNYDER LN NR MASON, NV",ST,38.92125,-119.1915833,S,NAD83, 4426., 20,NGVD29,16050303,qw,00025,,0,,wat,PHY,1641265,0,2019-06-11,2019-07-10,2
USGS,10300600,"WALKER RV AT SNYDER LN NR MASON, NV",ST,38.92125,-119.1915833,S,NAD83, 4426., 20,NGVD29,16050303,qw,00028,,0,,sed,INF,0,0,2005-04-26,2005-04-26,1
USGS,10300600,"WALKER RV AT SNYDER LN NR MASON, NV",ST,38.92125,-119.1915833,S,NAD83, 4426., 20,NGVD29,16050303,qw,00028,,0,,wat,INF,0,0,1981-10-23,1984-07-12,13
USGS,10300600,"WALKER RV AT SNYDER LN NR MASON, NV",ST,38.92125,-119.1915833,S,NAD83, 4426., 20,NGVD29,16050303,qw,00061,,0,,wat,PHY,1645415,0,1977-04-21,2019-07-10,55
USGS,10300600,"WALKER RV AT SNYDER LN NR MASON, NV",ST,38.92125,-119.1915833,S,NAD83, 4426., 20,NGVD29,16050303,qw,00065,,0,,wat,PHY,17164583,0,2019-06-11,2019-07-10,2
USGS,10300600,"WALKER RV AT SNYDER LN NR MASON, NV",ST,38.92125,-119.1915833,S,NAD83, 4426., 20,NGVD29,16050303,qw,00095,,0,,wat,PHY,1646694,0,1977-04-21,2019-07-10,55
USGS,10300600,"WALKER RV AT SNYDER LN NR MASON, NV",ST,38.92125,-119.1915833,S,NAD83, 4426., 20,NGVD29,16050303,qw,00191,,0,,wat,INN,1640572,0,2019-06-11,2019-07-10,2
USGS,10300600,"WALKER RV AT SNYDER LN NR MASON, NV",ST,38.92125,-119.1915833,S,NAD83, 4426., 20,NGVD29,16050303,qw,00400,,0,,wat,PHY,17028275,0,2019-06-11,2019-07-10,2
USGS,10300600,"WALKER RV AT SNYDER LN NR MASON, NV",ST,38.92125,-119.1915833,S,NAD83, 4426., 20,NGVD29,16050303,qw,00668,,0,,sed,NUT,153049,0,2005-04-26,2005-04-26,1
USGS,10300600,"WALKER RV AT SNYDER LN NR MASON, NV",ST,38.92125,-119.1915833,S,NAD83, 4426., 20,NGVD29,16050303,qw,00917,,0,,sed,INM,150268,0,2005-04-26,2005-04-26,1
USGS,10300600,"WALKER RV AT SNYDER LN NR MASON, NV",ST,38.92125,-119.1915833,S,NAD83, 4426., 20,NGVD29,16050303,qw,00924,,0,,sed,INM,149617,0,2005-04-26,2005-04-26,1
USGS,10300600,"WALKER RV AT SNYDER LN NR MASON, NV",ST,38.92125,-119.1915833,S,NAD83, 4426., 20,NGVD29,16050303,qw,00934,,0,,sed,INM,149856,0,2005-04-26,2005-04-26,1
USGS,10300600,"WALKER RV AT SNYDER LN NR MASON, NV",ST,38.92125,-119.1915833,S,NAD83, 4426., 20,NGVD29,16050303,qw,00938,,0,,sed,INM,149740,0,2005-04-26,2005-04-26,1
USGS,10300600,"WALKER RV AT SNYDER LN NR MASON, NV",ST,38.92125,-119.1915833,S,NAD83, 4426., 20,NGVD29,16050303,qw,01108,,0,,sed,IMM,149476,0,2005-04-26,2005-04-26,1
USGS,10300600,"WALKER RV AT SNYDER LN NR MASON, NV",ST,38.92125,-119.1915833,S,NAD83, 4426., 20,NGVD29,16050303,qw,01153,,0,,sed,IMM,149930,0,2005-04-26,2005-04-26,1
USGS,10300600,"WALKER RV AT SNYDER LN NR MASON, NV",ST,38.92125,-119.1915833,S,NAD83, 4426., 20,NGVD29,16050303,qw,01170,,0,,sed,IMM,149559,0,2005-04-26,2005-04-26,1
USGS,10300600,"WALKER RV AT SNYDER LN NR MASON, NV",ST,38.92125,-119.1915833,S,NAD83, 4426., 20,NGVD29,16050303,qw,04060,,0,,sed,IMM,149898,0,2005-04-26,2005-04-26,1
USGS,10300600,"WALKER RV AT SNYDER LN NR MASON, NV",ST,38.92125,-119.1915833,S,NAD83, 4426., 20,NGVD29,16050303,qw,04125,,0,,sed,RAD,182451,0,2005-04-26,2005-04-26,1
USGS,10300600,"WALKER RV AT SNYDER LN NR MASON, NV",ST,38.92125,-119.1915833,S,NAD83, 4426., 20,NGVD29,16050303,qw,09507,,0,,sed,RAD,192856,0,2005-04-26,2005-04-26,1
USGS,10300600,"WALKER RV AT SNYDER LN NR MASON, NV",ST,38.92125,-119.1915833,S,NAD83, 4426., 20,NGVD29,16050303,qw,30207,,0,,wat,PHY,17164583,0,2019-06-11,2019-07-10,2
USGS,10300600,"WALKER RV AT SNYDER LN NR MASON, NV",ST,38.92125,-119.1915833,S,NAD83, 4426., 20,NGVD29,16050303,qw,30209,,0,,wat,PHY,1645415,0,1977-04-21,2019-07-10,55
USGS,10300600,"WALKER RV AT SNYDER LN NR MASON, NV",ST,38.92125,-119.1915833,S,NAD83, 4426., 20,NGVD29,16050303,qw,34795,,0,,sed,IMN,149963,0,2005-04-26,2005-04-26,1
USGS,10300600,"WALKER RV AT SNYDER LN NR MASON, NV",ST,38.92125,-119.1915833,S,NAD83, 4426., 20,NGVD29,16050303,qw,34800,,0,,sed,IMN,149989,0,2005-04-26,2005-04-26,1
USGS,10300600,"WALKER RV AT SNYDER LN NR MASON, NV",ST,38.92125,-119.1915833,S,NAD83, 4426., 20,NGVD29,16050303,qw,34805,,0,,sed,IMM,149997,0,2005-04-26,2005-04-26,1
USGS,10300600,"WALKER RV AT SNYDER LN NR MASON, NV",ST,38.92125,-119.1915833,S,NAD83, 4426., 20,NGVD29,16050303,qw,34810,,0,,sed,IMM,150003,0,2005-04-26,2005-04-26,1
USGS,10300600,"WALKER RV AT SNYDER LN NR MASON, NV",ST,38.92125,-119.1915833,S,NAD83, 4426., 20,NGVD29,16050303,qw,34815,,0,,sed,IMM,150250,0,2005-04-26,2005-04-26,1
USGS,10300600,"WALKER RV AT SNYDER LN NR MASON, NV",ST,38.92125,-119.1915833,S,NAD83, 4426., 20,NGVD29,16050303,qw,34825,,0,,sed,IMM,150029,0,2005-04-26,2005-04-26,1
USGS,10300600,"WALKER RV AT SNYDER LN NR MASON, NV",ST,38.92125,-119.1915833,S,NAD83, 4426., 20,NGVD29,16050303,qw,34835,,0,,sed,IMM,150045,0,2005-04-26,2005-04-26,1
USGS,10300600,"WALKER RV AT SNYDER LN NR MASON, NV",ST,38.92125,-119.1915833,S,NAD83, 4426., 20,NGVD29,16050303,qw,34840,,0,,sed,IMM,150060,0,2005-04-26,2005-04-26,1
USGS,10300600,"WALKER RV AT SNYDER LN NR MASON, NV",ST,38.92125,-119.1915833,S,NAD83, 4426., 20,NGVD29,16050303,qw,34845,,0,,sed,IMM,150078,0,2005-04-26,2005-04-26,1
USGS,10300600,"WALKER RV AT SNYDER LN NR MASON, NV",ST,38.92125,-119.1915833,S,NAD83, 4426., 20,NGVD29,16050303,qw,34850,,0,,sed,IMM,150086,0,2005-04-26,2005-04-26,1
USGS,10300600,"WALKER RV AT SNYDER LN NR MASON, NV",ST,38.92125,-119.1915833,S,NAD83, 4426., 20,NGVD29,16050303,qw,34860,,0,,sed,IMM,150128,0,2005-04-26,2005-04-26,1
USGS,10300600,"WALKER RV AT SNYDER LN NR MASON, NV",ST,38.92125,-119.1915833,S,NAD83, 4426., 20,NGVD29,16050303,qw,34885,,0,,sed,IMM,149575,0,2005-04-26,2005-04-26,1
USGS,10300600,"WALKER RV AT SNYDER LN NR MASON, NV",ST,38.92125,-119.1915833,S,NAD83, 4426., 20,NGVD29,16050303,qw,34890,,0,,sed,IMM,149583,0,2005-04-26,2005-04-26,1
USGS,10300600,"WALKER RV AT SNYDER LN NR MASON, NV",ST,38.92125,-119.1915833,S,NAD83, 4426., 20,NGVD29,16050303,qw,34895,,0,,sed,IMM,149591,0,2005-04-26,2005-04-26,1
USGS,10300600,"WALKER RV AT SNYDER LN NR MASON, NV",ST,38.92125,-119.1915833,S,NAD83, 4426., 20,NGVD29,16050303,qw,34905,,0,,sed,IMM,149625,0,2005-04-26,2005-04-26,1
USGS,10300600,"WALKER RV AT SNYDER LN NR MASON, NV",ST,38.92125,-119.1915833,S,NAD83, 4426., 20,NGVD29,16050303,qw,34910,,0,,sed,IMM,149633,0,2005-04-26,2005-04-26,1
USGS,10300600,"WALKER RV AT SNYDER LN NR MASON, NV",ST,38.92125,-119.1915833,S,NAD83, 4426., 20,NGVD29,16050303,qw,34915,,0,,sed,IMM,149641,0,2005-04-26,2005-04-26,1
USGS,10300600,"WALKER RV AT SNYDER LN NR MASON, NV",ST,38.92125,-119.1915833,S,NAD83, 4426., 20,NGVD29,16050303,qw,34925,,0,,sed,IMM,149674,0,2005-04-26,2005-04-26,1
USGS,10300600,"WALKER RV AT SNYDER LN NR MASON, NV",ST,38.92125,-119.1915833,S,NAD83, 4426., 20,NGVD29,16050303,qw,34930,,0,,sed,IMM,149682,0,2005-04-26,2005-04-26,1
USGS,10300600,"WALKER RV AT SNYDER LN NR MASON, NV",ST,38.92125,-119.1915833,S,NAD83, 4426., 20,NGVD29,16050303,qw,34945,,0,,sed,IMM,149823,0,2005-04-26,2005-04-26,1
USGS,10300600,"WALKER RV AT SNYDER LN NR MASON, NV",ST,38.92125,-119.1915833,S,NAD83, 4426., 20,NGVD29,16050303,qw,34955,,0,,sed,IMM,149849,0,2005-04-26,2005-04-26,1
USGS,10300600,"WALKER RV AT SNYDER LN NR MASON, NV",ST,38.92125,-119.1915833,S,NAD83, 4426., 20,NGVD29,16050303,qw,34965,,0,,sed,IMM,149864,0,2005-04-26,2005-04-26,1
USGS,10300600,"WALKER RV AT SNYDER LN NR MASON, NV",ST,38.92125,-119.1915833,S,NAD83, 4426., 20,NGVD29,16050303,qw,34970,,0,,sed,INN,152744,0,2005-04-26,2005-04-26,1
USGS,10300600,"WALKER RV AT SNYDER LN NR MASON, NV",ST,38.92125,-119.1915833,S,NAD83, 4426., 20,NGVD29,16050303,qw,34975,,0,,sed,IMM,149872,0,2005-04-26,2005-04-26,1
USGS,10300600,"WALKER RV AT SNYDER LN NR MASON, NV",ST,38.92125,-119.1915833,S,NAD83, 4426., 20,NGVD29,16050303,qw,34980,,0,,sed,RAD,149906,0,2005-04-26,2005-04-26,1
USGS,10300600,"WALKER RV AT SNYDER LN NR MASON, NV",ST,38.92125,-119.1915833,S,NAD83, 4426., 20,NGVD29,16050303,qw,35000,,0,,sed,RAD,150185,0,2005-04-26,2005-04-26,1
USGS,10300600,"WALKER RV AT SNYDER LN NR MASON, NV",ST,38.92125,-119.1915833,S,NAD83, 4426., 20,NGVD29,16050303,qw,35005,,0,,sed,IMM,150193,0,2005-04-26,2005-04-26,1
USGS,10300600,"WALKER RV AT SNYDER LN NR MASON, NV",ST,38.92125,-119.1915833,S,NAD83, 4426., 20,NGVD29,16050303,qw,35010,,0,,sed,IMM,150227,0,2005-04-26,2005-04-26,1
USGS,10300600,"WALKER RV AT SNYDER LN NR MASON, NV",ST,38.92125,-119.1915833,S,NAD83, 4426., 20,NGVD29,16050303,qw,35020,,0,,sed,IMM,150235,0,2005-04-26,2005-04-26,1
USGS,10300600,"WALKER RV AT SNYDER LN NR MASON, NV",ST,38.92125,-119.1915833,S,NAD83, 4426., 20,NGVD29,16050303,qw,49266,,0,,sed,OOT,701250,0,2005-04-26,2005-04-26,1
USGS,10300600,"WALKER RV AT SNYDER LN NR MASON, NV",ST,38.92125,-119.1915833,S,NAD83, 4426., 20,NGVD29,16050303,qw,49267,,0,,sed,INN,150037,0,2005-04-26,2005-04-26,1
USGS,10300600,"WALKER RV AT SNYDER LN NR MASON, NV",ST,38.92125,-119.1915833,S,NAD83, 4426., 20,NGVD29,16050303,qw,49962,,0,,sed,RAD,182469,0,2005-04-26,2005-04-26,1
USGS,10300600,"WALKER RV AT SNYDER LN NR MASON, NV",ST,38.92125,-119.1915833,S,NAD83, 4426., 20,NGVD29,16050303,qw,50280,,0,,wat,INF,0,0,2012-05-17,2019-07-10,4
USGS,10300600,"WALKER RV AT SNYDER LN NR MASON, NV",ST,38.92125,-119.1915833,S,NAD83, 4426., 20,NGVD29,16050303,qw,51410,,0,,wat,OPE,775908,0,2012-05-17,2019-06-11,2
USGS,10300600,"WALKER RV AT SNYDER LN NR MASON, NV",ST,38.92125,-119.1915833,S,NAD83, 4426., 20,NGVD29,16050303,qw,51415,,0,,wat,OPE,17123530,0,2019-06-11,2019-06-11,1
USGS,10300600,"WALKER RV AT SNYDER LN NR MASON, NV",ST,38.92125,-119.1915833,S,NAD83, 4426., 20,NGVD29,16050303,qw,51418,,0,,wat,OPE,15651,0,2012-05-17,2019-06-11,2
USGS,10300600,"WALKER RV AT SNYDER LN NR MASON, NV",ST,38.92125,-119.1915833,S,NAD83, 4426., 20,NGVD29,16050303,qw,51442,,0,,wat,OPE,94128,0,2012-05-17,2019-06-11,2
USGS,10300600,"WALKER RV AT SNYDER LN NR MASON, NV",ST,38.92125,-119.1915833,S,NAD83, 4426., 20,NGVD29,16050303,qw,51448,,0,,wat,OPE,42127,0,2012-05-17,2019-06-11,2
USGS,10300600,"WALKER RV AT SNYDER LN NR MASON, NV",ST,38.92125,-119.1915833,S,NAD83, 4426., 20,NGVD29,16050303,qw,51488,,0,,wat,OPE,3400,0,2012-05-17,2019-06-11,2
USGS,10300600,"WALKER RV AT SNYDER LN NR MASON, NV",ST,38.92125,-119.1915833,S,NAD83, 4426., 20,NGVD29,16050303,qw,51496,,0,,wat,OPE,42606,0,2012-05-17,2019-06-11,2
USGS,10300600,"WALKER RV AT SNYDER LN NR MASON, NV",ST,38.92125,-119.1915833,S,NAD83, 4426., 20,NGVD29,16050303,qw,51507,,0,,wat,OPE,621722,0,2019-06-11,2019-06-11,1
USGS,10300600,"WALKER RV AT SNYDER LN NR MASON, NV",ST,38.92125,-119.1915833,S,NAD83, 4426., 20,NGVD29,16050303,qw,51518,,0,,wat,OPE,291062,0,2012-05-17,2019-06-11,2
USGS,10300600,"WALKER RV AT SNYDER LN NR MASON, NV",ST,38.92125,-119.1915833,S,NAD83, 4426., 20,NGVD29,16050303,qw,51536,,0,,wat,OPE,700989,0,2019-06-11,2019-06-11,1
USGS,10300600,"WALKER RV AT SNYDER LN NR MASON, NV",ST,38.92125,-119.1915833,S,NAD83, 4426., 20,NGVD29,16050303,qw,51546,,0,,wat,OPE,310664,0,2012-05-17,2012-05-17,1
USGS,10300600,"WALKER RV AT SNYDER LN NR MASON, NV",ST,38.92125,-119.1915833,S,NAD83, 4426., 20,NGVD29,16050303,qw,51573,,0,,wat,OPE,223180,0,2019-06-11,2019-06-11,1
USGS,10300600,"WALKER RV AT SNYDER LN NR MASON, NV",ST,38.92125,-119.1915833,S,NAD83, 4426., 20,NGVD29,16050303,qw,51590,,0,,wat,OPE,89474,0,2012-05-17,2019-06-11,2
USGS,10300600,"WALKER RV AT SNYDER LN NR MASON, NV",ST,38.92125,-119.1915833,S,NAD83, 4426., 20,NGVD29,16050303,qw,51595,,0,,wat,OPE,316398,0,2019-06-11,2019-06-11,1
USGS,10300600,"WALKER RV AT SNYDER LN NR MASON, NV",ST,38.92125,-119.1915833,S,NAD83, 4426., 20,NGVD29,16050303,qw,51606,,0,,wat,OPE,32219,0,2012-05-17,2012-05-17,1
USGS,10300600,"WALKER RV AT SNYDER LN NR MASON, NV",ST,38.92125,-119.1915833,S,NAD83, 4426., 20,NGVD29,16050303,qw,51616,,0,,wat,OPE,265652,0,2019-06-11,2019-06-11,1
USGS,10300600,"WALKER RV AT SNYDER LN NR MASON, NV",ST,38.92125,-119.1915833,S,NAD83, 4426., 20,NGVD29,16050303,qw,51634,,0,,wat,OPE,303958,0,2012-05-17,2012-05-17,1
USGS,10300600,"WALKER RV AT SNYDER LN NR MASON, NV",ST,38.92125,-119.1915833,S,NAD83, 4426., 20,NGVD29,16050303,qw,53566,,0,,wat,OPE,582726,0,2019-06-11,2019-06-11,1
USGS,10300600,"WALKER RV AT SNYDER LN NR MASON, NV",ST,38.92125,-119.1915833,S,NAD83, 4426., 20,NGVD29,16050303,qw,62649,,0,,wat,OPE,686584,0,2019-06-11,2019-07-10,2
USGS,10300600,"WALKER RV AT SNYDER LN NR MASON, NV",ST,38.92125,-119.1915833,S,NAD83, 4426., 20,NGVD29,16050303,qw,62721,,0,,wat,OPE,17119215,0,2019-06-11,2019-07-10,2
USGS,10300600,"WALKER RV AT SNYDER LN NR MASON, NV",ST,38.92125,-119.1915833,S,NAD83, 4426., 20,NGVD29,16050303,qw,62722,,0,,wat,OPE,77438,0,2019-06-11,2019-07-10,2
USGS,10300600,"WALKER RV AT SNYDER LN NR MASON, NV",ST,38.92125,-119.1915833,S,NAD83, 4426., 20,NGVD29,16050303,qw,71999,,0,,wat,INF,0,0,2012-05-17,2019-07-10,4
USGS,10300600,"WALKER RV AT SNYDER LN NR MASON, NV",ST,38.92125,-119.1915833,S,NAD83, 4426., 20,NGVD29,16050303,qw,72219,,0,,wat,INF,0,0,2019-06-11,2019-06-11,1
USGS,10300600,"WALKER RV AT SNYDER LN NR MASON, NV",ST,38.92125,-119.1915833,S,NAD83, 4426., 20,NGVD29,16050303,qw,75977,,0,,sed,RAD,199026,0,2005-04-26,2005-04-26,1
USGS,10300600,"WALKER RV AT SNYDER LN NR MASON, NV",ST,38.92125,-119.1915833,S,NAD83, 4426., 20,NGVD29,16050303,qw,82398,,0,,wat,INF,0,0,2012-05-17,2019-07-10,4
USGS,10300600,"WALKER RV AT SNYDER LN NR MASON, NV",ST,38.92125,-119.1915833,S,NAD83, 4426., 20,NGVD29,16050303,qw,84164,,0,,wat,INF,0,0,2012-05-17,2019-07-10,4
USGS,10300600,"WALKER RV AT SNYDER LN NR MASON, NV",ST,38.92125,-119.1915833,S,NAD83, 4426., 20,NGVD29,16050303,qw,84174,,0,,wat,INF,0,0,2012-05-17,2019-06-11,2
USGS,10300600,"WALKER RV AT SNYDER LN NR MASON, NV",ST,38.92125,-119.1915833,S,NAD83, 4426., 20,NGVD29,16050303,qw,91135,,0,,wat,INF,0,0,2012-05-17,2019-06-11,2
USGS,10300600,"WALKER RV AT SNYDER LN NR MASON, NV",ST,38.92125,-119.1915833,S,NAD83, 4426., 20,NGVD29,16050303,qw,99111,,0,,wat,INF,0,0,2019-06-11,2019-07-10,2
USGS,10300600,"WALKER RV AT SNYDER LN NR MASON, NV",ST,38.92125,-119.1915833,S,NAD83, 4426., 20,NGVD29,16050303,qw,99206,,0,,wat,INF,0,0,2019-06-11,2019-07-10,2
USGS,10300600,"WALKER RV AT SNYDER LN NR MASON, NV",ST,38.92125,-119.1915833,S,NAD83, 4426., 20,NGVD29,16050303,sv,,,0,,wat,,0,0,1974-04-24,2026-09-09,346
USGS,10300600,"WALKER RV AT SNYDER LN NR MASON, NV",ST,38.92125,-119.1915833,S,NAD83, 4426., 20,NGVD29,16050303,uv,00060,,103835,,wat,,1645423,0,2010-09-24,2026-10-02,5852
USGS,10300600,"WALKER RV AT SNYDER LN NR MASON, NV",ST,38.92125,-119.1915833,S,NAD83, 4426., 20,NGVD29,16050303,uv,00065,,103836,,wat,,17164583,0,2010-09-24,2026-10-02,5852
USGS,10301000,"WALKER RV AT MASON, NV",ST,38.94852787,-119.187098,U,NAD83, 4400.00,.01,NGVD29,16050303,dv,00060,00003,102520,,wat,,1645423,0,1910-12-01,1922-10-31,2344
USGS,10301009,"SPRAGUE DITCH BLW FLUME AT MASON RD AT MASON, NV",ST,38.9559611,-119.1858389,1,NAD83, 4419,4.3,NAVD88,16050303,sv,,,0,,wat,,0,0,2011-04-06,2011-05-31,6
USGS,10301010,"SPRAGUE DITCH AT FLUME AT MASON RD AT MASON, NV",ST,38.95578056,-119.1858,1,NAD83, 4419,4.3,NAVD88,16050303,sv,,,0,,wat,,0,0,2011-05-31,2011-05-31,2
USGS,10301100,"WALKER RV AT E BRG STREET NR YERINGTON, NV",ST,38.98269504,-119.182098,S,NAD83, 4400., 20,NGVD29,16050303,ad,,,0,,wat,,0,0,2005,2013,9
USGS,10301100,"WALKER RV AT E BRG STREET NR YERINGTON, NV",ST,38.98269504,-119.182098,S,NAD83, 4400., 20,NGVD29,16050303,sv,,,0,,wat,,0,0,1994-10-05,2015-05-27,181
USGS,10301110,"CAMPBELL DITCH BLW WEIR AT YERINGTON, NV",ST,38.997,-119.1777306,1,NAD83, 4391,4.3,NAVD88,16050303,sv,,,0,,wat,,0,0,2011-02-11,2011-02-11,1
USGS,10301115,"WALKER RVR BLW YERINGTON WEIR NR YERINGTON, NV",ST,39.02041667,-119.1560556,S,NAD83, 4390, 10,NAVD88,16050303,ad,,,0,,wat,,0,0,2018,2025,8
USGS,10301115,"WALKER RVR BLW YERINGTON WEIR NR YERINGTON, NV",ST,39.02041667,-119.1560556,S,NAD83, 4390, 10,NAVD88,16050303,dv,00060,00003,239757,,wat,,1645423,0,2018-03-24,2026-10-01,3114
USGS,10301115,"WALKER RVR BLW YERINGTON WEIR NR YERINGTON, NV",ST,39.02041667,-119.1560556,S,NAD83, 4390, 10,NAVD88,16050303,pk,,,0,,wat,,0,0,2019-06-18,2024-11-02,7
USGS,10301115,"WALKER RVR BLW YERINGTON WEIR NR YERINGTON, NV",ST,39.02041667,-119.1560556,S,NAD83, 4390, 10,NAVD88,16050303,sv,,,0,,wat,,0,0,2018-03-24,2026-09-28,212
USGS,10301115,"WALKER RVR BLW YERINGTON WEIR NR YERINGTON, NV",ST,39.02041667,-119.1560556,S,NAD83, 4390, 10,NAVD88,16050303,uv,00060,,227746,,wat,,1645423,0,2018-03-24,2026-10-02,3114
USGS,10301115,"WALKER RVR BLW YERINGTON WEIR NR YERINGTON, NV",ST,39.02041667,-119.1560556,S,NAD83, 4390, 10,NAVD88,16050303,uv,00065,,227745,,wat,,17164583,0,2018-03-24,2026-10-02,3114
USGS,10301120,"WALKER RV AT MILLER LN NR YERINGTON, NV",ST,39.04827778,-119.13305556,S,NAD83,4353.0,4.3,NAVD88,160503030104,ad,,,0,,wat,,0,0,2011,2022,12
USGS,10301120,"WALKER RV AT MILLER LN NR YERINGTON, NV",ST,39.04827778,-119.13305556,S,NAD83,4353.0,4.3,NAVD88,160503030104,dv,00060,00003,102521,,wat,,1645423,0,2010-09-30,2023-08-25,3589
USGS,10301120,"WALKER RV AT MILLER LN NR YERINGTON, NV",ST,39.04827778,-119.13305556,S,NAD83,4353.0,4.3,NAVD88,160503030104,pk,,,0,,wat,,0,0,2011-07-01,2019-06-18,9
USGS,10301120,"WALKER RV AT MILLER LN NR YERINGTON, NV",ST,39.04827778,-119.13305556,S,NAD83,4353.0,4.3,NAVD88,160503030104,sv,,,0,,wat,,0,0,2010-07-20,2023-08-25,251
USGS,10301120,"WALKER RV AT MILLER LN NR YERINGTON, NV",ST,39.04827778,-119.13305556,S,NAD83,4353.0,4.3,NAVD88,160503030104,uv,00060,,103839,,wat,,1645423,0,2010-10-01,2023-08-25,4711
USGS,10301120,"WALKER RV AT MILLER LN NR YERINGTON, NV",ST,39.04827778,-119.13305556,S,NAD83,4353.0,4.3,NAVD88,160503030104,uv,00065,,103838,,wat,,17164583,0,2010-10-01,2023-08-25,4711
USGS,10301180,"E DRAIN ABV MASON VALLEY WMA NR YERINGTON, NV",ST,39.037141,-119.079319,U,NAD83, 4350.,  5,NGVD29,16050303,qw,,,0,,wat,ALL,0,0,1994-06-22,1994-07-14,2
USGS,10301180,"E DRAIN ABV MASON VALLEY WMA NR YERINGTON, NV",ST,39.037141,-119.079319,U,NAD83, 4350.,  5,NGVD29,16050303,qw,00010,,0,,wat,PHY,1645597,0,1994-06-22,1994-06-22,1
USGS,10301180,"E DRAIN ABV MASON VALLEY WMA NR YERINGTON, NV",ST,39.037141,-119.079319,U,NAD83, 4350.,  5,NGVD29,16050303,qw,00025,,0,,wat,PHY,1641265,0,1994-06-22,1994-06-22,1
USGS,10301180,"E DRAIN ABV MASON VALLEY WMA NR YERINGTON, NV",ST,39.037141,-119.079319,U,NAD83, 4350.,  5,NGVD29,16050303,qw,00028,,0,,wat,INF,0,0,1994-06-22,1994-07-14,2
USGS,10301180,"E DRAIN ABV MASON VALLEY WMA NR YERINGTON, NV",ST,39.037141,-119.079319,U,NAD83, 4350.,  5,NGVD29,16050303,qw,00061,,0,,wat,PHY,1645415,0,1994-06-22,1994-06-22,1
USGS,10301180,"E DRAIN ABV MASON VALLEY WMA NR YERINGTON, NV",ST,39.037141,-119.079319,U,NAD83, 4350.,  5,NGVD29,16050303,qw,00095,,0,,wat,PHY,1646694,0,1994-06-22,1994-06-22,1
USGS,10301180,"E DRAIN ABV MASON VALLEY WMA NR YERINGTON, NV",ST,39.037141,-119.079319,U,NAD83, 4350.,  5,NGVD29,16050303,qw,00191,,0,,wat,INN,1640572,0,1994-06-22,1994-06-22,1
USGS,10301180,"E DRAIN ABV MASON VALLEY WMA NR YERINGTON, NV",ST,39.037141,-119.079319,U,NAD83, 4350.,  5,NGVD29,16050303,qw,00300,,0,,wat,INN,154302,0,1994-06-22,1994-06-22,1
USGS,10301180,"E DRAIN ABV MASON VALLEY WMA NR YERINGTON, NV",ST,39.037141,-119.079319,U,NAD83, 4350.,  5,NGVD29,16050303,qw,00301,,0,,wat,INN,154302,0,1994-06-22,1994-06-22,1
USGS,10301180,"E DRAIN ABV MASON VALLEY WMA NR YERINGTON, NV",ST,39.037141,-119.079319,U,NAD83, 4350.,  5,NGVD29,16050303,qw,00400,,0,,wat,PHY,17028275,0,1994-06-22,1994-06-22,1
USGS,10301180,"E DRAIN ABV MASON VALLEY WMA NR YERINGTON, NV",ST,39.037141,-119.079319,U,NAD83, 4350.,  5,NGVD29,16050303,qw,00403,,0,,wat,PHY,1644335,0,1994-06-22,1994-06-22,1
USGS,10301180,"E DRAIN ABV MASON VALLEY WMA NR YERINGTON, NV",ST,39.037141,-119.079319,U,NAD83, 4350.,  5,NGVD29,16050303,qw,00405,,0,,wat,INN,33548,0,1994-06-22,1994-06-22,1
USGS,10301180,"E DRAIN ABV MASON VALLEY WMA NR YERINGTON, NV",ST,39.037141,-119.079319,U,NAD83, 4350.,  5,NGVD29,16050303,qw,00452,,0,,wat,INN,119396,0,1994-06-22,1994-06-22,1
USGS,10301180,"E DRAIN ABV MASON VALLEY WMA NR YERINGTON, NV",ST,39.037141,-119.079319,U,NAD83, 4350.,  5,NGVD29,16050303,qw,00453,,0,,wat,INN,4788,0,1994-06-22,1994-06-22,1
USGS,10301180,"E DRAIN ABV MASON VALLEY WMA NR YERINGTON, NV",ST,39.037141,-119.079319,U,NAD83, 4350.,  5,NGVD29,16050303,qw,00608,,0,,wat,NUT,966655,0,1994-06-22,1994-06-22,1
USGS,10301180,"E DRAIN ABV MASON VALLEY WMA NR YERINGTON, NV",ST,39.037141,-119.079319,U,NAD83, 4350.,  5,NGVD29,16050303,qw,00613,,0,,wat,NUT,197194,0,1994-06-22,1994-06-22,1
USGS,10301180,"E DRAIN ABV MASON VALLEY WMA NR YERINGTON, NV",ST,39.037141,-119.079319,U,NAD83, 4350.,  5,NGVD29,16050303,qw,00618,,0,,wat,NUT,197186,0,1994-06-22,1994-06-22,1
USGS,10301180,"E DRAIN ABV MASON VALLEY WMA NR YERINGTON, NV",ST,39.037141,-119.079319,U,NAD83, 4350.,  5,NGVD29,16050303,qw,00631,,0,,wat,NUT,701177,0,1994-06-22,1994-06-22,1
USGS,10301180,"E DRAIN ABV MASON VALLEY WMA NR YERINGTON, NV",ST,39.037141,-119.079319,U,NAD83, 4350.,  5,NGVD29,16050303,qw,00660,,0,,wat,NUT,194464,0,1994-06-22,1994-06-22,1
USGS,10301180,"E DRAIN ABV MASON VALLEY WMA NR YERINGTON, NV",ST,39.037141,-119.079319,U,NAD83, 4350.,  5,NGVD29,16050303,qw,00671,,0,,wat,NUT,194464,0,1994-06-22,1994-06-22,1
USGS,10301180,"E DRAIN ABV MASON VALLEY WMA NR YERINGTON, NV",ST,39.037141,-119.079319,U,NAD83, 4350.,  5,NGVD29,16050303,qw,00900,,0,,wat,PHY,1640416,0,1994-06-22,1994-06-22,1
USGS,10301180,"E DRAIN ABV MASON VALLEY WMA NR YERINGTON, NV",ST,39.037141,-119.079319,U,NAD83, 4350.,  5,NGVD29,16050303,qw,00915,,0,,wat,INM,150268,0,1994-06-22,1994-06-22,1
USGS,10301180,"E DRAIN ABV MASON VALLEY WMA NR YERINGTON, NV",ST,39.037141,-119.079319,U,NAD83, 4350.,  5,NGVD29,16050303,qw,00925,,0,,wat,INM,149617,0,1994-06-22,1994-06-22,1
USGS,10301180,"E DRAIN ABV MASON VALLEY WMA NR YERINGTON, NV",ST,39.037141,-119.079319,U,NAD83, 4350.,  5,NGVD29,16050303,qw,00930,,0,,wat,INM,149856,0,1994-06-22,1994-06-22,1
USGS,10301180,"E DRAIN ABV MASON VALLEY WMA NR YERINGTON, NV",ST,39.037141,-119.079319,U,NAD83, 4350.,  5,NGVD29,16050303,qw,00931,,0,,wat,INM,1640523,0,1994-06-22,1994-06-22,1
USGS,10301180,"E DRAIN ABV MASON VALLEY WMA NR YERINGTON, NV",ST,39.037141,-119.079319,U,NAD83, 4350.,  5,NGVD29,16050303,qw,00932,,0,,wat,INM,1646660,0,1994-06-22,1994-06-22,1
USGS,10301180,"E DRAIN ABV MASON VALLEY WMA NR YERINGTON, NV",ST,39.037141,-119.079319,U,NAD83, 4350.,  5,NGVD29,16050303,qw,00935,,0,,wat,INM,149740,0,1994-06-22,1994-06-22,1
USGS,10301180,"E DRAIN ABV MASON VALLEY WMA NR YERINGTON, NV",ST,39.037141,-119.079319,U,NAD83, 4350.,  5,NGVD29,16050303,qw,00940,,0,,wat,INN,205955,0,1994-06-22,1994-06-22,1
USGS,10301180,"E DRAIN ABV MASON VALLEY WMA NR YERINGTON, NV",ST,39.037141,-119.079319,U,NAD83, 4350.,  5,NGVD29,16050303,qw,00945,,0,,wat,INN,197301,0,1994-06-22,1994-06-22,1
USGS,10301180,"E DRAIN ABV MASON VALLEY WMA NR YERINGTON, NV",ST,39.037141,-119.079319,U,NAD83, 4350.,  5,NGVD29,16050303,qw,00950,,0,,wat,INN,206706,0,1994-06-22,1994-06-22,1
USGS,10301180,"E DRAIN ABV MASON VALLEY WMA NR YERINGTON, NV",ST,39.037141,-119.079319,U,NAD83, 4350.,  5,NGVD29,16050303,qw,00955,,0,,wat,INN,151977,0,1994-06-22,1994-06-22,1
USGS,10301180,"E DRAIN ABV MASON VALLEY WMA NR YERINGTON, NV",ST,39.037141,-119.079319,U,NAD83, 4350.,  5,NGVD29,16050303,qw,01000,,0,,wat,IMN,149989,0,1994-06-22,1994-06-22,1
USGS,10301180,"E DRAIN ABV MASON VALLEY WMA NR YERINGTON, NV",ST,39.037141,-119.079319,U,NAD83, 4350.,  5,NGVD29,16050303,qw,01005,,0,,wat,IMM,149997,0,1994-06-22,1994-06-22,1
USGS,10301180,"E DRAIN ABV MASON VALLEY WMA NR YERINGTON, NV",ST,39.037141,-119.079319,U,NAD83, 4350.,  5,NGVD29,16050303,qw,01010,,0,,wat,IMM,150003,0,1994-06-22,1994-06-22,1
USGS,10301180,"E DRAIN ABV MASON VALLEY WMA NR YERINGTON, NV",ST,39.037141,-119.079319,U,NAD83, 4350.,  5,NGVD29,16050303,qw,01020,,0,,wat,IMN,150011,0,1994-06-22,1994-06-22,1
USGS,10301180,"E DRAIN ABV MASON VALLEY WMA NR YERINGTON, NV",ST,39.037141,-119.079319,U,NAD83, 4350.,  5,NGVD29,16050303,qw,01025,,0,,wat,IMM,150029,0,1994-06-22,1994-06-22,1
USGS,10301180,"E DRAIN ABV MASON VALLEY WMA NR YERINGTON, NV",ST,39.037141,-119.079319,U,NAD83, 4350.,  5,NGVD29,16050303,qw,01030,,0,,wat,IMM,150060,0,1994-06-22,1994-06-22,1
USGS,10301180,"E DRAIN ABV MASON VALLEY WMA NR YERINGTON, NV",ST,39.037141,-119.079319,U,NAD83, 4350.,  5,NGVD29,16050303,qw,01035,,0,,wat,IMM,150078,0,1994-06-22,1994-06-22,1
USGS,10301180,"E DRAIN ABV MASON VALLEY WMA NR YERINGTON, NV",ST,39.037141,-119.079319,U,NAD83, 4350.,  5,NGVD29,16050303,qw,01040,,0,,wat,IMM,150086,0,1994-06-22,1994-06-22,1
USGS,10301180,"E DRAIN ABV MASON VALLEY WMA NR YERINGTON, NV",ST,39.037141,-119.079319,U,NAD83, 4350.,  5,NGVD29,16050303,qw,01046,,0,,wat,IMM,149559,0,1994-06-22,1994-06-22,1
USGS,10301180,"E DRAIN ABV MASON VALLEY WMA NR YERINGTON, NV",ST,39.037141,-119.079319,U,NAD83, 4350.,  5,NGVD29,16050303,qw,01049,,0,,wat,IMM,149583,0,1994-06-22,1994-06-22,1
USGS,10301180,"E DRAIN ABV MASON VALLEY WMA NR YERINGTON, NV",ST,39.037141,-119.079319,U,NAD83, 4350.,  5,NGVD29,16050303,qw,01056,,0,,wat,IMM,149625,0,1994-06-22,1994-06-22,1
USGS,10301180,"E DRAIN ABV MASON VALLEY WMA NR YERINGTON, NV",ST,39.037141,-119.079319,U,NAD83, 4350.,  5,NGVD29,16050303,qw,01060,,0,,wat,IMM,149641,0,1994-06-22,1994-06-22,1
USGS,10301180,"E DRAIN ABV MASON VALLEY WMA NR YERINGTON, NV",ST,39.037141,-119.079319,U,NAD83, 4350.,  5,NGVD29,16050303,qw,01065,,0,,wat,IMM,149674,0,1994-06-22,1994-06-22,1
USGS,10301180,"E DRAIN ABV MASON VALLEY WMA NR YERINGTON, NV",ST,39.037141,-119.079319,U,NAD83, 4350.,  5,NGVD29,16050303,qw,01075,,0,,wat,IMM,149849,0,1994-06-22,1994-06-22,1
USGS,10301180,"E DRAIN ABV MASON VALLEY WMA NR YERINGTON, NV",ST,39.037141,-119.079319,U,NAD83, 4350.,  5,NGVD29,16050303,qw,01090,,0,,wat,IMM,150235,0,1994-06-22,1994-06-22,1
USGS,10301180,"E DRAIN ABV MASON VALLEY WMA NR YERINGTON, NV",ST,39.037141,-119.079319,U,NAD83, 4350.,  5,NGVD29,16050303,qw,01095,,0,,wat,IMN,149963,0,1994-06-22,1994-06-22,1
USGS,10301180,"E DRAIN ABV MASON VALLEY WMA NR YERINGTON, NV",ST,39.037141,-119.079319,U,NAD83, 4350.,  5,NGVD29,16050303,qw,01106,,0,,wat,IMM,149476,0,1994-06-22,1994-06-22,1
USGS,10301180,"E DRAIN ABV MASON VALLEY WMA NR YERINGTON, NV",ST,39.037141,-119.079319,U,NAD83, 4350.,  5,NGVD29,16050303,qw,01145,,0,,wat,IMN,154310,0,1994-06-22,1994-06-22,1
USGS,10301180,"E DRAIN ABV MASON VALLEY WMA NR YERINGTON, NV",ST,39.037141,-119.079319,U,NAD83, 4350.,  5,NGVD29,16050303,qw,22703,,0,,wat,RAD,150185,0,1994-06-22,1994-06-22,1
USGS,10301180,"E DRAIN ABV MASON VALLEY WMA NR YERINGTON, NV",ST,39.037141,-119.079319,U,NAD83, 4350.,  5,NGVD29,16050303,qw,30209,,0,,wat,PHY,1645415,0,1994-06-22,1994-06-22,1
USGS,10301180,"E DRAIN ABV MASON VALLEY WMA NR YERINGTON, NV",ST,39.037141,-119.079319,U,NAD83, 4350.,  5,NGVD29,16050303,qw,34790,,0,,wat,IMM,149476,0,1994-07-14,1994-07-14,1
USGS,10301180,"E DRAIN ABV MASON VALLEY WMA NR YERINGTON, NV",ST,39.037141,-119.079319,U,NAD83, 4350.,  5,NGVD29,16050303,qw,34795,,0,,wat,IMN,149963,0,1994-07-14,1994-07-14,1
USGS,10301180,"E DRAIN ABV MASON VALLEY WMA NR YERINGTON, NV",ST,39.037141,-119.079319,U,NAD83, 4350.,  5,NGVD29,16050303,qw,34800,,0,,wat,IMN,149989,0,1994-07-14,1994-07-14,1
USGS,10301180,"E DRAIN ABV MASON VALLEY WMA NR YERINGTON, NV",ST,39.037141,-119.079319,U,NAD83, 4350.,  5,NGVD29,16050303,qw,34805,,0,,wat,IMM,149997,0,1994-07-14,1994-07-14,1
USGS,10301180,"E DRAIN ABV MASON VALLEY WMA NR YERINGTON, NV",ST,39.037141,-119.079319,U,NAD83, 4350.,  5,NGVD29,16050303,qw,34810,,0,,wat,IMM,150003,0,1994-07-14,1994-07-14,1
USGS,10301180,"E DRAIN ABV MASON VALLEY WMA NR YERINGTON, NV",ST,39.037141,-119.079319,U,NAD83, 4350.,  5,NGVD29,16050303,qw,34816,,0,,wat,IMM,150250,0,1994-07-14,1994-07-14,1
USGS,10301180,"E DRAIN ABV MASON VALLEY WMA NR YERINGTON, NV",ST,39.037141,-119.079319,U,NAD83, 4350.,  5,NGVD29,16050303,qw,34825,,0,,wat,IMM,150029,0,1994-07-14,1994-07-14,1
USGS,10301180,"E DRAIN ABV MASON VALLEY WMA NR YERINGTON, NV",ST,39.037141,-119.079319,U,NAD83, 4350.,  5,NGVD29,16050303,qw,34830,,0,,wat,INM,150268,0,1994-07-14,1994-07-14,1
USGS,10301180,"E DRAIN ABV MASON VALLEY WMA NR YERINGTON, NV",ST,39.037141,-119.079319,U,NAD83, 4350.,  5,NGVD29,16050303,qw,34835,,0,,wat,IMM,150045,0,1994-07-14,1994-07-14,1
USGS,10301180,"E DRAIN ABV MASON VALLEY WMA NR YERINGTON, NV",ST,39.037141,-119.079319,U,NAD83, 4350.,  5,NGVD29,16050303,qw,34840,,0,,wat,IMM,150060,0,1994-07-14,1994-07-14,1
USGS,10301180,"E DRAIN ABV MASON VALLEY WMA NR YERINGTON, NV",ST,39.037141,-119.079319,U,NAD83, 4350.,  5,NGVD29,16050303,qw,34845,,0,,wat,IMM,150078,0,1994-07-14,1994-07-14,1
USGS,10301180,"E DRAIN ABV MASON VALLEY WMA NR YERINGTON, NV",ST,39.037141,-119.079319,U,NAD83, 4350.,  5,NGVD29,16050303,qw,34850,,0,,wat,IMM,150086,0,1994-07-14,1994-07-14,1
USGS,10301180,"E DRAIN ABV MASON VALLEY WMA NR YERINGTON, NV",ST,39.037141,-119.079319,U,NAD83, 4350.,  5,NGVD29,16050303,qw,34855,,0,,wat,IMM,150102,0,1994-07-14,1994-07-14,1
USGS,10301180,"E DRAIN ABV MASON VALLEY WMA NR YERINGTON, NV",ST,39.037141,-119.079319,U,NAD83, 4350.,  5,NGVD29,16050303,qw,34860,,0,,wat,IMM,150128,0,1994-07-14,1994-07-14,1
USGS,10301180,"E DRAIN ABV MASON VALLEY WMA NR YERINGTON, NV",ST,39.037141,-119.079319,U,NAD83, 4350.,  5,NGVD29,16050303,qw,34870,,0,,wat,IMM,150144,0,1994-07-14,1994-07-14,1
USGS,10301180,"E DRAIN ABV MASON VALLEY WMA NR YERINGTON, NV",ST,39.037141,-119.079319,U,NAD83, 4350.,  5,NGVD29,16050303,qw,34875,,0,,wat,IMM,150177,0,1994-07-14,1994-07-14,1
USGS,10301180,"E DRAIN ABV MASON VALLEY WMA NR YERINGTON, NV",ST,39.037141,-119.079319,U,NAD83, 4350.,  5,NGVD29,16050303,qw,34880,,0,,wat,IMM,149559,0,1994-07-14,1994-07-14,1
USGS,10301180,"E DRAIN ABV MASON VALLEY WMA NR YERINGTON, NV",ST,39.037141,-119.079319,U,NAD83, 4350.,  5,NGVD29,16050303,qw,34885,,0,,wat,IMM,149575,0,1994-07-14,1994-07-14,1
USGS,10301180,"E DRAIN ABV MASON VALLEY WMA NR YERINGTON, NV",ST,39.037141,-119.079319,U,NAD83, 4350.,  5,NGVD29,16050303,qw,34890,,0,,wat,IMM,149583,0,1994-07-14,1994-07-14,1
USGS,10301180,"E DRAIN ABV MASON VALLEY WMA NR YERINGTON, NV",ST,39.037141,-119.079319,U,NAD83, 4350.,  5,NGVD29,16050303,qw,34895,,0,,wat,IMM,149591,0,1994-07-14,1994-07-14,1
USGS,10301180,"E DRAIN ABV MASON VALLEY WMA NR YERINGTON, NV",ST,39.037141,-119.079319,U,NAD83, 4350.,  5,NGVD29,16050303,qw,34900,,0,,wat,INM,149617,0,1994-07-14,1994-07-14,1
USGS,10301180,"E DRAIN ABV MASON VALLEY WMA NR YERINGTON, NV",ST,39.037141,-119.079319,U,NAD83, 4350.,  5,NGVD29,16050303,qw,34905,,0,,wat,IMM,149625,0,1994-07-14,1994-07-14,1
USGS,10301180,"E DRAIN ABV MASON VALLEY WMA NR YERINGTON, NV",ST,39.037141,-119.079319,U,NAD83, 4350.,  5,NGVD29,16050303,qw,34910,,0,,wat,IMM,149633,0,1994-07-14,1994-07-14,1
USGS,10301180,"E DRAIN ABV MASON VALLEY WMA NR YERINGTON, NV",ST,39.037141,-119.079319,U,NAD83, 4350.,  5,NGVD29,16050303,qw,34915,,0,,wat,IMM,149641,0,1994-07-14,1994-07-14,1
USGS,10301180,"E DRAIN ABV MASON VALLEY WMA NR YERINGTON, NV",ST,39.037141,-119.079319,U,NAD83, 4350.,  5,NGVD29,16050303,qw,34920,,0,,wat,IMM,149658,0,1994-07-14,1994-07-14,1
USGS,10301180,"E DRAIN ABV MASON VALLEY WMA NR YERINGTON, NV",ST,39.037141,-119.079319,U,NAD83, 4350.,  5,NGVD29,16050303,qw,34925,,0,,wat,IMM,149674,0,1994-07-14,1994-07-14,1
USGS,10301180,"E DRAIN ABV MASON VALLEY WMA NR YERINGTON, NV",ST,39.037141,-119.079319,U,NAD83, 4350.,  5,NGVD29,16050303,qw,34930,,0,,wat,IMM,149682,0,1994-07-14,1994-07-14,1
USGS,10301180,"E DRAIN ABV MASON VALLEY WMA NR YERINGTON, NV",ST,39.037141,-119.079319,U,NAD83, 4350.,  5,NGVD29,16050303,qw,34935,,0,,wat,NUT,153049,0,1994-07-14,1994-07-14,1
USGS,10301180,"E DRAIN ABV MASON VALLEY WMA NR YERINGTON, NV",ST,39.037141,-119.079319,U,NAD83, 4350.,  5,NGVD29,16050303,qw,34940,,0,,wat,INM,149740,0,1994-07-14,1994-07-14,1
USGS,10301180,"E DRAIN ABV MASON VALLEY WMA NR YERINGTON, NV",ST,39.037141,-119.079319,U,NAD83, 4350.,  5,NGVD29,16050303,qw,34945,,0,,wat,IMM,149823,0,1994-07-14,1994-07-14,1
USGS,10301180,"E DRAIN ABV MASON VALLEY WMA NR YERINGTON, NV",ST,39.037141,-119.079319,U,NAD83, 4350.,  5,NGVD29,16050303,qw,34950,,0,,wat,IMN,154310,0,1994-07-14,1994-07-14,1
USGS,10301180,"E DRAIN ABV MASON VALLEY WMA NR YERINGTON, NV",ST,39.037141,-119.079319,U,NAD83, 4350.,  5,NGVD29,16050303,qw,34955,,0,,wat,IMM,149849,0,1994-07-14,1994-07-14,1
USGS,10301180,"E DRAIN ABV MASON VALLEY WMA NR YERINGTON, NV",ST,39.037141,-119.079319,U,NAD83, 4350.,  5,NGVD29,16050303,qw,34960,,0,,wat,INM,149856,0,1994-07-14,1994-07-14,1
USGS,10301180,"E DRAIN ABV MASON VALLEY WMA NR YERINGTON, NV",ST,39.037141,-119.079319,U,NAD83, 4350.,  5,NGVD29,16050303,qw,34965,,0,,wat,IMM,149864,0,1994-07-14,1994-07-14,1
USGS,10301180,"E DRAIN ABV MASON VALLEY WMA NR YERINGTON, NV",ST,39.037141,-119.079319,U,NAD83, 4350.,  5,NGVD29,16050303,qw,34970,,0,,wat,INN,152744,0,1994-07-14,1994-07-14,1
USGS,10301180,"E DRAIN ABV MASON VALLEY WMA NR YERINGTON, NV",ST,39.037141,-119.079319,U,NAD83, 4350.,  5,NGVD29,16050303,qw,34975,,0,,wat,IMM,149872,0,1994-07-14,1994-07-14,1
USGS,10301180,"E DRAIN ABV MASON VALLEY WMA NR YERINGTON, NV",ST,39.037141,-119.079319,U,NAD83, 4350.,  5,NGVD29,16050303,qw,34980,,0,,wat,RAD,149906,0,1994-07-14,1994-07-14,1
USGS,10301180,"E DRAIN ABV MASON VALLEY WMA NR YERINGTON, NV",ST,39.037141,-119.079319,U,NAD83, 4350.,  5,NGVD29,16050303,qw,34985,,0,,wat,IMM,149922,0,1994-07-14,1994-07-14,1
USGS,10301180,"E DRAIN ABV MASON VALLEY WMA NR YERINGTON, NV",ST,39.037141,-119.079319,U,NAD83, 4350.,  5,NGVD29,16050303,qw,35000,,0,,wat,RAD,150185,0,1994-07-14,1994-07-14,1
USGS,10301180,"E DRAIN ABV MASON VALLEY WMA NR YERINGTON, NV",ST,39.037141,-119.079319,U,NAD83, 4350.,  5,NGVD29,16050303,qw,35005,,0,,wat,IMM,150193,0,1994-07-14,1994-07-14,1
USGS,10301180,"E DRAIN ABV MASON VALLEY WMA NR YERINGTON, NV",ST,39.037141,-119.079319,U,NAD83, 4350.,  5,NGVD29,16050303,qw,35010,,0,,wat,IMM,150227,0,1994-07-14,1994-07-14,1
USGS,10301180,"E DRAIN ABV MASON VALLEY WMA NR YERINGTON, NV",ST,39.037141,-119.079319,U,NAD83, 4350.,  5,NGVD29,16050303,qw,35015,,0,,wat,IMM,150219,0,1994-07-14,1994-07-14,1
USGS,10301180,"E DRAIN ABV MASON VALLEY WMA NR YERINGTON, NV",ST,39.037141,-119.079319,U,NAD83, 4350.,  5,NGVD29,16050303,qw,35020,,0,,wat,IMM,150235,0,1994-07-14,1994-07-14,1
USGS,10301180,"E DRAIN ABV MASON VALLEY WMA NR YERINGTON, NV",ST,39.037141,-119.079319,U,NAD83, 4350.,  5,NGVD29,16050303,qw,39086,,0,,wat,INN,1640192,0,1994-06-22,1994-06-22,1
USGS,10301180,"E DRAIN ABV MASON VALLEY WMA NR YERINGTON, NV",ST,39.037141,-119.079319,U,NAD83, 4350.,  5,NGVD29,16050303,qw,49266,,0,,wat,OOT,701250,0,1994-07-14,1994-07-14,1
USGS,10301180,"E DRAIN ABV MASON VALLEY WMA NR YERINGTON, NV",ST,39.037141,-119.079319,U,NAD83, 4350.,  5,NGVD29,16050303,qw,49267,,0,,wat,INN,150037,0,1994-07-14,1994-07-14,1
USGS,10301180,"E DRAIN ABV MASON VALLEY WMA NR YERINGTON, NV",ST,39.037141,-119.079319,U,NAD83, 4350.,  5,NGVD29,16050303,qw,49269,,0,,wat,INN,17294661,0,1994-07-14,1994-07-14,1
USGS,10301180,"E DRAIN ABV MASON VALLEY WMA NR YERINGTON, NV",ST,39.037141,-119.079319,U,NAD83, 4350.,  5,NGVD29,16050303,qw,49274,,0,,wat,IMM,149930,0,1994-07-14,1994-07-14,1
USGS,10301180,"E DRAIN ABV MASON VALLEY WMA NR YERINGTON, NV",ST,39.037141,-119.079319,U,NAD83, 4350.,  5,NGVD29,16050303,qw,70300,,0,,wat,PHY,1642222,0,1994-06-22,1994-06-22,1
USGS,10301180,"E DRAIN ABV MASON VALLEY WMA NR YERINGTON, NV",ST,39.037141,-119.079319,U,NAD83, 4350.,  5,NGVD29,16050303,qw,70301,,0,,wat,PHY,1642222,0,1994-06-22,1994-06-22,1
USGS,10301180,"E DRAIN ABV MASON VALLEY WMA NR YERINGTON, NV",ST,39.037141,-119.079319,U,NAD83, 4350.,  5,NGVD29,16050303,qw,70302,,0,,wat,PHY,1642222,0,1994-06-22,1994-06-22,1
USGS,10301180,"E DRAIN ABV MASON VALLEY WMA NR YERINGTON, NV",ST,39.037141,-119.079319,U,NAD83, 4350.,  5,NGVD29,16050303,qw,70303,,0,,wat,PHY,1642222,0,1994-06-22,1994-06-22,1
USGS,10301180,"E DRAIN ABV MASON VALLEY WMA NR YERINGTON, NV",ST,39.037141,-119.079319,U,NAD83, 4350.,  5,NGVD29,16050303,qw,71846,,0,,wat,NUT,966655,0,1994-06-22,1994-06-22,1
USGS,10301180,"E DRAIN ABV MASON VALLEY WMA NR YERINGTON, NV",ST,39.037141,-119.079319,U,NAD83, 4350.,  5,NGVD29,16050303,qw,71851,,0,,wat,NUT,197186,0,1994-06-22,1994-06-22,1
USGS,10301180,"E DRAIN ABV MASON VALLEY WMA NR YERINGTON, NV",ST,39.037141,-119.079319,U,NAD83, 4350.,  5,NGVD29,16050303,qw,71856,,0,,wat,NUT,197194,0,1994-06-22,1994-06-22,1
USGS,10301180,"E DRAIN ABV MASON VALLEY WMA NR YERINGTON, NV",ST,39.037141,-119.079319,U,NAD83, 4350.,  5,NGVD29,16050303,qw,71870,,0,,wat,INN,227538,0,1994-06-22,1994-06-22,1
USGS,10301180,"E DRAIN ABV MASON VALLEY WMA NR YERINGTON, NV",ST,39.037141,-119.079319,U,NAD83, 4350.,  5,NGVD29,16050303,qw,71890,,0,,wat,IMM,149633,0,1994-06-22,1994-06-22,1
USGS,10301180,"E DRAIN ABV MASON VALLEY WMA NR YERINGTON, NV",ST,39.037141,-119.079319,U,NAD83, 4350.,  5,NGVD29,16050303,qw,90095,,0,,wat,PHY,1646694,0,1994-06-22,1994-06-22,1
USGS,10301180,"E DRAIN ABV MASON VALLEY WMA NR YERINGTON, NV",ST,39.037141,-119.079319,U,NAD83, 4350.,  5,NGVD29,16050303,qw,90410,,0,,wat,INN,1640192,0,1994-06-22,1994-06-22,1
USGS,10301280,PERK SLOUGH AT MASON VALLEY WMA BOUNDRY NR WABUSKA,ST,39.12158586,-119.0754314,S,NAD83, 4310.,20.,NGVD29,16050303,qw,,,0,,wat,ALL,0,0,1994-06-14,1994-06-14,1
USGS,10301280,PERK SLOUGH AT MASON VALLEY WMA BOUNDRY NR WABUSKA,ST,39.12158586,-119.0754314,S,NAD83, 4310.,20.,NGVD29,16050303,qw,00010,,0,,wat,PHY,1645597,0,1994-06-14,1994-06-14,1
USGS,10301280,PERK SLOUGH AT MASON VALLEY WMA BOUNDRY NR WABUSKA,ST,39.12158586,-119.0754314,S,NAD83, 4310.,20.,NGVD29,16050303,qw,00025,,0,,wat,PHY,1641265,0,1994-06-14,1994-06-14,1
USGS,10301280,PERK SLOUGH AT MASON VALLEY WMA BOUNDRY NR WABUSKA,ST,39.12158586,-119.0754314,S,NAD83, 4310.,20.,NGVD29,16050303,qw,00028,,0,,wat,INF,0,0,1994-06-14,1994-06-14,1
USGS,10301280,PERK SLOUGH AT MASON VALLEY WMA BOUNDRY NR WABUSKA,ST,39.12158586,-119.0754314,S,NAD83, 4310.,20.,NGVD29,16050303,qw,00061,,0,,wat,PHY,1645415,0,1994-06-14,1994-06-14,1
USGS,10301280,PERK SLOUGH AT MASON VALLEY WMA BOUNDRY NR WABUSKA,ST,39.12158586,-119.0754314,S,NAD83, 4310.,20.,NGVD29,16050303,qw,00095,,0,,wat,PHY,1646694,0,1994-06-14,1994-06-14,1
USGS,10301280,PERK SLOUGH AT MASON VALLEY WMA BOUNDRY NR WABUSKA,ST,39.12158586,-119.0754314,S,NAD83, 4310.,20.,NGVD29,16050303,qw,00191,,0,,wat,INN,1640572,0,1994-06-14,1994-06-14,1
USGS,10301280,PERK SLOUGH AT MASON VALLEY WMA BOUNDRY NR WABUSKA,ST,39.12158586,-119.0754314,S,NAD83, 4310.,20.,NGVD29,16050303,qw,00300,,0,,wat,INN,154302,0,1994-06-14,1994-06-14,1
USGS,10301280,PERK SLOUGH AT MASON VALLEY WMA BOUNDRY NR WABUSKA,ST,39.12158586,-119.0754314,S,NAD83, 4310.,20.,NGVD29,16050303,qw,00301,,0,,wat,INN,154302,0,1994-06-14,1994-06-14,1
USGS,10301280,PERK SLOUGH AT MASON VALLEY WMA BOUNDRY NR WABUSKA,ST,39.12158586,-119.0754314,S,NAD83, 4310.,20.,NGVD29,16050303,qw,00400,,0,,wat,PHY,17028275,0,1994-06-14,1994-06-14,1
USGS,10301280,PERK SLOUGH AT MASON VALLEY WMA BOUNDRY NR WABUSKA,ST,39.12158586,-119.0754314,S,NAD83, 4310.,20.,NGVD29,16050303,qw,00403,,0,,wat,PHY,1644335,0,1994-06-14,1994-06-14,1
USGS,10301280,PERK SLOUGH AT MASON VALLEY WMA BOUNDRY NR WABUSKA,ST,39.12158586,-119.0754314,S,NAD83, 4310.,20.,NGVD29,16050303,qw,00405,,0,,wat,INN,33548,0,1994-06-14,1994-06-14,1
USGS,10301280,PERK SLOUGH AT MASON VALLEY WMA BOUNDRY NR WABUSKA,ST,39.12158586,-119.0754314,S,NAD83, 4310.,20.,NGVD29,16050303,qw,00452,,0,,wat,INN,119396,0,1994-06-14,1994-06-14,1
USGS,10301280,PERK SLOUGH AT MASON VALLEY WMA BOUNDRY NR WABUSKA,ST,39.12158586,-119.0754314,S,NAD83, 4310.,20.,NGVD29,16050303,qw,00453,,0,,wat,INN,4788,0,1994-06-14,1994-06-14,1
USGS,10301280,PERK SLOUGH AT MASON VALLEY WMA BOUNDRY NR WABUSKA,ST,39.12158586,-119.0754314,S,NAD83, 4310.,20.,NGVD29,16050303,qw,00608,,0,,wat,NUT,966655,0,1994-06-14,1994-06-14,1
USGS,10301280,PERK SLOUGH AT MASON VALLEY WMA BOUNDRY NR WABUSKA,ST,39.12158586,-119.0754314,S,NAD83, 4310.,20.,NGVD29,16050303,qw,00613,,0,,wat,NUT,197194,0,1994-06-14,1994-06-14,1
USGS,10301280,PERK SLOUGH AT MASON VALLEY WMA BOUNDRY NR WABUSKA,ST,39.12158586,-119.0754314,S,NAD83, 4310.,20.,NGVD29,16050303,qw,00618,,0,,wat,NUT,197186,0,1994-06-14,1994-06-14,1
USGS,10301280,PERK SLOUGH AT MASON VALLEY WMA BOUNDRY NR WABUSKA,ST,39.12158586,-119.0754314,S,NAD83, 4310.,20.,NGVD29,16050303,qw,00631,,0,,wat,NUT,701177,0,1994-06-14,1994-06-14,1
USGS,10301280,PERK SLOUGH AT MASON VALLEY WMA BOUNDRY NR WABUSKA,ST,39.12158586,-119.0754314,S,NAD83, 4310.,20.,NGVD29,16050303,qw,00660,,0,,wat,NUT,194464,0,1994-06-14,1994-06-14,1
USGS,10301280,PERK SLOUGH AT MASON VALLEY WMA BOUNDRY NR WABUSKA,ST,39.12158586,-119.0754314,S,NAD83, 4310.,20.,NGVD29,16050303,qw,00671,,0,,wat,NUT,194464,0,1994-06-14,1994-06-14,1
USGS,10301280,PERK SLOUGH AT MASON VALLEY WMA BOUNDRY NR WABUSKA,ST,39.12158586,-119.0754314,S,NAD83, 4310.,20.,NGVD29,16050303,qw,00900,,0,,wat,PHY,1640416,0,1994-06-14,1994-06-14,1
USGS,10301280,PERK SLOUGH AT MASON VALLEY WMA BOUNDRY NR WABUSKA,ST,39.12158586,-119.0754314,S,NAD83, 4310.,20.,NGVD29,16050303,qw,00904,,0,,wat,PHY,1640432,0,1994-06-14,1994-06-14,1
USGS,10301280,PERK SLOUGH AT MASON VALLEY WMA BOUNDRY NR WABUSKA,ST,39.12158586,-119.0754314,S,NAD83, 4310.,20.,NGVD29,16050303,qw,00915,,0,,wat,INM,150268,0,1994-06-14,1994-06-14,1
USGS,10301280,PERK SLOUGH AT MASON VALLEY WMA BOUNDRY NR WABUSKA,ST,39.12158586,-119.0754314,S,NAD83, 4310.,20.,NGVD29,16050303,qw,00925,,0,,wat,INM,149617,0,1994-06-14,1994-06-14,1
USGS,10301280,PERK SLOUGH AT MASON VALLEY WMA BOUNDRY NR WABUSKA,ST,39.12158586,-119.0754314,S,NAD83, 4310.,20.,NGVD29,16050303,qw,00930,,0,,wat,INM,149856,0,1994-06-14,1994-06-14,1
USGS,10301280,PERK SLOUGH AT MASON VALLEY WMA BOUNDRY NR WABUSKA,ST,39.12158586,-119.0754314,S,NAD83, 4310.,20.,NGVD29,16050303,qw,00931,,0,,wat,INM,1640523,0,1994-06-14,1994-06-14,1
USGS,10301280,PERK SLOUGH AT MASON VALLEY WMA BOUNDRY NR WABUSKA,ST,39.12158586,-119.0754314,S,NAD83, 4310.,20.,NGVD29,16050303,qw,00932,,0,,wat,INM,1646660,0,1994-06-14,1994-06-14,1
USGS,10301280,PERK SLOUGH AT MASON VALLEY WMA BOUNDRY NR WABUSKA,ST,39.12158586,-119.0754314,S,NAD83, 4310.,20.,NGVD29,16050303,qw,00935,,0,,wat,INM,149740,0,1994-06-14,1994-06-14,1
USGS,10301280,PERK SLOUGH AT MASON VALLEY WMA BOUNDRY NR WABUSKA,ST,39.12158586,-119.0754314,S,NAD83, 4310.,20.,NGVD29,16050303,qw,00940,,0,,wat,INN,205955,0,1994-06-14,1994-06-14,1
USGS,10301280,PERK SLOUGH AT MASON VALLEY WMA BOUNDRY NR WABUSKA,ST,39.12158586,-119.0754314,S,NAD83, 4310.,20.,NGVD29,16050303,qw,00945,,0,,wat,INN,197301,0,1994-06-14,1994-06-14,1
USGS,10301280,PERK SLOUGH AT MASON VALLEY WMA BOUNDRY NR WABUSKA,ST,39.12158586,-119.0754314,S,NAD83, 4310.,20.,NGVD29,16050303,qw,00950,,0,,wat,INN,206706,0,1994-06-14,1994-06-14,1
USGS,10301280,PERK SLOUGH AT MASON VALLEY WMA BOUNDRY NR WABUSKA,ST,39.12158586,-119.0754314,S,NAD83, 4310.,20.,NGVD29,16050303,qw,00955,,0,,wat,INN,151977,0,1994-06-14,1994-06-14,1
USGS,10301280,PERK SLOUGH AT MASON VALLEY WMA BOUNDRY NR WABUSKA,ST,39.12158586,-119.0754314,S,NAD83, 4310.,20.,NGVD29,16050303,qw,01000,,0,,wat,IMN,149989,0,1994-06-14,1994-06-14,1
USGS,10301280,PERK SLOUGH AT MASON VALLEY WMA BOUNDRY NR WABUSKA,ST,39.12158586,-119.0754314,S,NAD83, 4310.,20.,NGVD29,16050303,qw,01005,,0,,wat,IMM,149997,0,1994-06-14,1994-06-14,1
USGS,10301280,PERK SLOUGH AT MASON VALLEY WMA BOUNDRY NR WABUSKA,ST,39.12158586,-119.0754314,S,NAD83, 4310.,20.,NGVD29,16050303,qw,01010,,0,,wat,IMM,150003,0,1994-06-14,1994-06-14,1
USGS,10301280,PERK SLOUGH AT MASON VALLEY WMA BOUNDRY NR WABUSKA,ST,39.12158586,-119.0754314,S,NAD83, 4310.,20.,NGVD29,16050303,qw,01020,,0,,wat,IMN,150011,0,1994-06-14,1994-06-14,1
USGS,10301280,PERK SLOUGH AT MASON VALLEY WMA BOUNDRY NR WABUSKA,ST,39.12158586,-119.0754314,S,NAD83, 4310.,20.,NGVD29,16050303,qw,01025,,0,,wat,IMM,150029,0,1994-06-14,1994-06-14,1
USGS,10301280,PERK SLOUGH AT MASON VALLEY WMA BOUNDRY NR WABUSKA,ST,39.12158586,-119.0754314,S,NAD83, 4310.,20.,NGVD29,16050303,qw,01030,,0,,wat,IMM,150060,0,1994-06-14,1994-06-14,1
USGS,10301280,PERK SLOUGH AT MASON VALLEY WMA BOUNDRY NR WABUSKA,ST,39.12158586,-119.0754314,S,NAD83, 4310.,20.,NGVD29,16050303,qw,01035,,0,,wat,IMM,150078,0,1994-06-14,1994-06-14,1
USGS,10301280,PERK SLOUGH AT MASON VALLEY WMA BOUNDRY NR WABUSKA,ST,39.12158586,-119.0754314,S,NAD83, 4310.,20.,NGVD29,16050303,qw,01040,,0,,wat,IMM,150086,0,1994-06-14,1994-06-14,1
USGS,10301280,PERK SLOUGH AT MASON VALLEY WMA BOUNDRY NR WABUSKA,ST,39.12158586,-119.0754314,S,NAD83, 4310.,20.,NGVD29,16050303,qw,01046,,0,,wat,IMM,149559,0,1994-06-14,1994-06-14,1
USGS,10301280,PERK SLOUGH AT MASON VALLEY WMA BOUNDRY NR WABUSKA,ST,39.12158586,-119.0754314,S,NAD83, 4310.,20.,NGVD29,16050303,qw,01049,,0,,wat,IMM,149583,0,1994-06-14,1994-06-14,1
USGS,10301280,PERK SLOUGH AT MASON VALLEY WMA BOUNDRY NR WABUSKA,ST,39.12158586,-119.0754314,S,NAD83, 4310.,20.,NGVD29,16050303,qw,01056,,0,,wat,IMM,149625,0,1994-06-14,1994-06-14,1
USGS,10301280,PERK SLOUGH AT MASON VALLEY WMA BOUNDRY NR WABUSKA,ST,39.12158586,-119.0754314,S,NAD83, 4310.,20.,NGVD29,16050303,qw,01060,,0,,wat,IMM,149641,0,1994-06-14,1994-06-14,1
USGS,10301280,PERK SLOUGH AT MASON VALLEY WMA BOUNDRY NR WABUSKA,ST,39.12158586,-119.0754314,S,NAD83, 4310.,20.,NGVD29,16050303,qw,01065,,0,,wat,IMM,149674,0,1994-06-14,1994-06-14,1
USGS,10301280,PERK SLOUGH AT MASON VALLEY WMA BOUNDRY NR WABUSKA,ST,39.12158586,-119.0754314,S,NAD83, 4310.,20.,NGVD29,16050303,qw,01075,,0,,wat,IMM,149849,0,1994-06-14,1994-06-14,1
USGS,10301280,PERK SLOUGH AT MASON VALLEY WMA BOUNDRY NR WABUSKA,ST,39.12158586,-119.0754314,S,NAD83, 4310.,20.,NGVD29,16050303,qw,01090,,0,,wat,IMM,150235,0,1994-06-14,1994-06-14,1
USGS,10301280,PERK SLOUGH AT MASON VALLEY WMA BOUNDRY NR WABUSKA,ST,39.12158586,-119.0754314,S,NAD83, 4310.,20.,NGVD29,16050303,qw,01095,,0,,wat,IMN,149963,0,1994-06-14,1994-06-14,1
USGS,10301280,PERK SLOUGH AT MASON VALLEY WMA BOUNDRY NR WABUSKA,ST,39.12158586,-119.0754314,S,NAD83, 4310.,20.,NGVD29,16050303,qw,01106,,0,,wat,IMM,149476,0,1994-06-14,1994-06-14,1
USGS,10301280,PERK SLOUGH AT MASON VALLEY WMA BOUNDRY NR WABUSKA,ST,39.12158586,-119.0754314,S,NAD83, 4310.,20.,NGVD29,16050303,qw,01145,,0,,wat,IMN,154310,0,1994-06-14,1994-06-14,1
USGS,10301280,PERK SLOUGH AT MASON VALLEY WMA BOUNDRY NR WABUSKA,ST,39.12158586,-119.0754314,S,NAD83, 4310.,20.,NGVD29,16050303,qw,22703,,0,,wat,RAD,150185,0,1994-06-14,1994-06-14,1
USGS,10301280,PERK SLOUGH AT MASON VALLEY WMA BOUNDRY NR WABUSKA,ST,39.12158586,-119.0754314,S,NAD83, 4310.,20.,NGVD29,16050303,qw,30209,,0,,wat,PHY,1645415,0,1994-06-14,1994-06-14,1
USGS,10301280,PERK SLOUGH AT MASON VALLEY WMA BOUNDRY NR WABUSKA,ST,39.12158586,-119.0754314,S,NAD83, 4310.,20.,NGVD29,16050303,qw,34790,,0,,wat,IMM,149476,0,1994-06-14,1994-06-14,1
USGS,10301280,PERK SLOUGH AT MASON VALLEY WMA BOUNDRY NR WABUSKA,ST,39.12158586,-119.0754314,S,NAD83, 4310.,20.,NGVD29,16050303,qw,34795,,0,,wat,IMN,149963,0,1994-06-14,1994-06-14,1
USGS,10301280,PERK SLOUGH AT MASON VALLEY WMA BOUNDRY NR WABUSKA,ST,39.12158586,-119.0754314,S,NAD83, 4310.,20.,NGVD29,16050303,qw,34800,,0,,wat,IMN,149989,0,1994-06-14,1994-06-14,1
USGS,10301280,PERK SLOUGH AT MASON VALLEY WMA BOUNDRY NR WABUSKA,ST,39.12158586,-119.0754314,S,NAD83, 4310.,20.,NGVD29,16050303,qw,34805,,0,,wat,IMM,149997,0,1994-06-14,1994-06-14,1
USGS,10301280,PERK SLOUGH AT MASON VALLEY WMA BOUNDRY NR WABUSKA,ST,39.12158586,-119.0754314,S,NAD83, 4310.,20.,NGVD29,16050303,qw,34810,,0,,wat,IMM,150003,0,1994-06-14,1994-06-14,1
USGS,10301280,PERK SLOUGH AT MASON VALLEY WMA BOUNDRY NR WABUSKA,ST,39.12158586,-119.0754314,S,NAD83, 4310.,20.,NGVD29,16050303,qw,34816,,0,,wat,IMM,150250,0,1994-06-14,1994-06-14,1
USGS,10301280,PERK SLOUGH AT MASON VALLEY WMA BOUNDRY NR WABUSKA,ST,39.12158586,-119.0754314,S,NAD83, 4310.,20.,NGVD29,16050303,qw,34825,,0,,wat,IMM,150029,0,1994-06-14,1994-06-14,1
USGS,10301280,PERK SLOUGH AT MASON VALLEY WMA BOUNDRY NR WABUSKA,ST,39.12158586,-119.0754314,S,NAD83, 4310.,20.,NGVD29,16050303,qw,34830,,0,,wat,INM,150268,0,1994-06-14,1994-06-14,1
USGS,10301280,PERK SLOUGH AT MASON VALLEY WMA BOUNDRY NR WABUSKA,ST,39.12158586,-119.0754314,S,NAD83, 4310.,20.,NGVD29,16050303,qw,34835,,0,,wat,IMM,150045,0,1994-06-14,1994-06-14,1
USGS,10301280,PERK SLOUGH AT MASON VALLEY WMA BOUNDRY NR WABUSKA,ST,39.12158586,-119.0754314,S,NAD83, 4310.,20.,NGVD29,16050303,qw,34840,,0,,wat,IMM,150060,0,1994-06-14,1994-06-14,1
USGS,10301280,PERK SLOUGH AT MASON VALLEY WMA BOUNDRY NR WABUSKA,ST,39.12158586,-119.0754314,S,NAD83, 4310.,20.,NGVD29,16050303,qw,34845,,0,,wat,IMM,150078,0,1994-06-14,1994-06-14,1
USGS,10301280,PERK SLOUGH AT MASON VALLEY WMA BOUNDRY NR WABUSKA,ST,39.12158586,-119.0754314,S,NAD83, 4310.,20.,NGVD29,16050303,qw,34850,,0,,wat,IMM,150086,0,1994-06-14,1994-06-14,1
USGS,10301280,PERK SLOUGH AT MASON VALLEY WMA BOUNDRY NR WABUSKA,ST,39.12158586,-119.0754314,S,NAD83, 4310.,20.,NGVD29,16050303,qw,34855,,0,,wat,IMM,150102,0,1994-06-14,1994-06-14,1
USGS,10301280,PERK SLOUGH AT MASON VALLEY WMA BOUNDRY NR WABUSKA,ST,39.12158586,-119.0754314,S,NAD83, 4310.,20.,NGVD29,16050303,qw,34860,,0,,wat,IMM,150128,0,1994-06-14,1994-06-14,1
USGS,10301280,PERK SLOUGH AT MASON VALLEY WMA BOUNDRY NR WABUSKA,ST,39.12158586,-119.0754314,S,NAD83, 4310.,20.,NGVD29,16050303,qw,34870,,0,,wat,IMM,150144,0,1994-06-14,1994-06-14,1
USGS,10301280,PERK SLOUGH AT MASON VALLEY WMA BOUNDRY NR WABUSKA,ST,39.12158586,-119.0754314,S,NAD83, 4310.,20.,NGVD29,16050303,qw,34875,,0,,wat,IMM,150177,0,1994-06-14,1994-06-14,1
USGS,10301280,PERK SLOUGH AT MASON VALLEY WMA BOUNDRY NR WABUSKA,ST,39.12158586,-119.0754314,S,NAD83, 4310.,20.,NGVD29,16050303,qw,34880,,0,,wat,IMM,149559,0,1994-06-14,1994-06-14,1
USGS,10301280,PERK SLOUGH AT MASON VALLEY WMA BOUNDRY NR WABUSKA,ST,39.12158586,-119.0754314,S,NAD83, 4310.,20.,NGVD29,16050303,qw,34885,,0,,wat,IMM,149575,0,1994-06-14,1994-06-14,1
USGS,10301280,PERK SLOUGH AT MASON VALLEY WMA BOUNDRY NR WABUSKA,ST,39.12158586,-119.0754314,S,NAD83, 4310.,20.,NGVD29,16050303,qw,34890,,0,,wat,IMM,149583,0,1994-06-14,1994-06-14,1
USGS,10301280,PERK SLOUGH AT MASON VALLEY WMA BOUNDRY NR WABUSKA,ST,39.12158586,-119.0754314,S,NAD83, 4310.,20.,NGVD29,16050303,qw,34895,,0,,wat,IMM,149591,0,1994-06-14,1994-06-14,1
USGS,10301280,PERK SLOUGH AT MASON VALLEY WMA BOUNDRY NR WABUSKA,ST,39.12158586,-119.0754314,S,NAD83, 4310.,20.,NGVD29,16050303,qw,34900,,0,,wat,INM,149617,0,1994-06-14,1994-06-14,1
USGS,10301280,PERK SLOUGH AT MASON VALLEY WMA BOUNDRY NR WABUSKA,ST,39.12158586,-119.0754314,S,NAD83, 4310.,20.,NGVD29,16050303,qw,34905,,0,,wat,IMM,149625,0,1994-06-14,1994-06-14,1
USGS,10301280,PERK SLOUGH AT MASON VALLEY WMA BOUNDRY NR WABUSKA,ST,39.12158586,-119.0754314,S,NAD83, 4310.,20.,NGVD29,16050303,qw,34910,,0,,wat,IMM,149633,0,1994-06-14,1994-06-14,1
USGS,10301280,PERK SLOUGH AT MASON VALLEY WMA BOUNDRY NR WABUSKA,ST,39.12158586,-119.0754314,S,NAD83, 4310.,20.,NGVD29,16050303,qw,34915,,0,,wat,IMM,149641,0,1994-06-14,1994-06-14,1
USGS,10301280,PERK SLOUGH AT MASON VALLEY WMA BOUNDRY NR WABUSKA,ST,39.12158586,-119.0754314,S,NAD83, 4310.,20.,NGVD29,16050303,qw,34920,,0,,wat,IMM,149658,0,1994-06-14,1994-06-14,1
USGS,10301280,PERK SLOUGH AT MASON VALLEY WMA BOUNDRY NR WABUSKA,ST,39.12158586,-119.0754314,S,NAD83, 4310.,20.,NGVD29,16050303,qw,34925,,0,,wat,IMM,149674,0,1994-06-14,1994-06-14,1
USGS,10301280,PERK SLOUGH AT MASON VALLEY WMA BOUNDRY NR WABUSKA,ST,39.12158586,-119.0754314,S,NAD83, 4310.,20.,NGVD29,16050303,qw,34930,,0,,wat,IMM,149682,0,1994-06-14,1994-06-14,1
USGS,10301280,PERK SLOUGH AT MASON VALLEY WMA BOUNDRY NR WABUSKA,ST,39.12158586,-119.0754314,S,NAD83, 4310.,20.,NGVD29,16050303,qw,34935,,0,,wat,NUT,153049,0,1994-06-14,1994-06-14,1
USGS,10301280,PERK SLOUGH AT MASON VALLEY WMA BOUNDRY NR WABUSKA,ST,39.12158586,-119.0754314,S,NAD83, 4310.,20.,NGVD29,16050303,qw,34940,,0,,wat,INM,149740,0,1994-06-14,1994-06-14,1
USGS,10301280,PERK SLOUGH AT MASON VALLEY WMA BOUNDRY NR WABUSKA,ST,39.12158586,-119.0754314,S,NAD83, 4310.,20.,NGVD29,16050303,qw,34945,,0,,wat,IMM,149823,0,1994-06-14,1994-06-14,1
USGS,10301280,PERK SLOUGH AT MASON VALLEY WMA BOUNDRY NR WABUSKA,ST,39.12158586,-119.0754314,S,NAD83, 4310.,20.,NGVD29,16050303,qw,34950,,0,,wat,IMN,154310,0,1994-06-14,1994-06-14,1
USGS,10301280,PERK SLOUGH AT MASON VALLEY WMA BOUNDRY NR WABUSKA,ST,39.12158586,-119.0754314,S,NAD83, 4310.,20.,NGVD29,16050303,qw,34955,,0,,wat,IMM,149849,0,1994-06-14,1994-06-14,1
USGS,10301280,PERK SLOUGH AT MASON VALLEY WMA BOUNDRY NR WABUSKA,ST,39.12158586,-119.0754314,S,NAD83, 4310.,20.,NGVD29,16050303,qw,34960,,0,,wat,INM,149856,0,1994-06-14,1994-06-14,1
USGS,10301280,PERK SLOUGH AT MASON VALLEY WMA BOUNDRY NR WABUSKA,ST,39.12158586,-119.0754314,S,NAD83, 4310.,20.,NGVD29,16050303,qw,34965,,0,,wat,IMM,149864,0,1994-06-14,1994-06-14,1
USGS,10301280,PERK SLOUGH AT MASON VALLEY WMA BOUNDRY NR WABUSKA,ST,39.12158586,-119.0754314,S,NAD83, 4310.,20.,NGVD29,16050303,qw,34970,,0,,wat,INN,152744,0,1994-06-14,1994-06-14,1
USGS,10301280,PERK SLOUGH AT MASON VALLEY WMA BOUNDRY NR WABUSKA,ST,39.12158586,-119.0754314,S,NAD83, 4310.,20.,NGVD29,16050303,qw,34975,,0,,wat,IMM,149872,0,1994-06-14,1994-06-14,1
USGS,10301280,PERK SLOUGH AT MASON VALLEY WMA BOUNDRY NR WABUSKA,ST,39.12158586,-119.0754314,S,NAD83, 4310.,20.,NGVD29,16050303,qw,34980,,0,,wat,RAD,149906,0,1994-06-14,1994-06-14,1
USGS,10301280,PERK SLOUGH AT MASON VALLEY WMA BOUNDRY NR WABUSKA,ST,39.12158586,-119.0754314,S,NAD83, 4310.,20.,NGVD29,16050303,qw,34985,,0,,wat,IMM,149922,0,1994-06-14,1994-06-14,1
USGS,10301280,PERK SLOUGH AT MASON VALLEY WMA BOUNDRY NR WABUSKA,ST,39.12158586,-119.0754314,S,NAD83, 4310.,20.,NGVD29,16050303,qw,35000,,0,,wat,RAD,150185,0,1994-06-14,1994-06-14,1
USGS,10301280,PERK SLOUGH AT MASON VALLEY WMA BOUNDRY NR WABUSKA,ST,39.12158586,-119.0754314,S,NAD83, 4310.,20.,NGVD29,16050303,qw,35005,,0,,wat,IMM,150193,0,1994-06-14,1994-06-14,1
USGS,10301280,PERK SLOUGH AT MASON VALLEY WMA BOUNDRY NR WABUSKA,ST,39.12158586,-119.0754314,S,NAD83, 4310.,20.,NGVD29,16050303,qw,35010,,0,,wat,IMM,150227,0,1994-06-14,1994-06-14,1
USGS,10301280,PERK SLOUGH AT MASON VALLEY WMA BOUNDRY NR WABUSKA,ST,39.12158586,-119.0754314,S,NAD83, 4310.,20.,NGVD29,16050303,qw,35015,,0,,wat,IMM,150219,0,1994-06-14,1994-06-14,1
USGS,10301280,PERK SLOUGH AT MASON VALLEY WMA BOUNDRY NR WABUSKA,ST,39.12158586,-119.0754314,S,NAD83, 4310.,20.,NGVD29,16050303,qw,35020,,0,,wat,IMM,150235,0,1994-06-14,1994-06-14,1
USGS,10301280,PERK SLOUGH AT MASON VALLEY WMA BOUNDRY NR WABUSKA,ST,39.12158586,-119.0754314,S,NAD83, 4310.,20.,NGVD29,16050303,qw,39086,,0,,wat,INN,1640192,0,1994-06-14,1994-06-14,1
USGS,10301280,PERK SLOUGH AT MASON VALLEY WMA BOUNDRY NR WABUSKA,ST,39.12158586,-119.0754314,S,NAD83, 4310.,20.,NGVD29,16050303,qw,49266,,0,,wat,OOT,701250,0,1994-06-14,1994-06-14,1
USGS,10301280,PERK SLOUGH AT MASON VALLEY WMA BOUNDRY NR WABUSKA,ST,39.12158586,-119.0754314,S,NAD83, 4310.,20.,NGVD29,16050303,qw,49267,,0,,wat,INN,150037,0,1994-06-14,1994-06-14,1
USGS,10301280,PERK SLOUGH AT MASON VALLEY WMA BOUNDRY NR WABUSKA,ST,39.12158586,-119.0754314,S,NAD83, 4310.,20.,NGVD29,16050303,qw,49269,,0,,wat,INN,17294661,0,1994-06-14,1994-06-14,1
USGS,10301280,PERK SLOUGH AT MASON VALLEY WMA BOUNDRY NR WABUSKA,ST,39.12158586,-119.0754314,S,NAD83, 4310.,20.,NGVD29,16050303,qw,49274,,0,,wat,IMM,149930,0,1994-06-14,1994-06-14,1
USGS,10301280,PERK SLOUGH AT MASON VALLEY WMA BOUNDRY NR WABUSKA,ST,39.12158586,-119.0754314,S,NAD83, 4310.,20.,NGVD29,16050303,qw,70300,,0,,wat,PHY,1642222,0,1994-06-14,1994-06-14,1
USGS,10301280,PERK SLOUGH AT MASON VALLEY WMA BOUNDRY NR WABUSKA,ST,39.12158586,-119.0754314,S,NAD83, 4310.,20.,NGVD29,16050303,qw,70301,,0,,wat,PHY,1642222,0,1994-06-14,1994-06-14,1
USGS,10301280,PERK SLOUGH AT MASON VALLEY WMA BOUNDRY NR WABUSKA,ST,39.12158586,-119.0754314,S,NAD83, 4310.,20.,NGVD29,16050303,qw,70302,,0,,wat,PHY,1642222,0,1994-06-14,1994-06-14,1
USGS,10301280,PERK SLOUGH AT MASON VALLEY WMA BOUNDRY NR WABUSKA,ST,39.12158586,-119.0754314,S,NAD83, 4310.,20.,NGVD29,16050303,qw,70303,,0,,wat,PHY,1642222,0,1994-06-14,1994-06-14,1
USGS,10301280,PERK SLOUGH AT MASON VALLEY WMA BOUNDRY NR WABUSKA,ST,39.12158586,-119.0754314,S,NAD83, 4310.,20.,NGVD29,16050303,qw,71846,,0,,wat,NUT,966655,0,1994-06-14,1994-06-14,1
USGS,10301280,PERK SLOUGH AT MASON VALLEY WMA BOUNDRY NR WABUSKA,ST,39.12158586,-119.0754314,S,NAD83, 4310.,20.,NGVD29,16050303,qw,71851,,0,,wat,NUT,197186,0,1994-06-14,1994-06-14,1
USGS,10301280,PERK SLOUGH AT MASON VALLEY WMA BOUNDRY NR WABUSKA,ST,39.12158586,-119.0754314,S,NAD83, 4310.,20.,NGVD29,16050303,qw,71856,,0,,wat,NUT,197194,0,1994-06-14,1994-06-14,1
USGS,10301280,PERK SLOUGH AT MASON VALLEY WMA BOUNDRY NR WABUSKA,ST,39.12158586,-119.0754314,S,NAD83, 4310.,20.,NGVD29,16050303,qw,71870,,0,,wat,INN,227538,0,1994-06-14,1994-06-14,1
USGS,10301280,PERK SLOUGH AT MASON VALLEY WMA BOUNDRY NR WABUSKA,ST,39.12158586,-119.0754314,S,NAD83, 4310.,20.,NGVD29,16050303,qw,71890,,0,,wat,IMM,149633,0,1994-06-14,1994-06-14,1
USGS,10301280,PERK SLOUGH AT MASON VALLEY WMA BOUNDRY NR WABUSKA,ST,39.12158586,-119.0754314,S,NAD83, 4310.,20.,NGVD29,16050303,qw,90095,,0,,wat,PHY,1646694,0,1994-06-14,1994-06-14,1
USGS,10301280,PERK SLOUGH AT MASON VALLEY WMA BOUNDRY NR WABUSKA,ST,39.12158586,-119.0754314,S,NAD83, 4310.,20.,NGVD29,16050303,qw,90410,,0,,wat,INN,1640192,0,1994-06-14,1994-06-14,1
USGS,10301290,"PERK/JOGGLES SLOUGH ABV CONFL WITH WALKER RV, NV",ST,39.1425,-119.1048194,S,NAD83, 4303,4.3,NAVD88,16050303,ad,,,0,,wat,,0,0,2006,2018,7
USGS,10301290,"PERK/JOGGLES SLOUGH ABV CONFL WITH WALKER RV, NV",ST,39.1425,-119.1048194,S,NAD83, 4303,4.3,NAVD88,16050303,dv,00060,00003,102522,,wat,,1645423,0,2013-09-30,2017-10-02,1174
USGS,10301290,"PERK/JOGGLES SLOUGH ABV CONFL WITH WALKER RV, NV",ST,39.1425,-119.1048194,S,NAD83, 4303,4.3,NAVD88,16050303,sv,,,0,,wat,,0,0,2005-11-28,2017-10-03,90
USGS,10301290,"PERK/JOGGLES SLOUGH ABV CONFL WITH WALKER RV, NV",ST,39.1425,-119.1048194,S,NAD83, 4303,4.3,NAVD88,16050303,uv,00060,,103842,,wat,,1645423,0,2013-10-01,2017-10-03,1463
USGS,10301290,"PERK/JOGGLES SLOUGH ABV CONFL WITH WALKER RV, NV",ST,39.1425,-119.1048194,S,NAD83, 4303,4.3,NAVD88,16050303,uv,00065,,103841,,wat,,17164583,0,2013-10-01,2017-10-03,1463
USGS,10301300,WALKER RV BLW MASON VLY WMA AT RR XING NR WABUSKA,ST,39.12816667,-119.1166944,1,NAD83, 4300., 10,NGVD29,16050303,ad,,,0,,wat,,0,0,2006,2025,4
USGS,10301300,WALKER RV BLW MASON VLY WMA AT RR XING NR WABUSKA,ST,39.12816667,-119.1166944,1,NAD83, 4300., 10,NGVD29,16050303,dv,00060,00003,321166,,wat,,1645423,0,2023-08-09,2026-10-01,1150
USGS,10301300,WALKER RV BLW MASON VLY WMA AT RR XING NR WABUSKA,ST,39.12816667,-119.1166944,1,NAD83, 4300., 10,NGVD29,16050303,pk,,,0,,wat,,0,0,2025-04-29,2025-04-29,1
USGS,10301300,WALKER RV BLW MASON VLY WMA AT RR XING NR WABUSKA,ST,39.12816667,-119.1166944,1,NAD83, 4300., 10,NGVD29,16050303,sv,,,0,,wat,,0,0,2005-11-28,2026-09-29,85
USGS,10301300,WALKER RV BLW MASON VLY WMA AT RR XING NR WABUSKA,ST,39.12816667,-119.1166944,1,NAD83, 4300., 10,NGVD29,16050303,uv,00060,,321163,,wat,,1645423,0,2023-08-08,2026-10-02,1151
USGS,10301300,WALKER RV BLW MASON VLY WMA AT RR XING NR WABUSKA,ST,39.12816667,-119.1166944,1,NAD83, 4300., 10,NGVD29,16050303,uv,00065,,321162,,wat,,17164583,0,2023-08-08,2026-10-02,1151
USGS,10301400,"WALKER RV ABV WABUSKA DRAIN CONFL NR WABUSKA, NV",ST,39.1458611,-119.1067222,S,NAD83, 4290., 10,NGVD29,16050303,ad,,,0,,wat,,0,0,2006,2006,1
USGS,10301400,"WALKER RV ABV WABUSKA DRAIN CONFL NR WABUSKA, NV",ST,39.1458611,-119.1067222,S,NAD83, 4290., 10,NGVD29,16050303,qw,,,0,,wat,ALL,0,0,2005-04-25,2005-04-25,1
USGS,10301400,"WALKER RV ABV WABUSKA DRAIN CONFL NR WABUSKA, NV",ST,39.1458611,-119.1067222,S,NAD83, 4290., 10,NGVD29,16050303,qw,00028,,0,,sed,INF,0,0,2005-04-25,2005-04-25,1
USGS,10301400,"WALKER RV ABV WABUSKA DRAIN CONFL NR WABUSKA, NV",ST,39.1458611,-119.1067222,S,NAD83, 4290., 10,NGVD29,16050303,qw,00668,,0,,sed,NUT,153049,0,2005-04-25,2005-04-25,1
USGS,10301400,"WALKER RV ABV WABUSKA DRAIN CONFL NR WABUSKA, NV",ST,39.1458611,-119.1067222,S,NAD83, 4290., 10,NGVD29,16050303,qw,00917,,0,,sed,INM,150268,0,2005-04-25,2005-04-25,1
USGS,10301400,"WALKER RV ABV WABUSKA DRAIN CONFL NR WABUSKA, NV",ST,39.1458611,-119.1067222,S,NAD83, 4290., 10,NGVD29,16050303,qw,00924,,0,,sed,INM,149617,0,2005-04-25,2005-04-25,1
USGS,10301400,"WALKER RV ABV WABUSKA DRAIN CONFL NR WABUSKA, NV",ST,39.1458611,-119.1067222,S,NAD83, 4290., 10,NGVD29,16050303,qw,00934,,0,,sed,INM,149856,0,2005-04-25,2005-04-25,1
USGS,10301400,"WALKER RV ABV WABUSKA DRAIN CONFL NR WABUSKA, NV",ST,39.1458611,-119.1067222,S,NAD83, 4290., 10,NGVD29,16050303,qw,00938,,0,,sed,INM,149740,0,2005-04-25,2005-04-25,1
USGS,10301400,"WALKER RV ABV WABUSKA DRAIN CONFL NR WABUSKA, NV",ST,39.1458611,-119.1067222,S,NAD83, 4290., 10,NGVD29,16050303,qw,01108,,0,,sed,IMM,149476,0,2005-04-25,2005-04-25,1
USGS,10301400,"WALKER RV ABV WABUSKA DRAIN CONFL NR WABUSKA, NV",ST,39.1458611,-119.1067222,S,NAD83, 4290., 10,NGVD29,16050303,qw,01153,,0,,sed,IMM,149930,0,2005-04-25,2005-04-25,1
USGS,10301400,"WALKER RV ABV WABUSKA DRAIN CONFL NR WABUSKA, NV",ST,39.1458611,-119.1067222,S,NAD83, 4290., 10,NGVD29,16050303,qw,01170,,0,,sed,IMM,149559,0,2005-04-25,2005-04-25,1
USGS,10301400,"WALKER RV ABV WABUSKA DRAIN CONFL NR WABUSKA, NV",ST,39.1458611,-119.1067222,S,NAD83, 4290., 10,NGVD29,16050303,qw,04060,,0,,sed,IMM,149898,0,2005-04-25,2005-04-25,1
USGS,10301400,"WALKER RV ABV WABUSKA DRAIN CONFL NR WABUSKA, NV",ST,39.1458611,-119.1067222,S,NAD83, 4290., 10,NGVD29,16050303,qw,04125,,0,,sed,RAD,182451,0,2005-04-25,2005-04-25,1
USGS,10301400,"WALKER RV ABV WABUSKA DRAIN CONFL NR WABUSKA, NV",ST,39.1458611,-119.1067222,S,NAD83, 4290., 10,NGVD29,16050303,qw,09507,,0,,sed,RAD,192856,0,2005-04-25,2005-04-25,1
USGS,10301400,"WALKER RV ABV WABUSKA DRAIN CONFL NR WABUSKA, NV",ST,39.1458611,-119.1067222,S,NAD83, 4290., 10,NGVD29,16050303,qw,34795,,0,,sed,IMN,149963,0,2005-04-25,2005-04-25,1
USGS,10301400,"WALKER RV ABV WABUSKA DRAIN CONFL NR WABUSKA, NV",ST,39.1458611,-119.1067222,S,NAD83, 4290., 10,NGVD29,16050303,qw,34800,,0,,sed,IMN,149989,0,2005-04-25,2005-04-25,1
USGS,10301400,"WALKER RV ABV WABUSKA DRAIN CONFL NR WABUSKA, NV",ST,39.1458611,-119.1067222,S,NAD83, 4290., 10,NGVD29,16050303,qw,34805,,0,,sed,IMM,149997,0,2005-04-25,2005-04-25,1
USGS,10301400,"WALKER RV ABV WABUSKA DRAIN CONFL NR WABUSKA, NV",ST,39.1458611,-119.1067222,S,NAD83, 4290., 10,NGVD29,16050303,qw,34810,,0,,sed,IMM,150003,0,2005-04-25,2005-04-25,1
USGS,10301400,"WALKER RV ABV WABUSKA DRAIN CONFL NR WABUSKA, NV",ST,39.1458611,-119.1067222,S,NAD83, 4290., 10,NGVD29,16050303,qw,34815,,0,,sed,IMM,150250,0,2005-04-25,2005-04-25,1
USGS,10301400,"WALKER RV ABV WABUSKA DRAIN CONFL NR WABUSKA, NV",ST,39.1458611,-119.1067222,S,NAD83, 4290., 10,NGVD29,16050303,qw,34825,,0,,sed,IMM,150029,0,2005-04-25,2005-04-25,1
USGS,10301400,"WALKER RV ABV WABUSKA DRAIN CONFL NR WABUSKA, NV",ST,39.1458611,-119.1067222,S,NAD83, 4290., 10,NGVD29,16050303,qw,34835,,0,,sed,IMM,150045,0,2005-04-25,2005-04-25,1
USGS,10301400,"WALKER RV ABV WABUSKA DRAIN CONFL NR WABUSKA, NV",ST,39.1458611,-119.1067222,S,NAD83, 4290., 10,NGVD29,16050303,qw,34840,,0,,sed,IMM,150060,0,2005-04-25,2005-04-25,1
USGS,10301400,"WALKER RV ABV WABUSKA DRAIN CONFL NR WABUSKA, NV",ST,39.1458611,-119.1067222,S,NAD83, 4290., 10,NGVD29,16050303,qw,34845,,0,,sed,IMM,150078,0,2005-04-25,2005-04-25,1
USGS,10301400,"WALKER RV ABV WABUSKA DRAIN CONFL NR WABUSKA, NV",ST,39.1458611,-119.1067222,S,NAD83, 4290., 10,NGVD29,16050303,qw,34850,,0,,sed,IMM,150086,0,2005-04-25,2005-04-25,1
USGS,10301400,"WALKER RV ABV WABUSKA DRAIN CONFL NR WABUSKA, NV",ST,39.1458611,-119.1067222,S,NAD83, 4290., 10,NGVD29,16050303,qw,34860,,0,,sed,IMM,150128,0,2005-04-25,2005-04-25,1
USGS,10301400,"WALKER RV ABV WABUSKA DRAIN CONFL NR WABUSKA, NV",ST,39.1458611,-119.1067222,S,NAD83, 4290., 10,NGVD29,16050303,qw,34885,,0,,sed,IMM,149575,0,2005-04-25,2005-04-25,1
USGS,10301400,"WALKER RV ABV WABUSKA DRAIN CONFL NR WABUSKA, NV",ST,39.1458611,-119.1067222,S,NAD83, 4290., 10,NGVD29,16050303,qw,34890,,0,,sed,IMM,149583,0,2005-04-25,2005-04-25,1
USGS,10301400,"WALKER RV ABV WABUSKA DRAIN CONFL NR WABUSKA, NV",ST,39.1458611,-119.1067222,S,NAD83, 4290., 10,NGVD29,16050303,qw,34895,,0,,sed,IMM,149591,0,2005-04-25,2005-04-25,1
USGS,10301400,"WALKER RV ABV WABUSKA DRAIN CONFL NR WABUSKA, NV",ST,39.1458611,-119.1067222,S,NAD83, 4290., 10,NGVD29,16050303,qw,34905,,0,,sed,IMM,149625,0,2005-04-25,2005-04-25,1
USGS,10301400,"WALKER RV ABV WABUSKA DRAIN CONFL NR WABUSKA, NV",ST,39.1458611,-119.1067222,S,NAD83, 4290., 10,NGVD29,16050303,qw,34910,,0,,sed,IMM,149633,0,2005-04-25,2005-04-25,1
USGS,10301400,"WALKER RV ABV WABUSKA DRAIN CONFL NR WABUSKA, NV",ST,39.1458611,-119.1067222,S,NAD83, 4290., 10,NGVD29,16050303,qw,34915,,0,,sed,IMM,149641,0,2005-04-25,2005-04-25,1
USGS,10301400,"WALKER RV ABV WABUSKA DRAIN CONFL NR WABUSKA, NV",ST,39.1458611,-119.1067222,S,NAD83, 4290., 10,NGVD29,16050303,qw,34925,,0,,sed,IMM,149674,0,2005-04-25,2005-04-25,1
USGS,10301400,"WALKER RV ABV WABUSKA DRAIN CONFL NR WABUSKA, NV",ST,39.1458611,-119.1067222,S,NAD83, 4290., 10,NGVD29,16050303,qw,34930,,0,,sed,IMM,149682,0,2005-04-25,2005-04-25,1
USGS,10301400,"WALKER RV ABV WABUSKA DRAIN CONFL NR WABUSKA, NV",ST,39.1458611,-119.1067222,S,NAD83, 4290., 10,NGVD29,16050303,qw,34945,,0,,sed,IMM,149823,0,2005-04-25,2005-04-25,1
USGS,10301400,"WALKER RV ABV WABUSKA DRAIN CONFL NR WABUSKA, NV",ST,39.1458611,-119.1067222,S,NAD83, 4290., 10,NGVD29,16050303,qw,34955,,0,,sed,IMM,149849,0,2005-04-25,2005-04-25,1
USGS,10301400,"WALKER RV ABV WABUSKA DRAIN CONFL NR WABUSKA, NV",ST,39.1458611,-119.1067222,S,NAD83, 4290., 10,NGVD29,16050303,qw,34965,,0,,sed,IMM,149864,0,2005-04-25,2005-04-25,1
USGS,10301400,"WALKER RV ABV WABUSKA DRAIN CONFL NR WABUSKA, NV",ST,39.1458611,-119.1067222,S,NAD83, 4290., 10,NGVD29,16050303,qw,34970,,0,,sed,INN,152744,0,2005-04-25,2005-04-25,1
USGS,10301400,"WALKER RV ABV WABUSKA DRAIN CONFL NR WABUSKA, NV",ST,39.1458611,-119.1067222,S,NAD83, 4290., 10,NGVD29,16050303,qw,34975,,0,,sed,IMM,149872,0,2005-04-25,2005-04-25,1
USGS,10301400,"WALKER RV ABV WABUSKA DRAIN CONFL NR WABUSKA, NV",ST,39.1458611,-119.1067222,S,NAD83, 4290., 10,NGVD29,16050303,qw,34980,,0,,sed,RAD,149906,0,2005-04-25,2005-04-25,1
USGS,10301400,"WALKER RV ABV WABUSKA DRAIN CONFL NR WABUSKA, NV",ST,39.1458611,-119.1067222,S,NAD83, 4290., 10,NGVD29,16050303,qw,35000,,0,,sed,RAD,150185,0,2005-04-25,2005-04-25,1
USGS,10301400,"WALKER RV ABV WABUSKA DRAIN CONFL NR WABUSKA, NV",ST,39.1458611,-119.1067222,S,NAD83, 4290., 10,NGVD29,16050303,qw,35005,,0,,sed,IMM,150193,0,2005-04-25,2005-04-25,1
USGS,10301400,"WALKER RV ABV WABUSKA DRAIN CONFL NR WABUSKA, NV",ST,39.1458611,-119.1067222,S,NAD83, 4290., 10,NGVD29,16050303,qw,35010,,0,,sed,IMM,150227,0,2005-04-25,2005-04-25,1
USGS,10301400,"WALKER RV ABV WABUSKA DRAIN CONFL NR WABUSKA, NV",ST,39.1458611,-119.1067222,S,NAD83, 4290., 10,NGVD29,16050303,qw,35020,,0,,sed,IMM,150235,0,2005-04-25,2005-04-25,1
USGS,10301400,"WALKER RV ABV WABUSKA DRAIN CONFL NR WABUSKA, NV",ST,39.1458611,-119.1067222,S,NAD83, 4290., 10,NGVD29,16050303,qw,49266,,0,,sed,OOT,701250,0,2005-04-25,2005-04-25,1
USGS,10301400,"WALKER RV ABV WABUSKA DRAIN CONFL NR WABUSKA, NV",ST,39.1458611,-119.1067222,S,NAD83, 4290., 10,NGVD29,16050303,qw,49267,,0,,sed,INN,150037,0,2005-04-25,2005-04-25,1
USGS,10301400,"WALKER RV ABV WABUSKA DRAIN CONFL NR WABUSKA, NV",ST,39.1458611,-119.1067222,S,NAD83, 4290., 10,NGVD29,16050303,qw,49962,,0,,sed,RAD,182469,0,2005-04-25,2005-04-25,1
USGS,10301400,"WALKER RV ABV WABUSKA DRAIN CONFL NR WABUSKA, NV",ST,39.1458611,-119.1067222,S,NAD83, 4290., 10,NGVD29,16050303,qw,75977,,0,,sed,RAD,199026,0,2005-04-25,2005-04-25,1
USGS,10301400,"WALKER RV ABV WABUSKA DRAIN CONFL NR WABUSKA, NV",ST,39.1458611,-119.1067222,S,NAD83, 4290., 10,NGVD29,16050303,sv,,,0,,wat,,0,0,2005-11-28,2011-01-18,5
USGS,10301470,W BRANCH SPRAGG-ALCORN-BEWLEY DITCH AT SIERRA WAY,ST-DCH,39.12769648,-119.135432,S,NAD83, 4310., 20,NGVD29,16050303,qw,,,0,,wat,ALL,0,0,1994-06-15,1994-06-15,1
USGS,10301470,W BRANCH SPRAGG-ALCORN-BEWLEY DITCH AT SIERRA WAY,ST-DCH,39.12769648,-119.135432,S,NAD83, 4310., 20,NGVD29,16050303,qw,00010,,0,,wat,PHY,1645597,0,1994-06-15,1994-06-15,1
USGS,10301470,W BRANCH SPRAGG-ALCORN-BEWLEY DITCH AT SIERRA WAY,ST-DCH,39.12769648,-119.135432,S,NAD83, 4310., 20,NGVD29,16050303,qw,00025,,0,,wat,PHY,1641265,0,1994-06-15,1994-06-15,1
USGS,10301470,W BRANCH SPRAGG-ALCORN-BEWLEY DITCH AT SIERRA WAY,ST-DCH,39.12769648,-119.135432,S,NAD83, 4310., 20,NGVD29,16050303,qw,00028,,0,,wat,INF,0,0,1994-06-15,1994-06-15,1
USGS,10301470,W BRANCH SPRAGG-ALCORN-BEWLEY DITCH AT SIERRA WAY,ST-DCH,39.12769648,-119.135432,S,NAD83, 4310., 20,NGVD29,16050303,qw,00061,,0,,wat,PHY,1645415,0,1994-06-15,1994-06-15,1
USGS,10301470,W BRANCH SPRAGG-ALCORN-BEWLEY DITCH AT SIERRA WAY,ST-DCH,39.12769648,-119.135432,S,NAD83, 4310., 20,NGVD29,16050303,qw,00095,,0,,wat,PHY,1646694,0,1994-06-15,1994-06-15,1
USGS,10301470,W BRANCH SPRAGG-ALCORN-BEWLEY DITCH AT SIERRA WAY,ST-DCH,39.12769648,-119.135432,S,NAD83, 4310., 20,NGVD29,16050303,qw,00191,,0,,wat,INN,1640572,0,1994-06-15,1994-06-15,1
USGS,10301470,W BRANCH SPRAGG-ALCORN-BEWLEY DITCH AT SIERRA WAY,ST-DCH,39.12769648,-119.135432,S,NAD83, 4310., 20,NGVD29,16050303,qw,00300,,0,,wat,INN,154302,0,1994-06-15,1994-06-15,1
USGS,10301470,W BRANCH SPRAGG-ALCORN-BEWLEY DITCH AT SIERRA WAY,ST-DCH,39.12769648,-119.135432,S,NAD83, 4310., 20,NGVD29,16050303,qw,00301,,0,,wat,INN,154302,0,1994-06-15,1994-06-15,1
USGS,10301470,W BRANCH SPRAGG-ALCORN-BEWLEY DITCH AT SIERRA WAY,ST-DCH,39.12769648,-119.135432,S,NAD83, 4310., 20,NGVD29,16050303,qw,00400,,0,,wat,PHY,17028275,0,1994-06-15,1994-06-15,1
USGS,10301470,W BRANCH SPRAGG-ALCORN-BEWLEY DITCH AT SIERRA WAY,ST-DCH,39.12769648,-119.135432,S,NAD83, 4310., 20,NGVD29,16050303,qw,00403,,0,,wat,PHY,1644335,0,1994-06-15,1994-06-15,1
USGS,10301470,W BRANCH SPRAGG-ALCORN-BEWLEY DITCH AT SIERRA WAY,ST-DCH,39.12769648,-119.135432,S,NAD83, 4310., 20,NGVD29,16050303,qw,00405,,0,,wat,INN,33548,0,1994-06-15,1994-06-15,1
USGS,10301470,W BRANCH SPRAGG-ALCORN-BEWLEY DITCH AT SIERRA WAY,ST-DCH,39.12769648,-119.135432,S,NAD83, 4310., 20,NGVD29,16050303,qw,00452,,0,,wat,INN,119396,0,1994-06-15,1994-06-15,1
USGS,10301470,W BRANCH SPRAGG-ALCORN-BEWLEY DITCH AT SIERRA WAY,ST-DCH,39.12769648,-119.135432,S,NAD83, 4310., 20,NGVD29,16050303,qw,00453,,0,,wat,INN,4788,0,1994-06-15,1994-06-15,1
USGS,10301470,W BRANCH SPRAGG-ALCORN-BEWLEY DITCH AT SIERRA WAY,ST-DCH,39.12769648,-119.135432,S,NAD83, 4310., 20,NGVD29,16050303,qw,00608,,0,,wat,NUT,966655,0,1994-06-15,1994-06-15,1
USGS,10301470,W BRANCH SPRAGG-ALCORN-BEWLEY DITCH AT SIERRA WAY,ST-DCH,39.12769648,-119.135432,S,NAD83, 4310., 20,NGVD29,16050303,qw,00613,,0,,wat,NUT,197194,0,1994-06-15,1994-06-15,1
USGS,10301470,W BRANCH SPRAGG-ALCORN-BEWLEY DITCH AT SIERRA WAY,ST-DCH,39.12769648,-119.135432,S,NAD83, 4310., 20,NGVD29,16050303,qw,00618,,0,,wat,NUT,197186,0,1994-06-15,1994-06-15,1
USGS,10301470,W BRANCH SPRAGG-ALCORN-BEWLEY DITCH AT SIERRA WAY,ST-DCH,39.12769648,-119.135432,S,NAD83, 4310., 20,NGVD29,16050303,qw,00631,,0,,wat,NUT,701177,0,1994-06-15,1994-06-15,1
USGS,10301470,W BRANCH SPRAGG-ALCORN-BEWLEY DITCH AT SIERRA WAY,ST-DCH,39.12769648,-119.135432,S,NAD83, 4310., 20,NGVD29,16050303,qw,00660,,0,,wat,NUT,194464,0,1994-06-15,1994-06-15,1
USGS,10301470,W BRANCH SPRAGG-ALCORN-BEWLEY DITCH AT SIERRA WAY,ST-DCH,39.12769648,-119.135432,S,NAD83, 4310., 20,NGVD29,16050303,qw,00671,,0,,wat,NUT,194464,0,1994-06-15,1994-06-15,1
USGS,10301470,W BRANCH SPRAGG-ALCORN-BEWLEY DITCH AT SIERRA WAY,ST-DCH,39.12769648,-119.135432,S,NAD83, 4310., 20,NGVD29,16050303,qw,00900,,0,,wat,PHY,1640416,0,1994-06-15,1994-06-15,1
USGS,10301470,W BRANCH SPRAGG-ALCORN-BEWLEY DITCH AT SIERRA WAY,ST-DCH,39.12769648,-119.135432,S,NAD83, 4310., 20,NGVD29,16050303,qw,00904,,0,,wat,PHY,1640432,0,1994-06-15,1994-06-15,1
USGS,10301470,W BRANCH SPRAGG-ALCORN-BEWLEY DITCH AT SIERRA WAY,ST-DCH,39.12769648,-119.135432,S,NAD83, 4310., 20,NGVD29,16050303,qw,00915,,0,,wat,INM,150268,0,1994-06-15,1994-06-15,1
USGS,10301470,W BRANCH SPRAGG-ALCORN-BEWLEY DITCH AT SIERRA WAY,ST-DCH,39.12769648,-119.135432,S,NAD83, 4310., 20,NGVD29,16050303,qw,00925,,0,,wat,INM,149617,0,1994-06-15,1994-06-15,1
USGS,10301470,W BRANCH SPRAGG-ALCORN-BEWLEY DITCH AT SIERRA WAY,ST-DCH,39.12769648,-119.135432,S,NAD83, 4310., 20,NGVD29,16050303,qw,00930,,0,,wat,INM,149856,0,1994-06-15,1994-06-15,1
USGS,10301470,W BRANCH SPRAGG-ALCORN-BEWLEY DITCH AT SIERRA WAY,ST-DCH,39.12769648,-119.135432,S,NAD83, 4310., 20,NGVD29,16050303,qw,00931,,0,,wat,INM,1640523,0,1994-06-15,1994-06-15,1
USGS,10301470,W BRANCH SPRAGG-ALCORN-BEWLEY DITCH AT SIERRA WAY,ST-DCH,39.12769648,-119.135432,S,NAD83, 4310., 20,NGVD29,16050303,qw,00932,,0,,wat,INM,1646660,0,1994-06-15,1994-06-15,1
USGS,10301470,W BRANCH SPRAGG-ALCORN-BEWLEY DITCH AT SIERRA WAY,ST-DCH,39.12769648,-119.135432,S,NAD83, 4310., 20,NGVD29,16050303,qw,00935,,0,,wat,INM,149740,0,1994-06-15,1994-06-15,1
USGS,10301470,W BRANCH SPRAGG-ALCORN-BEWLEY DITCH AT SIERRA WAY,ST-DCH,39.12769648,-119.135432,S,NAD83, 4310., 20,NGVD29,16050303,qw,00940,,0,,wat,INN,205955,0,1994-06-15,1994-06-15,1
USGS,10301470,W BRANCH SPRAGG-ALCORN-BEWLEY DITCH AT SIERRA WAY,ST-DCH,39.12769648,-119.135432,S,NAD83, 4310., 20,NGVD29,16050303,qw,00945,,0,,wat,INN,197301,0,1994-06-15,1994-06-15,1
USGS,10301470,W BRANCH SPRAGG-ALCORN-BEWLEY DITCH AT SIERRA WAY,ST-DCH,39.12769648,-119.135432,S,NAD83, 4310., 20,NGVD29,16050303,qw,00950,,0,,wat,INN,206706,0,1994-06-15,1994-06-15,1
USGS,10301470,W BRANCH SPRAGG-ALCORN-BEWLEY DITCH AT SIERRA WAY,ST-DCH,39.12769648,-119.135432,S,NAD83, 4310., 20,NGVD29,16050303,qw,00955,,0,,wat,INN,151977,0,1994-06-15,1994-06-15,1
USGS,10301470,W BRANCH SPRAGG-ALCORN-BEWLEY DITCH AT SIERRA WAY,ST-DCH,39.12769648,-119.135432,S,NAD83, 4310., 20,NGVD29,16050303,qw,01000,,0,,wat,IMN,149989,0,1994-06-15,1994-06-15,1
USGS,10301470,W BRANCH SPRAGG-ALCORN-BEWLEY DITCH AT SIERRA WAY,ST-DCH,39.12769648,-119.135432,S,NAD83, 4310., 20,NGVD29,16050303,qw,01005,,0,,wat,IMM,149997,0,1994-06-15,1994-06-15,1
USGS,10301470,W BRANCH SPRAGG-ALCORN-BEWLEY DITCH AT SIERRA WAY,ST-DCH,39.12769648,-119.135432,S,NAD83, 4310., 20,NGVD29,16050303,qw,01010,,0,,wat,IMM,150003,0,1994-06-15,1994-06-15,1
USGS,10301470,W BRANCH SPRAGG-ALCORN-BEWLEY DITCH AT SIERRA WAY,ST-DCH,39.12769648,-119.135432,S,NAD83, 4310., 20,NGVD29,16050303,qw,01020,,0,,wat,IMN,150011,0,1994-06-15,1994-06-15,1
USGS,10301470,W BRANCH SPRAGG-ALCORN-BEWLEY DITCH AT SIERRA WAY,ST-DCH,39.12769648,-119.135432,S,NAD83, 4310., 20,NGVD29,16050303,qw,01025,,0,,wat,IMM,150029,0,1994-06-15,1994-06-15,1
USGS,10301470,W BRANCH SPRAGG-ALCORN-BEWLEY DITCH AT SIERRA WAY,ST-DCH,39.12769648,-119.135432,S,NAD83, 4310., 20,NGVD29,16050303,qw,01030,,0,,wat,IMM,150060,0,1994-06-15,1994-06-15,1
USGS,10301470,W BRANCH SPRAGG-ALCORN-BEWLEY DITCH AT SIERRA WAY,ST-DCH,39.12769648,-119.135432,S,NAD83, 4310., 20,NGVD29,16050303,qw,01035,,0,,wat,IMM,150078,0,1994-06-15,1994-06-15,1
USGS,10301470,W BRANCH SPRAGG-ALCORN-BEWLEY DITCH AT SIERRA WAY,ST-DCH,39.12769648,-119.135432,S,NAD83, 4310., 20,NGVD29,16050303,qw,01040,,0,,wat,IMM,150086,0,1994-06-15,1994-06-15,1
USGS,10301470,W BRANCH SPRAGG-ALCORN-BEWLEY DITCH AT SIERRA WAY,ST-DCH,39.12769648,-119.135432,S,NAD83, 4310., 20,NGVD29,16050303,qw,01046,,0,,wat,IMM,149559,0,1994-06-15,1994-06-15,1
USGS,10301470,W BRANCH SPRAGG-ALCORN-BEWLEY DITCH AT SIERRA WAY,ST-DCH,39.12769648,-119.135432,S,NAD83, 4310., 20,NGVD29,16050303,qw,01049,,0,,wat,IMM,149583,0,1994-06-15,1994-06-15,1
USGS,10301470,W BRANCH SPRAGG-ALCORN-BEWLEY DITCH AT SIERRA WAY,ST-DCH,39.12769648,-119.135432,S,NAD83, 4310., 20,NGVD29,16050303,qw,01056,,0,,wat,IMM,149625,0,1994-06-15,1994-06-15,1
USGS,10301470,W BRANCH SPRAGG-ALCORN-BEWLEY DITCH AT SIERRA WAY,ST-DCH,39.12769648,-119.135432,S,NAD83, 4310., 20,NGVD29,16050303,qw,01060,,0,,wat,IMM,149641,0,1994-06-15,1994-06-15,1
USGS,10301470,W BRANCH SPRAGG-ALCORN-BEWLEY DITCH AT SIERRA WAY,ST-DCH,39.12769648,-119.135432,S,NAD83, 4310., 20,NGVD29,16050303,qw,01065,,0,,wat,IMM,149674,0,1994-06-15,1994-06-15,1
USGS,10301470,W BRANCH SPRAGG-ALCORN-BEWLEY DITCH AT SIERRA WAY,ST-DCH,39.12769648,-119.135432,S,NAD83, 4310., 20,NGVD29,16050303,qw,01075,,0,,wat,IMM,149849,0,1994-06-15,1994-06-15,1
USGS,10301470,W BRANCH SPRAGG-ALCORN-BEWLEY DITCH AT SIERRA WAY,ST-DCH,39.12769648,-119.135432,S,NAD83, 4310., 20,NGVD29,16050303,qw,01090,,0,,wat,IMM,150235,0,1994-06-15,1994-06-15,1
USGS,10301470,W BRANCH SPRAGG-ALCORN-BEWLEY DITCH AT SIERRA WAY,ST-DCH,39.12769648,-119.135432,S,NAD83, 4310., 20,NGVD29,16050303,qw,01095,,0,,wat,IMN,149963,0,1994-06-15,1994-06-15,1
USGS,10301470,W BRANCH SPRAGG-ALCORN-BEWLEY DITCH AT SIERRA WAY,ST-DCH,39.12769648,-119.135432,S,NAD83, 4310., 20,NGVD29,16050303,qw,01106,,0,,wat,IMM,149476,0,1994-06-15,1994-06-15,1
USGS,10301470,W BRANCH SPRAGG-ALCORN-BEWLEY DITCH AT SIERRA WAY,ST-DCH,39.12769648,-119.135432,S,NAD83, 4310., 20,NGVD29,16050303,qw,01145,,0,,wat,IMN,154310,0,1994-06-15,1994-06-15,1
USGS,10301470,W BRANCH SPRAGG-ALCORN-BEWLEY DITCH AT SIERRA WAY,ST-DCH,39.12769648,-119.135432,S,NAD83, 4310., 20,NGVD29,16050303,qw,22703,,0,,wat,RAD,150185,0,1994-06-15,1994-06-15,1
USGS,10301470,W BRANCH SPRAGG-ALCORN-BEWLEY DITCH AT SIERRA WAY,ST-DCH,39.12769648,-119.135432,S,NAD83, 4310., 20,NGVD29,16050303,qw,30209,,0,,wat,PHY,1645415,0,1994-06-15,1994-06-15,1
USGS,10301470,W BRANCH SPRAGG-ALCORN-BEWLEY DITCH AT SIERRA WAY,ST-DCH,39.12769648,-119.135432,S,NAD83, 4310., 20,NGVD29,16050303,qw,39086,,0,,wat,INN,1640192,0,1994-06-15,1994-06-15,1
USGS,10301470,W BRANCH SPRAGG-ALCORN-BEWLEY DITCH AT SIERRA WAY,ST-DCH,39.12769648,-119.135432,S,NAD83, 4310., 20,NGVD29,16050303,qw,70300,,0,,wat,PHY,1642222,0,1994-06-15,1994-06-15,1
USGS,10301470,W BRANCH SPRAGG-ALCORN-BEWLEY DITCH AT SIERRA WAY,ST-DCH,39.12769648,-119.135432,S,NAD83, 4310., 20,NGVD29,16050303,qw,70301,,0,,wat,PHY,1642222,0,1994-06-15,1994-06-15,1
USGS,10301470,W BRANCH SPRAGG-ALCORN-BEWLEY DITCH AT SIERRA WAY,ST-DCH,39.12769648,-119.135432,S,NAD83, 4310., 20,NGVD29,16050303,qw,70302,,0,,wat,PHY,1642222,0,1994-06-15,1994-06-15,1
USGS,10301470,W BRANCH SPRAGG-ALCORN-BEWLEY DITCH AT SIERRA WAY,ST-DCH,39.12769648,-119.135432,S,NAD83, 4310., 20,NGVD29,16050303,qw,70303,,0,,wat,PHY,1642222,0,1994-06-15,1994-06-15,1
USGS,10301470,W BRANCH SPRAGG-ALCORN-BEWLEY DITCH AT SIERRA WAY,ST-DCH,39.12769648,-119.135432,S,NAD83, 4310., 20,NGVD29,16050303,qw,71846,,0,,wat,NUT,966655,0,1994-06-15,1994-06-15,1
USGS,10301470,W BRANCH SPRAGG-ALCORN-BEWLEY DITCH AT SIERRA WAY,ST-DCH,39.12769648,-119.135432,S,NAD83, 4310., 20,NGVD29,16050303,qw,71851,,0,,wat,NUT,197186,0,1994-06-15,1994-06-15,1
USGS,10301470,W BRANCH SPRAGG-ALCORN-BEWLEY DITCH AT SIERRA WAY,ST-DCH,39.12769648,-119.135432,S,NAD83, 4310., 20,NGVD29,16050303,qw,71856,,0,,wat,NUT,197194,0,1994-06-15,1994-06-15,1
USGS,10301470,W BRANCH SPRAGG-ALCORN-BEWLEY DITCH AT SIERRA WAY,ST-DCH,39.12769648,-119.135432,S,NAD83, 4310., 20,NGVD29,16050303,qw,71870,,0,,wat,INN,227538,0,1994-06-15,1994-06-15,1
USGS,10301470,W BRANCH SPRAGG-ALCORN-BEWLEY DITCH AT SIERRA WAY,ST-DCH,39.12769648,-119.135432,S,NAD83, 4310., 20,NGVD29,16050303,qw,71890,,0,,wat,IMM,149633,0,1994-06-15,1994-06-15,1
USGS,10301470,W BRANCH SPRAGG-ALCORN-BEWLEY DITCH AT SIERRA WAY,ST-DCH,39.12769648,-119.135432,S,NAD83, 4310., 20,NGVD29,16050303,qw,90095,,0,,wat,PHY,1646694,0,1994-06-15,1994-06-15,1
USGS,10301470,W BRANCH SPRAGG-ALCORN-BEWLEY DITCH AT SIERRA WAY,ST-DCH,39.12769648,-119.135432,S,NAD83, 4310., 20,NGVD29,16050303,qw,90410,,0,,wat,INN,1640192,0,1994-06-15,1994-06-15,1
USGS,10301480,"WABUSKA DRAIN AT SIERRA WAY NR WABUSKA, NV",ST,39.12825159,-119.1879326,S,NAD83, 4300., 20,NGVD29,16050303,qw,,,0,,wat,ALL,0,0,1994-06-13,1994-06-13,1
USGS,10301480,"WABUSKA DRAIN AT SIERRA WAY NR WABUSKA, NV",ST,39.12825159,-119.1879326,S,NAD83, 4300., 20,NGVD29,16050303,qw,00010,,0,,wat,PHY,1645597,0,1994-06-13,1994-06-13,1
USGS,10301480,"WABUSKA DRAIN AT SIERRA WAY NR WABUSKA, NV",ST,39.12825159,-119.1879326,S,NAD83, 4300., 20,NGVD29,16050303,qw,00025,,0,,wat,PHY,1641265,0,1994-06-13,1994-06-13,1
USGS,10301480,"WABUSKA DRAIN AT SIERRA WAY NR WABUSKA, NV",ST,39.12825159,-119.1879326,S,NAD83, 4300., 20,NGVD29,16050303,qw,00028,,0,,wat,INF,0,0,1994-06-13,1994-06-13,1
USGS,10301480,"WABUSKA DRAIN AT SIERRA WAY NR WABUSKA, NV",ST,39.12825159,-119.1879326,S,NAD83, 4300., 20,NGVD29,16050303,qw,00061,,0,,wat,PHY,1645415,0,1994-06-13,1994-06-13,1
USGS,10301480,"WABUSKA DRAIN AT SIERRA WAY NR WABUSKA, NV",ST,39.12825159,-119.1879326,S,NAD83, 4300., 20,NGVD29,16050303,qw,00095,,0,,wat,PHY,1646694,0,1994-06-13,1994-06-13,1
USGS,10301480,"WABUSKA DRAIN AT SIERRA WAY NR WABUSKA, NV",ST,39.12825159,-119.1879326,S,NAD83, 4300., 20,NGVD29,16050303,qw,00191,,0,,wat,INN,1640572,0,1994-06-13,1994-06-13,1
USGS,10301480,"WABUSKA DRAIN AT SIERRA WAY NR WABUSKA, NV",ST,39.12825159,-119.1879326,S,NAD83, 4300., 20,NGVD29,16050303,qw,00300,,0,,wat,INN,154302,0,1994-06-13,1994-06-13,1
USGS,10301480,"WABUSKA DRAIN AT SIERRA WAY NR WABUSKA, NV",ST,39.12825159,-119.1879326,S,NAD83, 4300., 20,NGVD29,16050303,qw,00301,,0,,wat,INN,154302,0,1994-06-13,1994-06-13,1
USGS,10301480,"WABUSKA DRAIN AT SIERRA WAY NR WABUSKA, NV",ST,39.12825159,-119.1879326,S,NAD83, 4300., 20,NGVD29,16050303,qw,00400,,0,,wat,PHY,17028275,0,1994-06-13,1994-06-13,1
USGS,10301480,"WABUSKA DRAIN AT SIERRA WAY NR WABUSKA, NV",ST,39.12825159,-119.1879326,S,NAD83, 4300., 20,NGVD29,16050303,qw,00403,,0,,wat,PHY,1644335,0,1994-06-13,1994-06-13,1
USGS,10301480,"WABUSKA DRAIN AT SIERRA WAY NR WABUSKA, NV",ST,39.12825159,-119.1879326,S,NAD83, 4300., 20,NGVD29,16050303,qw,00405,,0,,wat,INN,33548,0,1994-06-13,1994-06-13,1
USGS,10301480,"WABUSKA DRAIN AT SIERRA WAY NR WABUSKA, NV",ST,39.12825159,-119.1879326,S,NAD83, 4300., 20,NGVD29,16050303,qw,00452,,0,,wat,INN,119396,0,1994-06-13,1994-06-13,1
USGS,10301480,"WABUSKA DRAIN AT SIERRA WAY NR WABUSKA, NV",ST,39.12825159,-119.1879326,S,NAD83, 4300., 20,NGVD29,16050303,qw,00453,,0,,wat,INN,4788,0,1994-06-13,1994-06-13,1
USGS,10301480,"WABUSKA DRAIN AT SIERRA WAY NR WABUSKA, NV",ST,39.12825159,-119.1879326,S,NAD83, 4300., 20,NGVD29,16050303,qw,00608,,0,,wat,NUT,966655,0,1994-06-13,1994-06-13,1
USGS,10301480,"WABUSKA DRAIN AT SIERRA WAY NR WABUSKA, NV",ST,39.12825159,-119.1879326,S,NAD83, 4300., 20,NGVD29,16050303,qw,00613,,0,,wat,NUT,197194,0,1994-06-13,1994-06-13,1
USGS,10301480,"WABUSKA DRAIN AT SIERRA WAY NR WABUSKA, NV",ST,39.12825159,-119.1879326,S,NAD83, 4300., 20,NGVD29,16050303,qw,00618,,0,,wat,NUT,197186,0,1994-06-13,1994-06-13,1
USGS,10301480,"WABUSKA DRAIN AT SIERRA WAY NR WABUSKA, NV",ST,39.12825159,-119.1879326,S,NAD83, 4300., 20,NGVD29,16050303,qw,00631,,0,,wat,NUT,701177,0,1994-06-13,1994-06-13,1
USGS,10301480,"WABUSKA DRAIN AT SIERRA WAY NR WABUSKA, NV",ST,39.12825159,-119.1879326,S,NAD83, 4300., 20,NGVD29,16050303,qw,00660,,0,,wat,NUT,194464,0,1994-06-13,1994-06-13,1
USGS,10301480,"WABUSKA DRAIN AT SIERRA WAY NR WABUSKA, NV",ST,39.12825159,-119.1879326,S,NAD83, 4300., 20,NGVD29,16050303,qw,00671,,0,,wat,NUT,194464,0,1994-06-13,1994-06-13,1
USGS,10301480,"WABUSKA DRAIN AT SIERRA WAY NR WABUSKA, NV",ST,39.12825159,-119.1879326,S,NAD83, 4300., 20,NGVD29,16050303,qw,00900,,0,,wat,PHY,1640416,0,1994-06-13,1994-06-13,1
USGS,10301480,"WABUSKA DRAIN AT SIERRA WAY NR WABUSKA, NV",ST,39.12825159,-119.1879326,S,NAD83, 4300., 20,NGVD29,16050303,qw,00915,,0,,wat,INM,150268,0,1994-06-13,1994-06-13,1
USGS,10301480,"WABUSKA DRAIN AT SIERRA WAY NR WABUSKA, NV",ST,39.12825159,-119.1879326,S,NAD83, 4300., 20,NGVD29,16050303,qw,00925,,0,,wat,INM,149617,0,1994-06-13,1994-06-13,1
USGS,10301480,"WABUSKA DRAIN AT SIERRA WAY NR WABUSKA, NV",ST,39.12825159,-119.1879326,S,NAD83, 4300., 20,NGVD29,16050303,qw,00930,,0,,wat,INM,149856,0,1994-06-13,1994-06-13,1
USGS,10301480,"WABUSKA DRAIN AT SIERRA WAY NR WABUSKA, NV",ST,39.12825159,-119.1879326,S,NAD83, 4300., 20,NGVD29,16050303,qw,00931,,0,,wat,INM,1640523,0,1994-06-13,1994-06-13,1
USGS,10301480,"WABUSKA DRAIN AT SIERRA WAY NR WABUSKA, NV",ST,39.12825159,-119.1879326,S,NAD83, 4300., 20,NGVD29,16050303,qw,00932,,0,,wat,INM,1646660,0,1994-06-13,1994-06-13,1
USGS,10301480,"WABUSKA DRAIN AT SIERRA WAY NR WABUSKA, NV",ST,39.12825159,-119.1879326,S,NAD83, 4300., 20,NGVD29,16050303,qw,00935,,0,,wat,INM,149740,0,1994-06-13,1994-06-13,1
USGS,10301480,"WABUSKA DRAIN AT SIERRA WAY NR WABUSKA, NV",ST,39.12825159,-119.1879326,S,NAD83, 4300., 20,NGVD29,16050303,qw,00940,,0,,wat,INN,205955,0,1994-06-13,1994-06-13,1
USGS,10301480,"WABUSKA DRAIN AT SIERRA WAY NR WABUSKA, NV",ST,39.12825159,-119.1879326,S,NAD83, 4300., 20,NGVD29,16050303,qw,00945,,0,,wat,INN,197301,0,1994-06-13,1994-06-13,1
USGS,10301480,"WABUSKA DRAIN AT SIERRA WAY NR WABUSKA, NV",ST,39.12825159,-119.1879326,S,NAD83, 4300., 20,NGVD29,16050303,qw,00950,,0,,wat,INN,206706,0,1994-06-13,1994-06-13,1
USGS,10301480,"WABUSKA DRAIN AT SIERRA WAY NR WABUSKA, NV",ST,39.12825159,-119.1879326,S,NAD83, 4300., 20,NGVD29,16050303,qw,00955,,0,,wat,INN,151977,0,1994-06-13,1994-06-13,1
USGS,10301480,"WABUSKA DRAIN AT SIERRA WAY NR WABUSKA, NV",ST,39.12825159,-119.1879326,S,NAD83, 4300., 20,NGVD29,16050303,qw,01000,,0,,wat,IMN,149989,0,1994-06-13,1994-06-13,1
USGS,10301480,"WABUSKA DRAIN AT SIERRA WAY NR WABUSKA, NV",ST,39.12825159,-119.1879326,S,NAD83, 4300., 20,NGVD29,16050303,qw,01005,,0,,wat,IMM,149997,0,1994-06-13,1994-06-13,1
USGS,10301480,"WABUSKA DRAIN AT SIERRA WAY NR WABUSKA, NV",ST,39.12825159,-119.1879326,S,NAD83, 4300., 20,NGVD29,16050303,qw,01010,,0,,wat,IMM,150003,0,1994-06-13,1994-06-13,1
USGS,10301480,"WABUSKA DRAIN AT SIERRA WAY NR WABUSKA, NV",ST,39.12825159,-119.1879326,S,NAD83, 4300., 20,NGVD29,16050303,qw,01020,,0,,wat,IMN,150011,0,1994-06-13,1994-06-13,1
USGS,10301480,"WABUSKA DRAIN AT SIERRA WAY NR WABUSKA, NV",ST,39.12825159,-119.1879326,S,NAD83, 4300., 20,NGVD29,16050303,qw,01025,,0,,wat,IMM,150029,0,1994-06-13,1994-06-13,1
USGS,10301480,"WABUSKA DRAIN AT SIERRA WAY NR WABUSKA, NV",ST,39.12825159,-119.1879326,S,NAD83, 4300., 20,NGVD29,16050303,qw,01030,,0,,wat,IMM,150060,0,1994-06-13,1994-06-13,1
USGS,10301480,"WABUSKA DRAIN AT SIERRA WAY NR WABUSKA, NV",ST,39.12825159,-119.1879326,S,NAD83, 4300., 20,NGVD29,16050303,qw,01035,,0,,wat,IMM,150078,0,1994-06-13,1994-06-13,1
USGS,10301480,"WABUSKA DRAIN AT SIERRA WAY NR WABUSKA, NV",ST,39.12825159,-119.1879326,S,NAD83, 4300., 20,NGVD29,16050303,qw,01040,,0,,wat,IMM,150086,0,1994-06-13,1994-06-13,1
USGS,10301480,"WABUSKA DRAIN AT SIERRA WAY NR WABUSKA, NV",ST,39.12825159,-119.1879326,S,NAD83, 4300., 20,NGVD29,16050303,qw,01046,,0,,wat,IMM,149559,0,1994-06-13,1994-06-13,1
USGS,10301480,"WABUSKA DRAIN AT SIERRA WAY NR WABUSKA, NV",ST,39.12825159,-119.1879326,S,NAD83, 4300., 20,NGVD29,16050303,qw,01049,,0,,wat,IMM,149583,0,1994-06-13,1994-06-13,1
USGS,10301480,"WABUSKA DRAIN AT SIERRA WAY NR WABUSKA, NV",ST,39.12825159,-119.1879326,S,NAD83, 4300., 20,NGVD29,16050303,qw,01056,,0,,wat,IMM,149625,0,1994-06-13,1994-06-13,1
USGS,10301480,"WABUSKA DRAIN AT SIERRA WAY NR WABUSKA, NV",ST,39.12825159,-119.1879326,S,NAD83, 4300., 20,NGVD29,16050303,qw,01060,,0,,wat,IMM,149641,0,1994-06-13,1994-06-13,1
USGS,10301480,"WABUSKA DRAIN AT SIERRA WAY NR WABUSKA, NV",ST,39.12825159,-119.1879326,S,NAD83, 4300., 20,NGVD29,16050303,qw,01065,,0,,wat,IMM,149674,0,1994-06-13,1994-06-13,1
USGS,10301480,"WABUSKA DRAIN AT SIERRA WAY NR WABUSKA, NV",ST,39.12825159,-119.1879326,S,NAD83, 4300., 20,NGVD29,16050303,qw,01075,,0,,wat,IMM,149849,0,1994-06-13,1994-06-13,1
USGS,10301480,"WABUSKA DRAIN AT SIERRA WAY NR WABUSKA, NV",ST,39.12825159,-119.1879326,S,NAD83, 4300., 20,NGVD29,16050303,qw,01090,,0,,wat,IMM,150235,0,1994-06-13,1994-06-13,1
USGS,10301480,"WABUSKA DRAIN AT SIERRA WAY NR WABUSKA, NV",ST,39.12825159,-119.1879326,S,NAD83, 4300., 20,NGVD29,16050303,qw,01095,,0,,wat,IMN,149963,0,1994-06-13,1994-06-13,1
USGS,10301480,"WABUSKA DRAIN AT SIERRA WAY NR WABUSKA, NV",ST,39.12825159,-119.1879326,S,NAD83, 4300., 20,NGVD29,16050303,qw,01106,,0,,wat,IMM,149476,0,1994-06-13,1994-06-13,1
USGS,10301480,"WABUSKA DRAIN AT SIERRA WAY NR WABUSKA, NV",ST,39.12825159,-119.1879326,S,NAD83, 4300., 20,NGVD29,16050303,qw,01145,,0,,wat,IMN,154310,0,1994-06-13,1994-06-13,1
USGS,10301480,"WABUSKA DRAIN AT SIERRA WAY NR WABUSKA, NV",ST,39.12825159,-119.1879326,S,NAD83, 4300., 20,NGVD29,16050303,qw,22703,,0,,wat,RAD,150185,0,1994-06-13,1994-06-13,1
USGS,10301480,"WABUSKA DRAIN AT SIERRA WAY NR WABUSKA, NV",ST,39.12825159,-119.1879326,S,NAD83, 4300., 20,NGVD29,16050303,qw,30209,,0,,wat,PHY,1645415,0,1994-06-13,1994-06-13,1
USGS,10301480,"WABUSKA DRAIN AT SIERRA WAY NR WABUSKA, NV",ST,39.12825159,-119.1879326,S,NAD83, 4300., 20,NGVD29,16050303,qw,39086,,0,,wat,INN,1640192,0,1994-06-13,1994-06-13,1
USGS,10301480,"WABUSKA DRAIN AT SIERRA WAY NR WABUSKA, NV",ST,39.12825159,-119.1879326,S,NAD83, 4300., 20,NGVD29,16050303,qw,70300,,0,,wat,PHY,1642222,0,1994-06-13,1994-06-13,1
USGS,10301480,"WABUSKA DRAIN AT SIERRA WAY NR WABUSKA, NV",ST,39.12825159,-119.1879326,S,NAD83, 4300., 20,NGVD29,16050303,qw,70301,,0,,wat,PHY,1642222,0,1994-06-13,1994-06-13,1
USGS,10301480,"WABUSKA DRAIN AT SIERRA WAY NR WABUSKA, NV",ST,39.12825159,-119.1879326,S,NAD83, 4300., 20,NGVD29,16050303,qw,70302,,0,,wat,PHY,1642222,0,1994-06-13,1994-06-13,1
USGS,10301480,"WABUSKA DRAIN AT SIERRA WAY NR WABUSKA, NV",ST,39.12825159,-119.1879326,S,NAD83, 4300., 20,NGVD29,16050303,qw,70303,,0,,wat,PHY,1642222,0,1994-06-13,1994-06-13,1
USGS,10301480,"WABUSKA DRAIN AT SIERRA WAY NR WABUSKA, NV",ST,39.12825159,-119.1879326,S,NAD83, 4300., 20,NGVD29,16050303,qw,71846,,0,,wat,NUT,966655,0,1994-06-13,1994-06-13,1
USGS,10301480,"WABUSKA DRAIN AT SIERRA WAY NR WABUSKA, NV",ST,39.12825159,-119.1879326,S,NAD83, 4300., 20,NGVD29,16050303,qw,71851,,0,,wat,NUT,197186,0,1994-06-13,1994-06-13,1
USGS,10301480,"WABUSKA DRAIN AT SIERRA WAY NR WABUSKA, NV",ST,39.12825159,-119.1879326,S,NAD83, 4300., 20,NGVD29,16050303,qw,71856,,0,,wat,NUT,197194,0,1994-06-13,1994-06-13,1
USGS,10301480,"WABUSKA DRAIN AT SIERRA WAY NR WABUSKA, NV",ST,39.12825159,-119.1879326,S,NAD83, 4300., 20,NGVD29,16050303,qw,71870,,0,,wat,INN,227538,0,1994-06-13,1994-06-13,1
USGS,10301480,"WABUSKA DRAIN AT SIERRA WAY NR WABUSKA, NV",ST,39.12825159,-119.1879326,S,NAD83, 4300., 20,NGVD29,16050303,qw,71890,,0,,wat,IMM,149633,0,1994-06-13,1994-06-13,1
USGS,10301480,"WABUSKA DRAIN AT SIERRA WAY NR WABUSKA, NV",ST,39.12825159,-119.1879326,S,NAD83, 4300., 20,NGVD29,16050303,qw,90095,,0,,wat,PHY,1646694,0,1994-06-13,1994-06-13,1
USGS,10301480,"WABUSKA DRAIN AT SIERRA WAY NR WABUSKA, NV",ST,39.12825159,-119.1879326,S,NAD83, 4300., 20,NGVD29,16050303,qw,90410,,0,,wat,INN,1640192,0,1994-06-13,1994-06-13,1
USGS,10301495,WABUSKA DRAIN ABV WALKER RV CNFL NR PARKER BUTTE,ST,39.1509083,-119.103786,S,NAD83, 4299,4.3,NAVD88,16050303,ad,,,0,,wat,,0,0,2005,2018,8
USGS,10301495,WABUSKA DRAIN ABV WALKER RV CNFL NR PARKER BUTTE,ST,39.1509083,-119.103786,S,NAD83, 4299,4.3,NAVD88,16050303,dv,00060,00003,102523,,wat,,1645423,0,2013-10-01,2017-10-02,1205
USGS,10301495,WABUSKA DRAIN ABV WALKER RV CNFL NR PARKER BUTTE,ST,39.1509083,-119.103786,S,NAD83, 4299,4.3,NAVD88,16050303,qw,,,0,,wat,ALL,0,0,1994-06-13,2005-04-22,2
USGS,10301495,WABUSKA DRAIN ABV WALKER RV CNFL NR PARKER BUTTE,ST,39.1509083,-119.103786,S,NAD83, 4299,4.3,NAVD88,16050303,qw,00010,,0,,wat,PHY,1645597,0,1994-06-13,1994-06-13,1
USGS,10301495,WABUSKA DRAIN ABV WALKER RV CNFL NR PARKER BUTTE,ST,39.1509083,-119.103786,S,NAD83, 4299,4.3,NAVD88,16050303,qw,00025,,0,,wat,PHY,1641265,0,1994-06-13,1994-06-13,1
USGS,10301495,WABUSKA DRAIN ABV WALKER RV CNFL NR PARKER BUTTE,ST,39.1509083,-119.103786,S,NAD83, 4299,4.3,NAVD88,16050303,qw,00028,,0,,sed,INF,0,0,2005-04-22,2005-04-22,1
USGS,10301495,WABUSKA DRAIN ABV WALKER RV CNFL NR PARKER BUTTE,ST,39.1509083,-119.103786,S,NAD83, 4299,4.3,NAVD88,16050303,qw,00028,,0,,wat,INF,0,0,1994-06-13,1994-06-13,1
USGS,10301495,WABUSKA DRAIN ABV WALKER RV CNFL NR PARKER BUTTE,ST,39.1509083,-119.103786,S,NAD83, 4299,4.3,NAVD88,16050303,qw,00061,,0,,wat,PHY,1645415,0,1994-06-13,1994-06-13,1
USGS,10301495,WABUSKA DRAIN ABV WALKER RV CNFL NR PARKER BUTTE,ST,39.1509083,-119.103786,S,NAD83, 4299,4.3,NAVD88,16050303,qw,00095,,0,,wat,PHY,1646694,0,1994-06-13,1994-06-13,1
USGS,10301495,WABUSKA DRAIN ABV WALKER RV CNFL NR PARKER BUTTE,ST,39.1509083,-119.103786,S,NAD83, 4299,4.3,NAVD88,16050303,qw,00191,,0,,wat,INN,1640572,0,1994-06-13,1994-06-13,1
USGS,10301495,WABUSKA DRAIN ABV WALKER RV CNFL NR PARKER BUTTE,ST,39.1509083,-119.103786,S,NAD83, 4299,4.3,NAVD88,16050303,qw,00300,,0,,wat,INN,154302,0,1994-06-13,1994-06-13,1
USGS,10301495,WABUSKA DRAIN ABV WALKER RV CNFL NR PARKER BUTTE,ST,39.1509083,-119.103786,S,NAD83, 4299,4.3,NAVD88,16050303,qw,00301,,0,,wat,INN,154302,0,1994-06-13,1994-06-13,1
USGS,10301495,WABUSKA DRAIN ABV WALKER RV CNFL NR PARKER BUTTE,ST,39.1509083,-119.103786,S,NAD83, 4299,4.3,NAVD88,16050303,qw,00400,,0,,wat,PHY,17028275,0,1994-06-13,1994-06-13,1
USGS,10301495,WABUSKA DRAIN ABV WALKER RV CNFL NR PARKER BUTTE,ST,39.1509083,-119.103786,S,NAD83, 4299,4.3,NAVD88,16050303,qw,00403,,0,,wat,PHY,1644335,0,1994-06-13,1994-06-13,1
USGS,10301495,WABUSKA DRAIN ABV WALKER RV CNFL NR PARKER BUTTE,ST,39.1509083,-119.103786,S,NAD83, 4299,4.3,NAVD88,16050303,qw,00405,,0,,wat,INN,33548,0,1994-06-13,1994-06-13,1
USGS,10301495,WABUSKA DRAIN ABV WALKER RV CNFL NR PARKER BUTTE,ST,39.1509083,-119.103786,S,NAD83, 4299,4.3,NAVD88,16050303,qw,00452,,0,,wat,INN,119396,0,1994-06-13,1994-06-13,1
USGS,10301495,WABUSKA DRAIN ABV WALKER RV CNFL NR PARKER BUTTE,ST,39.1509083,-119.103786,S,NAD83, 4299,4.3,NAVD88,16050303,qw,00453,,0,,wat,INN,4788,0,1994-06-13,1994-06-13,1
USGS,10301495,WABUSKA DRAIN ABV WALKER RV CNFL NR PARKER BUTTE,ST,39.1509083,-119.103786,S,NAD83, 4299,4.3,NAVD88,16050303,qw,00608,,0,,wat,NUT,966655,0,1994-06-13,1994-06-13,1
USGS,10301495,WABUSKA DRAIN ABV WALKER RV CNFL NR PARKER BUTTE,ST,39.1509083,-119.103786,S,NAD83, 4299,4.3,NAVD88,16050303,qw,00613,,0,,wat,NUT,197194,0,1994-06-13,1994-06-13,1
USGS,10301495,WABUSKA DRAIN ABV WALKER RV CNFL NR PARKER BUTTE,ST,39.1509083,-119.103786,S,NAD83, 4299,4.3,NAVD88,16050303,qw,00618,,0,,wat,NUT,197186,0,1994-06-13,1994-06-13,1
USGS,10301495,WABUSKA DRAIN ABV WALKER RV CNFL NR PARKER BUTTE,ST,39.1509083,-119.103786,S,NAD83, 4299,4.3,NAVD88,16050303,qw,00631,,0,,wat,NUT,701177,0,1994-06-13,1994-06-13,1
USGS,10301495,WABUSKA DRAIN ABV WALKER RV CNFL NR PARKER BUTTE,ST,39.1509083,-119.103786,S,NAD83, 4299,4.3,NAVD88,16050303,qw,00660,,0,,wat,NUT,194464,0,1994-06-13,1994-06-13,1
USGS,10301495,WABUSKA DRAIN ABV WALKER RV CNFL NR PARKER BUTTE,ST,39.1509083,-119.103786,S,NAD83, 4299,4.3,NAVD88,16050303,qw,00668,,0,,sed,NUT,153049,0,2005-04-22,2005-04-22,1
USGS,10301495,WABUSKA DRAIN ABV WALKER RV CNFL NR PARKER BUTTE,ST,39.1509083,-119.103786,S,NAD83, 4299,4.3,NAVD88,16050303,qw,00671,,0,,wat,NUT,194464,0,1994-06-13,1994-06-13,1
USGS,10301495,WABUSKA DRAIN ABV WALKER RV CNFL NR PARKER BUTTE,ST,39.1509083,-119.103786,S,NAD83, 4299,4.3,NAVD88,16050303,qw,00900,,0,,wat,PHY,1640416,0,1994-06-13,1994-06-13,1
USGS,10301495,WABUSKA DRAIN ABV WALKER RV CNFL NR PARKER BUTTE,ST,39.1509083,-119.103786,S,NAD83, 4299,4.3,NAVD88,16050303,qw,00915,,0,,wat,INM,150268,0,1994-06-13,1994-06-13,1
USGS,10301495,WABUSKA DRAIN ABV WALKER RV CNFL NR PARKER BUTTE,ST,39.1509083,-119.103786,S,NAD83, 4299,4.3,NAVD88,16050303,qw,00917,,0,,sed,INM,150268,0,2005-04-22,2005-04-22,1
USGS,10301495,WABUSKA DRAIN ABV WALKER RV CNFL NR PARKER BUTTE,ST,39.1509083,-119.103786,S,NAD83, 4299,4.3,NAVD88,16050303,qw,00924,,0,,sed,INM,149617,0,2005-04-22,2005-04-22,1
USGS,10301495,WABUSKA DRAIN ABV WALKER RV CNFL NR PARKER BUTTE,ST,39.1509083,-119.103786,S,NAD83, 4299,4.3,NAVD88,16050303,qw,00925,,0,,wat,INM,149617,0,1994-06-13,1994-06-13,1
USGS,10301495,WABUSKA DRAIN ABV WALKER RV CNFL NR PARKER BUTTE,ST,39.1509083,-119.103786,S,NAD83, 4299,4.3,NAVD88,16050303,qw,00930,,0,,wat,INM,149856,0,1994-06-13,1994-06-13,1
USGS,10301495,WABUSKA DRAIN ABV WALKER RV CNFL NR PARKER BUTTE,ST,39.1509083,-119.103786,S,NAD83, 4299,4.3,NAVD88,16050303,qw,00931,,0,,wat,INM,1640523,0,1994-06-13,1994-06-13,1
USGS,10301495,WABUSKA DRAIN ABV WALKER RV CNFL NR PARKER BUTTE,ST,39.1509083,-119.103786,S,NAD83, 4299,4.3,NAVD88,16050303,qw,00932,,0,,wat,INM,1646660,0,1994-06-13,1994-06-13,1
USGS,10301495,WABUSKA DRAIN ABV WALKER RV CNFL NR PARKER BUTTE,ST,39.1509083,-119.103786,S,NAD83, 4299,4.3,NAVD88,16050303,qw,00934,,0,,sed,INM,149856,0,2005-04-22,2005-04-22,1
USGS,10301495,WABUSKA DRAIN ABV WALKER RV CNFL NR PARKER BUTTE,ST,39.1509083,-119.103786,S,NAD83, 4299,4.3,NAVD88,16050303,qw,00935,,0,,wat,INM,149740,0,1994-06-13,1994-06-13,1
USGS,10301495,WABUSKA DRAIN ABV WALKER RV CNFL NR PARKER BUTTE,ST,39.1509083,-119.103786,S,NAD83, 4299,4.3,NAVD88,16050303,qw,00938,,0,,sed,INM,149740,0,2005-04-22,2005-04-22,1
USGS,10301495,WABUSKA DRAIN ABV WALKER RV CNFL NR PARKER BUTTE,ST,39.1509083,-119.103786,S,NAD83, 4299,4.3,NAVD88,16050303,qw,00940,,0,,wat,INN,205955,0,1994-06-13,1994-06-13,1
USGS,10301495,WABUSKA DRAIN ABV WALKER RV CNFL NR PARKER BUTTE,ST,39.1509083,-119.103786,S,NAD83, 4299,4.3,NAVD88,16050303,qw,00945,,0,,wat,INN,197301,0,1994-06-13,1994-06-13,1
USGS,10301495,WABUSKA DRAIN ABV WALKER RV CNFL NR PARKER BUTTE,ST,39.1509083,-119.103786,S,NAD83, 4299,4.3,NAVD88,16050303,qw,00950,,0,,wat,INN,206706,0,1994-06-13,1994-06-13,1
USGS,10301495,WABUSKA DRAIN ABV WALKER RV CNFL NR PARKER BUTTE,ST,39.1509083,-119.103786,S,NAD83, 4299,4.3,NAVD88,16050303,qw,00955,,0,,wat,INN,151977,0,1994-06-13,1994-06-13,1
USGS,10301495,WABUSKA DRAIN ABV WALKER RV CNFL NR PARKER BUTTE,ST,39.1509083,-119.103786,S,NAD83, 4299,4.3,NAVD88,16050303,qw,01000,,0,,wat,IMN,149989,0,1994-06-13,1994-06-13,1
USGS,10301495,WABUSKA DRAIN ABV WALKER RV CNFL NR PARKER BUTTE,ST,39.1509083,-119.103786,S,NAD83, 4299,4.3,NAVD88,16050303,qw,01005,,0,,wat,IMM,149997,0,1994-06-13,1994-06-13,1
USGS,10301495,WABUSKA DRAIN ABV WALKER RV CNFL NR PARKER BUTTE,ST,39.1509083,-119.103786,S,NAD83, 4299,4.3,NAVD88,16050303,qw,01010,,0,,wat,IMM,150003,0,1994-06-13,1994-06-13,1
USGS,10301495,WABUSKA DRAIN ABV WALKER RV CNFL NR PARKER BUTTE,ST,39.1509083,-119.103786,S,NAD83, 4299,4.3,NAVD88,16050303,qw,01020,,0,,wat,IMN,150011,0,1994-06-13,1994-06-13,1
USGS,10301495,WABUSKA DRAIN ABV WALKER RV CNFL NR PARKER BUTTE,ST,39.1509083,-119.103786,S,NAD83, 4299,4.3,NAVD88,16050303,qw,01025,,0,,wat,IMM,150029,0,1994-06-13,1994-06-13,1
USGS,10301495,WABUSKA DRAIN ABV WALKER RV CNFL NR PARKER BUTTE,ST,39.1509083,-119.103786,S,NAD83, 4299,4.3,NAVD88,16050303,qw,01030,,0,,wat,IMM,150060,0,1994-06-13,1994-06-13,1
USGS,10301495,WABUSKA DRAIN ABV WALKER RV CNFL NR PARKER BUTTE,ST,39.1509083,-119.103786,S,NAD83, 4299,4.3,NAVD88,16050303,qw,01035,,0,,wat,IMM,150078,0,1994-06-13,1994-06-13,1
USGS,10301495,WABUSKA DRAIN ABV WALKER RV CNFL NR PARKER BUTTE,ST,39.1509083,-119.103786,S,NAD83, 4299,4.3,NAVD88,16050303,qw,01040,,0,,wat,IMM,150086,0,1994-06-13,1994-06-13,1
USGS,10301495,WABUSKA DRAIN ABV WALKER RV CNFL NR PARKER BUTTE,ST,39.1509083,-119.103786,S,NAD83, 4299,4.3,NAVD88,16050303,qw,01046,,0,,wat,IMM,149559,0,1994-06-13,1994-06-13,1
USGS,10301495,WABUSKA DRAIN ABV WALKER RV CNFL NR PARKER BUTTE,ST,39.1509083,-119.103786,S,NAD83, 4299,4.3,NAVD88,16050303,qw,01049,,0,,wat,IMM,149583,0,1994-06-13,1994-06-13,1
USGS,10301495,WABUSKA DRAIN ABV WALKER RV CNFL NR PARKER BUTTE,ST,39.1509083,-119.103786,S,NAD83, 4299,4.3,NAVD88,16050303,qw,01056,,0,,wat,IMM,149625,0,1994-06-13,1994-06-13,1
USGS,10301495,WABUSKA DRAIN ABV WALKER RV CNFL NR PARKER BUTTE,ST,39.1509083,-119.103786,S,NAD83, 4299,4.3,NAVD88,16050303,qw,01060,,0,,wat,IMM,149641,0,1994-06-13,1994-06-13,1
USGS,10301495,WABUSKA DRAIN ABV WALKER RV CNFL NR PARKER BUTTE,ST,39.1509083,-119.103786,S,NAD83, 4299,4.3,NAVD88,16050303,qw,01065,,0,,wat,IMM,149674,0,1994-06-13,1994-06-13,1
USGS,10301495,WABUSKA DRAIN ABV WALKER RV CNFL NR PARKER BUTTE,ST,39.1509083,-119.103786,S,NAD83, 4299,4.3,NAVD88,16050303,qw,01075,,0,,wat,IMM,149849,0,1994-06-13,1994-06-13,1
USGS,10301495,WABUSKA DRAIN ABV WALKER RV CNFL NR PARKER BUTTE,ST,39.1509083,-119.103786,S,NAD83, 4299,4.3,NAVD88,16050303,qw,01090,,0,,wat,IMM,150235,0,1994-06-13,1994-06-13,1
USGS,10301495,WABUSKA DRAIN ABV WALKER RV CNFL NR PARKER BUTTE,ST,39.1509083,-119.103786,S,NAD83, 4299,4.3,NAVD88,16050303,qw,01095,,0,,wat,IMN,149963,0,1994-06-13,1994-06-13,1
USGS,10301495,WABUSKA DRAIN ABV WALKER RV CNFL NR PARKER BUTTE,ST,39.1509083,-119.103786,S,NAD83, 4299,4.3,NAVD88,16050303,qw,01106,,0,,wat,IMM,149476,0,1994-06-13,1994-06-13,1
USGS,10301495,WABUSKA DRAIN ABV WALKER RV CNFL NR PARKER BUTTE,ST,39.1509083,-119.103786,S,NAD83, 4299,4.3,NAVD88,16050303,qw,01108,,0,,sed,IMM,149476,0,2005-04-22,2005-04-22,1
USGS,10301495,WABUSKA DRAIN ABV WALKER RV CNFL NR PARKER BUTTE,ST,39.1509083,-119.103786,S,NAD83, 4299,4.3,NAVD88,16050303,qw,01145,,0,,wat,IMN,154310,0,1994-06-13,1994-06-13,1
USGS,10301495,WABUSKA DRAIN ABV WALKER RV CNFL NR PARKER BUTTE,ST,39.1509083,-119.103786,S,NAD83, 4299,4.3,NAVD88,16050303,qw,01153,,0,,sed,IMM,149930,0,2005-04-22,2005-04-22,1
USGS,10301495,WABUSKA DRAIN ABV WALKER RV CNFL NR PARKER BUTTE,ST,39.1509083,-119.103786,S,NAD83, 4299,4.3,NAVD88,16050303,qw,01170,,0,,sed,IMM,149559,0,2005-04-22,2005-04-22,1
USGS,10301495,WABUSKA DRAIN ABV WALKER RV CNFL NR PARKER BUTTE,ST,39.1509083,-119.103786,S,NAD83, 4299,4.3,NAVD88,16050303,qw,04060,,0,,sed,IMM,149898,0,2005-04-22,2005-04-22,1
USGS,10301495,WABUSKA DRAIN ABV WALKER RV CNFL NR PARKER BUTTE,ST,39.1509083,-119.103786,S,NAD83, 4299,4.3,NAVD88,16050303,qw,04125,,0,,sed,RAD,182451,0,2005-04-22,2005-04-22,1
USGS,10301495,WABUSKA DRAIN ABV WALKER RV CNFL NR PARKER BUTTE,ST,39.1509083,-119.103786,S,NAD83, 4299,4.3,NAVD88,16050303,qw,09507,,0,,sed,RAD,192856,0,2005-04-22,2005-04-22,1
USGS,10301495,WABUSKA DRAIN ABV WALKER RV CNFL NR PARKER BUTTE,ST,39.1509083,-119.103786,S,NAD83, 4299,4.3,NAVD88,16050303,qw,22703,,0,,wat,RAD,150185,0,1994-06-13,1994-06-13,1
USGS,10301495,WABUSKA DRAIN ABV WALKER RV CNFL NR PARKER BUTTE,ST,39.1509083,-119.103786,S,NAD83, 4299,4.3,NAVD88,16050303,qw,30209,,0,,wat,PHY,1645415,0,1994-06-13,1994-06-13,1
USGS,10301495,WABUSKA DRAIN ABV WALKER RV CNFL NR PARKER BUTTE,ST,39.1509083,-119.103786,S,NAD83, 4299,4.3,NAVD88,16050303,qw,34795,,0,,sed,IMN,149963,0,2005-04-22,2005-04-22,1
USGS,10301495,WABUSKA DRAIN ABV WALKER RV CNFL NR PARKER BUTTE,ST,39.1509083,-119.103786,S,NAD83, 4299,4.3,NAVD88,16050303,qw,34800,,0,,sed,IMN,149989,0,2005-04-22,2005-04-22,1
USGS,10301495,WABUSKA DRAIN ABV WALKER RV CNFL NR PARKER BUTTE,ST,39.1509083,-119.103786,S,NAD83, 4299,4.3,NAVD88,16050303,qw,34805,,0,,sed,IMM,149997,0,2005-04-22,2005-04-22,1
USGS,10301495,WABUSKA DRAIN ABV WALKER RV CNFL NR PARKER BUTTE,ST,39.1509083,-119.103786,S,NAD83, 4299,4.3,NAVD88,16050303,qw,34810,,0,,sed,IMM,150003,0,2005-04-22,2005-04-22,1
USGS,10301495,WABUSKA DRAIN ABV WALKER RV CNFL NR PARKER BUTTE,ST,39.1509083,-119.103786,S,NAD83, 4299,4.3,NAVD88,16050303,qw,34815,,0,,sed,IMM,150250,0,2005-04-22,2005-04-22,1
USGS,10301495,WABUSKA DRAIN ABV WALKER RV CNFL NR PARKER BUTTE,ST,39.1509083,-119.103786,S,NAD83, 4299,4.3,NAVD88,16050303,qw,34825,,0,,sed,IMM,150029,0,2005-04-22,2005-04-22,1
USGS,10301495,WABUSKA DRAIN ABV WALKER RV CNFL NR PARKER BUTTE,ST,39.1509083,-119.103786,S,NAD83, 4299,4.3,NAVD88,16050303,qw,34835,,0,,sed,IMM,150045,0,2005-04-22,2005-04-22,1
USGS,10301495,WABUSKA DRAIN ABV WALKER RV CNFL NR PARKER BUTTE,ST,39.1509083,-119.103786,S,NAD83, 4299,4.3,NAVD88,16050303,qw,34840,,0,,sed,IMM,150060,0,2005-04-22,2005-04-22,1
USGS,10301495,WABUSKA DRAIN ABV WALKER RV CNFL NR PARKER BUTTE,ST,39.1509083,-119.103786,S,NAD83, 4299,4.3,NAVD88,16050303,qw,34845,,0,,sed,IMM,150078,0,2005-04-22,2005-04-22,1
USGS,10301495,WABUSKA DRAIN ABV WALKER RV CNFL NR PARKER BUTTE,ST,39.1509083,-119.103786,S,NAD83, 4299,4.3,NAVD88,16050303,qw,34850,,0,,sed,IMM,150086,0,2005-04-22,2005-04-22,1
USGS,10301495,WABUSKA DRAIN ABV WALKER RV CNFL NR PARKER BUTTE,ST,39.1509083,-119.103786,S,NAD83, 4299,4.3,NAVD88,16050303,qw,34860,,0,,sed,IMM,150128,0,2005-04-22,2005-04-22,1
USGS,10301495,WABUSKA DRAIN ABV WALKER RV CNFL NR PARKER BUTTE,ST,39.1509083,-119.103786,S,NAD83, 4299,4.3,NAVD88,16050303,qw,34885,,0,,sed,IMM,149575,0,2005-04-22,2005-04-22,1
USGS,10301495,WABUSKA DRAIN ABV WALKER RV CNFL NR PARKER BUTTE,ST,39.1509083,-119.103786,S,NAD83, 4299,4.3,NAVD88,16050303,qw,34890,,0,,sed,IMM,149583,0,2005-04-22,2005-04-22,1
USGS,10301495,WABUSKA DRAIN ABV WALKER RV CNFL NR PARKER BUTTE,ST,39.1509083,-119.103786,S,NAD83, 4299,4.3,NAVD88,16050303,qw,34895,,0,,sed,IMM,149591,0,2005-04-22,2005-04-22,1
USGS,10301495,WABUSKA DRAIN ABV WALKER RV CNFL NR PARKER BUTTE,ST,39.1509083,-119.103786,S,NAD83, 4299,4.3,NAVD88,16050303,qw,34905,,0,,sed,IMM,149625,0,2005-04-22,2005-04-22,1
USGS,10301495,WABUSKA DRAIN ABV WALKER RV CNFL NR PARKER BUTTE,ST,39.1509083,-119.103786,S,NAD83, 4299,4.3,NAVD88,16050303,qw,34910,,0,,sed,IMM,149633,0,2005-04-22,2005-04-22,1
USGS,10301495,WABUSKA DRAIN ABV WALKER RV CNFL NR PARKER BUTTE,ST,39.1509083,-119.103786,S,NAD83, 4299,4.3,NAVD88,16050303,qw,34915,,0,,sed,IMM,149641,0,2005-04-22,2005-04-22,1
USGS,10301495,WABUSKA DRAIN ABV WALKER RV CNFL NR PARKER BUTTE,ST,39.1509083,-119.103786,S,NAD83, 4299,4.3,NAVD88,16050303,qw,34925,,0,,sed,IMM,149674,0,2005-04-22,2005-04-22,1
USGS,10301495,WABUSKA DRAIN ABV WALKER RV CNFL NR PARKER BUTTE,ST,39.1509083,-119.103786,S,NAD83, 4299,4.3,NAVD88,16050303,qw,34930,,0,,sed,IMM,149682,0,2005-04-22,2005-04-22,1
USGS,10301495,WABUSKA DRAIN ABV WALKER RV CNFL NR PARKER BUTTE,ST,39.1509083,-119.103786,S,NAD83, 4299,4.3,NAVD88,16050303,qw,34945,,0,,sed,IMM,149823,0,2005-04-22,2005-04-22,1
USGS,10301495,WABUSKA DRAIN ABV WALKER RV CNFL NR PARKER BUTTE,ST,39.1509083,-119.103786,S,NAD83, 4299,4.3,NAVD88,16050303,qw,34955,,0,,sed,IMM,149849,0,2005-04-22,2005-04-22,1
USGS,10301495,WABUSKA DRAIN ABV WALKER RV CNFL NR PARKER BUTTE,ST,39.1509083,-119.103786,S,NAD83, 4299,4.3,NAVD88,16050303,qw,34965,,0,,sed,IMM,149864,0,2005-04-22,2005-04-22,1
USGS,10301495,WABUSKA DRAIN ABV WALKER RV CNFL NR PARKER BUTTE,ST,39.1509083,-119.103786,S,NAD83, 4299,4.3,NAVD88,16050303,qw,34970,,0,,sed,INN,152744,0,2005-04-22,2005-04-22,1
USGS,10301495,WABUSKA DRAIN ABV WALKER RV CNFL NR PARKER BUTTE,ST,39.1509083,-119.103786,S,NAD83, 4299,4.3,NAVD88,16050303,qw,34975,,0,,sed,IMM,149872,0,2005-04-22,2005-04-22,1
USGS,10301495,WABUSKA DRAIN ABV WALKER RV CNFL NR PARKER BUTTE,ST,39.1509083,-119.103786,S,NAD83, 4299,4.3,NAVD88,16050303,qw,34980,,0,,sed,RAD,149906,0,2005-04-22,2005-04-22,1
USGS,10301495,WABUSKA DRAIN ABV WALKER RV CNFL NR PARKER BUTTE,ST,39.1509083,-119.103786,S,NAD83, 4299,4.3,NAVD88,16050303,qw,35000,,0,,sed,RAD,150185,0,2005-04-22,2005-04-22,1
USGS,10301495,WABUSKA DRAIN ABV WALKER RV CNFL NR PARKER BUTTE,ST,39.1509083,-119.103786,S,NAD83, 4299,4.3,NAVD88,16050303,qw,35005,,0,,sed,IMM,150193,0,2005-04-22,2005-04-22,1
USGS,10301495,WABUSKA DRAIN ABV WALKER RV CNFL NR PARKER BUTTE,ST,39.1509083,-119.103786,S,NAD83, 4299,4.3,NAVD88,16050303,qw,35010,,0,,sed,IMM,150227,0,2005-04-22,2005-04-22,1
USGS,10301495,WABUSKA DRAIN ABV WALKER RV CNFL NR PARKER BUTTE,ST,39.1509083,-119.103786,S,NAD83, 4299,4.3,NAVD88,16050303,qw,35020,,0,,sed,IMM,150235,0,2005-04-22,2005-04-22,1
USGS,10301495,WABUSKA DRAIN ABV WALKER RV CNFL NR PARKER BUTTE,ST,39.1509083,-119.103786,S,NAD83, 4299,4.3,NAVD88,16050303,qw,39086,,0,,wat,INN,1640192,0,1994-06-13,1994-06-13,1
USGS,10301495,WABUSKA DRAIN ABV WALKER RV CNFL NR PARKER BUTTE,ST,39.1509083,-119.103786,S,NAD83, 4299,4.3,NAVD88,16050303,qw,49266,,0,,sed,OOT,701250,0,2005-04-22,2005-04-22,1
USGS,10301495,WABUSKA DRAIN ABV WALKER RV CNFL NR PARKER BUTTE,ST,39.1509083,-119.103786,S,NAD83, 4299,4.3,NAVD88,16050303,qw,49267,,0,,sed,INN,150037,0,2005-04-22,2005-04-22,1
USGS,10301495,WABUSKA DRAIN ABV WALKER RV CNFL NR PARKER BUTTE,ST,39.1509083,-119.103786,S,NAD83, 4299,4.3,NAVD88,16050303,qw,49962,,0,,sed,RAD,182469,0,2005-04-22,2005-04-22,1
USGS,10301495,WABUSKA DRAIN ABV WALKER RV CNFL NR PARKER BUTTE,ST,39.1509083,-119.103786,S,NAD83, 4299,4.3,NAVD88,16050303,qw,70300,,0,,wat,PHY,1642222,0,1994-06-13,1994-06-13,1
USGS,10301495,WABUSKA DRAIN ABV WALKER RV CNFL NR PARKER BUTTE,ST,39.1509083,-119.103786,S,NAD83, 4299,4.3,NAVD88,16050303,qw,70301,,0,,wat,PHY,1642222,0,1994-06-13,1994-06-13,1
USGS,10301495,WABUSKA DRAIN ABV WALKER RV CNFL NR PARKER BUTTE,ST,39.1509083,-119.103786,S,NAD83, 4299,4.3,NAVD88,16050303,qw,70302,,0,,wat,PHY,1642222,0,1994-06-13,1994-06-13,1
USGS,10301495,WABUSKA DRAIN ABV WALKER RV CNFL NR PARKER BUTTE,ST,39.1509083,-119.103786,S,NAD83, 4299,4.3,NAVD88,16050303,qw,70303,,0,,wat,PHY,1642222,0,1994-06-13,1994-06-13,1
USGS,10301495,WABUSKA DRAIN ABV WALKER RV CNFL NR PARKER BUTTE,ST,39.1509083,-119.103786,S,NAD83, 4299,4.3,NAVD88,16050303,qw,71846,,0,,wat,NUT,966655,0,1994-06-13,1994-06-13,1
USGS,10301495,WABUSKA DRAIN ABV WALKER RV CNFL NR PARKER BUTTE,ST,39.1509083,-119.103786,S,NAD83, 4299,4.3,NAVD88,16050303,qw,71851,,0,,wat,NUT,197186,0,1994-06-13,1994-06-13,1
USGS,10301495,WABUSKA DRAIN ABV WALKER RV CNFL NR PARKER BUTTE,ST,39.1509083,-119.103786,S,NAD83, 4299,4.3,NAVD88,16050303,qw,71856,,0,,wat,NUT,197194,0,1994-06-13,1994-06-13,1
USGS,10301495,WABUSKA DRAIN ABV WALKER RV CNFL NR PARKER BUTTE,ST,39.1509083,-119.103786,S,NAD83, 4299,4.3,NAVD88,16050303,qw,71870,,0,,wat,INN,227538,0,1994-06-13,1994-06-13,1
USGS,10301495,WABUSKA DRAIN ABV WALKER RV CNFL NR PARKER BUTTE,ST,39.1509083,-119.103786,S,NAD83, 4299,4.3,NAVD88,16050303,qw,71890,,0,,wat,IMM,149633,0,1994-06-13,1994-06-13,1
USGS,10301495,WABUSKA DRAIN ABV WALKER RV CNFL NR PARKER BUTTE,ST,39.1509083,-119.103786,S,NAD83, 4299,4.3,NAVD88,16050303,qw,75977,,0,,sed,RAD,199026,0,2005-04-22,2005-04-22,1
USGS,10301495,WABUSKA DRAIN ABV WALKER RV CNFL NR PARKER BUTTE,ST,39.1509083,-119.103786,S,NAD83, 4299,4.3,NAVD88,16050303,qw,90095,,0,,wat,PHY,1646694,0,1994-06-13,1994-06-13,1
USGS,10301495,WABUSKA DRAIN ABV WALKER RV CNFL NR PARKER BUTTE,ST,39.1509083,-119.103786,S,NAD83, 4299,4.3,NAVD88,16050303,qw,90410,,0,,wat,INN,1640192,0,1994-06-13,1994-06-13,1
USGS,10301495,WABUSKA DRAIN ABV WALKER RV CNFL NR PARKER BUTTE,ST,39.1509083,-119.103786,S,NAD83, 4299,4.3,NAVD88,16050303,sv,,,0,,wat,,0,0,2005-11-28,2017-10-03,93
USGS,10301495,WABUSKA DRAIN ABV WALKER RV CNFL NR PARKER BUTTE,ST,39.1509083,-119.103786,S,NAD83, 4299,4.3,NAVD88,16050303,uv,00060,,103845,,wat,,1645423,0,2013-10-01,2017-10-03,1463
USGS,10301495,WABUSKA DRAIN ABV WALKER RV CNFL NR PARKER BUTTE,ST,39.1509083,-119.103786,S,NAD83, 4299,4.3,NAVD88,16050303,uv,00065,,103844,,wat,,17164583,0,2013-10-01,2017-10-03,1463
USGS,10301500,"WALKER RV NR WABUSKA, NV",ST,39.1524611,-119.0988889,S,NAD83, 4300.00, 20,NGVD29,16050303,ad,,,0,,wat,,0,0,2005,2025,21
USGS,10301500,"WALKER RV NR WABUSKA, NV",ST,39.1524611,-119.0988889,S,NAD83, 4300.00, 20,NGVD29,16050303,dv,00010,00001,102525,,wat,,1645597,0,1969-10-01,2026-10-02,11398
USGS,10301500,"WALKER RV NR WABUSKA, NV",ST,39.1524611,-119.0988889,S,NAD83, 4300.00, 20,NGVD29,16050303,dv,00010,00002,102526,,wat,,1645597,0,1969-10-01,2026-10-02,11379
USGS,10301500,"WALKER RV NR WABUSKA, NV",ST,39.1524611,-119.0988889,S,NAD83, 4300.00, 20,NGVD29,16050303,dv,00010,00003,102527,,wat,,1645597,0,1995-05-27,2026-10-01,10931
USGS,10301500,"WALKER RV NR WABUSKA, NV",ST,39.1524611,-119.0988889,S,NAD83, 4300.00, 20,NGVD29,16050303,dv,00060,00003,102524,,wat,,1645423,0,1902-07-22,2026-10-01,38439
USGS,10301500,"WALKER RV NR WABUSKA, NV",ST,39.1524611,-119.0988889,S,NAD83, 4300.00, 20,NGVD29,16050303,dv,00095,00001,102528,,wat,,1646694,0,1995-05-27,2026-10-02,10412
USGS,10301500,"WALKER RV NR WABUSKA, NV",ST,39.1524611,-119.0988889,S,NAD83, 4300.00, 20,NGVD29,16050303,dv,00095,00002,102529,,wat,,1646694,0,1995-05-27,2026-10-02,10441
USGS,10301500,"WALKER RV NR WABUSKA, NV",ST,39.1524611,-119.0988889,S,NAD83, 4300.00, 20,NGVD29,16050303,dv,00095,00003,102530,,wat,,1646694,0,1995-05-27,2026-10-01,10382
USGS,10301500,"WALKER RV NR WABUSKA, NV",ST,39.1524611,-119.0988889,S,NAD83, 4300.00, 20,NGVD29,16050303,pk,,,0,,wat,,0,0,1903-06-11,2025-04-29,107
USGS,10301500,"WALKER RV NR WABUSKA, NV",ST,39.1524611,-119.0988889,S,NAD83, 4300.00, 20,NGVD29,16050303,qw,,,0,,wat,ALL,0,0,1968-10-15,2019-07-10,375
USGS,10301500,"WALKER RV NR WABUSKA, NV",ST,39.1524611,-119.0988889,S,NAD83, 4300.00, 20,NGVD29,16050303,qw,00010,,0,,wat,PHY,1645597,0,1969-11-20,2019-07-10,252
USGS,10301500,"WALKER RV NR WABUSKA, NV",ST,39.1524611,-119.0988889,S,NAD83, 4300.00, 20,NGVD29,16050303,qw,00020,,0,,wat,PHY,1645712,0,1983-05-17,2005-03-08,69
USGS,10301500,"WALKER RV NR WABUSKA, NV",ST,39.1524611,-119.0988889,S,NAD83, 4300.00, 20,NGVD29,16050303,qw,00022,,0,,wat,INF,0,0,2012-05-17,2019-06-11,2
USGS,10301500,"WALKER RV NR WABUSKA, NV",ST,39.1524611,-119.0988889,S,NAD83, 4300.00, 20,NGVD29,16050303,qw,00025,,0,,wat,PHY,1641265,0,1980-10-27,2019-07-10,93
USGS,10301500,"WALKER RV NR WABUSKA, NV",ST,39.1524611,-119.0988889,S,NAD83, 4300.00, 20,NGVD29,16050303,qw,00028,,0,,bio,INF,0,0,1974-11-21,1981-09-17,64
USGS,10301500,"WALKER RV NR WABUSKA, NV",ST,39.1524611,-119.0988889,S,NAD83, 4300.00, 20,NGVD29,16050303,qw,00028,,0,,sed,INF,0,0,1983-08-30,2005-04-22,2
USGS,10301500,"WALKER RV NR WABUSKA, NV",ST,39.1524611,-119.0988889,S,NAD83, 4300.00, 20,NGVD29,16050303,qw,00028,,0,,wat,INF,0,0,1977-10-17,2005-03-08,128
USGS,10301500,"WALKER RV NR WABUSKA, NV",ST,39.1524611,-119.0988889,S,NAD83, 4300.00, 20,NGVD29,16050303,qw,00060,,0,,oth,PHY,1645423,0,1969-06-15,1969-06-15,1
USGS,10301500,"WALKER RV NR WABUSKA, NV",ST,39.1524611,-119.0988889,S,NAD83, 4300.00, 20,NGVD29,16050303,qw,00060,,0,,wat,PHY,1645423,0,1968-10-15,1973-09-11,70
USGS,10301500,"WALKER RV NR WABUSKA, NV",ST,39.1524611,-119.0988889,S,NAD83, 4300.00, 20,NGVD29,16050303,qw,00061,,0,,wat,PHY,1645415,0,1972-10-12,2019-07-10,208
USGS,10301500,"WALKER RV NR WABUSKA, NV",ST,39.1524611,-119.0988889,S,NAD83, 4300.00, 20,NGVD29,16050303,qw,00065,,0,,wat,PHY,17164583,0,1983-05-17,2019-07-10,58
USGS,10301500,"WALKER RV NR WABUSKA, NV",ST,39.1524611,-119.0988889,S,NAD83, 4300.00, 20,NGVD29,16050303,qw,00070,,0,,wat,PHY,1640507,0,1974-10-24,1978-05-31,39
USGS,10301500,"WALKER RV NR WABUSKA, NV",ST,39.1524611,-119.0988889,S,NAD83, 4300.00, 20,NGVD29,16050303,qw,00076,,0,,wat,PHY,1640507,0,1978-06-28,1995-06-28,115
USGS,10301500,"WALKER RV NR WABUSKA, NV",ST,39.1524611,-119.0988889,S,NAD83, 4300.00, 20,NGVD29,16050303,qw,00080,,0,,oth,PHY,1640283,0,1969-06-15,1969-06-15,1
USGS,10301500,"WALKER RV NR WABUSKA, NV",ST,39.1524611,-119.0988889,S,NAD83, 4300.00, 20,NGVD29,16050303,qw,00080,,0,,wat,PHY,1640283,0,1968-10-15,1970-08-18,29
USGS,10301500,"WALKER RV NR WABUSKA, NV",ST,39.1524611,-119.0988889,S,NAD83, 4300.00, 20,NGVD29,16050303,qw,00095,,0,,oth,PHY,1646694,0,1969-06-15,1969-06-15,1
USGS,10301500,"WALKER RV NR WABUSKA, NV",ST,39.1524611,-119.0988889,S,NAD83, 4300.00, 20,NGVD29,16050303,qw,00095,,0,,wat,PHY,1646694,0,1968-10-15,2019-07-10,247
USGS,10301500,"WALKER RV NR WABUSKA, NV",ST,39.1524611,-119.0988889,S,NAD83, 4300.00, 20,NGVD29,16050303,qw,00191,,0,,oth,INN,1640572,0,1969-06-15,1969-06-15,1
USGS,10301500,"WALKER RV NR WABUSKA, NV",ST,39.1524611,-119.0988889,S,NAD83, 4300.00, 20,NGVD29,16050303,qw,00191,,0,,wat,INN,1640572,0,1968-10-15,2019-07-10,231
USGS,10301500,"WALKER RV NR WABUSKA, NV",ST,39.1524611,-119.0988889,S,NAD83, 4300.00, 20,NGVD29,16050303,qw,00300,,0,,wat,INN,154302,0,1978-01-30,2005-03-08,123
USGS,10301500,"WALKER RV NR WABUSKA, NV",ST,39.1524611,-119.0988889,S,NAD83, 4300.00, 20,NGVD29,16050303,qw,00301,,0,,wat,INN,154302,0,1980-10-27,2005-03-08,89
USGS,10301500,"WALKER RV NR WABUSKA, NV",ST,39.1524611,-119.0988889,S,NAD83, 4300.00, 20,NGVD29,16050303,qw,00340,,0,,wat,PHY,1641653,0,1978-10-24,1985-08-22,55
USGS,10301500,"WALKER RV NR WABUSKA, NV",ST,39.1524611,-119.0988889,S,NAD83, 4300.00, 20,NGVD29,16050303,qw,00400,,0,,oth,PHY,17028275,0,1969-06-15,1969-06-15,1
USGS,10301500,"WALKER RV NR WABUSKA, NV",ST,39.1524611,-119.0988889,S,NAD83, 4300.00, 20,NGVD29,16050303,qw,00400,,0,,wat,PHY,17028275,0,1968-10-15,2019-07-10,231
USGS,10301500,"WALKER RV NR WABUSKA, NV",ST,39.1524611,-119.0988889,S,NAD83, 4300.00, 20,NGVD29,16050303,qw,00403,,0,,wat,PHY,1644335,0,1980-10-27,2005-03-08,92
USGS,10301500,"WALKER RV NR WABUSKA, NV",ST,39.1524611,-119.0988889,S,NAD83, 4300.00, 20,NGVD29,16050303,qw,00405,,0,,oth,INN,33548,0,1969-06-15,1969-06-15,1
USGS,10301500,"WALKER RV NR WABUSKA, NV",ST,39.1524611,-119.0988889,S,NAD83, 4300.00, 20,NGVD29,16050303,qw,00405,,0,,wat,INN,33548,0,1968-10-15,2005-03-08,210
USGS,10301500,"WALKER RV NR WABUSKA, NV",ST,39.1524611,-119.0988889,S,NAD83, 4300.00, 20,NGVD29,16050303,qw,00410,,0,,oth,INN,1640192,0,1969-06-15,1969-06-15,1
USGS,10301500,"WALKER RV NR WABUSKA, NV",ST,39.1524611,-119.0988889,S,NAD83, 4300.00, 20,NGVD29,16050303,qw,00410,,0,,wat,INN,1640192,0,1968-10-15,1987-08-11,152
USGS,10301500,"WALKER RV NR WABUSKA, NV",ST,39.1524611,-119.0988889,S,NAD83, 4300.00, 20,NGVD29,16050303,qw,00419,,0,,wat,INN,1640192,0,1986-01-22,1988-08-25,17
USGS,10301500,"WALKER RV NR WABUSKA, NV",ST,39.1524611,-119.0988889,S,NAD83, 4300.00, 20,NGVD29,16050303,qw,00440,,0,,oth,INN,4788,0,1969-06-15,1969-06-15,1
USGS,10301500,"WALKER RV NR WABUSKA, NV",ST,39.1524611,-119.0988889,S,NAD83, 4300.00, 20,NGVD29,16050303,qw,00440,,0,,wat,INN,4788,0,1968-10-15,1981-11-04,129
USGS,10301500,"WALKER RV NR WABUSKA, NV",ST,39.1524611,-119.0988889,S,NAD83, 4300.00, 20,NGVD29,16050303,qw,00445,,0,,oth,INN,119396,0,1969-06-15,1971-04-07,2
USGS,10301500,"WALKER RV NR WABUSKA, NV",ST,39.1524611,-119.0988889,S,NAD83, 4300.00, 20,NGVD29,16050303,qw,00445,,0,,wat,INN,119396,0,1968-10-15,1981-11-04,127
USGS,10301500,"WALKER RV NR WABUSKA, NV",ST,39.1524611,-119.0988889,S,NAD83, 4300.00, 20,NGVD29,16050303,qw,00447,,0,,wat,INN,119396,0,1986-01-22,1988-08-25,8
USGS,10301500,"WALKER RV NR WABUSKA, NV",ST,39.1524611,-119.0988889,S,NAD83, 4300.00, 20,NGVD29,16050303,qw,00450,,0,,wat,INN,4788,0,1986-01-22,1988-08-25,16
USGS,10301500,"WALKER RV NR WABUSKA, NV",ST,39.1524611,-119.0988889,S,NAD83, 4300.00, 20,NGVD29,16050303,qw,00452,,0,,wat,INN,119396,0,1988-11-22,1994-06-14,8
USGS,10301500,"WALKER RV NR WABUSKA, NV",ST,39.1524611,-119.0988889,S,NAD83, 4300.00, 20,NGVD29,16050303,qw,00453,,0,,wat,INN,4788,0,1988-11-22,2005-03-08,38
USGS,10301500,"WALKER RV NR WABUSKA, NV",ST,39.1524611,-119.0988889,S,NAD83, 4300.00, 20,NGVD29,16050303,qw,00530,,0,,wat,PHY,1642818,0,1979-05-31,1981-09-17,26
USGS,10301500,"WALKER RV NR WABUSKA, NV",ST,39.1524611,-119.0988889,S,NAD83, 4300.00, 20,NGVD29,16050303,qw,00572,,0,,wat,BIO,1647825,0,1976-08-12,1980-08-22,12
USGS,10301500,"WALKER RV NR WABUSKA, NV",ST,39.1524611,-119.0988889,S,NAD83, 4300.00, 20,NGVD29,16050303,qw,00573,,0,,wat,BIO,1647825,0,1976-08-12,1980-08-22,12
USGS,10301500,"WALKER RV NR WABUSKA, NV",ST,39.1524611,-119.0988889,S,NAD83, 4300.00, 20,NGVD29,16050303,qw,00600,,0,,wat,NUT,52450988,0,1969-12-22,1995-06-28,167
USGS,10301500,"WALKER RV NR WABUSKA, NV",ST,39.1524611,-119.0988889,S,NAD83, 4300.00, 20,NGVD29,16050303,qw,00602,,0,,wat,NUT,52450988,0,1979-09-24,1981-09-17,22
USGS,10301500,"WALKER RV NR WABUSKA, NV",ST,39.1524611,-119.0988889,S,NAD83, 4300.00, 20,NGVD29,16050303,qw,00605,,0,,wat,NUT,17297623,0,1969-11-20,1995-06-28,179
USGS,10301500,"WALKER RV NR WABUSKA, NV",ST,39.1524611,-119.0988889,S,NAD83, 4300.00, 20,NGVD29,16050303,qw,00607,,0,,wat,NUT,17297623,0,1975-01-28,1981-09-17,42
USGS,10301500,"WALKER RV NR WABUSKA, NV",ST,39.1524611,-119.0988889,S,NAD83, 4300.00, 20,NGVD29,16050303,qw,00608,,0,,wat,NUT,966655,0,1971-04-07,1995-06-28,129
USGS,10301500,"WALKER RV NR WABUSKA, NV",ST,39.1524611,-119.0988889,S,NAD83, 4300.00, 20,NGVD29,16050303,qw,00610,,0,,wat,NUT,966655,0,1972-12-07,1992-10-29,126
USGS,10301500,"WALKER RV NR WABUSKA, NV",ST,39.1524611,-119.0988889,S,NAD83, 4300.00, 20,NGVD29,16050303,qw,00613,,0,,wat,NUT,197194,0,1971-04-07,1995-06-28,75
USGS,10301500,"WALKER RV NR WABUSKA, NV",ST,39.1524611,-119.0988889,S,NAD83, 4300.00, 20,NGVD29,16050303,qw,00615,,0,,wat,NUT,197194,0,1974-12-26,1992-10-29,85
USGS,10301500,"WALKER RV NR WABUSKA, NV",ST,39.1524611,-119.0988889,S,NAD83, 4300.00, 20,NGVD29,16050303,qw,00618,,0,,oth,NUT,197186,0,1969-06-15,1969-06-15,1
USGS,10301500,"WALKER RV NR WABUSKA, NV",ST,39.1524611,-119.0988889,S,NAD83, 4300.00, 20,NGVD29,16050303,qw,00618,,0,,wat,NUT,197186,0,1968-10-15,1995-06-28,105
USGS,10301500,"WALKER RV NR WABUSKA, NV",ST,39.1524611,-119.0988889,S,NAD83, 4300.00, 20,NGVD29,16050303,qw,00620,,0,,wat,NUT,197186,0,1974-12-26,1992-10-29,84
USGS,10301500,"WALKER RV NR WABUSKA, NV",ST,39.1524611,-119.0988889,S,NAD83, 4300.00, 20,NGVD29,16050303,qw,00623,,0,,wat,NUT,17148461,0,1975-01-28,1981-09-17,51
USGS,10301500,"WALKER RV NR WABUSKA, NV",ST,39.1524611,-119.0988889,S,NAD83, 4300.00, 20,NGVD29,16050303,qw,00624,,0,,wat,NUT,17148461,0,1978-01-30,1981-09-17,38
USGS,10301500,"WALKER RV NR WABUSKA, NV",ST,39.1524611,-119.0988889,S,NAD83, 4300.00, 20,NGVD29,16050303,qw,00625,,0,,wat,NUT,17148461,0,1969-11-20,1995-06-28,177
USGS,10301500,"WALKER RV NR WABUSKA, NV",ST,39.1524611,-119.0988889,S,NAD83, 4300.00, 20,NGVD29,16050303,qw,00630,,0,,wat,NUT,701177,0,1973-03-16,1992-10-29,89
USGS,10301500,"WALKER RV NR WABUSKA, NV",ST,39.1524611,-119.0988889,S,NAD83, 4300.00, 20,NGVD29,16050303,qw,00631,,0,,wat,NUT,701177,0,1970-11-20,1995-06-28,147
USGS,10301500,"WALKER RV NR WABUSKA, NV",ST,39.1524611,-119.0988889,S,NAD83, 4300.00, 20,NGVD29,16050303,qw,00650,,0,,wat,NUT,17327917,0,1969-11-20,1992-10-29,26
USGS,10301500,"WALKER RV NR WABUSKA, NV",ST,39.1524611,-119.0988889,S,NAD83, 4300.00, 20,NGVD29,16050303,qw,00660,,0,,oth,NUT,194464,0,1971-04-07,1971-04-07,1
USGS,10301500,"WALKER RV NR WABUSKA, NV",ST,39.1524611,-119.0988889,S,NAD83, 4300.00, 20,NGVD29,16050303,qw,00660,,0,,wat,NUT,194464,0,1969-11-20,1995-06-28,135
USGS,10301500,"WALKER RV NR WABUSKA, NV",ST,39.1524611,-119.0988889,S,NAD83, 4300.00, 20,NGVD29,16050303,qw,00665,,0,,wat,NUT,153049,0,1971-01-25,1995-06-28,172
USGS,10301500,"WALKER RV NR WABUSKA, NV",ST,39.1524611,-119.0988889,S,NAD83, 4300.00, 20,NGVD29,16050303,qw,00666,,0,,wat,NUT,153049,0,1975-01-28,1995-06-28,133
USGS,10301500,"WALKER RV NR WABUSKA, NV",ST,39.1524611,-119.0988889,S,NAD83, 4300.00, 20,NGVD29,16050303,qw,00668,,0,,sed,NUT,153049,0,2005-04-22,2005-04-22,1
USGS,10301500,"WALKER RV NR WABUSKA, NV",ST,39.1524611,-119.0988889,S,NAD83, 4300.00, 20,NGVD29,16050303,qw,00671,,0,,oth,NUT,194464,0,1971-04-07,1971-04-07,1
USGS,10301500,"WALKER RV NR WABUSKA, NV",ST,39.1524611,-119.0988889,S,NAD83, 4300.00, 20,NGVD29,16050303,qw,00671,,0,,wat,NUT,194464,0,1970-11-20,1995-06-28,125
USGS,10301500,"WALKER RV NR WABUSKA, NV",ST,39.1524611,-119.0988889,S,NAD83, 4300.00, 20,NGVD29,16050303,qw,00680,,0,,wat,OOT,701250,0,1974-12-26,1981-09-17,38
USGS,10301500,"WALKER RV NR WABUSKA, NV",ST,39.1524611,-119.0988889,S,NAD83, 4300.00, 20,NGVD29,16050303,qw,00681,,0,,wat,OOT,701250,0,1978-03-02,1981-08-12,15
USGS,10301500,"WALKER RV NR WABUSKA, NV",ST,39.1524611,-119.0988889,S,NAD83, 4300.00, 20,NGVD29,16050303,qw,00689,,0,,wat,OOT,701250,0,1978-03-31,1981-08-12,14
USGS,10301500,"WALKER RV NR WABUSKA, NV",ST,39.1524611,-119.0988889,S,NAD83, 4300.00, 20,NGVD29,16050303,qw,00900,,0,,oth,PHY,1640416,0,1969-06-15,1969-06-15,1
USGS,10301500,"WALKER RV NR WABUSKA, NV",ST,39.1524611,-119.0988889,S,NAD83, 4300.00, 20,NGVD29,16050303,qw,00900,,0,,wat,PHY,1640416,0,1968-10-15,2005-03-08,222
USGS,10301500,"WALKER RV NR WABUSKA, NV",ST,39.1524611,-119.0988889,S,NAD83, 4300.00, 20,NGVD29,16050303,qw,00902,,0,,oth,PHY,1640432,0,1969-06-15,1969-06-15,1
USGS,10301500,"WALKER RV NR WABUSKA, NV",ST,39.1524611,-119.0988889,S,NAD83, 4300.00, 20,NGVD29,16050303,qw,00902,,0,,wat,PHY,1640432,0,1968-10-15,1986-01-22,136
USGS,10301500,"WALKER RV NR WABUSKA, NV",ST,39.1524611,-119.0988889,S,NAD83, 4300.00, 20,NGVD29,16050303,qw,00915,,0,,oth,INM,150268,0,1969-06-15,1969-06-15,1
USGS,10301500,"WALKER RV NR WABUSKA, NV",ST,39.1524611,-119.0988889,S,NAD83, 4300.00, 20,NGVD29,16050303,qw,00915,,0,,wat,INM,150268,0,1968-10-15,2005-03-08,222
USGS,10301500,"WALKER RV NR WABUSKA, NV",ST,39.1524611,-119.0988889,S,NAD83, 4300.00, 20,NGVD29,16050303,qw,00917,,0,,sed,INM,150268,0,2005-04-22,2005-04-22,1
USGS,10301500,"WALKER RV NR WABUSKA, NV",ST,39.1524611,-119.0988889,S,NAD83, 4300.00, 20,NGVD29,16050303,qw,00924,,0,,sed,INM,149617,0,2005-04-22,2005-04-22,1
USGS,10301500,"WALKER RV NR WABUSKA, NV",ST,39.1524611,-119.0988889,S,NAD83, 4300.00, 20,NGVD29,16050303,qw,00925,,0,,oth,INM,149617,0,1969-06-15,1969-06-15,1
USGS,10301500,"WALKER RV NR WABUSKA, NV",ST,39.1524611,-119.0988889,S,NAD83, 4300.00, 20,NGVD29,16050303,qw,00925,,0,,wat,INM,149617,0,1968-10-15,2005-03-08,224
USGS,10301500,"WALKER RV NR WABUSKA, NV",ST,39.1524611,-119.0988889,S,NAD83, 4300.00, 20,NGVD29,16050303,qw,00930,,0,,oth,INM,149856,0,1969-06-15,1969-06-15,1
USGS,10301500,"WALKER RV NR WABUSKA, NV",ST,39.1524611,-119.0988889,S,NAD83, 4300.00, 20,NGVD29,16050303,qw,00930,,0,,wat,INM,149856,0,1968-10-15,2005-03-08,223
USGS,10301500,"WALKER RV NR WABUSKA, NV",ST,39.1524611,-119.0988889,S,NAD83, 4300.00, 20,NGVD29,16050303,qw,00931,,0,,oth,INM,1640523,0,1969-06-15,1969-06-15,1
USGS,10301500,"WALKER RV NR WABUSKA, NV",ST,39.1524611,-119.0988889,S,NAD83, 4300.00, 20,NGVD29,16050303,qw,00931,,0,,wat,INM,1640523,0,1968-10-15,2005-03-08,222
USGS,10301500,"WALKER RV NR WABUSKA, NV",ST,39.1524611,-119.0988889,S,NAD83, 4300.00, 20,NGVD29,16050303,qw,00932,,0,,oth,INM,1646660,0,1969-06-15,1969-06-15,1
USGS,10301500,"WALKER RV NR WABUSKA, NV",ST,39.1524611,-119.0988889,S,NAD83, 4300.00, 20,NGVD29,16050303,qw,00932,,0,,wat,INM,1646660,0,1968-10-15,2005-03-08,212
USGS,10301500,"WALKER RV NR WABUSKA, NV",ST,39.1524611,-119.0988889,S,NAD83, 4300.00, 20,NGVD29,16050303,qw,00933,,0,,wat,INM,967331,0,1979-04-27,1980-02-27,10
USGS,10301500,"WALKER RV NR WABUSKA, NV",ST,39.1524611,-119.0988889,S,NAD83, 4300.00, 20,NGVD29,16050303,qw,00934,,0,,sed,INM,149856,0,2005-04-22,2005-04-22,1
USGS,10301500,"WALKER RV NR WABUSKA, NV",ST,39.1524611,-119.0988889,S,NAD83, 4300.00, 20,NGVD29,16050303,qw,00935,,0,,oth,INM,149740,0,1969-06-15,1969-06-15,1
USGS,10301500,"WALKER RV NR WABUSKA, NV",ST,39.1524611,-119.0988889,S,NAD83, 4300.00, 20,NGVD29,16050303,qw,00935,,0,,wat,INM,149740,0,1968-10-15,2005-03-08,211
USGS,10301500,"WALKER RV NR WABUSKA, NV",ST,39.1524611,-119.0988889,S,NAD83, 4300.00, 20,NGVD29,16050303,qw,00938,,0,,sed,INM,149740,0,2005-04-22,2005-04-22,1
USGS,10301500,"WALKER RV NR WABUSKA, NV",ST,39.1524611,-119.0988889,S,NAD83, 4300.00, 20,NGVD29,16050303,qw,00940,,0,,oth,INN,205955,0,1969-06-15,1969-06-15,1
USGS,10301500,"WALKER RV NR WABUSKA, NV",ST,39.1524611,-119.0988889,S,NAD83, 4300.00, 20,NGVD29,16050303,qw,00940,,0,,wat,INN,205955,0,1968-10-15,2005-03-08,218
USGS,10301500,"WALKER RV NR WABUSKA, NV",ST,39.1524611,-119.0988889,S,NAD83, 4300.00, 20,NGVD29,16050303,qw,00945,,0,,oth,INN,197301,0,1969-06-15,1969-06-15,1
USGS,10301500,"WALKER RV NR WABUSKA, NV",ST,39.1524611,-119.0988889,S,NAD83, 4300.00, 20,NGVD29,16050303,qw,00945,,0,,wat,INN,197301,0,1968-10-15,2005-03-08,211
USGS,10301500,"WALKER RV NR WABUSKA, NV",ST,39.1524611,-119.0988889,S,NAD83, 4300.00, 20,NGVD29,16050303,qw,00950,,0,,oth,INN,206706,0,1969-06-15,1969-06-15,1
USGS,10301500,"WALKER RV NR WABUSKA, NV",ST,39.1524611,-119.0988889,S,NAD83, 4300.00, 20,NGVD29,16050303,qw,00950,,0,,wat,INN,206706,0,1968-10-15,2005-03-08,185
USGS,10301500,"WALKER RV NR WABUSKA, NV",ST,39.1524611,-119.0988889,S,NAD83, 4300.00, 20,NGVD29,16050303,qw,00955,,0,,oth,INN,151977,0,1969-06-15,1969-06-15,1
USGS,10301500,"WALKER RV NR WABUSKA, NV",ST,39.1524611,-119.0988889,S,NAD83, 4300.00, 20,NGVD29,16050303,qw,00955,,0,,wat,INN,151977,0,1968-10-15,2005-03-08,208
USGS,10301500,"WALKER RV NR WABUSKA, NV",ST,39.1524611,-119.0988889,S,NAD83, 4300.00, 20,NGVD29,16050303,qw,01000,,0,,wat,IMN,149989,0,1975-01-28,1995-06-28,77
USGS,10301500,"WALKER RV NR WABUSKA, NV",ST,39.1524611,-119.0988889,S,NAD83, 4300.00, 20,NGVD29,16050303,qw,01001,,0,,wat,IMN,149989,0,1975-01-28,1982-09-22,26
USGS,10301500,"WALKER RV NR WABUSKA, NV",ST,39.1524611,-119.0988889,S,NAD83, 4300.00, 20,NGVD29,16050303,qw,01002,,0,,wat,IMN,149989,0,1975-01-28,1982-09-22,31
USGS,10301500,"WALKER RV NR WABUSKA, NV",ST,39.1524611,-119.0988889,S,NAD83, 4300.00, 20,NGVD29,16050303,qw,01005,,0,,wat,IMM,149997,0,1978-03-02,1995-06-28,72
USGS,10301500,"WALKER RV NR WABUSKA, NV",ST,39.1524611,-119.0988889,S,NAD83, 4300.00, 20,NGVD29,16050303,qw,01006,,0,,wat,IMM,149997,0,1978-03-31,1982-09-22,14
USGS,10301500,"WALKER RV NR WABUSKA, NV",ST,39.1524611,-119.0988889,S,NAD83, 4300.00, 20,NGVD29,16050303,qw,01007,,0,,wat,IMM,149997,0,1978-03-31,1982-09-22,18
USGS,10301500,"WALKER RV NR WABUSKA, NV",ST,39.1524611,-119.0988889,S,NAD83, 4300.00, 20,NGVD29,16050303,qw,01010,,0,,wat,IMM,150003,0,1982-11-23,1995-06-28,44
USGS,10301500,"WALKER RV NR WABUSKA, NV",ST,39.1524611,-119.0988889,S,NAD83, 4300.00, 20,NGVD29,16050303,qw,01015,,0,,wat,IMM,150250,0,1979-08-16,1979-08-16,1
USGS,10301500,"WALKER RV NR WABUSKA, NV",ST,39.1524611,-119.0988889,S,NAD83, 4300.00, 20,NGVD29,16050303,qw,01020,,0,,oth,IMN,150011,0,1969-06-15,1969-06-15,1
USGS,10301500,"WALKER RV NR WABUSKA, NV",ST,39.1524611,-119.0988889,S,NAD83, 4300.00, 20,NGVD29,16050303,qw,01020,,0,,wat,IMN,150011,0,1968-10-15,2005-03-08,94
USGS,10301500,"WALKER RV NR WABUSKA, NV",ST,39.1524611,-119.0988889,S,NAD83, 4300.00, 20,NGVD29,16050303,qw,01025,,0,,wat,IMM,150029,0,1975-01-28,1995-06-28,71
USGS,10301500,"WALKER RV NR WABUSKA, NV",ST,39.1524611,-119.0988889,S,NAD83, 4300.00, 20,NGVD29,16050303,qw,01026,,0,,wat,IMM,150029,0,1975-01-28,1981-08-12,19
USGS,10301500,"WALKER RV NR WABUSKA, NV",ST,39.1524611,-119.0988889,S,NAD83, 4300.00, 20,NGVD29,16050303,qw,01027,,0,,wat,IMM,150029,0,1975-01-28,1982-09-22,26
USGS,10301500,"WALKER RV NR WABUSKA, NV",ST,39.1524611,-119.0988889,S,NAD83, 4300.00, 20,NGVD29,16050303,qw,01030,,0,,wat,IMM,150060,0,1975-01-28,1995-06-28,76
USGS,10301500,"WALKER RV NR WABUSKA, NV",ST,39.1524611,-119.0988889,S,NAD83, 4300.00, 20,NGVD29,16050303,qw,01031,,0,,wat,IMM,150060,0,1975-01-28,1981-08-12,27
USGS,10301500,"WALKER RV NR WABUSKA, NV",ST,39.1524611,-119.0988889,S,NAD83, 4300.00, 20,NGVD29,16050303,qw,01034,,0,,wat,IMM,150060,0,1975-01-28,1982-09-22,32
USGS,10301500,"WALKER RV NR WABUSKA, NV",ST,39.1524611,-119.0988889,S,NAD83, 4300.00, 20,NGVD29,16050303,qw,01035,,0,,wat,IMM,150078,0,1975-01-28,1995-06-28,85
USGS,10301500,"WALKER RV NR WABUSKA, NV",ST,39.1524611,-119.0988889,S,NAD83, 4300.00, 20,NGVD29,16050303,qw,01036,,0,,wat,IMM,150078,0,1975-01-28,1982-03-16,23
USGS,10301500,"WALKER RV NR WABUSKA, NV",ST,39.1524611,-119.0988889,S,NAD83, 4300.00, 20,NGVD29,16050303,qw,01037,,0,,wat,IMM,150078,0,1975-01-28,1982-09-22,32
USGS,10301500,"WALKER RV NR WABUSKA, NV",ST,39.1524611,-119.0988889,S,NAD83, 4300.00, 20,NGVD29,16050303,qw,01040,,0,,wat,IMM,150086,0,1975-01-28,1995-06-28,76
USGS,10301500,"WALKER RV NR WABUSKA, NV",ST,39.1524611,-119.0988889,S,NAD83, 4300.00, 20,NGVD29,16050303,qw,01041,,0,,wat,IMM,150086,0,1975-01-28,1982-09-22,31
USGS,10301500,"WALKER RV NR WABUSKA, NV",ST,39.1524611,-119.0988889,S,NAD83, 4300.00, 20,NGVD29,16050303,qw,01042,,0,,wat,IMM,150086,0,1975-01-28,1982-09-22,32
USGS,10301500,"WALKER RV NR WABUSKA, NV",ST,39.1524611,-119.0988889,S,NAD83, 4300.00, 20,NGVD29,16050303,qw,01044,,0,,wat,IMM,149559,0,1978-09-12,1982-09-22,17
USGS,10301500,"WALKER RV NR WABUSKA, NV",ST,39.1524611,-119.0988889,S,NAD83, 4300.00, 20,NGVD29,16050303,qw,01045,,0,,wat,IMM,149559,0,1969-11-20,1982-09-22,35
USGS,10301500,"WALKER RV NR WABUSKA, NV",ST,39.1524611,-119.0988889,S,NAD83, 4300.00, 20,NGVD29,16050303,qw,01046,,0,,oth,IMM,149559,0,1969-06-15,1969-06-15,1
USGS,10301500,"WALKER RV NR WABUSKA, NV",ST,39.1524611,-119.0988889,S,NAD83, 4300.00, 20,NGVD29,16050303,qw,01046,,0,,wat,IMM,149559,0,1968-10-15,2005-03-08,114
USGS,10301500,"WALKER RV NR WABUSKA, NV",ST,39.1524611,-119.0988889,S,NAD83, 4300.00, 20,NGVD29,16050303,qw,01049,,0,,wat,IMM,149583,0,1975-01-28,1995-06-28,71
USGS,10301500,"WALKER RV NR WABUSKA, NV",ST,39.1524611,-119.0988889,S,NAD83, 4300.00, 20,NGVD29,16050303,qw,01050,,0,,wat,IMM,149583,0,1975-01-28,1982-05-18,24
USGS,10301500,"WALKER RV NR WABUSKA, NV",ST,39.1524611,-119.0988889,S,NAD83, 4300.00, 20,NGVD29,16050303,qw,01051,,0,,wat,IMM,149583,0,1975-01-28,1982-09-22,27
USGS,10301500,"WALKER RV NR WABUSKA, NV",ST,39.1524611,-119.0988889,S,NAD83, 4300.00, 20,NGVD29,16050303,qw,01054,,0,,wat,IMM,149625,0,1975-01-28,1982-09-22,31
USGS,10301500,"WALKER RV NR WABUSKA, NV",ST,39.1524611,-119.0988889,S,NAD83, 4300.00, 20,NGVD29,16050303,qw,01055,,0,,wat,IMM,149625,0,1975-01-28,1982-09-22,32
USGS,10301500,"WALKER RV NR WABUSKA, NV",ST,39.1524611,-119.0988889,S,NAD83, 4300.00, 20,NGVD29,16050303,qw,01056,,0,,wat,IMM,149625,0,1975-01-28,2005-03-08,87
USGS,10301500,"WALKER RV NR WABUSKA, NV",ST,39.1524611,-119.0988889,S,NAD83, 4300.00, 20,NGVD29,16050303,qw,01060,,0,,wat,IMM,149641,0,1982-11-23,1995-06-28,52
USGS,10301500,"WALKER RV NR WABUSKA, NV",ST,39.1524611,-119.0988889,S,NAD83, 4300.00, 20,NGVD29,16050303,qw,01065,,0,,wat,IMM,149674,0,1979-12-31,1995-06-28,64
USGS,10301500,"WALKER RV NR WABUSKA, NV",ST,39.1524611,-119.0988889,S,NAD83, 4300.00, 20,NGVD29,16050303,qw,01066,,0,,wat,IMM,149674,0,1979-12-31,1981-08-12,8
USGS,10301500,"WALKER RV NR WABUSKA, NV",ST,39.1524611,-119.0988889,S,NAD83, 4300.00, 20,NGVD29,16050303,qw,01067,,0,,wat,IMM,149674,0,1979-12-31,1982-09-22,12
USGS,10301500,"WALKER RV NR WABUSKA, NV",ST,39.1524611,-119.0988889,S,NAD83, 4300.00, 20,NGVD29,16050303,qw,01075,,0,,wat,IMM,149849,0,1978-03-02,1995-06-28,72
USGS,10301500,"WALKER RV NR WABUSKA, NV",ST,39.1524611,-119.0988889,S,NAD83, 4300.00, 20,NGVD29,16050303,qw,01076,,0,,wat,IMM,149849,0,1978-03-31,1981-08-12,15
USGS,10301500,"WALKER RV NR WABUSKA, NV",ST,39.1524611,-119.0988889,S,NAD83, 4300.00, 20,NGVD29,16050303,qw,01077,,0,,wat,IMM,149849,0,1978-03-31,1982-09-22,23
USGS,10301500,"WALKER RV NR WABUSKA, NV",ST,39.1524611,-119.0988889,S,NAD83, 4300.00, 20,NGVD29,16050303,qw,01080,,0,,wat,IMM,149864,0,1982-11-23,2005-03-08,53
USGS,10301500,"WALKER RV NR WABUSKA, NV",ST,39.1524611,-119.0988889,S,NAD83, 4300.00, 20,NGVD29,16050303,qw,01085,,0,,wat,IMM,150193,0,1982-11-23,1993-08-24,44
USGS,10301500,"WALKER RV NR WABUSKA, NV",ST,39.1524611,-119.0988889,S,NAD83, 4300.00, 20,NGVD29,16050303,qw,01090,,0,,wat,IMM,150235,0,1975-01-28,1995-06-28,76
USGS,10301500,"WALKER RV NR WABUSKA, NV",ST,39.1524611,-119.0988889,S,NAD83, 4300.00, 20,NGVD29,16050303,qw,01091,,0,,wat,IMM,150235,0,1975-01-28,1982-09-22,29
USGS,10301500,"WALKER RV NR WABUSKA, NV",ST,39.1524611,-119.0988889,S,NAD83, 4300.00, 20,NGVD29,16050303,qw,01092,,0,,wat,IMM,150235,0,1975-01-28,1982-09-22,32
USGS,10301500,"WALKER RV NR WABUSKA, NV",ST,39.1524611,-119.0988889,S,NAD83, 4300.00, 20,NGVD29,16050303,qw,01095,,0,,wat,IMN,149963,0,1994-05-02,1995-06-28,8
USGS,10301500,"WALKER RV NR WABUSKA, NV",ST,39.1524611,-119.0988889,S,NAD83, 4300.00, 20,NGVD29,16050303,qw,01106,,0,,wat,IMM,149476,0,1982-11-23,1995-06-28,52
USGS,10301500,"WALKER RV NR WABUSKA, NV",ST,39.1524611,-119.0988889,S,NAD83, 4300.00, 20,NGVD29,16050303,qw,01108,,0,,sed,IMM,149476,0,2005-04-22,2005-04-22,1
USGS,10301500,"WALKER RV NR WABUSKA, NV",ST,39.1524611,-119.0988889,S,NAD83, 4300.00, 20,NGVD29,16050303,qw,01130,,0,,wat,IMM,149591,0,1982-11-23,1995-06-28,51
USGS,10301500,"WALKER RV NR WABUSKA, NV",ST,39.1524611,-119.0988889,S,NAD83, 4300.00, 20,NGVD29,16050303,qw,01145,,0,,wat,IMN,154310,0,1975-01-28,1995-06-28,85
USGS,10301500,"WALKER RV NR WABUSKA, NV",ST,39.1524611,-119.0988889,S,NAD83, 4300.00, 20,NGVD29,16050303,qw,01146,,0,,wat,IMN,154310,0,1975-01-28,1981-08-12,27
USGS,10301500,"WALKER RV NR WABUSKA, NV",ST,39.1524611,-119.0988889,S,NAD83, 4300.00, 20,NGVD29,16050303,qw,01147,,0,,wat,IMN,154310,0,1975-01-28,1982-09-22,31
USGS,10301500,"WALKER RV NR WABUSKA, NV",ST,39.1524611,-119.0988889,S,NAD83, 4300.00, 20,NGVD29,16050303,qw,01153,,0,,sed,IMM,149930,0,2005-04-22,2005-04-22,1
USGS,10301500,"WALKER RV NR WABUSKA, NV",ST,39.1524611,-119.0988889,S,NAD83, 4300.00, 20,NGVD29,16050303,qw,01170,,0,,sed,IMM,149559,0,2005-04-22,2005-04-22,1
USGS,10301500,"WALKER RV NR WABUSKA, NV",ST,39.1524611,-119.0988889,S,NAD83, 4300.00, 20,NGVD29,16050303,qw,01345,,0,,wat,PHY,1641851,0,1992-10-29,1992-10-29,1
USGS,10301500,"WALKER RV NR WABUSKA, NV",ST,39.1524611,-119.0988889,S,NAD83, 4300.00, 20,NGVD29,16050303,qw,01350,,0,,wat,PHY,1646090,0,1992-08-25,1993-06-22,3
USGS,10301500,"WALKER RV NR WABUSKA, NV",ST,39.1524611,-119.0988889,S,NAD83, 4300.00, 20,NGVD29,16050303,qw,04060,,0,,sed,IMM,149898,0,2005-04-22,2005-04-22,1
USGS,10301500,"WALKER RV NR WABUSKA, NV",ST,39.1524611,-119.0988889,S,NAD83, 4300.00, 20,NGVD29,16050303,qw,04125,,0,,sed,RAD,182451,0,2005-04-22,2005-04-22,1
USGS,10301500,"WALKER RV NR WABUSKA, NV",ST,39.1524611,-119.0988889,S,NAD83, 4300.00, 20,NGVD29,16050303,qw,09507,,0,,sed,RAD,192856,0,2005-04-22,2005-04-22,1
USGS,10301500,"WALKER RV NR WABUSKA, NV",ST,39.1524611,-119.0988889,S,NAD83, 4300.00, 20,NGVD29,16050303,qw,22603,,0,,wat,RAD,150185,0,2005-03-08,2005-03-08,1
USGS,10301500,"WALKER RV NR WABUSKA, NV",ST,39.1524611,-119.0988889,S,NAD83, 4300.00, 20,NGVD29,16050303,qw,22610,,0,,wat,RAD,192708,0,2005-03-08,2005-03-08,1
USGS,10301500,"WALKER RV NR WABUSKA, NV",ST,39.1524611,-119.0988889,S,NAD83, 4300.00, 20,NGVD29,16050303,qw,22620,,0,,wat,RAD,198606,0,2005-03-08,2005-03-08,1
USGS,10301500,"WALKER RV NR WABUSKA, NV",ST,39.1524611,-119.0988889,S,NAD83, 4300.00, 20,NGVD29,16050303,qw,22703,,0,,wat,RAD,150185,0,1994-05-02,1995-06-28,8
USGS,10301500,"WALKER RV NR WABUSKA, NV",ST,39.1524611,-119.0988889,S,NAD83, 4300.00, 20,NGVD29,16050303,qw,30207,,0,,wat,PHY,17164583,0,1983-05-17,2019-07-10,58
USGS,10301500,"WALKER RV NR WABUSKA, NV",ST,39.1524611,-119.0988889,S,NAD83, 4300.00, 20,NGVD29,16050303,qw,30208,,0,,oth,PHY,0,0,1969-06-15,1969-06-15,1
USGS,10301500,"WALKER RV NR WABUSKA, NV",ST,39.1524611,-119.0988889,S,NAD83, 4300.00, 20,NGVD29,16050303,qw,30208,,0,,wat,PHY,0,0,1968-10-15,1973-09-11,70
USGS,10301500,"WALKER RV NR WABUSKA, NV",ST,39.1524611,-119.0988889,S,NAD83, 4300.00, 20,NGVD29,16050303,qw,30209,,0,,wat,PHY,1645415,0,1972-10-12,2019-07-10,208
USGS,10301500,"WALKER RV NR WABUSKA, NV",ST,39.1524611,-119.0988889,S,NAD83, 4300.00, 20,NGVD29,16050303,qw,31616,,0,,wat,MBI,761692,0,1974-10-24,1978-03-31,39
USGS,10301500,"WALKER RV NR WABUSKA, NV",ST,39.1524611,-119.0988889,S,NAD83, 4300.00, 20,NGVD29,16050303,qw,31625,,0,,wat,MBI,761692,0,1978-04-25,1993-08-24,107
USGS,10301500,"WALKER RV NR WABUSKA, NV",ST,39.1524611,-119.0988889,S,NAD83, 4300.00, 20,NGVD29,16050303,qw,31673,,0,,wat,MBI,763862,0,1978-04-25,1993-08-24,103
USGS,10301500,"WALKER RV NR WABUSKA, NV",ST,39.1524611,-119.0988889,S,NAD83, 4300.00, 20,NGVD29,16050303,qw,31679,,0,,wat,MBI,763862,0,1974-10-24,1978-03-31,39
USGS,10301500,"WALKER RV NR WABUSKA, NV",ST,39.1524611,-119.0988889,S,NAD83, 4300.00, 20,NGVD29,16050303,qw,32226,,0,,wat,BIO,49890,0,1976-08-12,1976-08-12,1
USGS,10301500,"WALKER RV NR WABUSKA, NV",ST,39.1524611,-119.0988889,S,NAD83, 4300.00, 20,NGVD29,16050303,qw,32228,,0,,wat,BIO,47076,0,1976-08-12,1976-08-12,1
USGS,10301500,"WALKER RV NR WABUSKA, NV",ST,39.1524611,-119.0988889,S,NAD83, 4300.00, 20,NGVD29,16050303,qw,34795,,0,,sed,IMN,149963,0,2005-04-22,2005-04-22,1
USGS,10301500,"WALKER RV NR WABUSKA, NV",ST,39.1524611,-119.0988889,S,NAD83, 4300.00, 20,NGVD29,16050303,qw,34800,,0,,sed,IMN,149989,0,2005-04-22,2005-04-22,1
USGS,10301500,"WALKER RV NR WABUSKA, NV",ST,39.1524611,-119.0988889,S,NAD83, 4300.00, 20,NGVD29,16050303,qw,34805,,0,,sed,IMM,149997,0,2005-04-22,2005-04-22,1
USGS,10301500,"WALKER RV NR WABUSKA, NV",ST,39.1524611,-119.0988889,S,NAD83, 4300.00, 20,NGVD29,16050303,qw,34810,,0,,sed,IMM,150003,0,2005-04-22,2005-04-22,1
USGS,10301500,"WALKER RV NR WABUSKA, NV",ST,39.1524611,-119.0988889,S,NAD83, 4300.00, 20,NGVD29,16050303,qw,34815,,0,,sed,IMM,150250,0,2005-04-22,2005-04-22,1
USGS,10301500,"WALKER RV NR WABUSKA, NV",ST,39.1524611,-119.0988889,S,NAD83, 4300.00, 20,NGVD29,16050303,qw,34825,,0,,sed,IMM,150029,0,2005-04-22,2005-04-22,1
USGS,10301500,"WALKER RV NR WABUSKA, NV",ST,39.1524611,-119.0988889,S,NAD83, 4300.00, 20,NGVD29,16050303,qw,34835,,0,,sed,IMM,150045,0,2005-04-22,2005-04-22,1
USGS,10301500,"WALKER RV NR WABUSKA, NV",ST,39.1524611,-119.0988889,S,NAD83, 4300.00, 20,NGVD29,16050303,qw,34840,,0,,sed,IMM,150060,0,2005-04-22,2005-04-22,1
USGS,10301500,"WALKER RV NR WABUSKA, NV",ST,39.1524611,-119.0988889,S,NAD83, 4300.00, 20,NGVD29,16050303,qw,34845,,0,,sed,IMM,150078,0,2005-04-22,2005-04-22,1
USGS,10301500,"WALKER RV NR WABUSKA, NV",ST,39.1524611,-119.0988889,S,NAD83, 4300.00, 20,NGVD29,16050303,qw,34850,,0,,sed,IMM,150086,0,2005-04-22,2005-04-22,1
USGS,10301500,"WALKER RV NR WABUSKA, NV",ST,39.1524611,-119.0988889,S,NAD83, 4300.00, 20,NGVD29,16050303,qw,34860,,0,,sed,IMM,150128,0,2005-04-22,2005-04-22,1
USGS,10301500,"WALKER RV NR WABUSKA, NV",ST,39.1524611,-119.0988889,S,NAD83, 4300.00, 20,NGVD29,16050303,qw,34885,,0,,sed,IMM,149575,0,2005-04-22,2005-04-22,1
USGS,10301500,"WALKER RV NR WABUSKA, NV",ST,39.1524611,-119.0988889,S,NAD83, 4300.00, 20,NGVD29,16050303,qw,34890,,0,,sed,IMM,149583,0,2005-04-22,2005-04-22,1
USGS,10301500,"WALKER RV NR WABUSKA, NV",ST,39.1524611,-119.0988889,S,NAD83, 4300.00, 20,NGVD29,16050303,qw,34895,,0,,sed,IMM,149591,0,2005-04-22,2005-04-22,1
USGS,10301500,"WALKER RV NR WABUSKA, NV",ST,39.1524611,-119.0988889,S,NAD83, 4300.00, 20,NGVD29,16050303,qw,34905,,0,,sed,IMM,149625,0,2005-04-22,2005-04-22,1
USGS,10301500,"WALKER RV NR WABUSKA, NV",ST,39.1524611,-119.0988889,S,NAD83, 4300.00, 20,NGVD29,16050303,qw,34910,,0,,sed,IMM,149633,0,2005-04-22,2005-04-22,1
USGS,10301500,"WALKER RV NR WABUSKA, NV",ST,39.1524611,-119.0988889,S,NAD83, 4300.00, 20,NGVD29,16050303,qw,34915,,0,,sed,IMM,149641,0,2005-04-22,2005-04-22,1
USGS,10301500,"WALKER RV NR WABUSKA, NV",ST,39.1524611,-119.0988889,S,NAD83, 4300.00, 20,NGVD29,16050303,qw,34925,,0,,sed,IMM,149674,0,2005-04-22,2005-04-22,1
USGS,10301500,"WALKER RV NR WABUSKA, NV",ST,39.1524611,-119.0988889,S,NAD83, 4300.00, 20,NGVD29,16050303,qw,34930,,0,,sed,IMM,149682,0,2005-04-22,2005-04-22,1
USGS,10301500,"WALKER RV NR WABUSKA, NV",ST,39.1524611,-119.0988889,S,NAD83, 4300.00, 20,NGVD29,16050303,qw,34945,,0,,sed,IMM,149823,0,2005-04-22,2005-04-22,1
USGS,10301500,"WALKER RV NR WABUSKA, NV",ST,39.1524611,-119.0988889,S,NAD83, 4300.00, 20,NGVD29,16050303,qw,34955,,0,,sed,IMM,149849,0,2005-04-22,2005-04-22,1
USGS,10301500,"WALKER RV NR WABUSKA, NV",ST,39.1524611,-119.0988889,S,NAD83, 4300.00, 20,NGVD29,16050303,qw,34965,,0,,sed,IMM,149864,0,2005-04-22,2005-04-22,1
USGS,10301500,"WALKER RV NR WABUSKA, NV",ST,39.1524611,-119.0988889,S,NAD83, 4300.00, 20,NGVD29,16050303,qw,34970,,0,,sed,INN,152744,0,2005-04-22,2005-04-22,1
USGS,10301500,"WALKER RV NR WABUSKA, NV",ST,39.1524611,-119.0988889,S,NAD83, 4300.00, 20,NGVD29,16050303,qw,34975,,0,,sed,IMM,149872,0,2005-04-22,2005-04-22,1
USGS,10301500,"WALKER RV NR WABUSKA, NV",ST,39.1524611,-119.0988889,S,NAD83, 4300.00, 20,NGVD29,16050303,qw,34980,,0,,sed,RAD,149906,0,2005-04-22,2005-04-22,1
USGS,10301500,"WALKER RV NR WABUSKA, NV",ST,39.1524611,-119.0988889,S,NAD83, 4300.00, 20,NGVD29,16050303,qw,35000,,0,,sed,RAD,150185,0,2005-04-22,2005-04-22,1
USGS,10301500,"WALKER RV NR WABUSKA, NV",ST,39.1524611,-119.0988889,S,NAD83, 4300.00, 20,NGVD29,16050303,qw,35005,,0,,sed,IMM,150193,0,2005-04-22,2005-04-22,1
USGS,10301500,"WALKER RV NR WABUSKA, NV",ST,39.1524611,-119.0988889,S,NAD83, 4300.00, 20,NGVD29,16050303,qw,35010,,0,,sed,IMM,150227,0,2005-04-22,2005-04-22,1
USGS,10301500,"WALKER RV NR WABUSKA, NV",ST,39.1524611,-119.0988889,S,NAD83, 4300.00, 20,NGVD29,16050303,qw,35020,,0,,sed,IMM,150235,0,2005-04-22,2005-04-22,1
USGS,10301500,"WALKER RV NR WABUSKA, NV",ST,39.1524611,-119.0988889,S,NAD83, 4300.00, 20,NGVD29,16050303,qw,39025,,0,,wat,OPE,32219,0,1976-08-12,1978-09-12,6
USGS,10301500,"WALKER RV NR WABUSKA, NV",ST,39.1524611,-119.0988889,S,NAD83, 4300.00, 20,NGVD29,16050303,qw,39034,,0,,wat,OPE,4952,0,1982-03-16,1982-05-18,2
USGS,10301500,"WALKER RV NR WABUSKA, NV",ST,39.1524611,-119.0988889,S,NAD83, 4300.00, 20,NGVD29,16050303,qw,39046,,0,,wat,OPE,32219,0,1976-06-16,1977-11-17,2
USGS,10301500,"WALKER RV NR WABUSKA, NV",ST,39.1524611,-119.0988889,S,NAD83, 4300.00, 20,NGVD29,16050303,qw,39086,,0,,wat,INN,1640192,0,1988-11-22,2005-03-08,37
USGS,10301500,"WALKER RV NR WABUSKA, NV",ST,39.1524611,-119.0988889,S,NAD83, 4300.00, 20,NGVD29,16050303,qw,39250,,0,,wat,OOT,528521,0,1982-03-16,1982-05-18,2
USGS,10301500,"WALKER RV NR WABUSKA, NV",ST,39.1524611,-119.0988889,S,NAD83, 4300.00, 20,NGVD29,16050303,qw,39251,,0,,wat,OOT,528521,0,1981-11-04,1982-05-18,2
USGS,10301500,"WALKER RV NR WABUSKA, NV",ST,39.1524611,-119.0988889,S,NAD83, 4300.00, 20,NGVD29,16050303,qw,39330,,0,,wat,OPE,42002,0,1972-04-27,1982-05-18,30
USGS,10301500,"WALKER RV NR WABUSKA, NV",ST,39.1524611,-119.0988889,S,NAD83, 4300.00, 20,NGVD29,16050303,qw,39331,,0,,wat,OPE,42002,0,1972-02-21,1974-03-20,10
USGS,10301500,"WALKER RV NR WABUSKA, NV",ST,39.1524611,-119.0988889,S,NAD83, 4300.00, 20,NGVD29,16050303,qw,39332,,0,,wat,OPE,42002,0,1972-04-27,1974-03-20,9
USGS,10301500,"WALKER RV NR WABUSKA, NV",ST,39.1524611,-119.0988889,S,NAD83, 4300.00, 20,NGVD29,16050303,qw,39333,,0,,wat,OPE,42002,0,1972-02-21,1982-05-18,13
USGS,10301500,"WALKER RV NR WABUSKA, NV",ST,39.1524611,-119.0988889,S,NAD83, 4300.00, 20,NGVD29,16050303,qw,39340,,0,,wat,OPE,2923,0,1972-04-27,1982-05-18,29
USGS,10301500,"WALKER RV NR WABUSKA, NV",ST,39.1524611,-119.0988889,S,NAD83, 4300.00, 20,NGVD29,16050303,qw,39341,,0,,wat,OPE,2923,0,1972-02-21,1974-03-20,10
USGS,10301500,"WALKER RV NR WABUSKA, NV",ST,39.1524611,-119.0988889,S,NAD83, 4300.00, 20,NGVD29,16050303,qw,39342,,0,,wat,OPE,2923,0,1972-04-27,1974-03-20,8
USGS,10301500,"WALKER RV NR WABUSKA, NV",ST,39.1524611,-119.0988889,S,NAD83, 4300.00, 20,NGVD29,16050303,qw,39343,,0,,wat,OPE,2923,0,1972-02-21,1982-05-18,13
USGS,10301500,"WALKER RV NR WABUSKA, NV",ST,39.1524611,-119.0988889,S,NAD83, 4300.00, 20,NGVD29,16050303,qw,39350,,0,,wat,OPE,183160,0,1972-04-27,1982-05-18,30
USGS,10301500,"WALKER RV NR WABUSKA, NV",ST,39.1524611,-119.0988889,S,NAD83, 4300.00, 20,NGVD29,16050303,qw,39351,,0,,wat,OPE,183160,0,1972-02-21,1982-05-18,13
USGS,10301500,"WALKER RV NR WABUSKA, NV",ST,39.1524611,-119.0988889,S,NAD83, 4300.00, 20,NGVD29,16050303,qw,39352,,0,,wat,OPE,183160,0,1972-02-21,1974-03-20,10
USGS,10301500,"WALKER RV NR WABUSKA, NV",ST,39.1524611,-119.0988889,S,NAD83, 4300.00, 20,NGVD29,16050303,qw,39353,,0,,wat,OPE,2683,0,1972-04-27,1974-03-20,9
USGS,10301500,"WALKER RV NR WABUSKA, NV",ST,39.1524611,-119.0988889,S,NAD83, 4300.00, 20,NGVD29,16050303,qw,39360,,0,,wat,OPE,4937,0,1972-04-27,1982-05-18,30
USGS,10301500,"WALKER RV NR WABUSKA, NV",ST,39.1524611,-119.0988889,S,NAD83, 4300.00, 20,NGVD29,16050303,qw,39361,,0,,wat,OPE,4937,0,1972-02-21,1974-03-20,10
USGS,10301500,"WALKER RV NR WABUSKA, NV",ST,39.1524611,-119.0988889,S,NAD83, 4300.00, 20,NGVD29,16050303,qw,39362,,0,,wat,OPE,4937,0,1972-04-27,1974-03-20,9
USGS,10301500,"WALKER RV NR WABUSKA, NV",ST,39.1524611,-119.0988889,S,NAD83, 4300.00, 20,NGVD29,16050303,qw,39363,,0,,wat,OPE,4937,0,1972-02-21,1982-05-18,13
USGS,10301500,"WALKER RV NR WABUSKA, NV",ST,39.1524611,-119.0988889,S,NAD83, 4300.00, 20,NGVD29,16050303,qw,39365,,0,,wat,OPE,4945,0,1972-04-27,1982-05-18,30
USGS,10301500,"WALKER RV NR WABUSKA, NV",ST,39.1524611,-119.0988889,S,NAD83, 4300.00, 20,NGVD29,16050303,qw,39366,,0,,wat,OPE,4945,0,1972-02-21,1974-03-20,10
USGS,10301500,"WALKER RV NR WABUSKA, NV",ST,39.1524611,-119.0988889,S,NAD83, 4300.00, 20,NGVD29,16050303,qw,39367,,0,,wat,OPE,4945,0,1972-04-27,1974-03-20,9
USGS,10301500,"WALKER RV NR WABUSKA, NV",ST,39.1524611,-119.0988889,S,NAD83, 4300.00, 20,NGVD29,16050303,qw,39368,,0,,wat,OPE,4945,0,1972-02-21,1982-05-18,13
USGS,10301500,"WALKER RV NR WABUSKA, NV",ST,39.1524611,-119.0988889,S,NAD83, 4300.00, 20,NGVD29,16050303,qw,39370,,0,,wat,OPE,1107,0,1972-04-27,1982-05-18,30
USGS,10301500,"WALKER RV NR WABUSKA, NV",ST,39.1524611,-119.0988889,S,NAD83, 4300.00, 20,NGVD29,16050303,qw,39371,,0,,wat,OPE,1107,0,1972-02-21,1974-03-20,10
USGS,10301500,"WALKER RV NR WABUSKA, NV",ST,39.1524611,-119.0988889,S,NAD83, 4300.00, 20,NGVD29,16050303,qw,39372,,0,,wat,OPE,1107,0,1972-04-27,1974-03-20,9
USGS,10301500,"WALKER RV NR WABUSKA, NV",ST,39.1524611,-119.0988889,S,NAD83, 4300.00, 20,NGVD29,16050303,qw,39373,,0,,wat,OPE,1107,0,1972-02-21,1982-05-18,13
USGS,10301500,"WALKER RV NR WABUSKA, NV",ST,39.1524611,-119.0988889,S,NAD83, 4300.00, 20,NGVD29,16050303,qw,39380,,0,,wat,OPE,3426,0,1972-04-27,1982-05-18,30
USGS,10301500,"WALKER RV NR WABUSKA, NV",ST,39.1524611,-119.0988889,S,NAD83, 4300.00, 20,NGVD29,16050303,qw,39381,,0,,wat,OPE,3426,0,1972-02-21,1974-03-20,10
USGS,10301500,"WALKER RV NR WABUSKA, NV",ST,39.1524611,-119.0988889,S,NAD83, 4300.00, 20,NGVD29,16050303,qw,39382,,0,,wat,OPE,3426,0,1972-04-27,1974-03-20,9
USGS,10301500,"WALKER RV NR WABUSKA, NV",ST,39.1524611,-119.0988889,S,NAD83, 4300.00, 20,NGVD29,16050303,qw,39383,,0,,wat,OPE,3426,0,1972-02-21,1982-05-18,13
USGS,10301500,"WALKER RV NR WABUSKA, NV",ST,39.1524611,-119.0988889,S,NAD83, 4300.00, 20,NGVD29,16050303,qw,39388,,0,,wat,OPE,75333,0,1982-03-16,1982-05-18,2
USGS,10301500,"WALKER RV NR WABUSKA, NV",ST,39.1524611,-119.0988889,S,NAD83, 4300.00, 20,NGVD29,16050303,qw,39389,,0,,wat,OPE,75333,0,1981-11-04,1982-05-18,2
USGS,10301500,"WALKER RV NR WABUSKA, NV",ST,39.1524611,-119.0988889,S,NAD83, 4300.00, 20,NGVD29,16050303,qw,39390,,0,,wat,OPE,4887,0,1972-04-27,1982-05-18,30
USGS,10301500,"WALKER RV NR WABUSKA, NV",ST,39.1524611,-119.0988889,S,NAD83, 4300.00, 20,NGVD29,16050303,qw,39391,,0,,wat,OPE,4887,0,1972-02-21,1974-03-20,10
USGS,10301500,"WALKER RV NR WABUSKA, NV",ST,39.1524611,-119.0988889,S,NAD83, 4300.00, 20,NGVD29,16050303,qw,39392,,0,,wat,OPE,4887,0,1972-04-27,1974-03-20,9
USGS,10301500,"WALKER RV NR WABUSKA, NV",ST,39.1524611,-119.0988889,S,NAD83, 4300.00, 20,NGVD29,16050303,qw,39393,,0,,wat,OPE,4887,0,1972-02-21,1982-05-18,13
USGS,10301500,"WALKER RV NR WABUSKA, NV",ST,39.1524611,-119.0988889,S,NAD83, 4300.00, 20,NGVD29,16050303,qw,39398,,0,,wat,OPE,54577,0,1975-03-27,1982-05-18,20
USGS,10301500,"WALKER RV NR WABUSKA, NV",ST,39.1524611,-119.0988889,S,NAD83, 4300.00, 20,NGVD29,16050303,qw,39399,,0,,wat,OPE,54577,0,1975-08-28,1979-04-27,6
USGS,10301500,"WALKER RV NR WABUSKA, NV",ST,39.1524611,-119.0988889,S,NAD83, 4300.00, 20,NGVD29,16050303,qw,39400,,0,,wat,OPE,156919,0,1975-03-27,1982-05-18,21
USGS,10301500,"WALKER RV NR WABUSKA, NV",ST,39.1524611,-119.0988889,S,NAD83, 4300.00, 20,NGVD29,16050303,qw,39403,,0,,wat,OPE,156919,0,1975-08-28,1982-05-18,8
USGS,10301500,"WALKER RV NR WABUSKA, NV",ST,39.1524611,-119.0988889,S,NAD83, 4300.00, 20,NGVD29,16050303,qw,39410,,0,,wat,OPE,6262,0,1972-04-27,1982-05-18,30
USGS,10301500,"WALKER RV NR WABUSKA, NV",ST,39.1524611,-119.0988889,S,NAD83, 4300.00, 20,NGVD29,16050303,qw,39411,,0,,wat,OPE,6262,0,1972-02-21,1974-03-20,10
USGS,10301500,"WALKER RV NR WABUSKA, NV",ST,39.1524611,-119.0988889,S,NAD83, 4300.00, 20,NGVD29,16050303,qw,39412,,0,,wat,OPE,6262,0,1972-04-27,1974-03-20,9
USGS,10301500,"WALKER RV NR WABUSKA, NV",ST,39.1524611,-119.0988889,S,NAD83, 4300.00, 20,NGVD29,16050303,qw,39413,,0,,wat,OPE,6262,0,1972-02-21,1982-05-18,13
USGS,10301500,"WALKER RV NR WABUSKA, NV",ST,39.1524611,-119.0988889,S,NAD83, 4300.00, 20,NGVD29,16050303,qw,39420,,0,,wat,OPE,76661,0,1972-04-27,1982-05-18,30
USGS,10301500,"WALKER RV NR WABUSKA, NV",ST,39.1524611,-119.0988889,S,NAD83, 4300.00, 20,NGVD29,16050303,qw,39421,,0,,wat,OPE,76661,0,1972-02-21,1974-03-20,10
USGS,10301500,"WALKER RV NR WABUSKA, NV",ST,39.1524611,-119.0988889,S,NAD83, 4300.00, 20,NGVD29,16050303,qw,39422,,0,,wat,OPE,76661,0,1972-04-27,1974-03-20,9
USGS,10301500,"WALKER RV NR WABUSKA, NV",ST,39.1524611,-119.0988889,S,NAD83, 4300.00, 20,NGVD29,16050303,qw,39423,,0,,wat,OPE,76661,0,1972-02-21,1982-05-18,13
USGS,10301500,"WALKER RV NR WABUSKA, NV",ST,39.1524611,-119.0988889,S,NAD83, 4300.00, 20,NGVD29,16050303,qw,39480,,0,,wat,OPE,4903,0,1975-03-27,1982-05-18,21
USGS,10301500,"WALKER RV NR WABUSKA, NV",ST,39.1524611,-119.0988889,S,NAD83, 4300.00, 20,NGVD29,16050303,qw,39481,,0,,wat,OPE,4903,0,1975-08-28,1982-05-18,8
USGS,10301500,"WALKER RV NR WABUSKA, NV",ST,39.1524611,-119.0988889,S,NAD83, 4300.00, 20,NGVD29,16050303,qw,39504,,0,,wat,OPC,173047,0,1979-08-16,1980-05-29,2
USGS,10301500,"WALKER RV NR WABUSKA, NV",ST,39.1524611,-119.0988889,S,NAD83, 4300.00, 20,NGVD29,16050303,qw,39516,,0,,wat,OPC,85878,0,1972-04-27,1982-05-18,21
USGS,10301500,"WALKER RV NR WABUSKA, NV",ST,39.1524611,-119.0988889,S,NAD83, 4300.00, 20,NGVD29,16050303,qw,39517,,0,,wat,OPC,85878,0,1972-02-21,1974-03-20,10
USGS,10301500,"WALKER RV NR WABUSKA, NV",ST,39.1524611,-119.0988889,S,NAD83, 4300.00, 20,NGVD29,16050303,qw,39518,,0,,wat,OPC,85878,0,1972-04-27,1974-03-20,9
USGS,10301500,"WALKER RV NR WABUSKA, NV",ST,39.1524611,-119.0988889,S,NAD83, 4300.00, 20,NGVD29,16050303,qw,39519,,0,,wat,OPC,85878,0,1972-02-21,1982-05-18,10
USGS,10301500,"WALKER RV NR WABUSKA, NV",ST,39.1524611,-119.0988889,S,NAD83, 4300.00, 20,NGVD29,16050303,qw,39530,,0,,wat,OPE,31922,0,1972-04-27,1982-05-18,29
USGS,10301500,"WALKER RV NR WABUSKA, NV",ST,39.1524611,-119.0988889,S,NAD83, 4300.00, 20,NGVD29,16050303,qw,39531,,0,,wat,OPE,31922,0,1975-08-28,1979-04-27,6
USGS,10301500,"WALKER RV NR WABUSKA, NV",ST,39.1524611,-119.0988889,S,NAD83, 4300.00, 20,NGVD29,16050303,qw,39532,,0,,wat,OPE,31922,0,1972-02-21,1974-03-20,10
USGS,10301500,"WALKER RV NR WABUSKA, NV",ST,39.1524611,-119.0988889,S,NAD83, 4300.00, 20,NGVD29,16050303,qw,39533,,0,,wat,OPE,31922,0,1972-04-27,1974-03-20,9
USGS,10301500,"WALKER RV NR WABUSKA, NV",ST,39.1524611,-119.0988889,S,NAD83, 4300.00, 20,NGVD29,16050303,qw,39540,,0,,wat,OPE,2147,0,1972-04-27,1982-05-18,29
USGS,10301500,"WALKER RV NR WABUSKA, NV",ST,39.1524611,-119.0988889,S,NAD83, 4300.00, 20,NGVD29,16050303,qw,39541,,0,,wat,OPE,2147,0,1975-08-28,1979-04-27,6
USGS,10301500,"WALKER RV NR WABUSKA, NV",ST,39.1524611,-119.0988889,S,NAD83, 4300.00, 20,NGVD29,16050303,qw,39542,,0,,wat,OPE,2147,0,1972-02-21,1974-03-20,10
USGS,10301500,"WALKER RV NR WABUSKA, NV",ST,39.1524611,-119.0988889,S,NAD83, 4300.00, 20,NGVD29,16050303,qw,39543,,0,,wat,OPE,2147,0,1972-04-27,1974-03-20,9
USGS,10301500,"WALKER RV NR WABUSKA, NV",ST,39.1524611,-119.0988889,S,NAD83, 4300.00, 20,NGVD29,16050303,qw,39570,,0,,wat,OPE,42705,0,1972-04-27,1982-05-18,29
USGS,10301500,"WALKER RV NR WABUSKA, NV",ST,39.1524611,-119.0988889,S,NAD83, 4300.00, 20,NGVD29,16050303,qw,39571,,0,,wat,OPE,42705,0,1975-08-28,1979-04-27,6
USGS,10301500,"WALKER RV NR WABUSKA, NV",ST,39.1524611,-119.0988889,S,NAD83, 4300.00, 20,NGVD29,16050303,qw,39572,,0,,wat,OPE,42705,0,1972-02-21,1974-03-20,10
USGS,10301500,"WALKER RV NR WABUSKA, NV",ST,39.1524611,-119.0988889,S,NAD83, 4300.00, 20,NGVD29,16050303,qw,39573,,0,,wat,OPE,42705,0,1972-04-27,1974-03-20,9
USGS,10301500,"WALKER RV NR WABUSKA, NV",ST,39.1524611,-119.0988889,S,NAD83, 4300.00, 20,NGVD29,16050303,qw,39600,,0,,wat,OPE,41194,0,1972-04-27,1982-05-18,29
USGS,10301500,"WALKER RV NR WABUSKA, NV",ST,39.1524611,-119.0988889,S,NAD83, 4300.00, 20,NGVD29,16050303,qw,39601,,0,,wat,OPE,41194,0,1975-08-28,1979-04-27,6
USGS,10301500,"WALKER RV NR WABUSKA, NV",ST,39.1524611,-119.0988889,S,NAD83, 4300.00, 20,NGVD29,16050303,qw,39602,,0,,wat,OPE,41194,0,1972-02-21,1974-03-20,10
USGS,10301500,"WALKER RV NR WABUSKA, NV",ST,39.1524611,-119.0988889,S,NAD83, 4300.00, 20,NGVD29,16050303,qw,39603,,0,,wat,OPE,41194,0,1972-04-27,1974-03-20,9
USGS,10301500,"WALKER RV NR WABUSKA, NV",ST,39.1524611,-119.0988889,S,NAD83, 4300.00, 20,NGVD29,16050303,qw,39630,,0,,wat,OPE,94128,0,1975-12-10,1978-09-12,8
USGS,10301500,"WALKER RV NR WABUSKA, NV",ST,39.1524611,-119.0988889,S,NAD83, 4300.00, 20,NGVD29,16050303,qw,39631,,0,,wat,OPE,94128,0,1976-06-16,1977-11-17,2
USGS,10301500,"WALKER RV NR WABUSKA, NV",ST,39.1524611,-119.0988889,S,NAD83, 4300.00, 20,NGVD29,16050303,qw,39730,,0,,wat,OPE,15651,0,1972-02-21,1982-05-18,21
USGS,10301500,"WALKER RV NR WABUSKA, NV",ST,39.1524611,-119.0988889,S,NAD83, 4300.00, 20,NGVD29,16050303,qw,39731,,0,,wat,OPE,15651,0,1976-06-16,1978-05-31,3
USGS,10301500,"WALKER RV NR WABUSKA, NV",ST,39.1524611,-119.0988889,S,NAD83, 4300.00, 20,NGVD29,16050303,qw,39732,,0,,wat,OPE,15651,0,1972-02-21,1974-03-20,10
USGS,10301500,"WALKER RV NR WABUSKA, NV",ST,39.1524611,-119.0988889,S,NAD83, 4300.00, 20,NGVD29,16050303,qw,39733,,0,,wat,OPE,15651,0,1972-02-21,1974-03-20,10
USGS,10301500,"WALKER RV NR WABUSKA, NV",ST,39.1524611,-119.0988889,S,NAD83, 4300.00, 20,NGVD29,16050303,qw,39740,,0,,wat,OPE,15065,0,1972-02-21,1982-05-18,21
USGS,10301500,"WALKER RV NR WABUSKA, NV",ST,39.1524611,-119.0988889,S,NAD83, 4300.00, 20,NGVD29,16050303,qw,39741,,0,,wat,OPE,15065,0,1976-06-16,1978-05-31,3
USGS,10301500,"WALKER RV NR WABUSKA, NV",ST,39.1524611,-119.0988889,S,NAD83, 4300.00, 20,NGVD29,16050303,qw,39742,,0,,wat,OPE,15065,0,1972-02-21,1974-03-20,10
USGS,10301500,"WALKER RV NR WABUSKA, NV",ST,39.1524611,-119.0988889,S,NAD83, 4300.00, 20,NGVD29,16050303,qw,39743,,0,,wat,OPE,15065,0,1972-02-21,1974-03-20,10
USGS,10301500,"WALKER RV NR WABUSKA, NV",ST,39.1524611,-119.0988889,S,NAD83, 4300.00, 20,NGVD29,16050303,qw,39755,,0,,wat,OPE,100883,0,1982-03-16,1982-05-18,2
USGS,10301500,"WALKER RV NR WABUSKA, NV",ST,39.1524611,-119.0988889,S,NAD83, 4300.00, 20,NGVD29,16050303,qw,39758,,0,,wat,OPE,100883,0,1981-11-04,1982-05-18,2
USGS,10301500,"WALKER RV NR WABUSKA, NV",ST,39.1524611,-119.0988889,S,NAD83, 4300.00, 20,NGVD29,16050303,qw,39760,,0,,wat,OPE,15057,0,1972-02-21,1982-05-18,21
USGS,10301500,"WALKER RV NR WABUSKA, NV",ST,39.1524611,-119.0988889,S,NAD83, 4300.00, 20,NGVD29,16050303,qw,39761,,0,,wat,OPE,15057,0,1976-06-16,1978-05-31,3
USGS,10301500,"WALKER RV NR WABUSKA, NV",ST,39.1524611,-119.0988889,S,NAD83, 4300.00, 20,NGVD29,16050303,qw,39762,,0,,wat,OPE,15057,0,1972-02-21,1974-03-20,10
USGS,10301500,"WALKER RV NR WABUSKA, NV",ST,39.1524611,-119.0988889,S,NAD83, 4300.00, 20,NGVD29,16050303,qw,39763,,0,,wat,OPE,15057,0,1972-02-21,1974-03-20,10
USGS,10301500,"WALKER RV NR WABUSKA, NV",ST,39.1524611,-119.0988889,S,NAD83, 4300.00, 20,NGVD29,16050303,qw,39786,,0,,wat,OPE,70458,0,1975-03-27,1982-05-18,20
USGS,10301500,"WALKER RV NR WABUSKA, NV",ST,39.1524611,-119.0988889,S,NAD83, 4300.00, 20,NGVD29,16050303,qw,39787,,0,,wat,OPE,70458,0,1975-08-28,1979-04-27,6
USGS,10301500,"WALKER RV NR WABUSKA, NV",ST,39.1524611,-119.0988889,S,NAD83, 4300.00, 20,NGVD29,16050303,qw,39790,,0,,wat,OPE,961326,0,1975-03-27,1982-05-18,20
USGS,10301500,"WALKER RV NR WABUSKA, NV",ST,39.1524611,-119.0988889,S,NAD83, 4300.00, 20,NGVD29,16050303,qw,39791,,0,,wat,OPE,961326,0,1975-08-28,1979-04-27,6
USGS,10301500,"WALKER RV NR WABUSKA, NV",ST,39.1524611,-119.0988889,S,NAD83, 4300.00, 20,NGVD29,16050303,qw,49266,,0,,sed,OOT,701250,0,2005-04-22,2005-04-22,1
USGS,10301500,"WALKER RV NR WABUSKA, NV",ST,39.1524611,-119.0988889,S,NAD83, 4300.00, 20,NGVD29,16050303,qw,49267,,0,,sed,INN,150037,0,2005-04-22,2005-04-22,1
USGS,10301500,"WALKER RV NR WABUSKA, NV",ST,39.1524611,-119.0988889,S,NAD83, 4300.00, 20,NGVD29,16050303,qw,49932,,0,,wat,ISO,967356,0,2005-03-08,2005-03-08,1
USGS,10301500,"WALKER RV NR WABUSKA, NV",ST,39.1524611,-119.0988889,S,NAD83, 4300.00, 20,NGVD29,16050303,qw,49954,,0,,wat,BIO,1647825,0,1976-08-12,1980-08-22,12
USGS,10301500,"WALKER RV NR WABUSKA, NV",ST,39.1524611,-119.0988889,S,NAD83, 4300.00, 20,NGVD29,16050303,qw,49962,,0,,sed,RAD,182469,0,2005-04-22,2005-04-22,1
USGS,10301500,"WALKER RV NR WABUSKA, NV",ST,39.1524611,-119.0988889,S,NAD83, 4300.00, 20,NGVD29,16050303,qw,50280,,0,,wat,INF,0,0,2012-05-17,2019-07-10,4
USGS,10301500,"WALKER RV NR WABUSKA, NV",ST,39.1524611,-119.0988889,S,NAD83, 4300.00, 20,NGVD29,16050303,qw,51410,,0,,wat,OPE,775908,0,2012-05-17,2019-06-11,2
USGS,10301500,"WALKER RV NR WABUSKA, NV",ST,39.1524611,-119.0988889,S,NAD83, 4300.00, 20,NGVD29,16050303,qw,51415,,0,,wat,OPE,17123530,0,2019-06-11,2019-06-11,1
USGS,10301500,"WALKER RV NR WABUSKA, NV",ST,39.1524611,-119.0988889,S,NAD83, 4300.00, 20,NGVD29,16050303,qw,51418,,0,,wat,OPE,15651,0,2012-05-17,2019-06-11,2
USGS,10301500,"WALKER RV NR WABUSKA, NV",ST,39.1524611,-119.0988889,S,NAD83, 4300.00, 20,NGVD29,16050303,qw,51442,,0,,wat,OPE,94128,0,2012-05-17,2019-06-11,2
USGS,10301500,"WALKER RV NR WABUSKA, NV",ST,39.1524611,-119.0988889,S,NAD83, 4300.00, 20,NGVD29,16050303,qw,51448,,0,,wat,OPE,42127,0,2012-05-17,2012-05-17,1
USGS,10301500,"WALKER RV NR WABUSKA, NV",ST,39.1524611,-119.0988889,S,NAD83, 4300.00, 20,NGVD29,16050303,qw,51488,,0,,wat,OPE,3400,0,2012-05-17,2019-06-11,2
USGS,10301500,"WALKER RV NR WABUSKA, NV",ST,39.1524611,-119.0988889,S,NAD83, 4300.00, 20,NGVD29,16050303,qw,51496,,0,,wat,OPE,42606,0,2012-05-17,2019-06-11,2
USGS,10301500,"WALKER RV NR WABUSKA, NV",ST,39.1524611,-119.0988889,S,NAD83, 4300.00, 20,NGVD29,16050303,qw,51507,,0,,wat,OPE,621722,0,2019-06-11,2019-06-11,1
USGS,10301500,"WALKER RV NR WABUSKA, NV",ST,39.1524611,-119.0988889,S,NAD83, 4300.00, 20,NGVD29,16050303,qw,51518,,0,,wat,OPE,291062,0,2012-05-17,2019-06-11,2
USGS,10301500,"WALKER RV NR WABUSKA, NV",ST,39.1524611,-119.0988889,S,NAD83, 4300.00, 20,NGVD29,16050303,qw,51536,,0,,wat,OPE,700989,0,2019-06-11,2019-06-11,1
USGS,10301500,"WALKER RV NR WABUSKA, NV",ST,39.1524611,-119.0988889,S,NAD83, 4300.00, 20,NGVD29,16050303,qw,51546,,0,,wat,OPE,310664,0,2012-05-17,2012-05-17,1
USGS,10301500,"WALKER RV NR WABUSKA, NV",ST,39.1524611,-119.0988889,S,NAD83, 4300.00, 20,NGVD29,16050303,qw,51573,,0,,wat,OPE,223180,0,2019-06-11,2019-06-11,1
USGS,10301500,"WALKER RV NR WABUSKA, NV",ST,39.1524611,-119.0988889,S,NAD83, 4300.00, 20,NGVD29,16050303,qw,51590,,0,,wat,OPE,89474,0,2012-05-17,2019-06-11,2
USGS,10301500,"WALKER RV NR WABUSKA, NV",ST,39.1524611,-119.0988889,S,NAD83, 4300.00, 20,NGVD29,16050303,qw,51595,,0,,wat,OPE,316398,0,2019-06-11,2019-06-11,1
USGS,10301500,"WALKER RV NR WABUSKA, NV",ST,39.1524611,-119.0988889,S,NAD83, 4300.00, 20,NGVD29,16050303,qw,51606,,0,,wat,OPE,32219,0,2012-05-17,2012-05-17,1
USGS,10301500,"WALKER RV NR WABUSKA, NV",ST,39.1524611,-119.0988889,S,NAD83, 4300.00, 20,NGVD29,16050303,qw,51616,,0,,wat,OPE,265652,0,2019-06-11,2019-06-11,1
USGS,10301500,"WALKER RV NR WABUSKA, NV",ST,39.1524611,-119.0988889,S,NAD83, 4300.00, 20,NGVD29,16050303,qw,51634,,0,,wat,OPE,303958,0,2012-05-17,2012-05-17,1
USGS,10301500,"WALKER RV NR WABUSKA, NV",ST,39.1524611,-119.0988889,S,NAD83, 4300.00, 20,NGVD29,16050303,qw,53566,,0,,wat,OPE,582726,0,2019-06-11,2019-06-11,1
USGS,10301500,"WALKER RV NR WABUSKA, NV",ST,39.1524611,-119.0988889,S,NAD83, 4300.00, 20,NGVD29,16050303,qw,60050,,0,,wat,BIO,764332,0,1974-11-21,1981-09-17,59
USGS,10301500,"WALKER RV NR WABUSKA, NV",ST,39.1524611,-119.0988889,S,NAD83, 4300.00, 20,NGVD29,16050303,qw,62648,,0,,wat,ISO,0,0,2004-03-08,2005-03-08,2
USGS,10301500,"WALKER RV NR WABUSKA, NV",ST,39.1524611,-119.0988889,S,NAD83, 4300.00, 20,NGVD29,16050303,qw,62649,,0,,wat,OPE,686584,0,2019-06-11,2019-07-10,2
USGS,10301500,"WALKER RV NR WABUSKA, NV",ST,39.1524611,-119.0988889,S,NAD83, 4300.00, 20,NGVD29,16050303,qw,62721,,0,,wat,OPE,17119215,0,2019-06-11,2019-07-10,2
USGS,10301500,"WALKER RV NR WABUSKA, NV",ST,39.1524611,-119.0988889,S,NAD83, 4300.00, 20,NGVD29,16050303,qw,62722,,0,,wat,OPE,77438,0,2019-06-11,2019-07-10,2
USGS,10301500,"WALKER RV NR WABUSKA, NV",ST,39.1524611,-119.0988889,S,NAD83, 4300.00, 20,NGVD29,16050303,qw,70300,,0,,oth,PHY,1642222,0,1969-06-15,1971-06-29,2
USGS,10301500,"WALKER RV NR WABUSKA, NV",ST,39.1524611,-119.0988889,S,NAD83, 4300.00, 20,NGVD29,16050303,qw,70300,,0,,wat,PHY,1642222,0,1968-10-15,2005-03-08,177
USGS,10301500,"WALKER RV NR WABUSKA, NV",ST,39.1524611,-119.0988889,S,NAD83, 4300.00, 20,NGVD29,16050303,qw,70301,,0,,oth,PHY,1642222,0,1969-06-15,1969-06-15,1
USGS,10301500,"WALKER RV NR WABUSKA, NV",ST,39.1524611,-119.0988889,S,NAD83, 4300.00, 20,NGVD29,16050303,qw,70301,,0,,wat,PHY,1642222,0,1968-10-15,2005-03-08,211
USGS,10301500,"WALKER RV NR WABUSKA, NV",ST,39.1524611,-119.0988889,S,NAD83, 4300.00, 20,NGVD29,16050303,qw,70302,,0,,oth,PHY,1642222,0,1969-06-15,1969-06-15,1
USGS,10301500,"WALKER RV NR WABUSKA, NV",ST,39.1524611,-119.0988889,S,NAD83, 4300.00, 20,NGVD29,16050303,qw,70302,,0,,wat,PHY,1642222,0,1968-10-15,2005-03-08,217
USGS,10301500,"WALKER RV NR WABUSKA, NV",ST,39.1524611,-119.0988889,S,NAD83, 4300.00, 20,NGVD29,16050303,qw,70303,,0,,oth,PHY,1642222,0,1969-06-15,1971-06-29,2
USGS,10301500,"WALKER RV NR WABUSKA, NV",ST,39.1524611,-119.0988889,S,NAD83, 4300.00, 20,NGVD29,16050303,qw,70303,,0,,wat,PHY,1642222,0,1968-10-15,2005-03-08,218
USGS,10301500,"WALKER RV NR WABUSKA, NV",ST,39.1524611,-119.0988889,S,NAD83, 4300.00, 20,NGVD29,16050303,qw,70331,,0,,wat,SED,17164666,0,1976-05-19,1993-08-24,60
USGS,10301500,"WALKER RV NR WABUSKA, NV",ST,39.1524611,-119.0988889,S,NAD83, 4300.00, 20,NGVD29,16050303,qw,70332,,0,,wat,SED,17164666,0,1976-05-19,1979-05-31,5
USGS,10301500,"WALKER RV NR WABUSKA, NV",ST,39.1524611,-119.0988889,S,NAD83, 4300.00, 20,NGVD29,16050303,qw,70333,,0,,wat,SED,17164666,0,1976-05-19,1979-05-31,5
USGS,10301500,"WALKER RV NR WABUSKA, NV",ST,39.1524611,-119.0988889,S,NAD83, 4300.00, 20,NGVD29,16050303,qw,70334,,0,,wat,SED,17164666,0,1976-05-19,1979-05-31,4
USGS,10301500,"WALKER RV NR WABUSKA, NV",ST,39.1524611,-119.0988889,S,NAD83, 4300.00, 20,NGVD29,16050303,qw,70335,,0,,wat,SED,17164666,0,1977-09-08,1979-05-31,2
USGS,10301500,"WALKER RV NR WABUSKA, NV",ST,39.1524611,-119.0988889,S,NAD83, 4300.00, 20,NGVD29,16050303,qw,70337,,0,,wat,SED,17164666,0,1975-05-27,1979-05-31,4
USGS,10301500,"WALKER RV NR WABUSKA, NV",ST,39.1524611,-119.0988889,S,NAD83, 4300.00, 20,NGVD29,16050303,qw,70338,,0,,wat,SED,17164666,0,1975-05-27,1979-05-31,4
USGS,10301500,"WALKER RV NR WABUSKA, NV",ST,39.1524611,-119.0988889,S,NAD83, 4300.00, 20,NGVD29,16050303,qw,70339,,0,,wat,SED,17164666,0,1975-05-27,1979-05-31,4
USGS,10301500,"WALKER RV NR WABUSKA, NV",ST,39.1524611,-119.0988889,S,NAD83, 4300.00, 20,NGVD29,16050303,qw,70340,,0,,wat,SED,17164666,0,1975-05-27,1979-05-31,4
USGS,10301500,"WALKER RV NR WABUSKA, NV",ST,39.1524611,-119.0988889,S,NAD83, 4300.00, 20,NGVD29,16050303,qw,70341,,0,,wat,SED,17164666,0,1975-05-27,1979-05-31,4
USGS,10301500,"WALKER RV NR WABUSKA, NV",ST,39.1524611,-119.0988889,S,NAD83, 4300.00, 20,NGVD29,16050303,qw,70342,,0,,wat,SED,17164666,0,1974-12-26,1976-09-15,5
USGS,10301500,"WALKER RV NR WABUSKA, NV",ST,39.1524611,-119.0988889,S,NAD83, 4300.00, 20,NGVD29,16050303,qw,70343,,0,,wat,SED,17164666,0,1975-05-27,1975-05-27,1
USGS,10301500,"WALKER RV NR WABUSKA, NV",ST,39.1524611,-119.0988889,S,NAD83, 4300.00, 20,NGVD29,16050303,qw,70344,,0,,wat,SED,17164666,0,1975-05-27,1975-05-27,1
USGS,10301500,"WALKER RV NR WABUSKA, NV",ST,39.1524611,-119.0988889,S,NAD83, 4300.00, 20,NGVD29,16050303,qw,70345,,0,,wat,SED,17164666,0,1975-05-27,1975-05-27,1
USGS,10301500,"WALKER RV NR WABUSKA, NV",ST,39.1524611,-119.0988889,S,NAD83, 4300.00, 20,NGVD29,16050303,qw,70346,,0,,wat,SED,17164666,0,1975-05-27,1975-05-27,1
USGS,10301500,"WALKER RV NR WABUSKA, NV",ST,39.1524611,-119.0988889,S,NAD83, 4300.00, 20,NGVD29,16050303,qw,70507,,0,,wat,NUT,194464,0,1972-02-21,1992-10-29,13
USGS,10301500,"WALKER RV NR WABUSKA, NV",ST,39.1524611,-119.0988889,S,NAD83, 4300.00, 20,NGVD29,16050303,qw,70950,,0,,wat,BIO,0,0,1977-12-23,1980-08-22,9
USGS,10301500,"WALKER RV NR WABUSKA, NV",ST,39.1524611,-119.0988889,S,NAD83, 4300.00, 20,NGVD29,16050303,qw,70957,,0,,wat,BIO,47076,0,1977-12-23,1980-08-22,10
USGS,10301500,"WALKER RV NR WABUSKA, NV",ST,39.1524611,-119.0988889,S,NAD83, 4300.00, 20,NGVD29,16050303,qw,70958,,0,,wat,BIO,49890,0,1977-12-23,1980-08-22,10
USGS,10301500,"WALKER RV NR WABUSKA, NV",ST,39.1524611,-119.0988889,S,NAD83, 4300.00, 20,NGVD29,16050303,qw,71845,,0,,wat,NUT,966655,0,1972-12-07,1992-10-29,128
USGS,10301500,"WALKER RV NR WABUSKA, NV",ST,39.1524611,-119.0988889,S,NAD83, 4300.00, 20,NGVD29,16050303,qw,71846,,0,,wat,NUT,966655,0,1969-11-20,1995-06-28,139
USGS,10301500,"WALKER RV NR WABUSKA, NV",ST,39.1524611,-119.0988889,S,NAD83, 4300.00, 20,NGVD29,16050303,qw,71851,,0,,oth,NUT,197186,0,1969-06-15,1969-06-15,1
USGS,10301500,"WALKER RV NR WABUSKA, NV",ST,39.1524611,-119.0988889,S,NAD83, 4300.00, 20,NGVD29,16050303,qw,71851,,0,,wat,NUT,197186,0,1968-10-15,1995-06-28,107
USGS,10301500,"WALKER RV NR WABUSKA, NV",ST,39.1524611,-119.0988889,S,NAD83, 4300.00, 20,NGVD29,16050303,qw,71856,,0,,wat,NUT,197194,0,1971-04-07,1995-06-28,75
USGS,10301500,"WALKER RV NR WABUSKA, NV",ST,39.1524611,-119.0988889,S,NAD83, 4300.00, 20,NGVD29,16050303,qw,71870,,0,,wat,INN,227538,0,1994-05-02,2005-03-08,9
USGS,10301500,"WALKER RV NR WABUSKA, NV",ST,39.1524611,-119.0988889,S,NAD83, 4300.00, 20,NGVD29,16050303,qw,71886,,0,,wat,NUT,153049,0,1979-04-27,1986-01-22,49
USGS,10301500,"WALKER RV NR WABUSKA, NV",ST,39.1524611,-119.0988889,S,NAD83, 4300.00, 20,NGVD29,16050303,qw,71887,,0,,wat,NUT,52450988,0,1973-03-16,1992-10-29,87
USGS,10301500,"WALKER RV NR WABUSKA, NV",ST,39.1524611,-119.0988889,S,NAD83, 4300.00, 20,NGVD29,16050303,qw,71890,,0,,wat,IMM,149633,0,1975-01-28,1995-06-28,76
USGS,10301500,"WALKER RV NR WABUSKA, NV",ST,39.1524611,-119.0988889,S,NAD83, 4300.00, 20,NGVD29,16050303,qw,71895,,0,,wat,IMM,149633,0,1975-01-28,1981-08-12,25
USGS,10301500,"WALKER RV NR WABUSKA, NV",ST,39.1524611,-119.0988889,S,NAD83, 4300.00, 20,NGVD29,16050303,qw,71900,,0,,wat,IMM,149633,0,1975-01-28,1982-09-22,31
USGS,10301500,"WALKER RV NR WABUSKA, NV",ST,39.1524611,-119.0988889,S,NAD83, 4300.00, 20,NGVD29,16050303,qw,71999,,0,,wat,INF,0,0,1989-11-30,2019-07-10,34
USGS,10301500,"WALKER RV NR WABUSKA, NV",ST,39.1524611,-119.0988889,S,NAD83, 4300.00, 20,NGVD29,16050303,qw,72219,,0,,wat,INF,0,0,2019-06-11,2019-06-11,1
USGS,10301500,"WALKER RV NR WABUSKA, NV",ST,39.1524611,-119.0988889,S,NAD83, 4300.00, 20,NGVD29,16050303,qw,75977,,0,,sed,RAD,199026,0,2005-04-22,2005-04-22,1
USGS,10301500,"WALKER RV NR WABUSKA, NV",ST,39.1524611,-119.0988889,S,NAD83, 4300.00, 20,NGVD29,16050303,qw,75978,,0,,wat,ISO,17148297,0,2004-03-08,2005-03-08,2
USGS,10301500,"WALKER RV NR WABUSKA, NV",ST,39.1524611,-119.0988889,S,NAD83, 4300.00, 20,NGVD29,16050303,qw,76002,,0,,wat,RAD,197491,0,2005-01-26,2005-01-26,1
USGS,10301500,"WALKER RV NR WABUSKA, NV",ST,39.1524611,-119.0988889,S,NAD83, 4300.00, 20,NGVD29,16050303,qw,80154,,0,,wat,SED,17164666,0,1973-10-10,1995-06-28,165
USGS,10301500,"WALKER RV NR WABUSKA, NV",ST,39.1524611,-119.0988889,S,NAD83, 4300.00, 20,NGVD29,16050303,qw,80155,,0,,wat,SED,17164591,0,1973-10-10,1995-06-28,163
USGS,10301500,"WALKER RV NR WABUSKA, NV",ST,39.1524611,-119.0988889,S,NAD83, 4300.00, 20,NGVD29,16050303,qw,80164,,0,,sed,SED,17136284,0,1983-08-30,1983-08-30,1
USGS,10301500,"WALKER RV NR WABUSKA, NV",ST,39.1524611,-119.0988889,S,NAD83, 4300.00, 20,NGVD29,16050303,qw,81886,,0,,wat,OPE,4952,0,1981-11-04,1982-05-18,2
USGS,10301500,"WALKER RV NR WABUSKA, NV",ST,39.1524611,-119.0988889,S,NAD83, 4300.00, 20,NGVD29,16050303,qw,82068,,0,,wat,RAD,192690,0,1981-01-15,1981-07-15,6
USGS,10301500,"WALKER RV NR WABUSKA, NV",ST,39.1524611,-119.0988889,S,NAD83, 4300.00, 20,NGVD29,16050303,qw,82082,,0,,wat,ISO,1642107,0,1984-11-28,2005-03-08,10
USGS,10301500,"WALKER RV NR WABUSKA, NV",ST,39.1524611,-119.0988889,S,NAD83, 4300.00, 20,NGVD29,16050303,qw,82085,,0,,wat,ISO,967034,0,1984-11-28,2005-03-08,10
USGS,10301500,"WALKER RV NR WABUSKA, NV",ST,39.1524611,-119.0988889,S,NAD83, 4300.00, 20,NGVD29,16050303,qw,82183,,0,,wat,OPE,31146,0,1982-03-16,1982-05-18,2
USGS,10301500,"WALKER RV NR WABUSKA, NV",ST,39.1524611,-119.0988889,S,NAD83, 4300.00, 20,NGVD29,16050303,qw,82303,,0,,wat,RAD,197491,0,2005-01-26,2005-01-26,1
USGS,10301500,"WALKER RV NR WABUSKA, NV",ST,39.1524611,-119.0988889,S,NAD83, 4300.00, 20,NGVD29,16050303,qw,82398,,0,,bio,INF,0,0,1974-11-21,1981-09-17,64
USGS,10301500,"WALKER RV NR WABUSKA, NV",ST,39.1524611,-119.0988889,S,NAD83, 4300.00, 20,NGVD29,16050303,qw,82398,,0,,wat,INF,0,0,1983-05-17,2019-07-10,66
USGS,10301500,"WALKER RV NR WABUSKA, NV",ST,39.1524611,-119.0988889,S,NAD83, 4300.00, 20,NGVD29,16050303,qw,84164,,0,,wat,INF,0,0,1992-10-29,2019-07-10,9
USGS,10301500,"WALKER RV NR WABUSKA, NV",ST,39.1524611,-119.0988889,S,NAD83, 4300.00, 20,NGVD29,16050303,qw,84174,,0,,wat,INF,0,0,2012-05-17,2019-06-11,2
USGS,10301500,"WALKER RV NR WABUSKA, NV",ST,39.1524611,-119.0988889,S,NAD83, 4300.00, 20,NGVD29,16050303,qw,90095,,0,,wat,PHY,1646694,0,1980-10-27,2005-03-08,92
USGS,10301500,"WALKER RV NR WABUSKA, NV",ST,39.1524611,-119.0988889,S,NAD83, 4300.00, 20,NGVD29,16050303,qw,90410,,0,,wat,INN,1640192,0,1980-10-27,1995-06-28,90
USGS,10301500,"WALKER RV NR WABUSKA, NV",ST,39.1524611,-119.0988889,S,NAD83, 4300.00, 20,NGVD29,16050303,qw,91135,,0,,wat,INF,0,0,2012-05-17,2019-06-11,2
USGS,10301500,"WALKER RV NR WABUSKA, NV",ST,39.1524611,-119.0988889,S,NAD83, 4300.00, 20,NGVD29,16050303,qw,95100,,0,,bio,INF,0,0,1974-11-21,1981-09-17,60
USGS,10301500,"WALKER RV NR WABUSKA, NV",ST,39.1524611,-119.0988889,S,NAD83, 4300.00, 20,NGVD29,16050303,qw,95200,,0,,bio,MBI,0,0,1974-11-21,1981-09-17,60
USGS,10301500,"WALKER RV NR WABUSKA, NV",ST,39.1524611,-119.0988889,S,NAD83, 4300.00, 20,NGVD29,16050303,qw,95902,,0,,wat,PHY,1640432,0,1981-03-31,1986-01-22,17
USGS,10301500,"WALKER RV NR WABUSKA, NV",ST,39.1524611,-119.0988889,S,NAD83, 4300.00, 20,NGVD29,16050303,qw,96014,,0,,bio,POP,0,0,1975-10-03,1981-05-18,21
USGS,10301500,"WALKER RV NR WABUSKA, NV",ST,39.1524611,-119.0988889,S,NAD83, 4300.00, 20,NGVD29,16050303,qw,96028,,0,,bio,POP,0,0,1976-12-14,1976-12-14,1
USGS,10301500,"WALKER RV NR WABUSKA, NV",ST,39.1524611,-119.0988889,S,NAD83, 4300.00, 20,NGVD29,16050303,qw,96036,,0,,bio,POP,0,0,1981-07-15,1981-07-15,1
USGS,10301500,"WALKER RV NR WABUSKA, NV",ST,39.1524611,-119.0988889,S,NAD83, 4300.00, 20,NGVD29,16050303,qw,96038,,0,,bio,POP,0,0,1976-07-16,1981-07-15,2
USGS,10301500,"WALKER RV NR WABUSKA, NV",ST,39.1524611,-119.0988889,S,NAD83, 4300.00, 20,NGVD29,16050303,qw,96067,,0,,bio,POP,0,0,1977-02-14,1981-08-12,2
USGS,10301500,"WALKER RV NR WABUSKA, NV",ST,39.1524611,-119.0988889,S,NAD83, 4300.00, 20,NGVD29,16050303,qw,96074,,0,,bio,POP,0,0,1978-11-20,1978-11-20,1
USGS,10301500,"WALKER RV NR WABUSKA, NV",ST,39.1524611,-119.0988889,S,NAD83, 4300.00, 20,NGVD29,16050303,qw,96086,,0,,bio,POP,0,0,1978-11-20,1981-05-18,2
USGS,10301500,"WALKER RV NR WABUSKA, NV",ST,39.1524611,-119.0988889,S,NAD83, 4300.00, 20,NGVD29,16050303,qw,96117,,0,,bio,POP,0,0,1976-08-12,1977-07-15,2
USGS,10301500,"WALKER RV NR WABUSKA, NV",ST,39.1524611,-119.0988889,S,NAD83, 4300.00, 20,NGVD29,16050303,qw,96123,,0,,bio,POP,0,0,1976-08-12,1976-08-12,1
USGS,10301500,"WALKER RV NR WABUSKA, NV",ST,39.1524611,-119.0988889,S,NAD83, 4300.00, 20,NGVD29,16050303,qw,96132,,0,,bio,POP,0,0,1977-07-15,1977-07-15,1
USGS,10301500,"WALKER RV NR WABUSKA, NV",ST,39.1524611,-119.0988889,S,NAD83, 4300.00, 20,NGVD29,16050303,qw,96190,,0,,bio,POP,0,0,1975-05-27,1981-09-17,12
USGS,10301500,"WALKER RV NR WABUSKA, NV",ST,39.1524611,-119.0988889,S,NAD83, 4300.00, 20,NGVD29,16050303,qw,96196,,0,,bio,POP,0,0,1976-07-16,1976-07-16,1
USGS,10301500,"WALKER RV NR WABUSKA, NV",ST,39.1524611,-119.0988889,S,NAD83, 4300.00, 20,NGVD29,16050303,qw,96197,,0,,bio,POP,0,0,1976-10-08,1978-05-31,2
USGS,10301500,"WALKER RV NR WABUSKA, NV",ST,39.1524611,-119.0988889,S,NAD83, 4300.00, 20,NGVD29,16050303,qw,96200,,0,,bio,POP,0,0,1978-05-31,1978-05-31,1
USGS,10301500,"WALKER RV NR WABUSKA, NV",ST,39.1524611,-119.0988889,S,NAD83, 4300.00, 20,NGVD29,16050303,qw,96202,,0,,bio,POP,0,0,1975-08-28,1981-07-15,22
USGS,10301500,"WALKER RV NR WABUSKA, NV",ST,39.1524611,-119.0988889,S,NAD83, 4300.00, 20,NGVD29,16050303,qw,96205,,0,,bio,POP,0,0,1980-05-29,1980-05-29,1
USGS,10301500,"WALKER RV NR WABUSKA, NV",ST,39.1524611,-119.0988889,S,NAD83, 4300.00, 20,NGVD29,16050303,qw,96209,,0,,bio,POP,0,0,1975-04-29,1981-05-18,4
USGS,10301500,"WALKER RV NR WABUSKA, NV",ST,39.1524611,-119.0988889,S,NAD83, 4300.00, 20,NGVD29,16050303,qw,96215,,0,,bio,POP,0,0,1974-12-26,1979-06-29,5
USGS,10301500,"WALKER RV NR WABUSKA, NV",ST,39.1524611,-119.0988889,S,NAD83, 4300.00, 20,NGVD29,16050303,qw,96218,,0,,bio,POP,0,0,1974-12-26,1981-05-18,9
USGS,10301500,"WALKER RV NR WABUSKA, NV",ST,39.1524611,-119.0988889,S,NAD83, 4300.00, 20,NGVD29,16050303,qw,96223,,0,,bio,POP,0,0,1981-06-10,1981-06-10,1
USGS,10301500,"WALKER RV NR WABUSKA, NV",ST,39.1524611,-119.0988889,S,NAD83, 4300.00, 20,NGVD29,16050303,qw,96225,,0,,bio,POP,0,0,1977-06-14,1980-11-18,3
USGS,10301500,"WALKER RV NR WABUSKA, NV",ST,39.1524611,-119.0988889,S,NAD83, 4300.00, 20,NGVD29,16050303,qw,96226,,0,,bio,POP,0,0,1974-12-26,1979-09-24,6
USGS,10301500,"WALKER RV NR WABUSKA, NV",ST,39.1524611,-119.0988889,S,NAD83, 4300.00, 20,NGVD29,16050303,qw,96227,,0,,bio,POP,0,0,1978-11-20,1978-11-20,1
USGS,10301500,"WALKER RV NR WABUSKA, NV",ST,39.1524611,-119.0988889,S,NAD83, 4300.00, 20,NGVD29,16050303,qw,96229,,0,,bio,POP,0,0,1977-09-08,1977-09-08,1
USGS,10301500,"WALKER RV NR WABUSKA, NV",ST,39.1524611,-119.0988889,S,NAD83, 4300.00, 20,NGVD29,16050303,qw,96230,,0,,bio,POP,0,0,1978-06-28,1978-08-04,2
USGS,10301500,"WALKER RV NR WABUSKA, NV",ST,39.1524611,-119.0988889,S,NAD83, 4300.00, 20,NGVD29,16050303,qw,96240,,0,,bio,POP,0,0,1975-11-04,1978-08-04,4
USGS,10301500,"WALKER RV NR WABUSKA, NV",ST,39.1524611,-119.0988889,S,NAD83, 4300.00, 20,NGVD29,16050303,qw,96243,,0,,bio,POP,0,0,1975-02-27,1981-08-12,24
USGS,10301500,"WALKER RV NR WABUSKA, NV",ST,39.1524611,-119.0988889,S,NAD83, 4300.00, 20,NGVD29,16050303,qw,96245,,0,,bio,POP,0,0,1976-08-12,1980-09-25,5
USGS,10301500,"WALKER RV NR WABUSKA, NV",ST,39.1524611,-119.0988889,S,NAD83, 4300.00, 20,NGVD29,16050303,qw,96254,,0,,bio,POP,0,0,1976-04-08,1976-04-08,1
USGS,10301500,"WALKER RV NR WABUSKA, NV",ST,39.1524611,-119.0988889,S,NAD83, 4300.00, 20,NGVD29,16050303,qw,96312,,0,,bio,POP,0,0,1977-02-14,1977-02-14,1
USGS,10301500,"WALKER RV NR WABUSKA, NV",ST,39.1524611,-119.0988889,S,NAD83, 4300.00, 20,NGVD29,16050303,qw,96313,,0,,bio,POP,0,0,1977-04-13,1977-04-13,1
USGS,10301500,"WALKER RV NR WABUSKA, NV",ST,39.1524611,-119.0988889,S,NAD83, 4300.00, 20,NGVD29,16050303,qw,96317,,0,,bio,POP,0,0,1981-07-15,1981-07-15,1
USGS,10301500,"WALKER RV NR WABUSKA, NV",ST,39.1524611,-119.0988889,S,NAD83, 4300.00, 20,NGVD29,16050303,qw,96327,,0,,bio,POP,0,0,1975-02-27,1980-09-25,4
USGS,10301500,"WALKER RV NR WABUSKA, NV",ST,39.1524611,-119.0988889,S,NAD83, 4300.00, 20,NGVD29,16050303,qw,96387,,0,,bio,POP,0,0,1975-07-29,1981-03-31,16
USGS,10301500,"WALKER RV NR WABUSKA, NV",ST,39.1524611,-119.0988889,S,NAD83, 4300.00, 20,NGVD29,16050303,qw,96390,,0,,bio,POP,0,0,1976-10-08,1976-10-08,1
USGS,10301500,"WALKER RV NR WABUSKA, NV",ST,39.1524611,-119.0988889,S,NAD83, 4300.00, 20,NGVD29,16050303,qw,96392,,0,,bio,POP,0,0,1977-08-11,1977-08-11,1
USGS,10301500,"WALKER RV NR WABUSKA, NV",ST,39.1524611,-119.0988889,S,NAD83, 4300.00, 20,NGVD29,16050303,qw,96416,,0,,bio,POP,0,0,1978-06-28,1978-06-28,1
USGS,10301500,"WALKER RV NR WABUSKA, NV",ST,39.1524611,-119.0988889,S,NAD83, 4300.00, 20,NGVD29,16050303,qw,96426,,0,,bio,POP,0,0,1981-03-31,1981-03-31,1
USGS,10301500,"WALKER RV NR WABUSKA, NV",ST,39.1524611,-119.0988889,S,NAD83, 4300.00, 20,NGVD29,16050303,qw,96430,,0,,bio,POP,0,0,1979-06-29,1981-07-15,6
USGS,10301500,"WALKER RV NR WABUSKA, NV",ST,39.1524611,-119.0988889,S,NAD83, 4300.00, 20,NGVD29,16050303,qw,96706,,0,,bio,POP,0,0,1974-11-21,1981-09-17,55
USGS,10301500,"WALKER RV NR WABUSKA, NV",ST,39.1524611,-119.0988889,S,NAD83, 4300.00, 20,NGVD29,16050303,qw,96707,,0,,bio,POP,0,0,1974-12-26,1981-06-10,36
USGS,10301500,"WALKER RV NR WABUSKA, NV",ST,39.1524611,-119.0988889,S,NAD83, 4300.00, 20,NGVD29,16050303,qw,96708,,0,,bio,POP,0,0,1976-04-08,1981-05-18,10
USGS,10301500,"WALKER RV NR WABUSKA, NV",ST,39.1524611,-119.0988889,S,NAD83, 4300.00, 20,NGVD29,16050303,qw,96750,,0,,bio,POP,0,0,1976-03-09,1978-08-04,3
USGS,10301500,"WALKER RV NR WABUSKA, NV",ST,39.1524611,-119.0988889,S,NAD83, 4300.00, 20,NGVD29,16050303,qw,96756,,0,,bio,POP,0,0,1978-11-20,1978-11-20,1
USGS,10301500,"WALKER RV NR WABUSKA, NV",ST,39.1524611,-119.0988889,S,NAD83, 4300.00, 20,NGVD29,16050303,qw,96759,,0,,bio,POP,0,0,1974-11-21,1981-05-18,39
USGS,10301500,"WALKER RV NR WABUSKA, NV",ST,39.1524611,-119.0988889,S,NAD83, 4300.00, 20,NGVD29,16050303,qw,96763,,0,,bio,POP,0,0,1975-07-29,1981-05-18,6
USGS,10301500,"WALKER RV NR WABUSKA, NV",ST,39.1524611,-119.0988889,S,NAD83, 4300.00, 20,NGVD29,16050303,qw,96764,,0,,bio,POP,0,0,1974-12-26,1981-09-17,42
USGS,10301500,"WALKER RV NR WABUSKA, NV",ST,39.1524611,-119.0988889,S,NAD83, 4300.00, 20,NGVD29,16050303,qw,96765,,0,,bio,POP,0,0,1974-11-21,1981-07-15,41
USGS,10301500,"WALKER RV NR WABUSKA, NV",ST,39.1524611,-119.0988889,S,NAD83, 4300.00, 20,NGVD29,16050303,qw,96777,,0,,bio,POP,0,0,1974-11-21,1981-03-31,24
USGS,10301500,"WALKER RV NR WABUSKA, NV",ST,39.1524611,-119.0988889,S,NAD83, 4300.00, 20,NGVD29,16050303,qw,96778,,0,,bio,POP,0,0,1974-11-21,1981-07-15,54
USGS,10301500,"WALKER RV NR WABUSKA, NV",ST,39.1524611,-119.0988889,S,NAD83, 4300.00, 20,NGVD29,16050303,qw,96779,,0,,bio,POP,0,0,1974-12-26,1978-11-20,24
USGS,10301500,"WALKER RV NR WABUSKA, NV",ST,39.1524611,-119.0988889,S,NAD83, 4300.00, 20,NGVD29,16050303,qw,96784,,0,,bio,POP,0,0,1976-03-09,1977-08-11,2
USGS,10301500,"WALKER RV NR WABUSKA, NV",ST,39.1524611,-119.0988889,S,NAD83, 4300.00, 20,NGVD29,16050303,qw,96786,,0,,bio,POP,0,0,1975-02-27,1978-09-12,12
USGS,10301500,"WALKER RV NR WABUSKA, NV",ST,39.1524611,-119.0988889,S,NAD83, 4300.00, 20,NGVD29,16050303,qw,96787,,0,,bio,POP,0,0,1977-04-13,1977-04-13,1
USGS,10301500,"WALKER RV NR WABUSKA, NV",ST,39.1524611,-119.0988889,S,NAD83, 4300.00, 20,NGVD29,16050303,qw,96789,,0,,bio,POP,0,0,1976-04-08,1981-08-12,6
USGS,10301500,"WALKER RV NR WABUSKA, NV",ST,39.1524611,-119.0988889,S,NAD83, 4300.00, 20,NGVD29,16050303,qw,96791,,0,,bio,POP,0,0,1974-11-21,1981-09-17,61
USGS,10301500,"WALKER RV NR WABUSKA, NV",ST,39.1524611,-119.0988889,S,NAD83, 4300.00, 20,NGVD29,16050303,qw,96792,,0,,bio,POP,0,0,1976-08-12,1977-08-11,5
USGS,10301500,"WALKER RV NR WABUSKA, NV",ST,39.1524611,-119.0988889,S,NAD83, 4300.00, 20,NGVD29,16050303,qw,96793,,0,,bio,POP,0,0,1974-12-26,1979-03-29,18
USGS,10301500,"WALKER RV NR WABUSKA, NV",ST,39.1524611,-119.0988889,S,NAD83, 4300.00, 20,NGVD29,16050303,qw,96795,,0,,bio,POP,0,0,1976-10-08,1976-12-14,2
USGS,10301500,"WALKER RV NR WABUSKA, NV",ST,39.1524611,-119.0988889,S,NAD83, 4300.00, 20,NGVD29,16050303,qw,96801,,0,,bio,POP,0,0,1977-04-13,1977-04-13,1
USGS,10301500,"WALKER RV NR WABUSKA, NV",ST,39.1524611,-119.0988889,S,NAD83, 4300.00, 20,NGVD29,16050303,qw,96802,,0,,bio,POP,0,0,1974-11-21,1981-05-18,51
USGS,10301500,"WALKER RV NR WABUSKA, NV",ST,39.1524611,-119.0988889,S,NAD83, 4300.00, 20,NGVD29,16050303,qw,96805,,0,,bio,POP,0,0,1975-04-29,1981-03-31,13
USGS,10301500,"WALKER RV NR WABUSKA, NV",ST,39.1524611,-119.0988889,S,NAD83, 4300.00, 20,NGVD29,16050303,qw,96806,,0,,bio,POP,0,0,1974-12-26,1981-07-15,36
USGS,10301500,"WALKER RV NR WABUSKA, NV",ST,39.1524611,-119.0988889,S,NAD83, 4300.00, 20,NGVD29,16050303,qw,96807,,0,,bio,POP,0,0,1975-01-28,1981-03-31,24
USGS,10301500,"WALKER RV NR WABUSKA, NV",ST,39.1524611,-119.0988889,S,NAD83, 4300.00, 20,NGVD29,16050303,qw,96808,,0,,bio,POP,0,0,1974-12-26,1977-04-13,9
USGS,10301500,"WALKER RV NR WABUSKA, NV",ST,39.1524611,-119.0988889,S,NAD83, 4300.00, 20,NGVD29,16050303,qw,96810,,0,,bio,POP,0,0,1975-04-29,1978-08-04,7
USGS,10301500,"WALKER RV NR WABUSKA, NV",ST,39.1524611,-119.0988889,S,NAD83, 4300.00, 20,NGVD29,16050303,qw,96811,,0,,bio,POP,0,0,1975-02-27,1977-01-14,3
USGS,10301500,"WALKER RV NR WABUSKA, NV",ST,39.1524611,-119.0988889,S,NAD83, 4300.00, 20,NGVD29,16050303,qw,96812,,0,,bio,POP,0,0,1974-11-21,1981-09-17,62
USGS,10301500,"WALKER RV NR WABUSKA, NV",ST,39.1524611,-119.0988889,S,NAD83, 4300.00, 20,NGVD29,16050303,qw,96813,,0,,bio,POP,0,0,1976-12-14,1977-09-08,3
USGS,10301500,"WALKER RV NR WABUSKA, NV",ST,39.1524611,-119.0988889,S,NAD83, 4300.00, 20,NGVD29,16050303,qw,96816,,0,,bio,POP,0,0,1975-05-27,1980-03-31,10
USGS,10301500,"WALKER RV NR WABUSKA, NV",ST,39.1524611,-119.0988889,S,NAD83, 4300.00, 20,NGVD29,16050303,qw,96817,,0,,bio,POP,0,0,1974-11-21,1981-06-10,42
USGS,10301500,"WALKER RV NR WABUSKA, NV",ST,39.1524611,-119.0988889,S,NAD83, 4300.00, 20,NGVD29,16050303,qw,98082,,0,,bio,POP,0,0,1975-01-28,1981-07-15,9
USGS,10301500,"WALKER RV NR WABUSKA, NV",ST,39.1524611,-119.0988889,S,NAD83, 4300.00, 20,NGVD29,16050303,qw,98093,,0,,bio,POP,0,0,1978-11-20,1978-11-20,1
USGS,10301500,"WALKER RV NR WABUSKA, NV",ST,39.1524611,-119.0988889,S,NAD83, 4300.00, 20,NGVD29,16050303,qw,98112,,0,,bio,POP,0,0,1977-07-15,1977-07-15,1
USGS,10301500,"WALKER RV NR WABUSKA, NV",ST,39.1524611,-119.0988889,S,NAD83, 4300.00, 20,NGVD29,16050303,qw,98131,,0,,bio,POP,0,0,1977-07-15,1981-09-17,3
USGS,10301500,"WALKER RV NR WABUSKA, NV",ST,39.1524611,-119.0988889,S,NAD83, 4300.00, 20,NGVD29,16050303,qw,98136,,0,,bio,POP,0,0,1975-03-27,1981-08-12,20
USGS,10301500,"WALKER RV NR WABUSKA, NV",ST,39.1524611,-119.0988889,S,NAD83, 4300.00, 20,NGVD29,16050303,qw,98150,,0,,bio,POP,0,0,1979-11-30,1979-11-30,1
USGS,10301500,"WALKER RV NR WABUSKA, NV",ST,39.1524611,-119.0988889,S,NAD83, 4300.00, 20,NGVD29,16050303,qw,98158,,0,,bio,POP,0,0,1975-05-27,1975-05-27,1
USGS,10301500,"WALKER RV NR WABUSKA, NV",ST,39.1524611,-119.0988889,S,NAD83, 4300.00, 20,NGVD29,16050303,qw,98165,,0,,bio,POP,0,0,1975-08-28,1981-08-12,15
USGS,10301500,"WALKER RV NR WABUSKA, NV",ST,39.1524611,-119.0988889,S,NAD83, 4300.00, 20,NGVD29,16050303,qw,98166,,0,,bio,POP,0,0,1981-07-15,1981-07-15,1
USGS,10301500,"WALKER RV NR WABUSKA, NV",ST,39.1524611,-119.0988889,S,NAD83, 4300.00, 20,NGVD29,16050303,qw,98167,,0,,bio,POP,0,0,1975-06-26,1981-07-15,6
USGS,10301500,"WALKER RV NR WABUSKA, NV",ST,39.1524611,-119.0988889,S,NAD83, 4300.00, 20,NGVD29,16050303,qw,98194,,0,,bio,POP,0,0,1978-09-12,1979-03-29,2
USGS,10301500,"WALKER RV NR WABUSKA, NV",ST,39.1524611,-119.0988889,S,NAD83, 4300.00, 20,NGVD29,16050303,qw,99111,,0,,wat,INF,0,0,2019-06-11,2019-07-10,2
USGS,10301500,"WALKER RV NR WABUSKA, NV",ST,39.1524611,-119.0988889,S,NAD83, 4300.00, 20,NGVD29,16050303,qw,99206,,0,,wat,INF,0,0,2019-06-11,2019-07-10,2
USGS,10301500,"WALKER RV NR WABUSKA, NV",ST,39.1524611,-119.0988889,S,NAD83, 4300.00, 20,NGVD29,16050303,qw,99890,,0,,wat,INN,197301,0,1989-06-29,1990-02-01,4
USGS,10301500,"WALKER RV NR WABUSKA, NV",ST,39.1524611,-119.0988889,S,NAD83, 4300.00, 20,NGVD29,16050303,sv,,,0,,wat,,0,0,1958-06-26,2026-09-28,1236
USGS,10301500,"WALKER RV NR WABUSKA, NV",ST,39.1524611,-119.0988889,S,NAD83, 4300.00, 20,NGVD29,16050303,uv,00010,,103854,,wat,,1645597,0,2012-02-06,2026-10-02,5352
USGS,10301500,"WALKER RV NR WABUSKA, NV",ST,39.1524611,-119.0988889,S,NAD83, 4300.00, 20,NGVD29,16050303,uv,00060,,103852,,wat,,1645423,0,1988-10-01,2026-10-02,13880
USGS,10301500,"WALKER RV NR WABUSKA, NV",ST,39.1524611,-119.0988889,S,NAD83, 4300.00, 20,NGVD29,16050303,uv,00065,,103853,,wat,,17164583,0,2007-10-01,2026-10-02,6941
USGS,10301500,"WALKER RV NR WABUSKA, NV",ST,39.1524611,-119.0988889,S,NAD83, 4300.00, 20,NGVD29,16050303,uv,00095,,103855,,wat,,1646694,0,2007-10-01,2026-10-02,6941
USGS,10301600,"WALKER RV ABV WEBER RES NR SCHURZ, NV",ST,39.1032533,-118.929317,U,NAD83, 4215.00,.01,NGVD29,16050303,ad,,,0,,wat,,0,0,2005,2025,21
USGS,10301600,"WALKER RV ABV WEBER RES NR SCHURZ, NV",ST,39.1032533,-118.929317,U,NAD83, 4215.00,.01,NGVD29,16050303,dv,00060,00003,102531,,wat,,1645423,0,1977-06-13,2026-10-01,13746
USGS,10301600,"WALKER RV ABV WEBER RES NR SCHURZ, NV",ST,39.1032533,-118.929317,U,NAD83, 4215.00,.01,NGVD29,16050303,pk,,,0,,wat,,0,0,1977-06-21,2025-04-30,37
USGS,10301600,"WALKER RV ABV WEBER RES NR SCHURZ, NV",ST,39.1032533,-118.929317,U,NAD83, 4215.00,.01,NGVD29,16050303,qw,,,0,,wat,ALL,0,0,1976-06-29,2019-07-10,57
USGS,10301600,"WALKER RV ABV WEBER RES NR SCHURZ, NV",ST,39.1032533,-118.929317,U,NAD83, 4215.00,.01,NGVD29,16050303,qw,00010,,0,,wat,PHY,1645597,0,1976-06-29,2019-07-10,53
USGS,10301600,"WALKER RV ABV WEBER RES NR SCHURZ, NV",ST,39.1032533,-118.929317,U,NAD83, 4215.00,.01,NGVD29,16050303,qw,00020,,0,,wat,PHY,1645712,0,2005-03-09,2005-03-09,1
USGS,10301600,"WALKER RV ABV WEBER RES NR SCHURZ, NV",ST,39.1032533,-118.929317,U,NAD83, 4215.00,.01,NGVD29,16050303,qw,00022,,0,,wat,INF,0,0,2019-06-12,2019-06-12,1
USGS,10301600,"WALKER RV ABV WEBER RES NR SCHURZ, NV",ST,39.1032533,-118.929317,U,NAD83, 4215.00,.01,NGVD29,16050303,qw,00025,,0,,wat,PHY,1641265,0,1994-07-21,2019-07-10,5
USGS,10301600,"WALKER RV ABV WEBER RES NR SCHURZ, NV",ST,39.1032533,-118.929317,U,NAD83, 4215.00,.01,NGVD29,16050303,qw,00028,,0,,sed,INF,0,0,2005-04-21,2005-04-21,1
USGS,10301600,"WALKER RV ABV WEBER RES NR SCHURZ, NV",ST,39.1032533,-118.929317,U,NAD83, 4215.00,.01,NGVD29,16050303,qw,00028,,0,,wat,INF,0,0,1976-06-29,2005-03-09,30
USGS,10301600,"WALKER RV ABV WEBER RES NR SCHURZ, NV",ST,39.1032533,-118.929317,U,NAD83, 4215.00,.01,NGVD29,16050303,qw,00061,,0,,wat,PHY,1645415,0,1976-06-29,2019-07-10,53
USGS,10301600,"WALKER RV ABV WEBER RES NR SCHURZ, NV",ST,39.1032533,-118.929317,U,NAD83, 4215.00,.01,NGVD29,16050303,qw,00065,,0,,wat,PHY,17164583,0,2004-03-08,2019-07-10,3
USGS,10301600,"WALKER RV ABV WEBER RES NR SCHURZ, NV",ST,39.1032533,-118.929317,U,NAD83, 4215.00,.01,NGVD29,16050303,qw,00095,,0,,wat,PHY,1646694,0,1976-06-29,2019-07-10,55
USGS,10301600,"WALKER RV ABV WEBER RES NR SCHURZ, NV",ST,39.1032533,-118.929317,U,NAD83, 4215.00,.01,NGVD29,16050303,qw,00191,,0,,wat,INN,1640572,0,1994-07-21,2019-07-10,5
USGS,10301600,"WALKER RV ABV WEBER RES NR SCHURZ, NV",ST,39.1032533,-118.929317,U,NAD83, 4215.00,.01,NGVD29,16050303,qw,00300,,0,,wat,INN,154302,0,1994-07-21,2005-03-09,3
USGS,10301600,"WALKER RV ABV WEBER RES NR SCHURZ, NV",ST,39.1032533,-118.929317,U,NAD83, 4215.00,.01,NGVD29,16050303,qw,00301,,0,,wat,INN,154302,0,1994-07-21,2005-03-09,3
USGS,10301600,"WALKER RV ABV WEBER RES NR SCHURZ, NV",ST,39.1032533,-118.929317,U,NAD83, 4215.00,.01,NGVD29,16050303,qw,00400,,0,,wat,PHY,17028275,0,1994-07-21,2019-07-10,5
USGS,10301600,"WALKER RV ABV WEBER RES NR SCHURZ, NV",ST,39.1032533,-118.929317,U,NAD83, 4215.00,.01,NGVD29,16050303,qw,00403,,0,,wat,PHY,1644335,0,1980-10-27,2005-03-09,4
USGS,10301600,"WALKER RV ABV WEBER RES NR SCHURZ, NV",ST,39.1032533,-118.929317,U,NAD83, 4215.00,.01,NGVD29,16050303,qw,00405,,0,,wat,INN,33548,0,1994-07-21,2005-03-09,3
USGS,10301600,"WALKER RV ABV WEBER RES NR SCHURZ, NV",ST,39.1032533,-118.929317,U,NAD83, 4215.00,.01,NGVD29,16050303,qw,00452,,0,,wat,INN,119396,0,1994-07-21,1994-07-21,1
USGS,10301600,"WALKER RV ABV WEBER RES NR SCHURZ, NV",ST,39.1032533,-118.929317,U,NAD83, 4215.00,.01,NGVD29,16050303,qw,00453,,0,,wat,INN,4788,0,1994-07-21,2005-03-09,3
USGS,10301600,"WALKER RV ABV WEBER RES NR SCHURZ, NV",ST,39.1032533,-118.929317,U,NAD83, 4215.00,.01,NGVD29,16050303,qw,00608,,0,,wat,NUT,966655,0,1994-07-21,1994-07-21,1
USGS,10301600,"WALKER RV ABV WEBER RES NR SCHURZ, NV",ST,39.1032533,-118.929317,U,NAD83, 4215.00,.01,NGVD29,16050303,qw,00613,,0,,wat,NUT,197194,0,1994-07-21,1994-07-21,1
USGS,10301600,"WALKER RV ABV WEBER RES NR SCHURZ, NV",ST,39.1032533,-118.929317,U,NAD83, 4215.00,.01,NGVD29,16050303,qw,00618,,0,,wat,NUT,197186,0,1994-07-21,1994-07-21,1
USGS,10301600,"WALKER RV ABV WEBER RES NR SCHURZ, NV",ST,39.1032533,-118.929317,U,NAD83, 4215.00,.01,NGVD29,16050303,qw,00631,,0,,wat,NUT,701177,0,1994-07-21,1994-07-21,1
USGS,10301600,"WALKER RV ABV WEBER RES NR SCHURZ, NV",ST,39.1032533,-118.929317,U,NAD83, 4215.00,.01,NGVD29,16050303,qw,00660,,0,,wat,NUT,194464,0,1994-07-21,1994-07-21,1
USGS,10301600,"WALKER RV ABV WEBER RES NR SCHURZ, NV",ST,39.1032533,-118.929317,U,NAD83, 4215.00,.01,NGVD29,16050303,qw,00668,,0,,sed,NUT,153049,0,2005-04-21,2005-04-21,1
USGS,10301600,"WALKER RV ABV WEBER RES NR SCHURZ, NV",ST,39.1032533,-118.929317,U,NAD83, 4215.00,.01,NGVD29,16050303,qw,00671,,0,,wat,NUT,194464,0,1994-07-21,1994-07-21,1
USGS,10301600,"WALKER RV ABV WEBER RES NR SCHURZ, NV",ST,39.1032533,-118.929317,U,NAD83, 4215.00,.01,NGVD29,16050303,qw,00900,,0,,wat,PHY,1640416,0,1976-06-29,2005-03-09,44
USGS,10301600,"WALKER RV ABV WEBER RES NR SCHURZ, NV",ST,39.1032533,-118.929317,U,NAD83, 4215.00,.01,NGVD29,16050303,qw,00902,,0,,wat,PHY,1640432,0,1976-06-29,1979-07-19,3
USGS,10301600,"WALKER RV ABV WEBER RES NR SCHURZ, NV",ST,39.1032533,-118.929317,U,NAD83, 4215.00,.01,NGVD29,16050303,qw,00915,,0,,wat,INM,150268,0,1976-06-29,2005-03-09,44
USGS,10301600,"WALKER RV ABV WEBER RES NR SCHURZ, NV",ST,39.1032533,-118.929317,U,NAD83, 4215.00,.01,NGVD29,16050303,qw,00917,,0,,sed,INM,150268,0,2005-04-21,2005-04-21,1
USGS,10301600,"WALKER RV ABV WEBER RES NR SCHURZ, NV",ST,39.1032533,-118.929317,U,NAD83, 4215.00,.01,NGVD29,16050303,qw,00924,,0,,sed,INM,149617,0,2005-04-21,2005-04-21,1
USGS,10301600,"WALKER RV ABV WEBER RES NR SCHURZ, NV",ST,39.1032533,-118.929317,U,NAD83, 4215.00,.01,NGVD29,16050303,qw,00925,,0,,wat,INM,149617,0,1976-06-29,2005-03-09,44
USGS,10301600,"WALKER RV ABV WEBER RES NR SCHURZ, NV",ST,39.1032533,-118.929317,U,NAD83, 4215.00,.01,NGVD29,16050303,qw,00930,,0,,wat,INM,149856,0,1976-06-29,2005-03-09,44
USGS,10301600,"WALKER RV ABV WEBER RES NR SCHURZ, NV",ST,39.1032533,-118.929317,U,NAD83, 4215.00,.01,NGVD29,16050303,qw,00931,,0,,wat,INM,1640523,0,1976-06-29,2005-03-09,44
USGS,10301600,"WALKER RV ABV WEBER RES NR SCHURZ, NV",ST,39.1032533,-118.929317,U,NAD83, 4215.00,.01,NGVD29,16050303,qw,00932,,0,,wat,INM,1646660,0,1994-07-21,2005-03-09,3
USGS,10301600,"WALKER RV ABV WEBER RES NR SCHURZ, NV",ST,39.1032533,-118.929317,U,NAD83, 4215.00,.01,NGVD29,16050303,qw,00934,,0,,sed,INM,149856,0,2005-04-21,2005-04-21,1
USGS,10301600,"WALKER RV ABV WEBER RES NR SCHURZ, NV",ST,39.1032533,-118.929317,U,NAD83, 4215.00,.01,NGVD29,16050303,qw,00935,,0,,wat,INM,149740,0,1994-07-21,2005-03-09,3
USGS,10301600,"WALKER RV ABV WEBER RES NR SCHURZ, NV",ST,39.1032533,-118.929317,U,NAD83, 4215.00,.01,NGVD29,16050303,qw,00938,,0,,sed,INM,149740,0,2005-04-21,2005-04-21,1
USGS,10301600,"WALKER RV ABV WEBER RES NR SCHURZ, NV",ST,39.1032533,-118.929317,U,NAD83, 4215.00,.01,NGVD29,16050303,qw,00940,,0,,wat,INN,205955,0,1994-07-21,2005-03-09,3
USGS,10301600,"WALKER RV ABV WEBER RES NR SCHURZ, NV",ST,39.1032533,-118.929317,U,NAD83, 4215.00,.01,NGVD29,16050303,qw,00945,,0,,wat,INN,197301,0,1994-07-21,2005-03-09,3
USGS,10301600,"WALKER RV ABV WEBER RES NR SCHURZ, NV",ST,39.1032533,-118.929317,U,NAD83, 4215.00,.01,NGVD29,16050303,qw,00950,,0,,wat,INN,206706,0,1994-07-21,2005-03-09,3
USGS,10301600,"WALKER RV ABV WEBER RES NR SCHURZ, NV",ST,39.1032533,-118.929317,U,NAD83, 4215.00,.01,NGVD29,16050303,qw,00955,,0,,wat,INN,151977,0,1994-07-21,2005-03-09,3
USGS,10301600,"WALKER RV ABV WEBER RES NR SCHURZ, NV",ST,39.1032533,-118.929317,U,NAD83, 4215.00,.01,NGVD29,16050303,qw,01000,,0,,wat,IMN,149989,0,1994-07-21,1994-07-21,1
USGS,10301600,"WALKER RV ABV WEBER RES NR SCHURZ, NV",ST,39.1032533,-118.929317,U,NAD83, 4215.00,.01,NGVD29,16050303,qw,01005,,0,,wat,IMM,149997,0,1994-07-21,1994-07-21,1
USGS,10301600,"WALKER RV ABV WEBER RES NR SCHURZ, NV",ST,39.1032533,-118.929317,U,NAD83, 4215.00,.01,NGVD29,16050303,qw,01010,,0,,wat,IMM,150003,0,1994-07-21,1994-07-21,1
USGS,10301600,"WALKER RV ABV WEBER RES NR SCHURZ, NV",ST,39.1032533,-118.929317,U,NAD83, 4215.00,.01,NGVD29,16050303,qw,01020,,0,,wat,IMN,150011,0,1976-06-29,2005-03-09,44
USGS,10301600,"WALKER RV ABV WEBER RES NR SCHURZ, NV",ST,39.1032533,-118.929317,U,NAD83, 4215.00,.01,NGVD29,16050303,qw,01025,,0,,wat,IMM,150029,0,1994-07-21,1994-07-21,1
USGS,10301600,"WALKER RV ABV WEBER RES NR SCHURZ, NV",ST,39.1032533,-118.929317,U,NAD83, 4215.00,.01,NGVD29,16050303,qw,01030,,0,,wat,IMM,150060,0,1994-07-21,1994-07-21,1
USGS,10301600,"WALKER RV ABV WEBER RES NR SCHURZ, NV",ST,39.1032533,-118.929317,U,NAD83, 4215.00,.01,NGVD29,16050303,qw,01035,,0,,wat,IMM,150078,0,1994-07-21,1994-07-21,1
USGS,10301600,"WALKER RV ABV WEBER RES NR SCHURZ, NV",ST,39.1032533,-118.929317,U,NAD83, 4215.00,.01,NGVD29,16050303,qw,01040,,0,,wat,IMM,150086,0,1994-07-21,1994-07-21,1
USGS,10301600,"WALKER RV ABV WEBER RES NR SCHURZ, NV",ST,39.1032533,-118.929317,U,NAD83, 4215.00,.01,NGVD29,16050303,qw,01046,,0,,wat,IMM,149559,0,1994-07-21,2005-03-09,3
USGS,10301600,"WALKER RV ABV WEBER RES NR SCHURZ, NV",ST,39.1032533,-118.929317,U,NAD83, 4215.00,.01,NGVD29,16050303,qw,01049,,0,,wat,IMM,149583,0,1994-07-21,1994-07-21,1
USGS,10301600,"WALKER RV ABV WEBER RES NR SCHURZ, NV",ST,39.1032533,-118.929317,U,NAD83, 4215.00,.01,NGVD29,16050303,qw,01056,,0,,wat,IMM,149625,0,1994-07-21,2005-03-09,3
USGS,10301600,"WALKER RV ABV WEBER RES NR SCHURZ, NV",ST,39.1032533,-118.929317,U,NAD83, 4215.00,.01,NGVD29,16050303,qw,01060,,0,,wat,IMM,149641,0,1994-07-21,1994-07-21,1
USGS,10301600,"WALKER RV ABV WEBER RES NR SCHURZ, NV",ST,39.1032533,-118.929317,U,NAD83, 4215.00,.01,NGVD29,16050303,qw,01065,,0,,wat,IMM,149674,0,1994-07-21,1994-07-21,1
USGS,10301600,"WALKER RV ABV WEBER RES NR SCHURZ, NV",ST,39.1032533,-118.929317,U,NAD83, 4215.00,.01,NGVD29,16050303,qw,01075,,0,,wat,IMM,149849,0,1994-07-21,1994-07-21,1
USGS,10301600,"WALKER RV ABV WEBER RES NR SCHURZ, NV",ST,39.1032533,-118.929317,U,NAD83, 4215.00,.01,NGVD29,16050303,qw,01080,,0,,wat,IMM,149864,0,2004-03-08,2005-03-09,2
USGS,10301600,"WALKER RV ABV WEBER RES NR SCHURZ, NV",ST,39.1032533,-118.929317,U,NAD83, 4215.00,.01,NGVD29,16050303,qw,01090,,0,,wat,IMM,150235,0,1994-07-21,1994-07-21,1
USGS,10301600,"WALKER RV ABV WEBER RES NR SCHURZ, NV",ST,39.1032533,-118.929317,U,NAD83, 4215.00,.01,NGVD29,16050303,qw,01095,,0,,wat,IMN,149963,0,1994-07-21,1994-07-21,1
USGS,10301600,"WALKER RV ABV WEBER RES NR SCHURZ, NV",ST,39.1032533,-118.929317,U,NAD83, 4215.00,.01,NGVD29,16050303,qw,01106,,0,,wat,IMM,149476,0,1994-07-21,1994-07-21,1
USGS,10301600,"WALKER RV ABV WEBER RES NR SCHURZ, NV",ST,39.1032533,-118.929317,U,NAD83, 4215.00,.01,NGVD29,16050303,qw,01108,,0,,sed,IMM,149476,0,2005-04-21,2005-04-21,1
USGS,10301600,"WALKER RV ABV WEBER RES NR SCHURZ, NV",ST,39.1032533,-118.929317,U,NAD83, 4215.00,.01,NGVD29,16050303,qw,01145,,0,,wat,IMN,154310,0,1994-07-21,1994-07-21,1
USGS,10301600,"WALKER RV ABV WEBER RES NR SCHURZ, NV",ST,39.1032533,-118.929317,U,NAD83, 4215.00,.01,NGVD29,16050303,qw,01153,,0,,sed,IMM,149930,0,2005-04-21,2005-04-21,1
USGS,10301600,"WALKER RV ABV WEBER RES NR SCHURZ, NV",ST,39.1032533,-118.929317,U,NAD83, 4215.00,.01,NGVD29,16050303,qw,01170,,0,,sed,IMM,149559,0,2005-04-21,2005-04-21,1
USGS,10301600,"WALKER RV ABV WEBER RES NR SCHURZ, NV",ST,39.1032533,-118.929317,U,NAD83, 4215.00,.01,NGVD29,16050303,qw,04060,,0,,sed,IMM,149898,0,2005-04-21,2005-04-21,1
USGS,10301600,"WALKER RV ABV WEBER RES NR SCHURZ, NV",ST,39.1032533,-118.929317,U,NAD83, 4215.00,.01,NGVD29,16050303,qw,04125,,0,,sed,RAD,182451,0,2005-04-21,2005-04-21,1
USGS,10301600,"WALKER RV ABV WEBER RES NR SCHURZ, NV",ST,39.1032533,-118.929317,U,NAD83, 4215.00,.01,NGVD29,16050303,qw,09507,,0,,sed,RAD,192856,0,2005-04-21,2005-04-21,1
USGS,10301600,"WALKER RV ABV WEBER RES NR SCHURZ, NV",ST,39.1032533,-118.929317,U,NAD83, 4215.00,.01,NGVD29,16050303,qw,22603,,0,,wat,RAD,150185,0,2005-03-09,2005-03-09,1
USGS,10301600,"WALKER RV ABV WEBER RES NR SCHURZ, NV",ST,39.1032533,-118.929317,U,NAD83, 4215.00,.01,NGVD29,16050303,qw,22610,,0,,wat,RAD,192708,0,2005-03-09,2005-03-09,1
USGS,10301600,"WALKER RV ABV WEBER RES NR SCHURZ, NV",ST,39.1032533,-118.929317,U,NAD83, 4215.00,.01,NGVD29,16050303,qw,22620,,0,,wat,RAD,198606,0,2005-03-09,2005-03-09,1
USGS,10301600,"WALKER RV ABV WEBER RES NR SCHURZ, NV",ST,39.1032533,-118.929317,U,NAD83, 4215.00,.01,NGVD29,16050303,qw,22703,,0,,wat,RAD,150185,0,1994-07-21,1994-07-21,1
USGS,10301600,"WALKER RV ABV WEBER RES NR SCHURZ, NV",ST,39.1032533,-118.929317,U,NAD83, 4215.00,.01,NGVD29,16050303,qw,30207,,0,,wat,PHY,17164583,0,2004-03-08,2019-07-10,3
USGS,10301600,"WALKER RV ABV WEBER RES NR SCHURZ, NV",ST,39.1032533,-118.929317,U,NAD83, 4215.00,.01,NGVD29,16050303,qw,30209,,0,,wat,PHY,1645415,0,1976-06-29,2019-07-10,53
USGS,10301600,"WALKER RV ABV WEBER RES NR SCHURZ, NV",ST,39.1032533,-118.929317,U,NAD83, 4215.00,.01,NGVD29,16050303,qw,34795,,0,,sed,IMN,149963,0,2005-04-21,2005-04-21,1
USGS,10301600,"WALKER RV ABV WEBER RES NR SCHURZ, NV",ST,39.1032533,-118.929317,U,NAD83, 4215.00,.01,NGVD29,16050303,qw,34800,,0,,sed,IMN,149989,0,2005-04-21,2005-04-21,1
USGS,10301600,"WALKER RV ABV WEBER RES NR SCHURZ, NV",ST,39.1032533,-118.929317,U,NAD83, 4215.00,.01,NGVD29,16050303,qw,34805,,0,,sed,IMM,149997,0,2005-04-21,2005-04-21,1
USGS,10301600,"WALKER RV ABV WEBER RES NR SCHURZ, NV",ST,39.1032533,-118.929317,U,NAD83, 4215.00,.01,NGVD29,16050303,qw,34810,,0,,sed,IMM,150003,0,2005-04-21,2005-04-21,1
USGS,10301600,"WALKER RV ABV WEBER RES NR SCHURZ, NV",ST,39.1032533,-118.929317,U,NAD83, 4215.00,.01,NGVD29,16050303,qw,34815,,0,,sed,IMM,150250,0,2005-04-21,2005-04-21,1
USGS,10301600,"WALKER RV ABV WEBER RES NR SCHURZ, NV",ST,39.1032533,-118.929317,U,NAD83, 4215.00,.01,NGVD29,16050303,qw,34825,,0,,sed,IMM,150029,0,2005-04-21,2005-04-21,1
USGS,10301600,"WALKER RV ABV WEBER RES NR SCHURZ, NV",ST,39.1032533,-118.929317,U,NAD83, 4215.00,.01,NGVD29,16050303,qw,34835,,0,,sed,IMM,150045,0,2005-04-21,2005-04-21,1
USGS,10301600,"WALKER RV ABV WEBER RES NR SCHURZ, NV",ST,39.1032533,-118.929317,U,NAD83, 4215.00,.01,NGVD29,16050303,qw,34840,,0,,sed,IMM,150060,0,2005-04-21,2005-04-21,1
USGS,10301600,"WALKER RV ABV WEBER RES NR SCHURZ, NV",ST,39.1032533,-118.929317,U,NAD83, 4215.00,.01,NGVD29,16050303,qw,34845,,0,,sed,IMM,150078,0,2005-04-21,2005-04-21,1
USGS,10301600,"WALKER RV ABV WEBER RES NR SCHURZ, NV",ST,39.1032533,-118.929317,U,NAD83, 4215.00,.01,NGVD29,16050303,qw,34850,,0,,sed,IMM,150086,0,2005-04-21,2005-04-21,1
USGS,10301600,"WALKER RV ABV WEBER RES NR SCHURZ, NV",ST,39.1032533,-118.929317,U,NAD83, 4215.00,.01,NGVD29,16050303,qw,34860,,0,,sed,IMM,150128,0,2005-04-21,2005-04-21,1
USGS,10301600,"WALKER RV ABV WEBER RES NR SCHURZ, NV",ST,39.1032533,-118.929317,U,NAD83, 4215.00,.01,NGVD29,16050303,qw,34885,,0,,sed,IMM,149575,0,2005-04-21,2005-04-21,1
USGS,10301600,"WALKER RV ABV WEBER RES NR SCHURZ, NV",ST,39.1032533,-118.929317,U,NAD83, 4215.00,.01,NGVD29,16050303,qw,34890,,0,,sed,IMM,149583,0,2005-04-21,2005-04-21,1
USGS,10301600,"WALKER RV ABV WEBER RES NR SCHURZ, NV",ST,39.1032533,-118.929317,U,NAD83, 4215.00,.01,NGVD29,16050303,qw,34895,,0,,sed,IMM,149591,0,2005-04-21,2005-04-21,1
USGS,10301600,"WALKER RV ABV WEBER RES NR SCHURZ, NV",ST,39.1032533,-118.929317,U,NAD83, 4215.00,.01,NGVD29,16050303,qw,34905,,0,,sed,IMM,149625,0,2005-04-21,2005-04-21,1
USGS,10301600,"WALKER RV ABV WEBER RES NR SCHURZ, NV",ST,39.1032533,-118.929317,U,NAD83, 4215.00,.01,NGVD29,16050303,qw,34910,,0,,sed,IMM,149633,0,2005-04-21,2005-04-21,1
USGS,10301600,"WALKER RV ABV WEBER RES NR SCHURZ, NV",ST,39.1032533,-118.929317,U,NAD83, 4215.00,.01,NGVD29,16050303,qw,34915,,0,,sed,IMM,149641,0,2005-04-21,2005-04-21,1
USGS,10301600,"WALKER RV ABV WEBER RES NR SCHURZ, NV",ST,39.1032533,-118.929317,U,NAD83, 4215.00,.01,NGVD29,16050303,qw,34925,,0,,sed,IMM,149674,0,2005-04-21,2005-04-21,1
USGS,10301600,"WALKER RV ABV WEBER RES NR SCHURZ, NV",ST,39.1032533,-118.929317,U,NAD83, 4215.00,.01,NGVD29,16050303,qw,34930,,0,,sed,IMM,149682,0,2005-04-21,2005-04-21,1
USGS,10301600,"WALKER RV ABV WEBER RES NR SCHURZ, NV",ST,39.1032533,-118.929317,U,NAD83, 4215.00,.01,NGVD29,16050303,qw,34945,,0,,sed,IMM,149823,0,2005-04-21,2005-04-21,1
USGS,10301600,"WALKER RV ABV WEBER RES NR SCHURZ, NV",ST,39.1032533,-118.929317,U,NAD83, 4215.00,.01,NGVD29,16050303,qw,34955,,0,,sed,IMM,149849,0,2005-04-21,2005-04-21,1
USGS,10301600,"WALKER RV ABV WEBER RES NR SCHURZ, NV",ST,39.1032533,-118.929317,U,NAD83, 4215.00,.01,NGVD29,16050303,qw,34965,,0,,sed,IMM,149864,0,2005-04-21,2005-04-21,1
USGS,10301600,"WALKER RV ABV WEBER RES NR SCHURZ, NV",ST,39.1032533,-118.929317,U,NAD83, 4215.00,.01,NGVD29,16050303,qw,34970,,0,,sed,INN,152744,0,2005-04-21,2005-04-21,1
USGS,10301600,"WALKER RV ABV WEBER RES NR SCHURZ, NV",ST,39.1032533,-118.929317,U,NAD83, 4215.00,.01,NGVD29,16050303,qw,34975,,0,,sed,IMM,149872,0,2005-04-21,2005-04-21,1
USGS,10301600,"WALKER RV ABV WEBER RES NR SCHURZ, NV",ST,39.1032533,-118.929317,U,NAD83, 4215.00,.01,NGVD29,16050303,qw,34980,,0,,sed,RAD,149906,0,2005-04-21,2005-04-21,1
USGS,10301600,"WALKER RV ABV WEBER RES NR SCHURZ, NV",ST,39.1032533,-118.929317,U,NAD83, 4215.00,.01,NGVD29,16050303,qw,35000,,0,,sed,RAD,150185,0,2005-04-21,2005-04-21,1
USGS,10301600,"WALKER RV ABV WEBER RES NR SCHURZ, NV",ST,39.1032533,-118.929317,U,NAD83, 4215.00,.01,NGVD29,16050303,qw,35005,,0,,sed,IMM,150193,0,2005-04-21,2005-04-21,1
USGS,10301600,"WALKER RV ABV WEBER RES NR SCHURZ, NV",ST,39.1032533,-118.929317,U,NAD83, 4215.00,.01,NGVD29,16050303,qw,35010,,0,,sed,IMM,150227,0,2005-04-21,2005-04-21,1
USGS,10301600,"WALKER RV ABV WEBER RES NR SCHURZ, NV",ST,39.1032533,-118.929317,U,NAD83, 4215.00,.01,NGVD29,16050303,qw,35020,,0,,sed,IMM,150235,0,2005-04-21,2005-04-21,1
USGS,10301600,"WALKER RV ABV WEBER RES NR SCHURZ, NV",ST,39.1032533,-118.929317,U,NAD83, 4215.00,.01,NGVD29,16050303,qw,39086,,0,,wat,INN,1640192,0,1994-07-21,2005-03-09,3
USGS,10301600,"WALKER RV ABV WEBER RES NR SCHURZ, NV",ST,39.1032533,-118.929317,U,NAD83, 4215.00,.01,NGVD29,16050303,qw,49266,,0,,sed,OOT,701250,0,2005-04-21,2005-04-21,1
USGS,10301600,"WALKER RV ABV WEBER RES NR SCHURZ, NV",ST,39.1032533,-118.929317,U,NAD83, 4215.00,.01,NGVD29,16050303,qw,49267,,0,,sed,INN,150037,0,2005-04-21,2005-04-21,1
USGS,10301600,"WALKER RV ABV WEBER RES NR SCHURZ, NV",ST,39.1032533,-118.929317,U,NAD83, 4215.00,.01,NGVD29,16050303,qw,49932,,0,,wat,ISO,967356,0,2005-03-09,2005-03-09,1
USGS,10301600,"WALKER RV ABV WEBER RES NR SCHURZ, NV",ST,39.1032533,-118.929317,U,NAD83, 4215.00,.01,NGVD29,16050303,qw,49962,,0,,sed,RAD,182469,0,2005-04-21,2005-04-21,1
USGS,10301600,"WALKER RV ABV WEBER RES NR SCHURZ, NV",ST,39.1032533,-118.929317,U,NAD83, 4215.00,.01,NGVD29,16050303,qw,50280,,0,,wat,INF,0,0,2019-06-12,2019-07-10,3
USGS,10301600,"WALKER RV ABV WEBER RES NR SCHURZ, NV",ST,39.1032533,-118.929317,U,NAD83, 4215.00,.01,NGVD29,16050303,qw,51410,,0,,wat,OPE,775908,0,2019-06-12,2019-06-12,1
USGS,10301600,"WALKER RV ABV WEBER RES NR SCHURZ, NV",ST,39.1032533,-118.929317,U,NAD83, 4215.00,.01,NGVD29,16050303,qw,51415,,0,,wat,OPE,17123530,0,2019-06-12,2019-06-12,1
USGS,10301600,"WALKER RV ABV WEBER RES NR SCHURZ, NV",ST,39.1032533,-118.929317,U,NAD83, 4215.00,.01,NGVD29,16050303,qw,51418,,0,,wat,OPE,15651,0,2019-06-12,2019-06-12,1
USGS,10301600,"WALKER RV ABV WEBER RES NR SCHURZ, NV",ST,39.1032533,-118.929317,U,NAD83, 4215.00,.01,NGVD29,16050303,qw,51442,,0,,wat,OPE,94128,0,2019-06-12,2019-06-12,1
USGS,10301600,"WALKER RV ABV WEBER RES NR SCHURZ, NV",ST,39.1032533,-118.929317,U,NAD83, 4215.00,.01,NGVD29,16050303,qw,51488,,0,,wat,OPE,3400,0,2019-06-12,2019-06-12,1
USGS,10301600,"WALKER RV ABV WEBER RES NR SCHURZ, NV",ST,39.1032533,-118.929317,U,NAD83, 4215.00,.01,NGVD29,16050303,qw,51496,,0,,wat,OPE,42606,0,2019-06-12,2019-06-12,1
USGS,10301600,"WALKER RV ABV WEBER RES NR SCHURZ, NV",ST,39.1032533,-118.929317,U,NAD83, 4215.00,.01,NGVD29,16050303,qw,51507,,0,,wat,OPE,621722,0,2019-06-12,2019-06-12,1
USGS,10301600,"WALKER RV ABV WEBER RES NR SCHURZ, NV",ST,39.1032533,-118.929317,U,NAD83, 4215.00,.01,NGVD29,16050303,qw,51518,,0,,wat,OPE,291062,0,2019-06-12,2019-06-12,1
USGS,10301600,"WALKER RV ABV WEBER RES NR SCHURZ, NV",ST,39.1032533,-118.929317,U,NAD83, 4215.00,.01,NGVD29,16050303,qw,51536,,0,,wat,OPE,700989,0,2019-06-12,2019-06-12,1
USGS,10301600,"WALKER RV ABV WEBER RES NR SCHURZ, NV",ST,39.1032533,-118.929317,U,NAD83, 4215.00,.01,NGVD29,16050303,qw,51573,,0,,wat,OPE,223180,0,2019-06-12,2019-06-12,1
USGS,10301600,"WALKER RV ABV WEBER RES NR SCHURZ, NV",ST,39.1032533,-118.929317,U,NAD83, 4215.00,.01,NGVD29,16050303,qw,51590,,0,,wat,OPE,89474,0,2019-06-12,2019-06-12,1
USGS,10301600,"WALKER RV ABV WEBER RES NR SCHURZ, NV",ST,39.1032533,-118.929317,U,NAD83, 4215.00,.01,NGVD29,16050303,qw,51595,,0,,wat,OPE,316398,0,2019-06-12,2019-06-12,1
USGS,10301600,"WALKER RV ABV WEBER RES NR SCHURZ, NV",ST,39.1032533,-118.929317,U,NAD83, 4215.00,.01,NGVD29,16050303,qw,51616,,0,,wat,OPE,265652,0,2019-06-12,2019-06-12,1
USGS,10301600,"WALKER RV ABV WEBER RES NR SCHURZ, NV",ST,39.1032533,-118.929317,U,NAD83, 4215.00,.01,NGVD29,16050303,qw,53566,,0,,wat,OPE,582726,0,2019-06-12,2019-06-12,1
USGS,10301600,"WALKER RV ABV WEBER RES NR SCHURZ, NV",ST,39.1032533,-118.929317,U,NAD83, 4215.00,.01,NGVD29,16050303,qw,62648,,0,,wat,ISO,0,0,2004-03-08,2005-03-09,2
USGS,10301600,"WALKER RV ABV WEBER RES NR SCHURZ, NV",ST,39.1032533,-118.929317,U,NAD83, 4215.00,.01,NGVD29,16050303,qw,62649,,0,,wat,OPE,686584,0,2019-06-12,2019-07-10,2
USGS,10301600,"WALKER RV ABV WEBER RES NR SCHURZ, NV",ST,39.1032533,-118.929317,U,NAD83, 4215.00,.01,NGVD29,16050303,qw,62721,,0,,wat,OPE,17119215,0,2019-06-12,2019-07-10,2
USGS,10301600,"WALKER RV ABV WEBER RES NR SCHURZ, NV",ST,39.1032533,-118.929317,U,NAD83, 4215.00,.01,NGVD29,16050303,qw,62722,,0,,wat,OPE,77438,0,2019-06-12,2019-07-10,2
USGS,10301600,"WALKER RV ABV WEBER RES NR SCHURZ, NV",ST,39.1032533,-118.929317,U,NAD83, 4215.00,.01,NGVD29,16050303,qw,70300,,0,,wat,PHY,1642222,0,1994-07-21,2005-03-09,3
USGS,10301600,"WALKER RV ABV WEBER RES NR SCHURZ, NV",ST,39.1032533,-118.929317,U,NAD83, 4215.00,.01,NGVD29,16050303,qw,70301,,0,,wat,PHY,1642222,0,1994-07-21,2005-03-09,3
USGS,10301600,"WALKER RV ABV WEBER RES NR SCHURZ, NV",ST,39.1032533,-118.929317,U,NAD83, 4215.00,.01,NGVD29,16050303,qw,70302,,0,,wat,PHY,1642222,0,1994-07-21,2005-03-09,3
USGS,10301600,"WALKER RV ABV WEBER RES NR SCHURZ, NV",ST,39.1032533,-118.929317,U,NAD83, 4215.00,.01,NGVD29,16050303,qw,70303,,0,,wat,PHY,1642222,0,1994-07-21,2005-03-09,3
USGS,10301600,"WALKER RV ABV WEBER RES NR SCHURZ, NV",ST,39.1032533,-118.929317,U,NAD83, 4215.00,.01,NGVD29,16050303,qw,71846,,0,,wat,NUT,966655,0,1994-07-21,1994-07-21,1
USGS,10301600,"WALKER RV ABV WEBER RES NR SCHURZ, NV",ST,39.1032533,-118.929317,U,NAD83, 4215.00,.01,NGVD29,16050303,qw,71851,,0,,wat,NUT,197186,0,1994-07-21,1994-07-21,1
USGS,10301600,"WALKER RV ABV WEBER RES NR SCHURZ, NV",ST,39.1032533,-118.929317,U,NAD83, 4215.00,.01,NGVD29,16050303,qw,71856,,0,,wat,NUT,197194,0,1994-07-21,1994-07-21,1
USGS,10301600,"WALKER RV ABV WEBER RES NR SCHURZ, NV",ST,39.1032533,-118.929317,U,NAD83, 4215.00,.01,NGVD29,16050303,qw,71870,,0,,wat,INN,227538,0,1994-07-21,2005-03-09,2
USGS,10301600,"WALKER RV ABV WEBER RES NR SCHURZ, NV",ST,39.1032533,-118.929317,U,NAD83, 4215.00,.01,NGVD29,16050303,qw,71890,,0,,wat,IMM,149633,0,1994-07-21,1994-07-21,1
USGS,10301600,"WALKER RV ABV WEBER RES NR SCHURZ, NV",ST,39.1032533,-118.929317,U,NAD83, 4215.00,.01,NGVD29,16050303,qw,71999,,0,,wat,INF,0,0,2005-03-09,2019-07-10,4
USGS,10301600,"WALKER RV ABV WEBER RES NR SCHURZ, NV",ST,39.1032533,-118.929317,U,NAD83, 4215.00,.01,NGVD29,16050303,qw,72219,,0,,wat,INF,0,0,2019-06-12,2019-06-12,1
USGS,10301600,"WALKER RV ABV WEBER RES NR SCHURZ, NV",ST,39.1032533,-118.929317,U,NAD83, 4215.00,.01,NGVD29,16050303,qw,75977,,0,,sed,RAD,199026,0,2005-04-21,2005-04-21,1
USGS,10301600,"WALKER RV ABV WEBER RES NR SCHURZ, NV",ST,39.1032533,-118.929317,U,NAD83, 4215.00,.01,NGVD29,16050303,qw,75978,,0,,wat,ISO,17148297,0,2004-03-08,2005-03-09,2
USGS,10301600,"WALKER RV ABV WEBER RES NR SCHURZ, NV",ST,39.1032533,-118.929317,U,NAD83, 4215.00,.01,NGVD29,16050303,qw,82082,,0,,wat,ISO,1642107,0,2004-03-08,2005-03-09,2
USGS,10301600,"WALKER RV ABV WEBER RES NR SCHURZ, NV",ST,39.1032533,-118.929317,U,NAD83, 4215.00,.01,NGVD29,16050303,qw,82085,,0,,wat,ISO,967034,0,2004-03-08,2005-03-09,2
USGS,10301600,"WALKER RV ABV WEBER RES NR SCHURZ, NV",ST,39.1032533,-118.929317,U,NAD83, 4215.00,.01,NGVD29,16050303,qw,82398,,0,,wat,INF,0,0,2005-03-09,2019-07-10,4
USGS,10301600,"WALKER RV ABV WEBER RES NR SCHURZ, NV",ST,39.1032533,-118.929317,U,NAD83, 4215.00,.01,NGVD29,16050303,qw,84164,,0,,wat,INF,0,0,2005-03-09,2019-07-10,4
USGS,10301600,"WALKER RV ABV WEBER RES NR SCHURZ, NV",ST,39.1032533,-118.929317,U,NAD83, 4215.00,.01,NGVD29,16050303,qw,84174,,0,,wat,INF,0,0,2019-06-12,2019-06-12,1
USGS,10301600,"WALKER RV ABV WEBER RES NR SCHURZ, NV",ST,39.1032533,-118.929317,U,NAD83, 4215.00,.01,NGVD29,16050303,qw,90095,,0,,wat,PHY,1646694,0,1980-10-27,2005-03-09,4
USGS,10301600,"WALKER RV ABV WEBER RES NR SCHURZ, NV",ST,39.1032533,-118.929317,U,NAD83, 4215.00,.01,NGVD29,16050303,qw,90410,,0,,wat,INN,1640192,0,1994-07-21,1994-07-21,1
USGS,10301600,"WALKER RV ABV WEBER RES NR SCHURZ, NV",ST,39.1032533,-118.929317,U,NAD83, 4215.00,.01,NGVD29,16050303,qw,91135,,0,,wat,INF,0,0,2019-06-12,2019-06-12,1
USGS,10301600,"WALKER RV ABV WEBER RES NR SCHURZ, NV",ST,39.1032533,-118.929317,U,NAD83, 4215.00,.01,NGVD29,16050303,qw,99105,,0,,wat,INF,0,0,2019-07-10,2019-07-10,1
USGS,10301600,"WALKER RV ABV WEBER RES NR SCHURZ, NV",ST,39.1032533,-118.929317,U,NAD83, 4215.00,.01,NGVD29,16050303,qw,99111,,0,,wat,INF,0,0,2019-07-10,2019-07-10,1
USGS,10301600,"WALKER RV ABV WEBER RES NR SCHURZ, NV",ST,39.1032533,-118.929317,U,NAD83, 4215.00,.01,NGVD29,16050303,qw,99206,,0,,wat,INF,0,0,2019-06-12,2019-07-10,2
USGS,10301600,"WALKER RV ABV WEBER RES NR SCHURZ, NV",ST,39.1032533,-118.929317,U,NAD83, 4215.00,.01,NGVD29,16050303,sv,,,0,,wat,,0,0,1977-06-13,2026-09-29,793
USGS,10301600,"WALKER RV ABV WEBER RES NR SCHURZ, NV",ST,39.1032533,-118.929317,U,NAD83, 4215.00,.01,NGVD29,16050303,uv,00060,,103857,,wat,,1645423,0,1994-06-17,2026-10-02,11795
USGS,10301600,"WALKER RV ABV WEBER RES NR SCHURZ, NV",ST,39.1032533,-118.929317,U,NAD83, 4215.00,.01,NGVD29,16050303,uv,00065,,103858,,wat,,17164583,0,2007-10-01,2026-10-02,6941
USGS,10301650,"WALKER RV AT MOUTH OF WEBER RES NR SCHURZ, NV",ST,39.08105556,-118.9134722,1,NAD83, 4220,4.3,NAVD88,16050303,sv,,,0,,wat,,0,0,2014-06-17,2015-01-29,5
USGS,10301710,"WALKER RV BLW WEBER RES NR SCHURZ, NV",ST,39.04297579,-118.8587585,U,NAD83,,,,16050303,qw,,,0,,wat,ALL,0,0,1977-05-06,1980-09-26,43
USGS,10301710,"WALKER RV BLW WEBER RES NR SCHURZ, NV",ST,39.04297579,-118.8587585,U,NAD83,,,,16050303,qw,00010,,0,,wat,PHY,1645597,0,1977-06-28,1980-09-26,41
USGS,10301710,"WALKER RV BLW WEBER RES NR SCHURZ, NV",ST,39.04297579,-118.8587585,U,NAD83,,,,16050303,qw,00061,,0,,wat,PHY,1645415,0,1977-05-06,1980-09-26,42
USGS,10301710,"WALKER RV BLW WEBER RES NR SCHURZ, NV",ST,39.04297579,-118.8587585,U,NAD83,,,,16050303,qw,00095,,0,,wat,PHY,1646694,0,1977-05-06,1980-09-26,42
USGS,10301710,"WALKER RV BLW WEBER RES NR SCHURZ, NV",ST,39.04297579,-118.8587585,U,NAD83,,,,16050303,qw,30209,,0,,wat,PHY,1645415,0,1977-05-06,1980-09-26,42
USGS,10301720,"WALKER RV AT PT SITE BLW WEBER RES NR SCHURZ, NV",ST,39.033889,-118.861389,S,NAD83,4170.0,10.0,NGVD29,160503030500,ad,,,0,,wat,,0,0,2005,2025,21
USGS,10301720,"WALKER RV AT PT SITE BLW WEBER RES NR SCHURZ, NV",ST,39.033889,-118.861389,S,NAD83,4170.0,10.0,NGVD29,160503030500,dv,00060,00003,102534,,wat,,1645423,0,2013-09-13,2026-10-01,4767
USGS,10301720,"WALKER RV AT PT SITE BLW WEBER RES NR SCHURZ, NV",ST,39.033889,-118.861389,S,NAD83,4170.0,10.0,NGVD29,160503030500,pk,,,0,,wat,,0,0,2014-06-27,2025-05-20,12
USGS,10301720,"WALKER RV AT PT SITE BLW WEBER RES NR SCHURZ, NV",ST,39.033889,-118.861389,S,NAD83,4170.0,10.0,NGVD29,160503030500,qw,,,0,,wat,ALL,0,0,1995-08-16,2013-09-20,211
USGS,10301720,"WALKER RV AT PT SITE BLW WEBER RES NR SCHURZ, NV",ST,39.033889,-118.861389,S,NAD83,4170.0,10.0,NGVD29,160503030500,qw,00010,,0,,wat,PHY,1645597,0,1995-08-16,2013-09-20,207
USGS,10301720,"WALKER RV AT PT SITE BLW WEBER RES NR SCHURZ, NV",ST,39.033889,-118.861389,S,NAD83,4170.0,10.0,NGVD29,160503030500,qw,00020,,0,,wat,PHY,1645712,0,2012-10-05,2013-09-20,12
USGS,10301720,"WALKER RV AT PT SITE BLW WEBER RES NR SCHURZ, NV",ST,39.033889,-118.861389,S,NAD83,4170.0,10.0,NGVD29,160503030500,qw,00025,,0,,wat,PHY,1641265,0,2004-03-09,2004-03-09,1
USGS,10301720,"WALKER RV AT PT SITE BLW WEBER RES NR SCHURZ, NV",ST,39.033889,-118.861389,S,NAD83,4170.0,10.0,NGVD29,160503030500,qw,00028,,0,,wat,INF,0,0,2004-03-09,2005-09-29,13
USGS,10301720,"WALKER RV AT PT SITE BLW WEBER RES NR SCHURZ, NV",ST,39.033889,-118.861389,S,NAD83,4170.0,10.0,NGVD29,160503030500,qw,00061,,0,,wat,PHY,1645415,0,2004-03-09,2004-03-09,1
USGS,10301720,"WALKER RV AT PT SITE BLW WEBER RES NR SCHURZ, NV",ST,39.033889,-118.861389,S,NAD83,4170.0,10.0,NGVD29,160503030500,qw,00065,,0,,wat,PHY,17164583,0,2004-03-09,2004-03-09,1
USGS,10301720,"WALKER RV AT PT SITE BLW WEBER RES NR SCHURZ, NV",ST,39.033889,-118.861389,S,NAD83,4170.0,10.0,NGVD29,160503030500,qw,00095,,0,,wat,PHY,1646694,0,1995-08-16,2013-09-20,204
USGS,10301720,"WALKER RV AT PT SITE BLW WEBER RES NR SCHURZ, NV",ST,39.033889,-118.861389,S,NAD83,4170.0,10.0,NGVD29,160503030500,qw,00191,,0,,wat,INN,1640572,0,2000-04-12,2013-09-20,57
USGS,10301720,"WALKER RV AT PT SITE BLW WEBER RES NR SCHURZ, NV",ST,39.033889,-118.861389,S,NAD83,4170.0,10.0,NGVD29,160503030500,qw,00300,,0,,wat,INN,154302,0,2004-03-09,2004-03-09,1
USGS,10301720,"WALKER RV AT PT SITE BLW WEBER RES NR SCHURZ, NV",ST,39.033889,-118.861389,S,NAD83,4170.0,10.0,NGVD29,160503030500,qw,00301,,0,,wat,INN,154302,0,2004-03-09,2004-03-09,1
USGS,10301720,"WALKER RV AT PT SITE BLW WEBER RES NR SCHURZ, NV",ST,39.033889,-118.861389,S,NAD83,4170.0,10.0,NGVD29,160503030500,qw,00400,,0,,wat,PHY,17028275,0,2000-04-12,2013-09-20,57
USGS,10301720,"WALKER RV AT PT SITE BLW WEBER RES NR SCHURZ, NV",ST,39.033889,-118.861389,S,NAD83,4170.0,10.0,NGVD29,160503030500,qw,00403,,0,,wat,PHY,1644335,0,2004-03-09,2004-03-09,1
USGS,10301720,"WALKER RV AT PT SITE BLW WEBER RES NR SCHURZ, NV",ST,39.033889,-118.861389,S,NAD83,4170.0,10.0,NGVD29,160503030500,qw,00405,,0,,wat,INN,33548,0,2004-03-09,2004-03-09,1
USGS,10301720,"WALKER RV AT PT SITE BLW WEBER RES NR SCHURZ, NV",ST,39.033889,-118.861389,S,NAD83,4170.0,10.0,NGVD29,160503030500,qw,00453,,0,,wat,INN,4788,0,2004-03-09,2004-03-09,1
USGS,10301720,"WALKER RV AT PT SITE BLW WEBER RES NR SCHURZ, NV",ST,39.033889,-118.861389,S,NAD83,4170.0,10.0,NGVD29,160503030500,qw,00900,,0,,wat,PHY,1640416,0,2004-03-09,2004-03-09,1
USGS,10301720,"WALKER RV AT PT SITE BLW WEBER RES NR SCHURZ, NV",ST,39.033889,-118.861389,S,NAD83,4170.0,10.0,NGVD29,160503030500,qw,00915,,0,,wat,INM,150268,0,2004-03-09,2004-03-09,1
USGS,10301720,"WALKER RV AT PT SITE BLW WEBER RES NR SCHURZ, NV",ST,39.033889,-118.861389,S,NAD83,4170.0,10.0,NGVD29,160503030500,qw,00925,,0,,wat,INM,149617,0,2004-03-09,2004-03-09,1
USGS,10301720,"WALKER RV AT PT SITE BLW WEBER RES NR SCHURZ, NV",ST,39.033889,-118.861389,S,NAD83,4170.0,10.0,NGVD29,160503030500,qw,00930,,0,,wat,INM,149856,0,2004-03-09,2004-03-09,1
USGS,10301720,"WALKER RV AT PT SITE BLW WEBER RES NR SCHURZ, NV",ST,39.033889,-118.861389,S,NAD83,4170.0,10.0,NGVD29,160503030500,qw,00931,,0,,wat,INM,1640523,0,2004-03-09,2004-03-09,1
USGS,10301720,"WALKER RV AT PT SITE BLW WEBER RES NR SCHURZ, NV",ST,39.033889,-118.861389,S,NAD83,4170.0,10.0,NGVD29,160503030500,qw,00932,,0,,wat,INM,1646660,0,2004-03-09,2004-03-09,1
USGS,10301720,"WALKER RV AT PT SITE BLW WEBER RES NR SCHURZ, NV",ST,39.033889,-118.861389,S,NAD83,4170.0,10.0,NGVD29,160503030500,qw,00935,,0,,wat,INM,149740,0,2004-03-09,2004-03-09,1
USGS,10301720,"WALKER RV AT PT SITE BLW WEBER RES NR SCHURZ, NV",ST,39.033889,-118.861389,S,NAD83,4170.0,10.0,NGVD29,160503030500,qw,00940,,0,,wat,INN,205955,0,2004-03-09,2004-03-09,1
USGS,10301720,"WALKER RV AT PT SITE BLW WEBER RES NR SCHURZ, NV",ST,39.033889,-118.861389,S,NAD83,4170.0,10.0,NGVD29,160503030500,qw,00945,,0,,wat,INN,197301,0,2004-03-09,2004-03-09,1
USGS,10301720,"WALKER RV AT PT SITE BLW WEBER RES NR SCHURZ, NV",ST,39.033889,-118.861389,S,NAD83,4170.0,10.0,NGVD29,160503030500,qw,00950,,0,,wat,INN,206706,0,2004-03-09,2004-03-09,1
USGS,10301720,"WALKER RV AT PT SITE BLW WEBER RES NR SCHURZ, NV",ST,39.033889,-118.861389,S,NAD83,4170.0,10.0,NGVD29,160503030500,qw,00955,,0,,wat,INN,151977,0,2004-03-09,2004-03-09,1
USGS,10301720,"WALKER RV AT PT SITE BLW WEBER RES NR SCHURZ, NV",ST,39.033889,-118.861389,S,NAD83,4170.0,10.0,NGVD29,160503030500,qw,01020,,0,,wat,IMN,150011,0,2004-03-09,2004-03-09,1
USGS,10301720,"WALKER RV AT PT SITE BLW WEBER RES NR SCHURZ, NV",ST,39.033889,-118.861389,S,NAD83,4170.0,10.0,NGVD29,160503030500,qw,01046,,0,,wat,IMM,149559,0,2004-03-09,2004-03-09,1
USGS,10301720,"WALKER RV AT PT SITE BLW WEBER RES NR SCHURZ, NV",ST,39.033889,-118.861389,S,NAD83,4170.0,10.0,NGVD29,160503030500,qw,01056,,0,,wat,IMM,149625,0,2004-03-09,2004-03-09,1
USGS,10301720,"WALKER RV AT PT SITE BLW WEBER RES NR SCHURZ, NV",ST,39.033889,-118.861389,S,NAD83,4170.0,10.0,NGVD29,160503030500,qw,01080,,0,,wat,IMM,149864,0,2004-03-09,2004-03-09,1
USGS,10301720,"WALKER RV AT PT SITE BLW WEBER RES NR SCHURZ, NV",ST,39.033889,-118.861389,S,NAD83,4170.0,10.0,NGVD29,160503030500,qw,30207,,0,,wat,PHY,17164583,0,2004-03-09,2004-03-09,1
USGS,10301720,"WALKER RV AT PT SITE BLW WEBER RES NR SCHURZ, NV",ST,39.033889,-118.861389,S,NAD83,4170.0,10.0,NGVD29,160503030500,qw,30209,,0,,wat,PHY,1645415,0,2004-03-09,2004-03-09,1
USGS,10301720,"WALKER RV AT PT SITE BLW WEBER RES NR SCHURZ, NV",ST,39.033889,-118.861389,S,NAD83,4170.0,10.0,NGVD29,160503030500,qw,39086,,0,,wat,INN,1640192,0,2004-03-09,2004-03-09,1
USGS,10301720,"WALKER RV AT PT SITE BLW WEBER RES NR SCHURZ, NV",ST,39.033889,-118.861389,S,NAD83,4170.0,10.0,NGVD29,160503030500,qw,62648,,0,,wat,ISO,0,0,2004-03-09,2004-03-09,1
USGS,10301720,"WALKER RV AT PT SITE BLW WEBER RES NR SCHURZ, NV",ST,39.033889,-118.861389,S,NAD83,4170.0,10.0,NGVD29,160503030500,qw,70300,,0,,wat,PHY,1642222,0,2004-03-09,2004-03-09,1
USGS,10301720,"WALKER RV AT PT SITE BLW WEBER RES NR SCHURZ, NV",ST,39.033889,-118.861389,S,NAD83,4170.0,10.0,NGVD29,160503030500,qw,70301,,0,,wat,PHY,1642222,0,2004-03-09,2004-03-09,1
USGS,10301720,"WALKER RV AT PT SITE BLW WEBER RES NR SCHURZ, NV",ST,39.033889,-118.861389,S,NAD83,4170.0,10.0,NGVD29,160503030500,qw,70302,,0,,wat,PHY,1642222,0,2004-03-09,2004-03-09,1
USGS,10301720,"WALKER RV AT PT SITE BLW WEBER RES NR SCHURZ, NV",ST,39.033889,-118.861389,S,NAD83,4170.0,10.0,NGVD29,160503030500,qw,70303,,0,,wat,PHY,1642222,0,2004-03-09,2004-03-09,1
USGS,10301720,"WALKER RV AT PT SITE BLW WEBER RES NR SCHURZ, NV",ST,39.033889,-118.861389,S,NAD83,4170.0,10.0,NGVD29,160503030500,qw,75978,,0,,wat,ISO,17148297,0,2004-03-09,2004-03-09,1
USGS,10301720,"WALKER RV AT PT SITE BLW WEBER RES NR SCHURZ, NV",ST,39.033889,-118.861389,S,NAD83,4170.0,10.0,NGVD29,160503030500,qw,82082,,0,,wat,ISO,1642107,0,2004-03-09,2004-03-09,1
USGS,10301720,"WALKER RV AT PT SITE BLW WEBER RES NR SCHURZ, NV",ST,39.033889,-118.861389,S,NAD83,4170.0,10.0,NGVD29,160503030500,qw,82085,,0,,wat,ISO,967034,0,2004-03-09,2004-03-09,1
USGS,10301720,"WALKER RV AT PT SITE BLW WEBER RES NR SCHURZ, NV",ST,39.033889,-118.861389,S,NAD83,4170.0,10.0,NGVD29,160503030500,qw,90095,,0,,wat,PHY,1646694,0,2004-03-09,2004-03-09,1
USGS,10301720,"WALKER RV AT PT SITE BLW WEBER RES NR SCHURZ, NV",ST,39.033889,-118.861389,S,NAD83,4170.0,10.0,NGVD29,160503030500,sv,,,0,,wat,,0,0,1993-11-24,2026-09-28,586
USGS,10301720,"WALKER RV AT PT SITE BLW WEBER RES NR SCHURZ, NV",ST,39.033889,-118.861389,S,NAD83,4170.0,10.0,NGVD29,160503030500,uv,00060,,103864,,wat,,1645423,0,2013-09-13,2026-10-02,4767
USGS,10301720,"WALKER RV AT PT SITE BLW WEBER RES NR SCHURZ, NV",ST,39.033889,-118.861389,S,NAD83,4170.0,10.0,NGVD29,160503030500,uv,00065,,103863,,wat,,17164583,0,2013-09-13,2026-10-02,4767
USGS,10301740,"WALKER RV ABV CANAL 1-2 DIV WEIR NR SCHURZ, NV",ST,39.01686466,-118.8662583,S,NAD83, 4170., 20,NGVD29,16050303,qw,,,0,,wat,ALL,0,0,1994-06-16,1994-06-16,1
USGS,10301740,"WALKER RV ABV CANAL 1-2 DIV WEIR NR SCHURZ, NV",ST,39.01686466,-118.8662583,S,NAD83, 4170., 20,NGVD29,16050303,qw,00010,,0,,wat,PHY,1645597,0,1994-06-16,1994-06-16,1
USGS,10301740,"WALKER RV ABV CANAL 1-2 DIV WEIR NR SCHURZ, NV",ST,39.01686466,-118.8662583,S,NAD83, 4170., 20,NGVD29,16050303,qw,00025,,0,,wat,PHY,1641265,0,1994-06-16,1994-06-16,1
USGS,10301740,"WALKER RV ABV CANAL 1-2 DIV WEIR NR SCHURZ, NV",ST,39.01686466,-118.8662583,S,NAD83, 4170., 20,NGVD29,16050303,qw,00028,,0,,wat,INF,0,0,1994-06-16,1994-06-16,1
USGS,10301740,"WALKER RV ABV CANAL 1-2 DIV WEIR NR SCHURZ, NV",ST,39.01686466,-118.8662583,S,NAD83, 4170., 20,NGVD29,16050303,qw,00061,,0,,wat,PHY,1645415,0,1994-06-16,1994-06-16,1
USGS,10301740,"WALKER RV ABV CANAL 1-2 DIV WEIR NR SCHURZ, NV",ST,39.01686466,-118.8662583,S,NAD83, 4170., 20,NGVD29,16050303,qw,00095,,0,,wat,PHY,1646694,0,1994-06-16,1994-06-16,1
USGS,10301740,"WALKER RV ABV CANAL 1-2 DIV WEIR NR SCHURZ, NV",ST,39.01686466,-118.8662583,S,NAD83, 4170., 20,NGVD29,16050303,qw,00191,,0,,wat,INN,1640572,0,1994-06-16,1994-06-16,1
USGS,10301740,"WALKER RV ABV CANAL 1-2 DIV WEIR NR SCHURZ, NV",ST,39.01686466,-118.8662583,S,NAD83, 4170., 20,NGVD29,16050303,qw,00300,,0,,wat,INN,154302,0,1994-06-16,1994-06-16,1
USGS,10301740,"WALKER RV ABV CANAL 1-2 DIV WEIR NR SCHURZ, NV",ST,39.01686466,-118.8662583,S,NAD83, 4170., 20,NGVD29,16050303,qw,00301,,0,,wat,INN,154302,0,1994-06-16,1994-06-16,1
USGS,10301740,"WALKER RV ABV CANAL 1-2 DIV WEIR NR SCHURZ, NV",ST,39.01686466,-118.8662583,S,NAD83, 4170., 20,NGVD29,16050303,qw,00400,,0,,wat,PHY,17028275,0,1994-06-16,1994-06-16,1
USGS,10301740,"WALKER RV ABV CANAL 1-2 DIV WEIR NR SCHURZ, NV",ST,39.01686466,-118.8662583,S,NAD83, 4170., 20,NGVD29,16050303,qw,00403,,0,,wat,PHY,1644335,0,1994-06-16,1994-06-16,1
USGS,10301740,"WALKER RV ABV CANAL 1-2 DIV WEIR NR SCHURZ, NV",ST,39.01686466,-118.8662583,S,NAD83, 4170., 20,NGVD29,16050303,qw,00405,,0,,wat,INN,33548,0,1994-06-16,1994-06-16,1
USGS,10301740,"WALKER RV ABV CANAL 1-2 DIV WEIR NR SCHURZ, NV",ST,39.01686466,-118.8662583,S,NAD83, 4170., 20,NGVD29,16050303,qw,00452,,0,,wat,INN,119396,0,1994-06-16,1994-06-16,1
USGS,10301740,"WALKER RV ABV CANAL 1-2 DIV WEIR NR SCHURZ, NV",ST,39.01686466,-118.8662583,S,NAD83, 4170., 20,NGVD29,16050303,qw,00453,,0,,wat,INN,4788,0,1994-06-16,1994-06-16,1
USGS,10301740,"WALKER RV ABV CANAL 1-2 DIV WEIR NR SCHURZ, NV",ST,39.01686466,-118.8662583,S,NAD83, 4170., 20,NGVD29,16050303,qw,00608,,0,,wat,NUT,966655,0,1994-06-16,1994-06-16,1
USGS,10301740,"WALKER RV ABV CANAL 1-2 DIV WEIR NR SCHURZ, NV",ST,39.01686466,-118.8662583,S,NAD83, 4170., 20,NGVD29,16050303,qw,00613,,0,,wat,NUT,197194,0,1994-06-16,1994-06-16,1
USGS,10301740,"WALKER RV ABV CANAL 1-2 DIV WEIR NR SCHURZ, NV",ST,39.01686466,-118.8662583,S,NAD83, 4170., 20,NGVD29,16050303,qw,00618,,0,,wat,NUT,197186,0,1994-06-16,1994-06-16,1
USGS,10301740,"WALKER RV ABV CANAL 1-2 DIV WEIR NR SCHURZ, NV",ST,39.01686466,-118.8662583,S,NAD83, 4170., 20,NGVD29,16050303,qw,00631,,0,,wat,NUT,701177,0,1994-06-16,1994-06-16,1
USGS,10301740,"WALKER RV ABV CANAL 1-2 DIV WEIR NR SCHURZ, NV",ST,39.01686466,-118.8662583,S,NAD83, 4170., 20,NGVD29,16050303,qw,00660,,0,,wat,NUT,194464,0,1994-06-16,1994-06-16,1
USGS,10301740,"WALKER RV ABV CANAL 1-2 DIV WEIR NR SCHURZ, NV",ST,39.01686466,-118.8662583,S,NAD83, 4170., 20,NGVD29,16050303,qw,00671,,0,,wat,NUT,194464,0,1994-06-16,1994-06-16,1
USGS,10301740,"WALKER RV ABV CANAL 1-2 DIV WEIR NR SCHURZ, NV",ST,39.01686466,-118.8662583,S,NAD83, 4170., 20,NGVD29,16050303,qw,00900,,0,,wat,PHY,1640416,0,1994-06-16,1994-06-16,1
USGS,10301740,"WALKER RV ABV CANAL 1-2 DIV WEIR NR SCHURZ, NV",ST,39.01686466,-118.8662583,S,NAD83, 4170., 20,NGVD29,16050303,qw,00915,,0,,wat,INM,150268,0,1994-06-16,1994-06-16,1
USGS,10301740,"WALKER RV ABV CANAL 1-2 DIV WEIR NR SCHURZ, NV",ST,39.01686466,-118.8662583,S,NAD83, 4170., 20,NGVD29,16050303,qw,00925,,0,,wat,INM,149617,0,1994-06-16,1994-06-16,1
USGS,10301740,"WALKER RV ABV CANAL 1-2 DIV WEIR NR SCHURZ, NV",ST,39.01686466,-118.8662583,S,NAD83, 4170., 20,NGVD29,16050303,qw,00930,,0,,wat,INM,149856,0,1994-06-16,1994-06-16,1
USGS,10301740,"WALKER RV ABV CANAL 1-2 DIV WEIR NR SCHURZ, NV",ST,39.01686466,-118.8662583,S,NAD83, 4170., 20,NGVD29,16050303,qw,00931,,0,,wat,INM,1640523,0,1994-06-16,1994-06-16,1
USGS,10301740,"WALKER RV ABV CANAL 1-2 DIV WEIR NR SCHURZ, NV",ST,39.01686466,-118.8662583,S,NAD83, 4170., 20,NGVD29,16050303,qw,00932,,0,,wat,INM,1646660,0,1994-06-16,1994-06-16,1
USGS,10301740,"WALKER RV ABV CANAL 1-2 DIV WEIR NR SCHURZ, NV",ST,39.01686466,-118.8662583,S,NAD83, 4170., 20,NGVD29,16050303,qw,00935,,0,,wat,INM,149740,0,1994-06-16,1994-06-16,1
USGS,10301740,"WALKER RV ABV CANAL 1-2 DIV WEIR NR SCHURZ, NV",ST,39.01686466,-118.8662583,S,NAD83, 4170., 20,NGVD29,16050303,qw,00940,,0,,wat,INN,205955,0,1994-06-16,1994-06-16,1
USGS,10301740,"WALKER RV ABV CANAL 1-2 DIV WEIR NR SCHURZ, NV",ST,39.01686466,-118.8662583,S,NAD83, 4170., 20,NGVD29,16050303,qw,00945,,0,,wat,INN,197301,0,1994-06-16,1994-06-16,1
USGS,10301740,"WALKER RV ABV CANAL 1-2 DIV WEIR NR SCHURZ, NV",ST,39.01686466,-118.8662583,S,NAD83, 4170., 20,NGVD29,16050303,qw,00950,,0,,wat,INN,206706,0,1994-06-16,1994-06-16,1
USGS,10301740,"WALKER RV ABV CANAL 1-2 DIV WEIR NR SCHURZ, NV",ST,39.01686466,-118.8662583,S,NAD83, 4170., 20,NGVD29,16050303,qw,00955,,0,,wat,INN,151977,0,1994-06-16,1994-06-16,1
USGS,10301740,"WALKER RV ABV CANAL 1-2 DIV WEIR NR SCHURZ, NV",ST,39.01686466,-118.8662583,S,NAD83, 4170., 20,NGVD29,16050303,qw,01000,,0,,wat,IMN,149989,0,1994-06-16,1994-06-16,1
USGS,10301740,"WALKER RV ABV CANAL 1-2 DIV WEIR NR SCHURZ, NV",ST,39.01686466,-118.8662583,S,NAD83, 4170., 20,NGVD29,16050303,qw,01005,,0,,wat,IMM,149997,0,1994-06-16,1994-06-16,1
USGS,10301740,"WALKER RV ABV CANAL 1-2 DIV WEIR NR SCHURZ, NV",ST,39.01686466,-118.8662583,S,NAD83, 4170., 20,NGVD29,16050303,qw,01010,,0,,wat,IMM,150003,0,1994-06-16,1994-06-16,1
USGS,10301740,"WALKER RV ABV CANAL 1-2 DIV WEIR NR SCHURZ, NV",ST,39.01686466,-118.8662583,S,NAD83, 4170., 20,NGVD29,16050303,qw,01020,,0,,wat,IMN,150011,0,1994-06-16,1994-06-16,1
USGS,10301740,"WALKER RV ABV CANAL 1-2 DIV WEIR NR SCHURZ, NV",ST,39.01686466,-118.8662583,S,NAD83, 4170., 20,NGVD29,16050303,qw,01025,,0,,wat,IMM,150029,0,1994-06-16,1994-06-16,1
USGS,10301740,"WALKER RV ABV CANAL 1-2 DIV WEIR NR SCHURZ, NV",ST,39.01686466,-118.8662583,S,NAD83, 4170., 20,NGVD29,16050303,qw,01030,,0,,wat,IMM,150060,0,1994-06-16,1994-06-16,1
USGS,10301740,"WALKER RV ABV CANAL 1-2 DIV WEIR NR SCHURZ, NV",ST,39.01686466,-118.8662583,S,NAD83, 4170., 20,NGVD29,16050303,qw,01035,,0,,wat,IMM,150078,0,1994-06-16,1994-06-16,1
USGS,10301740,"WALKER RV ABV CANAL 1-2 DIV WEIR NR SCHURZ, NV",ST,39.01686466,-118.8662583,S,NAD83, 4170., 20,NGVD29,16050303,qw,01040,,0,,wat,IMM,150086,0,1994-06-16,1994-06-16,1
USGS,10301740,"WALKER RV ABV CANAL 1-2 DIV WEIR NR SCHURZ, NV",ST,39.01686466,-118.8662583,S,NAD83, 4170., 20,NGVD29,16050303,qw,01046,,0,,wat,IMM,149559,0,1994-06-16,1994-06-16,1
USGS,10301740,"WALKER RV ABV CANAL 1-2 DIV WEIR NR SCHURZ, NV",ST,39.01686466,-118.8662583,S,NAD83, 4170., 20,NGVD29,16050303,qw,01049,,0,,wat,IMM,149583,0,1994-06-16,1994-06-16,1
USGS,10301740,"WALKER RV ABV CANAL 1-2 DIV WEIR NR SCHURZ, NV",ST,39.01686466,-118.8662583,S,NAD83, 4170., 20,NGVD29,16050303,qw,01056,,0,,wat,IMM,149625,0,1994-06-16,1994-06-16,1
USGS,10301740,"WALKER RV ABV CANAL 1-2 DIV WEIR NR SCHURZ, NV",ST,39.01686466,-118.8662583,S,NAD83, 4170., 20,NGVD29,16050303,qw,01060,,0,,wat,IMM,149641,0,1994-06-16,1994-06-16,1
USGS,10301740,"WALKER RV ABV CANAL 1-2 DIV WEIR NR SCHURZ, NV",ST,39.01686466,-118.8662583,S,NAD83, 4170., 20,NGVD29,16050303,qw,01065,,0,,wat,IMM,149674,0,1994-06-16,1994-06-16,1
USGS,10301740,"WALKER RV ABV CANAL 1-2 DIV WEIR NR SCHURZ, NV",ST,39.01686466,-118.8662583,S,NAD83, 4170., 20,NGVD29,16050303,qw,01075,,0,,wat,IMM,149849,0,1994-06-16,1994-06-16,1
USGS,10301740,"WALKER RV ABV CANAL 1-2 DIV WEIR NR SCHURZ, NV",ST,39.01686466,-118.8662583,S,NAD83, 4170., 20,NGVD29,16050303,qw,01090,,0,,wat,IMM,150235,0,1994-06-16,1994-06-16,1
USGS,10301740,"WALKER RV ABV CANAL 1-2 DIV WEIR NR SCHURZ, NV",ST,39.01686466,-118.8662583,S,NAD83, 4170., 20,NGVD29,16050303,qw,01095,,0,,wat,IMN,149963,0,1994-06-16,1994-06-16,1
USGS,10301740,"WALKER RV ABV CANAL 1-2 DIV WEIR NR SCHURZ, NV",ST,39.01686466,-118.8662583,S,NAD83, 4170., 20,NGVD29,16050303,qw,01106,,0,,wat,IMM,149476,0,1994-06-16,1994-06-16,1
USGS,10301740,"WALKER RV ABV CANAL 1-2 DIV WEIR NR SCHURZ, NV",ST,39.01686466,-118.8662583,S,NAD83, 4170., 20,NGVD29,16050303,qw,01145,,0,,wat,IMN,154310,0,1994-06-16,1994-06-16,1
USGS,10301740,"WALKER RV ABV CANAL 1-2 DIV WEIR NR SCHURZ, NV",ST,39.01686466,-118.8662583,S,NAD83, 4170., 20,NGVD29,16050303,qw,22703,,0,,wat,RAD,150185,0,1994-06-16,1994-06-16,1
USGS,10301740,"WALKER RV ABV CANAL 1-2 DIV WEIR NR SCHURZ, NV",ST,39.01686466,-118.8662583,S,NAD83, 4170., 20,NGVD29,16050303,qw,30209,,0,,wat,PHY,1645415,0,1994-06-16,1994-06-16,1
USGS,10301740,"WALKER RV ABV CANAL 1-2 DIV WEIR NR SCHURZ, NV",ST,39.01686466,-118.8662583,S,NAD83, 4170., 20,NGVD29,16050303,qw,39086,,0,,wat,INN,1640192,0,1994-06-16,1994-06-16,1
USGS,10301740,"WALKER RV ABV CANAL 1-2 DIV WEIR NR SCHURZ, NV",ST,39.01686466,-118.8662583,S,NAD83, 4170., 20,NGVD29,16050303,qw,70300,,0,,wat,PHY,1642222,0,1994-06-16,1994-06-16,1
USGS,10301740,"WALKER RV ABV CANAL 1-2 DIV WEIR NR SCHURZ, NV",ST,39.01686466,-118.8662583,S,NAD83, 4170., 20,NGVD29,16050303,qw,70301,,0,,wat,PHY,1642222,0,1994-06-16,1994-06-16,1
USGS,10301740,"WALKER RV ABV CANAL 1-2 DIV WEIR NR SCHURZ, NV",ST,39.01686466,-118.8662583,S,NAD83, 4170., 20,NGVD29,16050303,qw,70302,,0,,wat,PHY,1642222,0,1994-06-16,1994-06-16,1
USGS,10301740,"WALKER RV ABV CANAL 1-2 DIV WEIR NR SCHURZ, NV",ST,39.01686466,-118.8662583,S,NAD83, 4170., 20,NGVD29,16050303,qw,70303,,0,,wat,PHY,1642222,0,1994-06-16,1994-06-16,1
USGS,10301740,"WALKER RV ABV CANAL 1-2 DIV WEIR NR SCHURZ, NV",ST,39.01686466,-118.8662583,S,NAD83, 4170., 20,NGVD29,16050303,qw,71846,,0,,wat,NUT,966655,0,1994-06-16,1994-06-16,1
USGS,10301740,"WALKER RV ABV CANAL 1-2 DIV WEIR NR SCHURZ, NV",ST,39.01686466,-118.8662583,S,NAD83, 4170., 20,NGVD29,16050303,qw,71851,,0,,wat,NUT,197186,0,1994-06-16,1994-06-16,1
USGS,10301740,"WALKER RV ABV CANAL 1-2 DIV WEIR NR SCHURZ, NV",ST,39.01686466,-118.8662583,S,NAD83, 4170., 20,NGVD29,16050303,qw,71856,,0,,wat,NUT,197194,0,1994-06-16,1994-06-16,1
USGS,10301740,"WALKER RV ABV CANAL 1-2 DIV WEIR NR SCHURZ, NV",ST,39.01686466,-118.8662583,S,NAD83, 4170., 20,NGVD29,16050303,qw,71870,,0,,wat,INN,227538,0,1994-06-16,1994-06-16,1
USGS,10301740,"WALKER RV ABV CANAL 1-2 DIV WEIR NR SCHURZ, NV",ST,39.01686466,-118.8662583,S,NAD83, 4170., 20,NGVD29,16050303,qw,71890,,0,,wat,IMM,149633,0,1994-06-16,1994-06-16,1
USGS,10301740,"WALKER RV ABV CANAL 1-2 DIV WEIR NR SCHURZ, NV",ST,39.01686466,-118.8662583,S,NAD83, 4170., 20,NGVD29,16050303,qw,90095,,0,,wat,PHY,1646694,0,1994-06-16,1994-06-16,1
USGS,10301740,"WALKER RV ABV CANAL 1-2 DIV WEIR NR SCHURZ, NV",ST,39.01686466,-118.8662583,S,NAD83, 4170., 20,NGVD29,16050303,qw,90410,,0,,wat,INN,1640192,0,1994-06-16,1994-06-16,1
USGS,10301742,"CANAL NO 2 ABV LITTLE DAM NR SCHURZ, NV",ST-CA,39.0140869,-118.8609803,S,NAD83, 4160., 10,NGVD29,16050303,ad,,,0,,wat,,0,0,2005,2025,21
USGS,10301742,"CANAL NO 2 ABV LITTLE DAM NR SCHURZ, NV",ST-CA,39.0140869,-118.8609803,S,NAD83, 4160., 10,NGVD29,16050303,dv,00060,00003,102535,,wat,,1645423,0,1995-04-19,2026-10-01,11348
USGS,10301742,"CANAL NO 2 ABV LITTLE DAM NR SCHURZ, NV",ST-CA,39.0140869,-118.8609803,S,NAD83, 4160., 10,NGVD29,16050303,sv,,,0,,wat,,0,0,1995-04-19,2026-09-29,528
USGS,10301742,"CANAL NO 2 ABV LITTLE DAM NR SCHURZ, NV",ST-CA,39.0140869,-118.8609803,S,NAD83, 4160., 10,NGVD29,16050303,uv,00060,,103867,,wat,,1645423,0,1996-04-03,2026-10-02,11139
USGS,10301742,"CANAL NO 2 ABV LITTLE DAM NR SCHURZ, NV",ST-CA,39.0140869,-118.8609803,S,NAD83, 4160., 10,NGVD29,16050303,uv,00065,,103866,,wat,,17164583,0,2007-10-01,2026-10-02,6941
USGS,10301745,"WALKER RV ABV LITTLE DAM NR SCHURZ, NV",ST,39.01353135,-118.8609803,S,NAD83, 4160., 10,NGVD29,16050303,ad,,,0,,wat,,0,0,2005,2025,21
USGS,10301745,"WALKER RV ABV LITTLE DAM NR SCHURZ, NV",ST,39.01353135,-118.8609803,S,NAD83, 4160., 10,NGVD29,16050303,dv,00060,00003,102536,,wat,,1645423,0,1995-04-19,2026-10-01,10221
USGS,10301745,"WALKER RV ABV LITTLE DAM NR SCHURZ, NV",ST,39.01353135,-118.8609803,S,NAD83, 4160., 10,NGVD29,16050303,pk,,,0,,wat,,0,0,1995-07-14,2025-05-20,28
USGS,10301745,"WALKER RV ABV LITTLE DAM NR SCHURZ, NV",ST,39.01353135,-118.8609803,S,NAD83, 4160., 10,NGVD29,16050303,sv,,,0,,wat,,0,0,1993-11-24,2026-09-28,504
USGS,10301745,"WALKER RV ABV LITTLE DAM NR SCHURZ, NV",ST,39.01353135,-118.8609803,S,NAD83, 4160., 10,NGVD29,16050303,uv,00060,,103871,,wat,,1645423,0,1995-04-25,2026-10-02,11483
USGS,10301745,"WALKER RV ABV LITTLE DAM NR SCHURZ, NV",ST,39.01353135,-118.8609803,S,NAD83, 4160., 10,NGVD29,16050303,uv,00065,,103870,,wat,,17164583,0,2007-10-01,2026-10-02,6941
USGS,10301750,"WALKER RV AT LITTLE DAM WEIR ABV SCHURZ, NV",ST,39.012698,-118.8609803,S,NAD83, 4150., 10,NGVD29,16050303,qw,,,0,,wat,ALL,0,0,1977-05-06,1980-10-27,45
USGS,10301750,"WALKER RV AT LITTLE DAM WEIR ABV SCHURZ, NV",ST,39.012698,-118.8609803,S,NAD83, 4150., 10,NGVD29,16050303,qw,00010,,0,,wat,PHY,1645597,0,1977-06-14,1980-10-27,43
USGS,10301750,"WALKER RV AT LITTLE DAM WEIR ABV SCHURZ, NV",ST,39.012698,-118.8609803,S,NAD83, 4150., 10,NGVD29,16050303,qw,00028,,0,,wat,INF,0,0,1978-06-28,1980-10-27,25
USGS,10301750,"WALKER RV AT LITTLE DAM WEIR ABV SCHURZ, NV",ST,39.012698,-118.8609803,S,NAD83, 4150., 10,NGVD29,16050303,qw,00061,,0,,wat,PHY,1645415,0,1977-05-06,1980-10-27,43
USGS,10301750,"WALKER RV AT LITTLE DAM WEIR ABV SCHURZ, NV",ST,39.012698,-118.8609803,S,NAD83, 4150., 10,NGVD29,16050303,qw,00095,,0,,wat,PHY,1646694,0,1977-05-06,1980-10-27,45
USGS,10301750,"WALKER RV AT LITTLE DAM WEIR ABV SCHURZ, NV",ST,39.012698,-118.8609803,S,NAD83, 4150., 10,NGVD29,16050303,qw,00403,,0,,wat,PHY,1644335,0,1980-10-27,1980-10-27,1
USGS,10301750,"WALKER RV AT LITTLE DAM WEIR ABV SCHURZ, NV",ST,39.012698,-118.8609803,S,NAD83, 4150., 10,NGVD29,16050303,qw,00900,,0,,wat,PHY,1640416,0,1977-06-14,1980-10-27,38
USGS,10301750,"WALKER RV AT LITTLE DAM WEIR ABV SCHURZ, NV",ST,39.012698,-118.8609803,S,NAD83, 4150., 10,NGVD29,16050303,qw,00902,,0,,wat,PHY,1640432,0,1979-07-19,1979-07-19,1
USGS,10301750,"WALKER RV AT LITTLE DAM WEIR ABV SCHURZ, NV",ST,39.012698,-118.8609803,S,NAD83, 4150., 10,NGVD29,16050303,qw,00915,,0,,wat,INM,150268,0,1977-06-14,1980-10-27,38
USGS,10301750,"WALKER RV AT LITTLE DAM WEIR ABV SCHURZ, NV",ST,39.012698,-118.8609803,S,NAD83, 4150., 10,NGVD29,16050303,qw,00925,,0,,wat,INM,149617,0,1977-06-14,1980-10-27,39
USGS,10301750,"WALKER RV AT LITTLE DAM WEIR ABV SCHURZ, NV",ST,39.012698,-118.8609803,S,NAD83, 4150., 10,NGVD29,16050303,qw,00930,,0,,wat,INM,149856,0,1977-06-14,1980-10-27,39
USGS,10301750,"WALKER RV AT LITTLE DAM WEIR ABV SCHURZ, NV",ST,39.012698,-118.8609803,S,NAD83, 4150., 10,NGVD29,16050303,qw,00931,,0,,wat,INM,1640523,0,1977-06-14,1980-10-27,38
USGS,10301750,"WALKER RV AT LITTLE DAM WEIR ABV SCHURZ, NV",ST,39.012698,-118.8609803,S,NAD83, 4150., 10,NGVD29,16050303,qw,01020,,0,,wat,IMN,150011,0,1977-06-14,1980-10-27,39
USGS,10301750,"WALKER RV AT LITTLE DAM WEIR ABV SCHURZ, NV",ST,39.012698,-118.8609803,S,NAD83, 4150., 10,NGVD29,16050303,qw,30209,,0,,wat,PHY,1645415,0,1977-05-06,1980-10-27,43
USGS,10301750,"WALKER RV AT LITTLE DAM WEIR ABV SCHURZ, NV",ST,39.012698,-118.8609803,S,NAD83, 4150., 10,NGVD29,16050303,qw,90095,,0,,wat,PHY,1646694,0,1980-10-27,1980-10-27,1
USGS,10301750,"WALKER RV AT LITTLE DAM WEIR ABV SCHURZ, NV",ST,39.012698,-118.8609803,S,NAD83, 4150., 10,NGVD29,16050303,sv,,,0,,wat,,0,0,1993-11-24,1993-12-13,8
USGS,10301755,"CANAL NO 1 BLW LITTLE DAM NR SCHURZ, NV",ST-CA,39.01242024,-118.861258,S,NAD83, 4160., 10,NGVD29,16050303,ad,,,0,,wat,,0,0,2005,2025,21
USGS,10301755,"CANAL NO 1 BLW LITTLE DAM NR SCHURZ, NV",ST-CA,39.01242024,-118.861258,S,NAD83, 4160., 10,NGVD29,16050303,dv,00060,00003,102537,,wat,,1645423,0,1995-04-21,2026-10-01,11338
USGS,10301755,"CANAL NO 1 BLW LITTLE DAM NR SCHURZ, NV",ST-CA,39.01242024,-118.861258,S,NAD83, 4160., 10,NGVD29,16050303,sv,,,0,,wat,,0,0,1995-04-19,2026-09-29,518
USGS,10301755,"CANAL NO 1 BLW LITTLE DAM NR SCHURZ, NV",ST-CA,39.01242024,-118.861258,S,NAD83, 4160., 10,NGVD29,16050303,uv,00060,,103873,,wat,,1645423,0,1995-04-21,2026-10-02,11487
USGS,10301755,"CANAL NO 1 BLW LITTLE DAM NR SCHURZ, NV",ST-CA,39.01242024,-118.861258,S,NAD83, 4160., 10,NGVD29,16050303,uv,00065,,103875,,wat,,17164583,0,2015-12-07,2026-10-02,3952
USGS,10301765,"LATERAL 1A ABV HWY 95 AT SCHURZ, NV",ST,38.9468645,-118.8126449,U,NAD83, 4120., 10,NGVD29,16050303,qw,,,0,,wat,ALL,0,0,1994-07-25,1995-08-15,2
USGS,10301765,"LATERAL 1A ABV HWY 95 AT SCHURZ, NV",ST,38.9468645,-118.8126449,U,NAD83, 4120., 10,NGVD29,16050303,qw,00010,,0,,wat,PHY,1645597,0,1994-07-25,1995-08-15,2
USGS,10301765,"LATERAL 1A ABV HWY 95 AT SCHURZ, NV",ST,38.9468645,-118.8126449,U,NAD83, 4120., 10,NGVD29,16050303,qw,00020,,0,,wat,PHY,1645712,0,1995-08-15,1995-08-15,1
USGS,10301765,"LATERAL 1A ABV HWY 95 AT SCHURZ, NV",ST,38.9468645,-118.8126449,U,NAD83, 4120., 10,NGVD29,16050303,qw,00025,,0,,wat,PHY,1641265,0,1994-07-25,1995-08-15,2
USGS,10301765,"LATERAL 1A ABV HWY 95 AT SCHURZ, NV",ST,38.9468645,-118.8126449,U,NAD83, 4120., 10,NGVD29,16050303,qw,00028,,0,,wat,INF,0,0,1994-07-25,1995-08-15,2
USGS,10301765,"LATERAL 1A ABV HWY 95 AT SCHURZ, NV",ST,38.9468645,-118.8126449,U,NAD83, 4120., 10,NGVD29,16050303,qw,00061,,0,,wat,PHY,1645415,0,1994-07-25,1995-08-15,2
USGS,10301765,"LATERAL 1A ABV HWY 95 AT SCHURZ, NV",ST,38.9468645,-118.8126449,U,NAD83, 4120., 10,NGVD29,16050303,qw,00095,,0,,wat,PHY,1646694,0,1994-07-25,1995-08-15,2
USGS,10301765,"LATERAL 1A ABV HWY 95 AT SCHURZ, NV",ST,38.9468645,-118.8126449,U,NAD83, 4120., 10,NGVD29,16050303,qw,00191,,0,,wat,INN,1640572,0,1994-07-25,1995-08-15,2
USGS,10301765,"LATERAL 1A ABV HWY 95 AT SCHURZ, NV",ST,38.9468645,-118.8126449,U,NAD83, 4120., 10,NGVD29,16050303,qw,00300,,0,,wat,INN,154302,0,1994-07-25,1995-08-15,2
USGS,10301765,"LATERAL 1A ABV HWY 95 AT SCHURZ, NV",ST,38.9468645,-118.8126449,U,NAD83, 4120., 10,NGVD29,16050303,qw,00301,,0,,wat,INN,154302,0,1994-07-25,1995-08-15,2
USGS,10301765,"LATERAL 1A ABV HWY 95 AT SCHURZ, NV",ST,38.9468645,-118.8126449,U,NAD83, 4120., 10,NGVD29,16050303,qw,00400,,0,,wat,PHY,17028275,0,1994-07-25,1995-08-15,2
USGS,10301765,"LATERAL 1A ABV HWY 95 AT SCHURZ, NV",ST,38.9468645,-118.8126449,U,NAD83, 4120., 10,NGVD29,16050303,qw,00403,,0,,wat,PHY,1644335,0,1994-07-25,1995-08-15,2
USGS,10301765,"LATERAL 1A ABV HWY 95 AT SCHURZ, NV",ST,38.9468645,-118.8126449,U,NAD83, 4120., 10,NGVD29,16050303,qw,00405,,0,,wat,INN,33548,0,1994-07-25,1995-08-15,2
USGS,10301765,"LATERAL 1A ABV HWY 95 AT SCHURZ, NV",ST,38.9468645,-118.8126449,U,NAD83, 4120., 10,NGVD29,16050303,qw,00452,,0,,wat,INN,119396,0,1994-07-25,1995-08-15,2
USGS,10301765,"LATERAL 1A ABV HWY 95 AT SCHURZ, NV",ST,38.9468645,-118.8126449,U,NAD83, 4120., 10,NGVD29,16050303,qw,00453,,0,,wat,INN,4788,0,1994-07-25,1995-08-15,2
USGS,10301765,"LATERAL 1A ABV HWY 95 AT SCHURZ, NV",ST,38.9468645,-118.8126449,U,NAD83, 4120., 10,NGVD29,16050303,qw,00608,,0,,wat,NUT,966655,0,1994-07-25,1994-07-25,1
USGS,10301765,"LATERAL 1A ABV HWY 95 AT SCHURZ, NV",ST,38.9468645,-118.8126449,U,NAD83, 4120., 10,NGVD29,16050303,qw,00613,,0,,wat,NUT,197194,0,1994-07-25,1994-07-25,1
USGS,10301765,"LATERAL 1A ABV HWY 95 AT SCHURZ, NV",ST,38.9468645,-118.8126449,U,NAD83, 4120., 10,NGVD29,16050303,qw,00618,,0,,wat,NUT,197186,0,1994-07-25,1994-07-25,1
USGS,10301765,"LATERAL 1A ABV HWY 95 AT SCHURZ, NV",ST,38.9468645,-118.8126449,U,NAD83, 4120., 10,NGVD29,16050303,qw,00631,,0,,wat,NUT,701177,0,1994-07-25,1994-07-25,1
USGS,10301765,"LATERAL 1A ABV HWY 95 AT SCHURZ, NV",ST,38.9468645,-118.8126449,U,NAD83, 4120., 10,NGVD29,16050303,qw,00660,,0,,wat,NUT,194464,0,1994-07-25,1994-07-25,1
USGS,10301765,"LATERAL 1A ABV HWY 95 AT SCHURZ, NV",ST,38.9468645,-118.8126449,U,NAD83, 4120., 10,NGVD29,16050303,qw,00671,,0,,wat,NUT,194464,0,1994-07-25,1994-07-25,1
USGS,10301765,"LATERAL 1A ABV HWY 95 AT SCHURZ, NV",ST,38.9468645,-118.8126449,U,NAD83, 4120., 10,NGVD29,16050303,qw,00900,,0,,wat,PHY,1640416,0,1994-07-25,1995-08-15,2
USGS,10301765,"LATERAL 1A ABV HWY 95 AT SCHURZ, NV",ST,38.9468645,-118.8126449,U,NAD83, 4120., 10,NGVD29,16050303,qw,00915,,0,,wat,INM,150268,0,1994-07-25,1995-08-15,2
USGS,10301765,"LATERAL 1A ABV HWY 95 AT SCHURZ, NV",ST,38.9468645,-118.8126449,U,NAD83, 4120., 10,NGVD29,16050303,qw,00925,,0,,wat,INM,149617,0,1994-07-25,1995-08-15,2
USGS,10301765,"LATERAL 1A ABV HWY 95 AT SCHURZ, NV",ST,38.9468645,-118.8126449,U,NAD83, 4120., 10,NGVD29,16050303,qw,00930,,0,,wat,INM,149856,0,1994-07-25,1995-08-15,2
USGS,10301765,"LATERAL 1A ABV HWY 95 AT SCHURZ, NV",ST,38.9468645,-118.8126449,U,NAD83, 4120., 10,NGVD29,16050303,qw,00931,,0,,wat,INM,1640523,0,1994-07-25,1995-08-15,2
USGS,10301765,"LATERAL 1A ABV HWY 95 AT SCHURZ, NV",ST,38.9468645,-118.8126449,U,NAD83, 4120., 10,NGVD29,16050303,qw,00932,,0,,wat,INM,1646660,0,1994-07-25,1995-08-15,2
USGS,10301765,"LATERAL 1A ABV HWY 95 AT SCHURZ, NV",ST,38.9468645,-118.8126449,U,NAD83, 4120., 10,NGVD29,16050303,qw,00935,,0,,wat,INM,149740,0,1994-07-25,1995-08-15,2
USGS,10301765,"LATERAL 1A ABV HWY 95 AT SCHURZ, NV",ST,38.9468645,-118.8126449,U,NAD83, 4120., 10,NGVD29,16050303,qw,00940,,0,,wat,INN,205955,0,1994-07-25,1995-08-15,2
USGS,10301765,"LATERAL 1A ABV HWY 95 AT SCHURZ, NV",ST,38.9468645,-118.8126449,U,NAD83, 4120., 10,NGVD29,16050303,qw,00945,,0,,wat,INN,197301,0,1994-07-25,1995-08-15,2
USGS,10301765,"LATERAL 1A ABV HWY 95 AT SCHURZ, NV",ST,38.9468645,-118.8126449,U,NAD83, 4120., 10,NGVD29,16050303,qw,00950,,0,,wat,INN,206706,0,1994-07-25,1995-08-15,2
USGS,10301765,"LATERAL 1A ABV HWY 95 AT SCHURZ, NV",ST,38.9468645,-118.8126449,U,NAD83, 4120., 10,NGVD29,16050303,qw,00955,,0,,wat,INN,151977,0,1994-07-25,1995-08-15,2
USGS,10301765,"LATERAL 1A ABV HWY 95 AT SCHURZ, NV",ST,38.9468645,-118.8126449,U,NAD83, 4120., 10,NGVD29,16050303,qw,01000,,0,,wat,IMN,149989,0,1994-07-25,1995-08-15,2
USGS,10301765,"LATERAL 1A ABV HWY 95 AT SCHURZ, NV",ST,38.9468645,-118.8126449,U,NAD83, 4120., 10,NGVD29,16050303,qw,01005,,0,,wat,IMM,149997,0,1994-07-25,1995-08-15,2
USGS,10301765,"LATERAL 1A ABV HWY 95 AT SCHURZ, NV",ST,38.9468645,-118.8126449,U,NAD83, 4120., 10,NGVD29,16050303,qw,01010,,0,,wat,IMM,150003,0,1994-07-25,1995-08-15,2
USGS,10301765,"LATERAL 1A ABV HWY 95 AT SCHURZ, NV",ST,38.9468645,-118.8126449,U,NAD83, 4120., 10,NGVD29,16050303,qw,01020,,0,,wat,IMN,150011,0,1994-07-25,1995-08-15,2
USGS,10301765,"LATERAL 1A ABV HWY 95 AT SCHURZ, NV",ST,38.9468645,-118.8126449,U,NAD83, 4120., 10,NGVD29,16050303,qw,01025,,0,,wat,IMM,150029,0,1994-07-25,1995-08-15,2
USGS,10301765,"LATERAL 1A ABV HWY 95 AT SCHURZ, NV",ST,38.9468645,-118.8126449,U,NAD83, 4120., 10,NGVD29,16050303,qw,01030,,0,,wat,IMM,150060,0,1994-07-25,1995-08-15,2
USGS,10301765,"LATERAL 1A ABV HWY 95 AT SCHURZ, NV",ST,38.9468645,-118.8126449,U,NAD83, 4120., 10,NGVD29,16050303,qw,01035,,0,,wat,IMM,150078,0,1994-07-25,1995-08-15,2
USGS,10301765,"LATERAL 1A ABV HWY 95 AT SCHURZ, NV",ST,38.9468645,-118.8126449,U,NAD83, 4120., 10,NGVD29,16050303,qw,01040,,0,,wat,IMM,150086,0,1994-07-25,1995-08-15,2
USGS,10301765,"LATERAL 1A ABV HWY 95 AT SCHURZ, NV",ST,38.9468645,-118.8126449,U,NAD83, 4120., 10,NGVD29,16050303,qw,01046,,0,,wat,IMM,149559,0,1994-07-25,1995-08-15,2
USGS,10301765,"LATERAL 1A ABV HWY 95 AT SCHURZ, NV",ST,38.9468645,-118.8126449,U,NAD83, 4120., 10,NGVD29,16050303,qw,01049,,0,,wat,IMM,149583,0,1994-07-25,1995-08-15,2
USGS,10301765,"LATERAL 1A ABV HWY 95 AT SCHURZ, NV",ST,38.9468645,-118.8126449,U,NAD83, 4120., 10,NGVD29,16050303,qw,01056,,0,,wat,IMM,149625,0,1994-07-25,1995-08-15,2
USGS,10301765,"LATERAL 1A ABV HWY 95 AT SCHURZ, NV",ST,38.9468645,-118.8126449,U,NAD83, 4120., 10,NGVD29,16050303,qw,01060,,0,,wat,IMM,149641,0,1994-07-25,1995-08-15,2
USGS,10301765,"LATERAL 1A ABV HWY 95 AT SCHURZ, NV",ST,38.9468645,-118.8126449,U,NAD83, 4120., 10,NGVD29,16050303,qw,01065,,0,,wat,IMM,149674,0,1994-07-25,1995-08-15,2
USGS,10301765,"LATERAL 1A ABV HWY 95 AT SCHURZ, NV",ST,38.9468645,-118.8126449,U,NAD83, 4120., 10,NGVD29,16050303,qw,01075,,0,,wat,IMM,149849,0,1994-07-25,1995-08-15,2
USGS,10301765,"LATERAL 1A ABV HWY 95 AT SCHURZ, NV",ST,38.9468645,-118.8126449,U,NAD83, 4120., 10,NGVD29,16050303,qw,01090,,0,,wat,IMM,150235,0,1994-07-25,1995-08-15,2
USGS,10301765,"LATERAL 1A ABV HWY 95 AT SCHURZ, NV",ST,38.9468645,-118.8126449,U,NAD83, 4120., 10,NGVD29,16050303,qw,01095,,0,,wat,IMN,149963,0,1994-07-25,1995-08-15,2
USGS,10301765,"LATERAL 1A ABV HWY 95 AT SCHURZ, NV",ST,38.9468645,-118.8126449,U,NAD83, 4120., 10,NGVD29,16050303,qw,01106,,0,,wat,IMM,149476,0,1994-07-25,1995-08-15,2
USGS,10301765,"LATERAL 1A ABV HWY 95 AT SCHURZ, NV",ST,38.9468645,-118.8126449,U,NAD83, 4120., 10,NGVD29,16050303,qw,01130,,0,,wat,IMM,149591,0,1995-08-15,1995-08-15,1
USGS,10301765,"LATERAL 1A ABV HWY 95 AT SCHURZ, NV",ST,38.9468645,-118.8126449,U,NAD83, 4120., 10,NGVD29,16050303,qw,01145,,0,,wat,IMN,154310,0,1994-07-25,1995-08-15,2
USGS,10301765,"LATERAL 1A ABV HWY 95 AT SCHURZ, NV",ST,38.9468645,-118.8126449,U,NAD83, 4120., 10,NGVD29,16050303,qw,22703,,0,,wat,RAD,150185,0,1994-07-25,1995-08-15,2
USGS,10301765,"LATERAL 1A ABV HWY 95 AT SCHURZ, NV",ST,38.9468645,-118.8126449,U,NAD83, 4120., 10,NGVD29,16050303,qw,30209,,0,,wat,PHY,1645415,0,1994-07-25,1995-08-15,2
USGS,10301765,"LATERAL 1A ABV HWY 95 AT SCHURZ, NV",ST,38.9468645,-118.8126449,U,NAD83, 4120., 10,NGVD29,16050303,qw,39086,,0,,wat,INN,1640192,0,1994-07-25,1995-08-15,2
USGS,10301765,"LATERAL 1A ABV HWY 95 AT SCHURZ, NV",ST,38.9468645,-118.8126449,U,NAD83, 4120., 10,NGVD29,16050303,qw,70300,,0,,wat,PHY,1642222,0,1994-07-25,1995-08-15,2
USGS,10301765,"LATERAL 1A ABV HWY 95 AT SCHURZ, NV",ST,38.9468645,-118.8126449,U,NAD83, 4120., 10,NGVD29,16050303,qw,70301,,0,,wat,PHY,1642222,0,1994-07-25,1995-08-15,2
USGS,10301765,"LATERAL 1A ABV HWY 95 AT SCHURZ, NV",ST,38.9468645,-118.8126449,U,NAD83, 4120., 10,NGVD29,16050303,qw,70302,,0,,wat,PHY,1642222,0,1994-07-25,1995-08-15,2
USGS,10301765,"LATERAL 1A ABV HWY 95 AT SCHURZ, NV",ST,38.9468645,-118.8126449,U,NAD83, 4120., 10,NGVD29,16050303,qw,70303,,0,,wat,PHY,1642222,0,1994-07-25,1995-08-15,2
USGS,10301765,"LATERAL 1A ABV HWY 95 AT SCHURZ, NV",ST,38.9468645,-118.8126449,U,NAD83, 4120., 10,NGVD29,16050303,qw,71846,,0,,wat,NUT,966655,0,1994-07-25,1994-07-25,1
USGS,10301765,"LATERAL 1A ABV HWY 95 AT SCHURZ, NV",ST,38.9468645,-118.8126449,U,NAD83, 4120., 10,NGVD29,16050303,qw,71851,,0,,wat,NUT,197186,0,1994-07-25,1994-07-25,1
USGS,10301765,"LATERAL 1A ABV HWY 95 AT SCHURZ, NV",ST,38.9468645,-118.8126449,U,NAD83, 4120., 10,NGVD29,16050303,qw,71856,,0,,wat,NUT,197194,0,1994-07-25,1994-07-25,1
USGS,10301765,"LATERAL 1A ABV HWY 95 AT SCHURZ, NV",ST,38.9468645,-118.8126449,U,NAD83, 4120., 10,NGVD29,16050303,qw,71870,,0,,wat,INN,227538,0,1994-07-25,1995-08-15,2
USGS,10301765,"LATERAL 1A ABV HWY 95 AT SCHURZ, NV",ST,38.9468645,-118.8126449,U,NAD83, 4120., 10,NGVD29,16050303,qw,71890,,0,,wat,IMM,149633,0,1994-07-25,1994-07-25,1
USGS,10301765,"LATERAL 1A ABV HWY 95 AT SCHURZ, NV",ST,38.9468645,-118.8126449,U,NAD83, 4120., 10,NGVD29,16050303,qw,90095,,0,,wat,PHY,1646694,0,1994-07-25,1995-08-15,2
USGS,10301765,"LATERAL 1A ABV HWY 95 AT SCHURZ, NV",ST,38.9468645,-118.8126449,U,NAD83, 4120., 10,NGVD29,16050303,qw,90410,,0,,wat,INN,1640192,0,1994-07-25,1995-08-15,2
USGS,10301770,"LATERAL 2A AT TAKEOUT NR SCHURZ, NV",ST,38.9549202,-118.8012558,S,NAD83, 4135.,  5,NGVD29,16050303,qw,,,0,,wat,ALL,0,0,1994-06-16,1995-08-15,2
USGS,10301770,"LATERAL 2A AT TAKEOUT NR SCHURZ, NV",ST,38.9549202,-118.8012558,S,NAD83, 4135.,  5,NGVD29,16050303,qw,00010,,0,,wat,PHY,1645597,0,1994-06-16,1995-08-15,2
USGS,10301770,"LATERAL 2A AT TAKEOUT NR SCHURZ, NV",ST,38.9549202,-118.8012558,S,NAD83, 4135.,  5,NGVD29,16050303,qw,00020,,0,,wat,PHY,1645712,0,1995-08-15,1995-08-15,1
USGS,10301770,"LATERAL 2A AT TAKEOUT NR SCHURZ, NV",ST,38.9549202,-118.8012558,S,NAD83, 4135.,  5,NGVD29,16050303,qw,00025,,0,,wat,PHY,1641265,0,1994-06-16,1995-08-15,2
USGS,10301770,"LATERAL 2A AT TAKEOUT NR SCHURZ, NV",ST,38.9549202,-118.8012558,S,NAD83, 4135.,  5,NGVD29,16050303,qw,00028,,0,,wat,INF,0,0,1994-06-16,1995-08-15,2
USGS,10301770,"LATERAL 2A AT TAKEOUT NR SCHURZ, NV",ST,38.9549202,-118.8012558,S,NAD83, 4135.,  5,NGVD29,16050303,qw,00061,,0,,wat,PHY,1645415,0,1994-06-16,1995-08-15,2
USGS,10301770,"LATERAL 2A AT TAKEOUT NR SCHURZ, NV",ST,38.9549202,-118.8012558,S,NAD83, 4135.,  5,NGVD29,16050303,qw,00095,,0,,wat,PHY,1646694,0,1994-06-16,1995-08-15,2
USGS,10301770,"LATERAL 2A AT TAKEOUT NR SCHURZ, NV",ST,38.9549202,-118.8012558,S,NAD83, 4135.,  5,NGVD29,16050303,qw,00191,,0,,wat,INN,1640572,0,1994-06-16,1995-08-15,2
USGS,10301770,"LATERAL 2A AT TAKEOUT NR SCHURZ, NV",ST,38.9549202,-118.8012558,S,NAD83, 4135.,  5,NGVD29,16050303,qw,00300,,0,,wat,INN,154302,0,1994-06-16,1995-08-15,2
USGS,10301770,"LATERAL 2A AT TAKEOUT NR SCHURZ, NV",ST,38.9549202,-118.8012558,S,NAD83, 4135.,  5,NGVD29,16050303,qw,00301,,0,,wat,INN,154302,0,1994-06-16,1995-08-15,2
USGS,10301770,"LATERAL 2A AT TAKEOUT NR SCHURZ, NV",ST,38.9549202,-118.8012558,S,NAD83, 4135.,  5,NGVD29,16050303,qw,00400,,0,,wat,PHY,17028275,0,1994-06-16,1995-08-15,2
USGS,10301770,"LATERAL 2A AT TAKEOUT NR SCHURZ, NV",ST,38.9549202,-118.8012558,S,NAD83, 4135.,  5,NGVD29,16050303,qw,00403,,0,,wat,PHY,1644335,0,1994-06-16,1995-08-15,2
USGS,10301770,"LATERAL 2A AT TAKEOUT NR SCHURZ, NV",ST,38.9549202,-118.8012558,S,NAD83, 4135.,  5,NGVD29,16050303,qw,00405,,0,,wat,INN,33548,0,1994-06-16,1995-08-15,2
USGS,10301770,"LATERAL 2A AT TAKEOUT NR SCHURZ, NV",ST,38.9549202,-118.8012558,S,NAD83, 4135.,  5,NGVD29,16050303,qw,00452,,0,,wat,INN,119396,0,1994-06-16,1995-08-15,2
USGS,10301770,"LATERAL 2A AT TAKEOUT NR SCHURZ, NV",ST,38.9549202,-118.8012558,S,NAD83, 4135.,  5,NGVD29,16050303,qw,00453,,0,,wat,INN,4788,0,1994-06-16,1995-08-15,2
USGS,10301770,"LATERAL 2A AT TAKEOUT NR SCHURZ, NV",ST,38.9549202,-118.8012558,S,NAD83, 4135.,  5,NGVD29,16050303,qw,00608,,0,,wat,NUT,966655,0,1994-06-16,1994-06-16,1
USGS,10301770,"LATERAL 2A AT TAKEOUT NR SCHURZ, NV",ST,38.9549202,-118.8012558,S,NAD83, 4135.,  5,NGVD29,16050303,qw,00613,,0,,wat,NUT,197194,0,1994-06-16,1994-06-16,1
USGS,10301770,"LATERAL 2A AT TAKEOUT NR SCHURZ, NV",ST,38.9549202,-118.8012558,S,NAD83, 4135.,  5,NGVD29,16050303,qw,00618,,0,,wat,NUT,197186,0,1994-06-16,1994-06-16,1
USGS,10301770,"LATERAL 2A AT TAKEOUT NR SCHURZ, NV",ST,38.9549202,-118.8012558,S,NAD83, 4135.,  5,NGVD29,16050303,qw,00631,,0,,wat,NUT,701177,0,1994-06-16,1994-06-16,1
USGS,10301770,"LATERAL 2A AT TAKEOUT NR SCHURZ, NV",ST,38.9549202,-118.8012558,S,NAD83, 4135.,  5,NGVD29,16050303,qw,00660,,0,,wat,NUT,194464,0,1994-06-16,1994-06-16,1
USGS,10301770,"LATERAL 2A AT TAKEOUT NR SCHURZ, NV",ST,38.9549202,-118.8012558,S,NAD83, 4135.,  5,NGVD29,16050303,qw,00671,,0,,wat,NUT,194464,0,1994-06-16,1994-06-16,1
USGS,10301770,"LATERAL 2A AT TAKEOUT NR SCHURZ, NV",ST,38.9549202,-118.8012558,S,NAD83, 4135.,  5,NGVD29,16050303,qw,00900,,0,,wat,PHY,1640416,0,1994-06-16,1995-08-15,2
USGS,10301770,"LATERAL 2A AT TAKEOUT NR SCHURZ, NV",ST,38.9549202,-118.8012558,S,NAD83, 4135.,  5,NGVD29,16050303,qw,00915,,0,,wat,INM,150268,0,1994-06-16,1995-08-15,2
USGS,10301770,"LATERAL 2A AT TAKEOUT NR SCHURZ, NV",ST,38.9549202,-118.8012558,S,NAD83, 4135.,  5,NGVD29,16050303,qw,00925,,0,,wat,INM,149617,0,1994-06-16,1995-08-15,2
USGS,10301770,"LATERAL 2A AT TAKEOUT NR SCHURZ, NV",ST,38.9549202,-118.8012558,S,NAD83, 4135.,  5,NGVD29,16050303,qw,00930,,0,,wat,INM,149856,0,1994-06-16,1995-08-15,2
USGS,10301770,"LATERAL 2A AT TAKEOUT NR SCHURZ, NV",ST,38.9549202,-118.8012558,S,NAD83, 4135.,  5,NGVD29,16050303,qw,00931,,0,,wat,INM,1640523,0,1994-06-16,1995-08-15,2
USGS,10301770,"LATERAL 2A AT TAKEOUT NR SCHURZ, NV",ST,38.9549202,-118.8012558,S,NAD83, 4135.,  5,NGVD29,16050303,qw,00932,,0,,wat,INM,1646660,0,1994-06-16,1995-08-15,2
USGS,10301770,"LATERAL 2A AT TAKEOUT NR SCHURZ, NV",ST,38.9549202,-118.8012558,S,NAD83, 4135.,  5,NGVD29,16050303,qw,00935,,0,,wat,INM,149740,0,1994-06-16,1995-08-15,2
USGS,10301770,"LATERAL 2A AT TAKEOUT NR SCHURZ, NV",ST,38.9549202,-118.8012558,S,NAD83, 4135.,  5,NGVD29,16050303,qw,00940,,0,,wat,INN,205955,0,1994-06-16,1995-08-15,2
USGS,10301770,"LATERAL 2A AT TAKEOUT NR SCHURZ, NV",ST,38.9549202,-118.8012558,S,NAD83, 4135.,  5,NGVD29,16050303,qw,00945,,0,,wat,INN,197301,0,1994-06-16,1995-08-15,2
USGS,10301770,"LATERAL 2A AT TAKEOUT NR SCHURZ, NV",ST,38.9549202,-118.8012558,S,NAD83, 4135.,  5,NGVD29,16050303,qw,00950,,0,,wat,INN,206706,0,1994-06-16,1995-08-15,2
USGS,10301770,"LATERAL 2A AT TAKEOUT NR SCHURZ, NV",ST,38.9549202,-118.8012558,S,NAD83, 4135.,  5,NGVD29,16050303,qw,00955,,0,,wat,INN,151977,0,1994-06-16,1995-08-15,2
USGS,10301770,"LATERAL 2A AT TAKEOUT NR SCHURZ, NV",ST,38.9549202,-118.8012558,S,NAD83, 4135.,  5,NGVD29,16050303,qw,01000,,0,,wat,IMN,149989,0,1994-06-16,1995-08-15,2
USGS,10301770,"LATERAL 2A AT TAKEOUT NR SCHURZ, NV",ST,38.9549202,-118.8012558,S,NAD83, 4135.,  5,NGVD29,16050303,qw,01005,,0,,wat,IMM,149997,0,1994-06-16,1995-08-15,2
USGS,10301770,"LATERAL 2A AT TAKEOUT NR SCHURZ, NV",ST,38.9549202,-118.8012558,S,NAD83, 4135.,  5,NGVD29,16050303,qw,01010,,0,,wat,IMM,150003,0,1994-06-16,1995-08-15,2
USGS,10301770,"LATERAL 2A AT TAKEOUT NR SCHURZ, NV",ST,38.9549202,-118.8012558,S,NAD83, 4135.,  5,NGVD29,16050303,qw,01020,,0,,wat,IMN,150011,0,1994-06-16,1995-08-15,2
USGS,10301770,"LATERAL 2A AT TAKEOUT NR SCHURZ, NV",ST,38.9549202,-118.8012558,S,NAD83, 4135.,  5,NGVD29,16050303,qw,01025,,0,,wat,IMM,150029,0,1994-06-16,1995-08-15,2
USGS,10301770,"LATERAL 2A AT TAKEOUT NR SCHURZ, NV",ST,38.9549202,-118.8012558,S,NAD83, 4135.,  5,NGVD29,16050303,qw,01030,,0,,wat,IMM,150060,0,1994-06-16,1995-08-15,2
USGS,10301770,"LATERAL 2A AT TAKEOUT NR SCHURZ, NV",ST,38.9549202,-118.8012558,S,NAD83, 4135.,  5,NGVD29,16050303,qw,01035,,0,,wat,IMM,150078,0,1994-06-16,1995-08-15,2
USGS,10301770,"LATERAL 2A AT TAKEOUT NR SCHURZ, NV",ST,38.9549202,-118.8012558,S,NAD83, 4135.,  5,NGVD29,16050303,qw,01040,,0,,wat,IMM,150086,0,1994-06-16,1995-08-15,2
USGS,10301770,"LATERAL 2A AT TAKEOUT NR SCHURZ, NV",ST,38.9549202,-118.8012558,S,NAD83, 4135.,  5,NGVD29,16050303,qw,01046,,0,,wat,IMM,149559,0,1994-06-16,1995-08-15,2
USGS,10301770,"LATERAL 2A AT TAKEOUT NR SCHURZ, NV",ST,38.9549202,-118.8012558,S,NAD83, 4135.,  5,NGVD29,16050303,qw,01049,,0,,wat,IMM,149583,0,1994-06-16,1995-08-15,2
USGS,10301770,"LATERAL 2A AT TAKEOUT NR SCHURZ, NV",ST,38.9549202,-118.8012558,S,NAD83, 4135.,  5,NGVD29,16050303,qw,01056,,0,,wat,IMM,149625,0,1994-06-16,1995-08-15,2
USGS,10301770,"LATERAL 2A AT TAKEOUT NR SCHURZ, NV",ST,38.9549202,-118.8012558,S,NAD83, 4135.,  5,NGVD29,16050303,qw,01060,,0,,wat,IMM,149641,0,1994-06-16,1995-08-15,2
USGS,10301770,"LATERAL 2A AT TAKEOUT NR SCHURZ, NV",ST,38.9549202,-118.8012558,S,NAD83, 4135.,  5,NGVD29,16050303,qw,01065,,0,,wat,IMM,149674,0,1994-06-16,1995-08-15,2
USGS,10301770,"LATERAL 2A AT TAKEOUT NR SCHURZ, NV",ST,38.9549202,-118.8012558,S,NAD83, 4135.,  5,NGVD29,16050303,qw,01075,,0,,wat,IMM,149849,0,1994-06-16,1995-08-15,2
USGS,10301770,"LATERAL 2A AT TAKEOUT NR SCHURZ, NV",ST,38.9549202,-118.8012558,S,NAD83, 4135.,  5,NGVD29,16050303,qw,01090,,0,,wat,IMM,150235,0,1994-06-16,1995-08-15,2
USGS,10301770,"LATERAL 2A AT TAKEOUT NR SCHURZ, NV",ST,38.9549202,-118.8012558,S,NAD83, 4135.,  5,NGVD29,16050303,qw,01095,,0,,wat,IMN,149963,0,1994-06-16,1995-08-15,2
USGS,10301770,"LATERAL 2A AT TAKEOUT NR SCHURZ, NV",ST,38.9549202,-118.8012558,S,NAD83, 4135.,  5,NGVD29,16050303,qw,01106,,0,,wat,IMM,149476,0,1994-06-16,1995-08-15,2
USGS,10301770,"LATERAL 2A AT TAKEOUT NR SCHURZ, NV",ST,38.9549202,-118.8012558,S,NAD83, 4135.,  5,NGVD29,16050303,qw,01130,,0,,wat,IMM,149591,0,1995-08-15,1995-08-15,1
USGS,10301770,"LATERAL 2A AT TAKEOUT NR SCHURZ, NV",ST,38.9549202,-118.8012558,S,NAD83, 4135.,  5,NGVD29,16050303,qw,01145,,0,,wat,IMN,154310,0,1994-06-16,1995-08-15,2
USGS,10301770,"LATERAL 2A AT TAKEOUT NR SCHURZ, NV",ST,38.9549202,-118.8012558,S,NAD83, 4135.,  5,NGVD29,16050303,qw,22703,,0,,wat,RAD,150185,0,1994-06-16,1995-08-15,2
USGS,10301770,"LATERAL 2A AT TAKEOUT NR SCHURZ, NV",ST,38.9549202,-118.8012558,S,NAD83, 4135.,  5,NGVD29,16050303,qw,30209,,0,,wat,PHY,1645415,0,1994-06-16,1995-08-15,2
USGS,10301770,"LATERAL 2A AT TAKEOUT NR SCHURZ, NV",ST,38.9549202,-118.8012558,S,NAD83, 4135.,  5,NGVD29,16050303,qw,39086,,0,,wat,INN,1640192,0,1994-06-16,1995-08-15,2
USGS,10301770,"LATERAL 2A AT TAKEOUT NR SCHURZ, NV",ST,38.9549202,-118.8012558,S,NAD83, 4135.,  5,NGVD29,16050303,qw,70300,,0,,wat,PHY,1642222,0,1994-06-16,1995-08-15,2
USGS,10301770,"LATERAL 2A AT TAKEOUT NR SCHURZ, NV",ST,38.9549202,-118.8012558,S,NAD83, 4135.,  5,NGVD29,16050303,qw,70301,,0,,wat,PHY,1642222,0,1994-06-16,1995-08-15,2
USGS,10301770,"LATERAL 2A AT TAKEOUT NR SCHURZ, NV",ST,38.9549202,-118.8012558,S,NAD83, 4135.,  5,NGVD29,16050303,qw,70302,,0,,wat,PHY,1642222,0,1994-06-16,1995-08-15,2
USGS,10301770,"LATERAL 2A AT TAKEOUT NR SCHURZ, NV",ST,38.9549202,-118.8012558,S,NAD83, 4135.,  5,NGVD29,16050303,qw,70303,,0,,wat,PHY,1642222,0,1994-06-16,1995-08-15,2
USGS,10301770,"LATERAL 2A AT TAKEOUT NR SCHURZ, NV",ST,38.9549202,-118.8012558,S,NAD83, 4135.,  5,NGVD29,16050303,qw,71846,,0,,wat,NUT,966655,0,1994-06-16,1994-06-16,1
USGS,10301770,"LATERAL 2A AT TAKEOUT NR SCHURZ, NV",ST,38.9549202,-118.8012558,S,NAD83, 4135.,  5,NGVD29,16050303,qw,71851,,0,,wat,NUT,197186,0,1994-06-16,1994-06-16,1
USGS,10301770,"LATERAL 2A AT TAKEOUT NR SCHURZ, NV",ST,38.9549202,-118.8012558,S,NAD83, 4135.,  5,NGVD29,16050303,qw,71856,,0,,wat,NUT,197194,0,1994-06-16,1994-06-16,1
USGS,10301770,"LATERAL 2A AT TAKEOUT NR SCHURZ, NV",ST,38.9549202,-118.8012558,S,NAD83, 4135.,  5,NGVD29,16050303,qw,71870,,0,,wat,INN,227538,0,1994-06-16,1995-08-15,2
USGS,10301770,"LATERAL 2A AT TAKEOUT NR SCHURZ, NV",ST,38.9549202,-118.8012558,S,NAD83, 4135.,  5,NGVD29,16050303,qw,71890,,0,,wat,IMM,149633,0,1994-06-16,1994-06-16,1
USGS,10301770,"LATERAL 2A AT TAKEOUT NR SCHURZ, NV",ST,38.9549202,-118.8012558,S,NAD83, 4135.,  5,NGVD29,16050303,qw,90095,,0,,wat,PHY,1646694,0,1994-06-16,1995-08-15,2
USGS,10301770,"LATERAL 2A AT TAKEOUT NR SCHURZ, NV",ST,38.9549202,-118.8012558,S,NAD83, 4135.,  5,NGVD29,16050303,qw,90410,,0,,wat,INN,1640192,0,1994-06-16,1995-08-15,2
USGS,10301780,"LATERAL 2D BLW SCHURZ, NV",ST,38.92186459,-118.7698657,U,NAD83, 4100., 20,NGVD29,16050303,qw,,,0,,wat,ALL,0,0,1994-06-17,1994-07-13,2
USGS,10301780,"LATERAL 2D BLW SCHURZ, NV",ST,38.92186459,-118.7698657,U,NAD83, 4100., 20,NGVD29,16050303,qw,00010,,0,,wat,PHY,1645597,0,1994-06-17,1994-07-13,2
USGS,10301780,"LATERAL 2D BLW SCHURZ, NV",ST,38.92186459,-118.7698657,U,NAD83, 4100., 20,NGVD29,16050303,qw,00028,,0,,wat,INF,0,0,1994-06-17,1994-07-13,2
USGS,10301780,"LATERAL 2D BLW SCHURZ, NV",ST,38.92186459,-118.7698657,U,NAD83, 4100., 20,NGVD29,16050303,qw,00061,,0,,wat,PHY,1645415,0,1994-06-17,1994-06-17,1
USGS,10301780,"LATERAL 2D BLW SCHURZ, NV",ST,38.92186459,-118.7698657,U,NAD83, 4100., 20,NGVD29,16050303,qw,00095,,0,,wat,PHY,1646694,0,1994-06-17,1994-07-13,2
USGS,10301780,"LATERAL 2D BLW SCHURZ, NV",ST,38.92186459,-118.7698657,U,NAD83, 4100., 20,NGVD29,16050303,qw,00191,,0,,wat,INN,1640572,0,1994-06-17,1994-07-13,2
USGS,10301780,"LATERAL 2D BLW SCHURZ, NV",ST,38.92186459,-118.7698657,U,NAD83, 4100., 20,NGVD29,16050303,qw,00400,,0,,wat,PHY,17028275,0,1994-06-17,1994-07-13,2
USGS,10301780,"LATERAL 2D BLW SCHURZ, NV",ST,38.92186459,-118.7698657,U,NAD83, 4100., 20,NGVD29,16050303,qw,00403,,0,,wat,PHY,1644335,0,1994-06-17,1994-06-17,1
USGS,10301780,"LATERAL 2D BLW SCHURZ, NV",ST,38.92186459,-118.7698657,U,NAD83, 4100., 20,NGVD29,16050303,qw,00405,,0,,wat,INN,33548,0,1994-06-17,1994-06-17,1
USGS,10301780,"LATERAL 2D BLW SCHURZ, NV",ST,38.92186459,-118.7698657,U,NAD83, 4100., 20,NGVD29,16050303,qw,00452,,0,,wat,INN,119396,0,1994-06-17,1994-06-17,1
USGS,10301780,"LATERAL 2D BLW SCHURZ, NV",ST,38.92186459,-118.7698657,U,NAD83, 4100., 20,NGVD29,16050303,qw,00453,,0,,wat,INN,4788,0,1994-06-17,1994-06-17,1
USGS,10301780,"LATERAL 2D BLW SCHURZ, NV",ST,38.92186459,-118.7698657,U,NAD83, 4100., 20,NGVD29,16050303,qw,00608,,0,,wat,NUT,966655,0,1994-06-17,1994-06-17,1
USGS,10301780,"LATERAL 2D BLW SCHURZ, NV",ST,38.92186459,-118.7698657,U,NAD83, 4100., 20,NGVD29,16050303,qw,00613,,0,,wat,NUT,197194,0,1994-06-17,1994-06-17,1
USGS,10301780,"LATERAL 2D BLW SCHURZ, NV",ST,38.92186459,-118.7698657,U,NAD83, 4100., 20,NGVD29,16050303,qw,00618,,0,,wat,NUT,197186,0,1994-06-17,1994-06-17,1
USGS,10301780,"LATERAL 2D BLW SCHURZ, NV",ST,38.92186459,-118.7698657,U,NAD83, 4100., 20,NGVD29,16050303,qw,00631,,0,,wat,NUT,701177,0,1994-06-17,1994-06-17,1
USGS,10301780,"LATERAL 2D BLW SCHURZ, NV",ST,38.92186459,-118.7698657,U,NAD83, 4100., 20,NGVD29,16050303,qw,00660,,0,,wat,NUT,194464,0,1994-06-17,1994-06-17,1
USGS,10301780,"LATERAL 2D BLW SCHURZ, NV",ST,38.92186459,-118.7698657,U,NAD83, 4100., 20,NGVD29,16050303,qw,00671,,0,,wat,NUT,194464,0,1994-06-17,1994-06-17,1
USGS,10301780,"LATERAL 2D BLW SCHURZ, NV",ST,38.92186459,-118.7698657,U,NAD83, 4100., 20,NGVD29,16050303,qw,00900,,0,,wat,PHY,1640416,0,1994-06-17,1994-06-17,1
USGS,10301780,"LATERAL 2D BLW SCHURZ, NV",ST,38.92186459,-118.7698657,U,NAD83, 4100., 20,NGVD29,16050303,qw,00915,,0,,wat,INM,150268,0,1994-06-17,1994-06-17,1
USGS,10301780,"LATERAL 2D BLW SCHURZ, NV",ST,38.92186459,-118.7698657,U,NAD83, 4100., 20,NGVD29,16050303,qw,00925,,0,,wat,INM,149617,0,1994-06-17,1994-06-17,1
USGS,10301780,"LATERAL 2D BLW SCHURZ, NV",ST,38.92186459,-118.7698657,U,NAD83, 4100., 20,NGVD29,16050303,qw,00930,,0,,wat,INM,149856,0,1994-06-17,1994-06-17,1
USGS,10301780,"LATERAL 2D BLW SCHURZ, NV",ST,38.92186459,-118.7698657,U,NAD83, 4100., 20,NGVD29,16050303,qw,00931,,0,,wat,INM,1640523,0,1994-06-17,1994-06-17,1
USGS,10301780,"LATERAL 2D BLW SCHURZ, NV",ST,38.92186459,-118.7698657,U,NAD83, 4100., 20,NGVD29,16050303,qw,00932,,0,,wat,INM,1646660,0,1994-06-17,1994-06-17,1
USGS,10301780,"LATERAL 2D BLW SCHURZ, NV",ST,38.92186459,-118.7698657,U,NAD83, 4100., 20,NGVD29,16050303,qw,00935,,0,,wat,INM,149740,0,1994-06-17,1994-06-17,1
USGS,10301780,"LATERAL 2D BLW SCHURZ, NV",ST,38.92186459,-118.7698657,U,NAD83, 4100., 20,NGVD29,16050303,qw,00940,,0,,wat,INN,205955,0,1994-06-17,1994-06-17,1
USGS,10301780,"LATERAL 2D BLW SCHURZ, NV",ST,38.92186459,-118.7698657,U,NAD83, 4100., 20,NGVD29,16050303,qw,00945,,0,,wat,INN,197301,0,1994-06-17,1994-06-17,1
USGS,10301780,"LATERAL 2D BLW SCHURZ, NV",ST,38.92186459,-118.7698657,U,NAD83, 4100., 20,NGVD29,16050303,qw,00950,,0,,wat,INN,206706,0,1994-06-17,1994-06-17,1
USGS,10301780,"LATERAL 2D BLW SCHURZ, NV",ST,38.92186459,-118.7698657,U,NAD83, 4100., 20,NGVD29,16050303,qw,00955,,0,,wat,INN,151977,0,1994-06-17,1994-06-17,1
USGS,10301780,"LATERAL 2D BLW SCHURZ, NV",ST,38.92186459,-118.7698657,U,NAD83, 4100., 20,NGVD29,16050303,qw,01000,,0,,wat,IMN,149989,0,1994-06-17,1994-06-17,1
USGS,10301780,"LATERAL 2D BLW SCHURZ, NV",ST,38.92186459,-118.7698657,U,NAD83, 4100., 20,NGVD29,16050303,qw,01005,,0,,wat,IMM,149997,0,1994-06-17,1994-06-17,1
USGS,10301780,"LATERAL 2D BLW SCHURZ, NV",ST,38.92186459,-118.7698657,U,NAD83, 4100., 20,NGVD29,16050303,qw,01010,,0,,wat,IMM,150003,0,1994-06-17,1994-06-17,1
USGS,10301780,"LATERAL 2D BLW SCHURZ, NV",ST,38.92186459,-118.7698657,U,NAD83, 4100., 20,NGVD29,16050303,qw,01020,,0,,wat,IMN,150011,0,1994-06-17,1994-06-17,1
USGS,10301780,"LATERAL 2D BLW SCHURZ, NV",ST,38.92186459,-118.7698657,U,NAD83, 4100., 20,NGVD29,16050303,qw,01025,,0,,wat,IMM,150029,0,1994-06-17,1994-06-17,1
USGS,10301780,"LATERAL 2D BLW SCHURZ, NV",ST,38.92186459,-118.7698657,U,NAD83, 4100., 20,NGVD29,16050303,qw,01030,,0,,wat,IMM,150060,0,1994-06-17,1994-06-17,1
USGS,10301780,"LATERAL 2D BLW SCHURZ, NV",ST,38.92186459,-118.7698657,U,NAD83, 4100., 20,NGVD29,16050303,qw,01035,,0,,wat,IMM,150078,0,1994-06-17,1994-06-17,1
USGS,10301780,"LATERAL 2D BLW SCHURZ, NV",ST,38.92186459,-118.7698657,U,NAD83, 4100., 20,NGVD29,16050303,qw,01040,,0,,wat,IMM,150086,0,1994-06-17,1994-06-17,1
USGS,10301780,"LATERAL 2D BLW SCHURZ, NV",ST,38.92186459,-118.7698657,U,NAD83, 4100., 20,NGVD29,16050303,qw,01046,,0,,wat,IMM,149559,0,1994-06-17,1994-06-17,1
USGS,10301780,"LATERAL 2D BLW SCHURZ, NV",ST,38.92186459,-118.7698657,U,NAD83, 4100., 20,NGVD29,16050303,qw,01049,,0,,wat,IMM,149583,0,1994-06-17,1994-06-17,1
USGS,10301780,"LATERAL 2D BLW SCHURZ, NV",ST,38.92186459,-118.7698657,U,NAD83, 4100., 20,NGVD29,16050303,qw,01056,,0,,wat,IMM,149625,0,1994-06-17,1994-06-17,1
USGS,10301780,"LATERAL 2D BLW SCHURZ, NV",ST,38.92186459,-118.7698657,U,NAD83, 4100., 20,NGVD29,16050303,qw,01060,,0,,wat,IMM,149641,0,1994-06-17,1994-06-17,1
USGS,10301780,"LATERAL 2D BLW SCHURZ, NV",ST,38.92186459,-118.7698657,U,NAD83, 4100., 20,NGVD29,16050303,qw,01065,,0,,wat,IMM,149674,0,1994-06-17,1994-06-17,1
USGS,10301780,"LATERAL 2D BLW SCHURZ, NV",ST,38.92186459,-118.7698657,U,NAD83, 4100., 20,NGVD29,16050303,qw,01075,,0,,wat,IMM,149849,0,1994-06-17,1994-06-17,1
USGS,10301780,"LATERAL 2D BLW SCHURZ, NV",ST,38.92186459,-118.7698657,U,NAD83, 4100., 20,NGVD29,16050303,qw,01090,,0,,wat,IMM,150235,0,1994-06-17,1994-06-17,1
USGS,10301780,"LATERAL 2D BLW SCHURZ, NV",ST,38.92186459,-118.7698657,U,NAD83, 4100., 20,NGVD29,16050303,qw,01095,,0,,wat,IMN,149963,0,1994-06-17,1994-06-17,1
USGS,10301780,"LATERAL 2D BLW SCHURZ, NV",ST,38.92186459,-118.7698657,U,NAD83, 4100., 20,NGVD29,16050303,qw,01106,,0,,wat,IMM,149476,0,1994-06-17,1994-06-17,1
USGS,10301780,"LATERAL 2D BLW SCHURZ, NV",ST,38.92186459,-118.7698657,U,NAD83, 4100., 20,NGVD29,16050303,qw,01145,,0,,wat,IMN,154310,0,1994-06-17,1994-06-17,1
USGS,10301780,"LATERAL 2D BLW SCHURZ, NV",ST,38.92186459,-118.7698657,U,NAD83, 4100., 20,NGVD29,16050303,qw,22703,,0,,wat,RAD,150185,0,1994-06-17,1994-06-17,1
USGS,10301780,"LATERAL 2D BLW SCHURZ, NV",ST,38.92186459,-118.7698657,U,NAD83, 4100., 20,NGVD29,16050303,qw,30209,,0,,wat,PHY,1645415,0,1994-06-17,1994-06-17,1
USGS,10301780,"LATERAL 2D BLW SCHURZ, NV",ST,38.92186459,-118.7698657,U,NAD83, 4100., 20,NGVD29,16050303,qw,34790,,0,,wat,IMM,149476,0,1994-07-13,1994-07-13,1
USGS,10301780,"LATERAL 2D BLW SCHURZ, NV",ST,38.92186459,-118.7698657,U,NAD83, 4100., 20,NGVD29,16050303,qw,34795,,0,,wat,IMN,149963,0,1994-07-13,1994-07-13,1
USGS,10301780,"LATERAL 2D BLW SCHURZ, NV",ST,38.92186459,-118.7698657,U,NAD83, 4100., 20,NGVD29,16050303,qw,34800,,0,,wat,IMN,149989,0,1994-07-13,1994-07-13,1
USGS,10301780,"LATERAL 2D BLW SCHURZ, NV",ST,38.92186459,-118.7698657,U,NAD83, 4100., 20,NGVD29,16050303,qw,34805,,0,,wat,IMM,149997,0,1994-07-13,1994-07-13,1
USGS,10301780,"LATERAL 2D BLW SCHURZ, NV",ST,38.92186459,-118.7698657,U,NAD83, 4100., 20,NGVD29,16050303,qw,34810,,0,,wat,IMM,150003,0,1994-07-13,1994-07-13,1
USGS,10301780,"LATERAL 2D BLW SCHURZ, NV",ST,38.92186459,-118.7698657,U,NAD83, 4100., 20,NGVD29,16050303,qw,34816,,0,,wat,IMM,150250,0,1994-07-13,1994-07-13,1
USGS,10301780,"LATERAL 2D BLW SCHURZ, NV",ST,38.92186459,-118.7698657,U,NAD83, 4100., 20,NGVD29,16050303,qw,34825,,0,,wat,IMM,150029,0,1994-07-13,1994-07-13,1
USGS,10301780,"LATERAL 2D BLW SCHURZ, NV",ST,38.92186459,-118.7698657,U,NAD83, 4100., 20,NGVD29,16050303,qw,34830,,0,,wat,INM,150268,0,1994-07-13,1994-07-13,1
USGS,10301780,"LATERAL 2D BLW SCHURZ, NV",ST,38.92186459,-118.7698657,U,NAD83, 4100., 20,NGVD29,16050303,qw,34835,,0,,wat,IMM,150045,0,1994-07-13,1994-07-13,1
USGS,10301780,"LATERAL 2D BLW SCHURZ, NV",ST,38.92186459,-118.7698657,U,NAD83, 4100., 20,NGVD29,16050303,qw,34840,,0,,wat,IMM,150060,0,1994-07-13,1994-07-13,1
USGS,10301780,"LATERAL 2D BLW SCHURZ, NV",ST,38.92186459,-118.7698657,U,NAD83, 4100., 20,NGVD29,16050303,qw,34845,,0,,wat,IMM,150078,0,1994-07-13,1994-07-13,1
USGS,10301780,"LATERAL 2D BLW SCHURZ, NV",ST,38.92186459,-118.7698657,U,NAD83, 4100., 20,NGVD29,16050303,qw,34850,,0,,wat,IMM,150086,0,1994-07-13,1994-07-13,1
USGS,10301780,"LATERAL 2D BLW SCHURZ, NV",ST,38.92186459,-118.7698657,U,NAD83, 4100., 20,NGVD29,16050303,qw,34855,,0,,wat,IMM,150102,0,1994-07-13,1994-07-13,1
USGS,10301780,"LATERAL 2D BLW SCHURZ, NV",ST,38.92186459,-118.7698657,U,NAD83, 4100., 20,NGVD29,16050303,qw,34860,,0,,wat,IMM,150128,0,1994-07-13,1994-07-13,1
USGS,10301780,"LATERAL 2D BLW SCHURZ, NV",ST,38.92186459,-118.7698657,U,NAD83, 4100., 20,NGVD29,16050303,qw,34870,,0,,wat,IMM,150144,0,1994-07-13,1994-07-13,1
USGS,10301780,"LATERAL 2D BLW SCHURZ, NV",ST,38.92186459,-118.7698657,U,NAD83, 4100., 20,NGVD29,16050303,qw,34875,,0,,wat,IMM,150177,0,1994-07-13,1994-07-13,1
USGS,10301780,"LATERAL 2D BLW SCHURZ, NV",ST,38.92186459,-118.7698657,U,NAD83, 4100., 20,NGVD29,16050303,qw,34880,,0,,wat,IMM,149559,0,1994-07-13,1994-07-13,1
USGS,10301780,"LATERAL 2D BLW SCHURZ, NV",ST,38.92186459,-118.7698657,U,NAD83, 4100., 20,NGVD29,16050303,qw,34885,,0,,wat,IMM,149575,0,1994-07-13,1994-07-13,1
USGS,10301780,"LATERAL 2D BLW SCHURZ, NV",ST,38.92186459,-118.7698657,U,NAD83, 4100., 20,NGVD29,16050303,qw,34890,,0,,wat,IMM,149583,0,1994-07-13,1994-07-13,1
USGS,10301780,"LATERAL 2D BLW SCHURZ, NV",ST,38.92186459,-118.7698657,U,NAD83, 4100., 20,NGVD29,16050303,qw,34895,,0,,wat,IMM,149591,0,1994-07-13,1994-07-13,1
USGS,10301780,"LATERAL 2D BLW SCHURZ, NV",ST,38.92186459,-118.7698657,U,NAD83, 4100., 20,NGVD29,16050303,qw,34900,,0,,wat,INM,149617,0,1994-07-13,1994-07-13,1
USGS,10301780,"LATERAL 2D BLW SCHURZ, NV",ST,38.92186459,-118.7698657,U,NAD83, 4100., 20,NGVD29,16050303,qw,34905,,0,,wat,IMM,149625,0,1994-07-13,1994-07-13,1
USGS,10301780,"LATERAL 2D BLW SCHURZ, NV",ST,38.92186459,-118.7698657,U,NAD83, 4100., 20,NGVD29,16050303,qw,34910,,0,,wat,IMM,149633,0,1994-07-13,1994-07-13,1
USGS,10301780,"LATERAL 2D BLW SCHURZ, NV",ST,38.92186459,-118.7698657,U,NAD83, 4100., 20,NGVD29,16050303,qw,34915,,0,,wat,IMM,149641,0,1994-07-13,1994-07-13,1
USGS,10301780,"LATERAL 2D BLW SCHURZ, NV",ST,38.92186459,-118.7698657,U,NAD83, 4100., 20,NGVD29,16050303,qw,34920,,0,,wat,IMM,149658,0,1994-07-13,1994-07-13,1
USGS,10301780,"LATERAL 2D BLW SCHURZ, NV",ST,38.92186459,-118.7698657,U,NAD83, 4100., 20,NGVD29,16050303,qw,34925,,0,,wat,IMM,149674,0,1994-07-13,1994-07-13,1
USGS,10301780,"LATERAL 2D BLW SCHURZ, NV",ST,38.92186459,-118.7698657,U,NAD83, 4100., 20,NGVD29,16050303,qw,34930,,0,,wat,IMM,149682,0,1994-07-13,1994-07-13,1
USGS,10301780,"LATERAL 2D BLW SCHURZ, NV",ST,38.92186459,-118.7698657,U,NAD83, 4100., 20,NGVD29,16050303,qw,34935,,0,,wat,NUT,153049,0,1994-07-13,1994-07-13,1
USGS,10301780,"LATERAL 2D BLW SCHURZ, NV",ST,38.92186459,-118.7698657,U,NAD83, 4100., 20,NGVD29,16050303,qw,34940,,0,,wat,INM,149740,0,1994-07-13,1994-07-13,1
USGS,10301780,"LATERAL 2D BLW SCHURZ, NV",ST,38.92186459,-118.7698657,U,NAD83, 4100., 20,NGVD29,16050303,qw,34945,,0,,wat,IMM,149823,0,1994-07-13,1994-07-13,1
USGS,10301780,"LATERAL 2D BLW SCHURZ, NV",ST,38.92186459,-118.7698657,U,NAD83, 4100., 20,NGVD29,16050303,qw,34950,,0,,wat,IMN,154310,0,1994-07-13,1994-07-13,1
USGS,10301780,"LATERAL 2D BLW SCHURZ, NV",ST,38.92186459,-118.7698657,U,NAD83, 4100., 20,NGVD29,16050303,qw,34955,,0,,wat,IMM,149849,0,1994-07-13,1994-07-13,1
USGS,10301780,"LATERAL 2D BLW SCHURZ, NV",ST,38.92186459,-118.7698657,U,NAD83, 4100., 20,NGVD29,16050303,qw,34960,,0,,wat,INM,149856,0,1994-07-13,1994-07-13,1
USGS,10301780,"LATERAL 2D BLW SCHURZ, NV",ST,38.92186459,-118.7698657,U,NAD83, 4100., 20,NGVD29,16050303,qw,34965,,0,,wat,IMM,149864,0,1994-07-13,1994-07-13,1
USGS,10301780,"LATERAL 2D BLW SCHURZ, NV",ST,38.92186459,-118.7698657,U,NAD83, 4100., 20,NGVD29,16050303,qw,34970,,0,,wat,INN,152744,0,1994-07-13,1994-07-13,1
USGS,10301780,"LATERAL 2D BLW SCHURZ, NV",ST,38.92186459,-118.7698657,U,NAD83, 4100., 20,NGVD29,16050303,qw,34975,,0,,wat,IMM,149872,0,1994-07-13,1994-07-13,1
USGS,10301780,"LATERAL 2D BLW SCHURZ, NV",ST,38.92186459,-118.7698657,U,NAD83, 4100., 20,NGVD29,16050303,qw,34980,,0,,wat,RAD,149906,0,1994-07-13,1994-07-13,1
USGS,10301780,"LATERAL 2D BLW SCHURZ, NV",ST,38.92186459,-118.7698657,U,NAD83, 4100., 20,NGVD29,16050303,qw,34985,,0,,wat,IMM,149922,0,1994-07-13,1994-07-13,1
USGS,10301780,"LATERAL 2D BLW SCHURZ, NV",ST,38.92186459,-118.7698657,U,NAD83, 4100., 20,NGVD29,16050303,qw,35000,,0,,wat,RAD,150185,0,1994-07-13,1994-07-13,1
USGS,10301780,"LATERAL 2D BLW SCHURZ, NV",ST,38.92186459,-118.7698657,U,NAD83, 4100., 20,NGVD29,16050303,qw,35005,,0,,wat,IMM,150193,0,1994-07-13,1994-07-13,1
USGS,10301780,"LATERAL 2D BLW SCHURZ, NV",ST,38.92186459,-118.7698657,U,NAD83, 4100., 20,NGVD29,16050303,qw,35010,,0,,wat,IMM,150227,0,1994-07-13,1994-07-13,1
USGS,10301780,"LATERAL 2D BLW SCHURZ, NV",ST,38.92186459,-118.7698657,U,NAD83, 4100., 20,NGVD29,16050303,qw,35015,,0,,wat,IMM,150219,0,1994-07-13,1994-07-13,1
USGS,10301780,"LATERAL 2D BLW SCHURZ, NV",ST,38.92186459,-118.7698657,U,NAD83, 4100., 20,NGVD29,16050303,qw,35020,,0,,wat,IMM,150235,0,1994-07-13,1994-07-13,1
USGS,10301780,"LATERAL 2D BLW SCHURZ, NV",ST,38.92186459,-118.7698657,U,NAD83, 4100., 20,NGVD29,16050303,qw,39086,,0,,wat,INN,1640192,0,1994-06-17,1994-06-17,1
USGS,10301780,"LATERAL 2D BLW SCHURZ, NV",ST,38.92186459,-118.7698657,U,NAD83, 4100., 20,NGVD29,16050303,qw,39251,,0,,wat,OOT,528521,0,1994-07-13,1994-07-13,1
USGS,10301780,"LATERAL 2D BLW SCHURZ, NV",ST,38.92186459,-118.7698657,U,NAD83, 4100., 20,NGVD29,16050303,qw,39333,,0,,wat,OPE,42002,0,1994-07-13,1994-07-13,1
USGS,10301780,"LATERAL 2D BLW SCHURZ, NV",ST,38.92186459,-118.7698657,U,NAD83, 4100., 20,NGVD29,16050303,qw,39343,,0,,wat,OPE,2923,0,1994-07-13,1994-07-13,1
USGS,10301780,"LATERAL 2D BLW SCHURZ, NV",ST,38.92186459,-118.7698657,U,NAD83, 4100., 20,NGVD29,16050303,qw,39351,,0,,wat,OPE,183160,0,1994-07-13,1994-07-13,1
USGS,10301780,"LATERAL 2D BLW SCHURZ, NV",ST,38.92186459,-118.7698657,U,NAD83, 4100., 20,NGVD29,16050303,qw,39363,,0,,wat,OPE,4937,0,1994-07-13,1994-07-13,1
USGS,10301780,"LATERAL 2D BLW SCHURZ, NV",ST,38.92186459,-118.7698657,U,NAD83, 4100., 20,NGVD29,16050303,qw,39368,,0,,wat,OPE,4945,0,1994-07-13,1994-07-13,1
USGS,10301780,"LATERAL 2D BLW SCHURZ, NV",ST,38.92186459,-118.7698657,U,NAD83, 4100., 20,NGVD29,16050303,qw,39373,,0,,wat,OPE,1107,0,1994-07-13,1994-07-13,1
USGS,10301780,"LATERAL 2D BLW SCHURZ, NV",ST,38.92186459,-118.7698657,U,NAD83, 4100., 20,NGVD29,16050303,qw,39383,,0,,wat,OPE,3426,0,1994-07-13,1994-07-13,1
USGS,10301780,"LATERAL 2D BLW SCHURZ, NV",ST,38.92186459,-118.7698657,U,NAD83, 4100., 20,NGVD29,16050303,qw,39389,,0,,wat,OPE,75333,0,1994-07-13,1994-07-13,1
USGS,10301780,"LATERAL 2D BLW SCHURZ, NV",ST,38.92186459,-118.7698657,U,NAD83, 4100., 20,NGVD29,16050303,qw,39393,,0,,wat,OPE,4887,0,1994-07-13,1994-07-13,1
USGS,10301780,"LATERAL 2D BLW SCHURZ, NV",ST,38.92186459,-118.7698657,U,NAD83, 4100., 20,NGVD29,16050303,qw,39403,,0,,wat,OPE,156919,0,1994-07-13,1994-07-13,1
USGS,10301780,"LATERAL 2D BLW SCHURZ, NV",ST,38.92186459,-118.7698657,U,NAD83, 4100., 20,NGVD29,16050303,qw,39413,,0,,wat,OPE,6262,0,1994-07-13,1994-07-13,1
USGS,10301780,"LATERAL 2D BLW SCHURZ, NV",ST,38.92186459,-118.7698657,U,NAD83, 4100., 20,NGVD29,16050303,qw,39423,,0,,wat,OPE,76661,0,1994-07-13,1994-07-13,1
USGS,10301780,"LATERAL 2D BLW SCHURZ, NV",ST,38.92186459,-118.7698657,U,NAD83, 4100., 20,NGVD29,16050303,qw,39481,,0,,wat,OPE,4903,0,1994-07-13,1994-07-13,1
USGS,10301780,"LATERAL 2D BLW SCHURZ, NV",ST,38.92186459,-118.7698657,U,NAD83, 4100., 20,NGVD29,16050303,qw,39519,,0,,wat,OPC,85878,0,1994-07-13,1994-07-13,1
USGS,10301780,"LATERAL 2D BLW SCHURZ, NV",ST,38.92186459,-118.7698657,U,NAD83, 4100., 20,NGVD29,16050303,qw,39758,,0,,wat,OPE,100883,0,1994-07-13,1994-07-13,1
USGS,10301780,"LATERAL 2D BLW SCHURZ, NV",ST,38.92186459,-118.7698657,U,NAD83, 4100., 20,NGVD29,16050303,qw,49266,,0,,wat,OOT,701250,0,1994-07-13,1994-07-13,1
USGS,10301780,"LATERAL 2D BLW SCHURZ, NV",ST,38.92186459,-118.7698657,U,NAD83, 4100., 20,NGVD29,16050303,qw,49267,,0,,wat,INN,150037,0,1994-07-13,1994-07-13,1
USGS,10301780,"LATERAL 2D BLW SCHURZ, NV",ST,38.92186459,-118.7698657,U,NAD83, 4100., 20,NGVD29,16050303,qw,49269,,0,,wat,INN,17294661,0,1994-07-13,1994-07-13,1
USGS,10301780,"LATERAL 2D BLW SCHURZ, NV",ST,38.92186459,-118.7698657,U,NAD83, 4100., 20,NGVD29,16050303,qw,49274,,0,,wat,IMM,149930,0,1994-07-13,1994-07-13,1
USGS,10301780,"LATERAL 2D BLW SCHURZ, NV",ST,38.92186459,-118.7698657,U,NAD83, 4100., 20,NGVD29,16050303,qw,70300,,0,,wat,PHY,1642222,0,1994-06-17,1994-06-17,1
USGS,10301780,"LATERAL 2D BLW SCHURZ, NV",ST,38.92186459,-118.7698657,U,NAD83, 4100., 20,NGVD29,16050303,qw,70301,,0,,wat,PHY,1642222,0,1994-06-17,1994-06-17,1
USGS,10301780,"LATERAL 2D BLW SCHURZ, NV",ST,38.92186459,-118.7698657,U,NAD83, 4100., 20,NGVD29,16050303,qw,70302,,0,,wat,PHY,1642222,0,1994-06-17,1994-06-17,1
USGS,10301780,"LATERAL 2D BLW SCHURZ, NV",ST,38.92186459,-118.7698657,U,NAD83, 4100., 20,NGVD29,16050303,qw,70303,,0,,wat,PHY,1642222,0,1994-06-17,1994-06-17,1
USGS,10301780,"LATERAL 2D BLW SCHURZ, NV",ST,38.92186459,-118.7698657,U,NAD83, 4100., 20,NGVD29,16050303,qw,71846,,0,,wat,NUT,966655,0,1994-06-17,1994-06-17,1
USGS,10301780,"LATERAL 2D BLW SCHURZ, NV",ST,38.92186459,-118.7698657,U,NAD83, 4100., 20,NGVD29,16050303,qw,71851,,0,,wat,NUT,197186,0,1994-06-17,1994-06-17,1
USGS,10301780,"LATERAL 2D BLW SCHURZ, NV",ST,38.92186459,-118.7698657,U,NAD83, 4100., 20,NGVD29,16050303,qw,71856,,0,,wat,NUT,197194,0,1994-06-17,1994-06-17,1
USGS,10301780,"LATERAL 2D BLW SCHURZ, NV",ST,38.92186459,-118.7698657,U,NAD83, 4100., 20,NGVD29,16050303,qw,71870,,0,,wat,INN,227538,0,1994-06-17,1994-06-17,1
USGS,10301780,"LATERAL 2D BLW SCHURZ, NV",ST,38.92186459,-118.7698657,U,NAD83, 4100., 20,NGVD29,16050303,qw,71890,,0,,wat,IMM,149633,0,1994-06-17,1994-06-17,1
USGS,10301780,"LATERAL 2D BLW SCHURZ, NV",ST,38.92186459,-118.7698657,U,NAD83, 4100., 20,NGVD29,16050303,qw,81886,,0,,wat,OPE,4952,0,1994-07-13,1994-07-13,1
USGS,10301780,"LATERAL 2D BLW SCHURZ, NV",ST,38.92186459,-118.7698657,U,NAD83, 4100., 20,NGVD29,16050303,qw,90095,,0,,wat,PHY,1646694,0,1994-06-17,1994-06-17,1
USGS,10301780,"LATERAL 2D BLW SCHURZ, NV",ST,38.92186459,-118.7698657,U,NAD83, 4100., 20,NGVD29,16050303,qw,90410,,0,,wat,INN,1640192,0,1994-06-17,1994-06-17,1
USGS,10301900,"CANAL 2 AT END OF LINED DITCH BLW SCHURZ, NV",ST,38.88880888,-118.7551427,S,NAD83, 4070., 10,NGVD29,16050303,dv,00060,00003,102538,,wat,,1645423,0,1998-03-19,2001-04-11,1120
USGS,10301900,"CANAL 2 AT END OF LINED DITCH BLW SCHURZ, NV",ST,38.88880888,-118.7551427,S,NAD83, 4070., 10,NGVD29,16050303,sv,,,0,,wat,,0,0,1998-04-29,2000-10-11,31
USGS,10301900,"CANAL 2 AT END OF LINED DITCH BLW SCHURZ, NV",ST,38.88880888,-118.7551427,S,NAD83, 4070., 10,NGVD29,16050303,uv,00060,,209629,,wat,,1645423,0,1998-03-20,2001-04-11,1118
USGS,10302000,"WALKER RV AT SCHURZ, NV",ST,38.94908679,-118.8079225,S,NAD83, 4120.00, 10,NGVD29,16050303,dv,00060,00003,102539,,wat,,1645423,0,1913-07-01,1933-09-30,7185
USGS,10302000,"WALKER RV AT SCHURZ, NV",ST,38.94908679,-118.8079225,S,NAD83, 4120.00, 10,NGVD29,16050303,pk,,,0,,wat,,0,0,1914-06-08,1933-03-01,20
USGS,10302000,"WALKER RV AT SCHURZ, NV",ST,38.94908679,-118.8079225,S,NAD83, 4120.00, 10,NGVD29,16050303,qw,,,0,,wat,ALL,0,0,1994-07-15,1995-08-15,2
USGS,10302000,"WALKER RV AT SCHURZ, NV",ST,38.94908679,-118.8079225,S,NAD83, 4120.00, 10,NGVD29,16050303,qw,00010,,0,,wat,PHY,1645597,0,1994-07-15,1995-08-15,2
USGS,10302000,"WALKER RV AT SCHURZ, NV",ST,38.94908679,-118.8079225,S,NAD83, 4120.00, 10,NGVD29,16050303,qw,00020,,0,,wat,PHY,1645712,0,1995-08-15,1995-08-15,1
USGS,10302000,"WALKER RV AT SCHURZ, NV",ST,38.94908679,-118.8079225,S,NAD83, 4120.00, 10,NGVD29,16050303,qw,00025,,0,,wat,PHY,1641265,0,1995-08-15,1995-08-15,1
USGS,10302000,"WALKER RV AT SCHURZ, NV",ST,38.94908679,-118.8079225,S,NAD83, 4120.00, 10,NGVD29,16050303,qw,00028,,0,,wat,INF,0,0,1994-07-15,1995-08-15,2
USGS,10302000,"WALKER RV AT SCHURZ, NV",ST,38.94908679,-118.8079225,S,NAD83, 4120.00, 10,NGVD29,16050303,qw,00061,,0,,wat,PHY,1645415,0,1994-07-15,1995-08-15,2
USGS,10302000,"WALKER RV AT SCHURZ, NV",ST,38.94908679,-118.8079225,S,NAD83, 4120.00, 10,NGVD29,16050303,qw,00095,,0,,wat,PHY,1646694,0,1994-07-15,1995-08-15,2
USGS,10302000,"WALKER RV AT SCHURZ, NV",ST,38.94908679,-118.8079225,S,NAD83, 4120.00, 10,NGVD29,16050303,qw,00191,,0,,wat,INN,1640572,0,1994-07-15,1995-08-15,2
USGS,10302000,"WALKER RV AT SCHURZ, NV",ST,38.94908679,-118.8079225,S,NAD83, 4120.00, 10,NGVD29,16050303,qw,00300,,0,,wat,INN,154302,0,1995-08-15,1995-08-15,1
USGS,10302000,"WALKER RV AT SCHURZ, NV",ST,38.94908679,-118.8079225,S,NAD83, 4120.00, 10,NGVD29,16050303,qw,00301,,0,,wat,INN,154302,0,1995-08-15,1995-08-15,1
USGS,10302000,"WALKER RV AT SCHURZ, NV",ST,38.94908679,-118.8079225,S,NAD83, 4120.00, 10,NGVD29,16050303,qw,00400,,0,,wat,PHY,17028275,0,1994-07-15,1995-08-15,2
USGS,10302000,"WALKER RV AT SCHURZ, NV",ST,38.94908679,-118.8079225,S,NAD83, 4120.00, 10,NGVD29,16050303,qw,00403,,0,,wat,PHY,1644335,0,1994-07-15,1995-08-15,2
USGS,10302000,"WALKER RV AT SCHURZ, NV",ST,38.94908679,-118.8079225,S,NAD83, 4120.00, 10,NGVD29,16050303,qw,00405,,0,,wat,INN,33548,0,1994-07-15,1995-08-15,2
USGS,10302000,"WALKER RV AT SCHURZ, NV",ST,38.94908679,-118.8079225,S,NAD83, 4120.00, 10,NGVD29,16050303,qw,00452,,0,,wat,INN,119396,0,1994-07-15,1995-08-15,2
USGS,10302000,"WALKER RV AT SCHURZ, NV",ST,38.94908679,-118.8079225,S,NAD83, 4120.00, 10,NGVD29,16050303,qw,00453,,0,,wat,INN,4788,0,1994-07-15,1995-08-15,2
USGS,10302000,"WALKER RV AT SCHURZ, NV",ST,38.94908679,-118.8079225,S,NAD83, 4120.00, 10,NGVD29,16050303,qw,00608,,0,,wat,NUT,966655,0,1994-07-15,1994-07-15,1
USGS,10302000,"WALKER RV AT SCHURZ, NV",ST,38.94908679,-118.8079225,S,NAD83, 4120.00, 10,NGVD29,16050303,qw,00613,,0,,wat,NUT,197194,0,1994-07-15,1994-07-15,1
USGS,10302000,"WALKER RV AT SCHURZ, NV",ST,38.94908679,-118.8079225,S,NAD83, 4120.00, 10,NGVD29,16050303,qw,00618,,0,,wat,NUT,197186,0,1994-07-15,1994-07-15,1
USGS,10302000,"WALKER RV AT SCHURZ, NV",ST,38.94908679,-118.8079225,S,NAD83, 4120.00, 10,NGVD29,16050303,qw,00631,,0,,wat,NUT,701177,0,1994-07-15,1994-07-15,1
USGS,10302000,"WALKER RV AT SCHURZ, NV",ST,38.94908679,-118.8079225,S,NAD83, 4120.00, 10,NGVD29,16050303,qw,00660,,0,,wat,NUT,194464,0,1994-07-15,1994-07-15,1
USGS,10302000,"WALKER RV AT SCHURZ, NV",ST,38.94908679,-118.8079225,S,NAD83, 4120.00, 10,NGVD29,16050303,qw,00671,,0,,wat,NUT,194464,0,1994-07-15,1994-07-15,1
USGS,10302000,"WALKER RV AT SCHURZ, NV",ST,38.94908679,-118.8079225,S,NAD83, 4120.00, 10,NGVD29,16050303,qw,00900,,0,,wat,PHY,1640416,0,1994-07-15,1995-08-15,2
USGS,10302000,"WALKER RV AT SCHURZ, NV",ST,38.94908679,-118.8079225,S,NAD83, 4120.00, 10,NGVD29,16050303,qw,00915,,0,,wat,INM,150268,0,1994-07-15,1995-08-15,2
USGS,10302000,"WALKER RV AT SCHURZ, NV",ST,38.94908679,-118.8079225,S,NAD83, 4120.00, 10,NGVD29,16050303,qw,00925,,0,,wat,INM,149617,0,1994-07-15,1995-08-15,2
USGS,10302000,"WALKER RV AT SCHURZ, NV",ST,38.94908679,-118.8079225,S,NAD83, 4120.00, 10,NGVD29,16050303,qw,00930,,0,,wat,INM,149856,0,1994-07-15,1995-08-15,2
USGS,10302000,"WALKER RV AT SCHURZ, NV",ST,38.94908679,-118.8079225,S,NAD83, 4120.00, 10,NGVD29,16050303,qw,00931,,0,,wat,INM,1640523,0,1994-07-15,1995-08-15,2
USGS,10302000,"WALKER RV AT SCHURZ, NV",ST,38.94908679,-118.8079225,S,NAD83, 4120.00, 10,NGVD29,16050303,qw,00932,,0,,wat,INM,1646660,0,1994-07-15,1995-08-15,2
USGS,10302000,"WALKER RV AT SCHURZ, NV",ST,38.94908679,-118.8079225,S,NAD83, 4120.00, 10,NGVD29,16050303,qw,00935,,0,,wat,INM,149740,0,1994-07-15,1995-08-15,2
USGS,10302000,"WALKER RV AT SCHURZ, NV",ST,38.94908679,-118.8079225,S,NAD83, 4120.00, 10,NGVD29,16050303,qw,00940,,0,,wat,INN,205955,0,1994-07-15,1995-08-15,2
USGS,10302000,"WALKER RV AT SCHURZ, NV",ST,38.94908679,-118.8079225,S,NAD83, 4120.00, 10,NGVD29,16050303,qw,00945,,0,,wat,INN,197301,0,1994-07-15,1995-08-15,2
USGS,10302000,"WALKER RV AT SCHURZ, NV",ST,38.94908679,-118.8079225,S,NAD83, 4120.00, 10,NGVD29,16050303,qw,00950,,0,,wat,INN,206706,0,1994-07-15,1995-08-15,2
USGS,10302000,"WALKER RV AT SCHURZ, NV",ST,38.94908679,-118.8079225,S,NAD83, 4120.00, 10,NGVD29,16050303,qw,00955,,0,,wat,INN,151977,0,1994-07-15,1995-08-15,2
USGS,10302000,"WALKER RV AT SCHURZ, NV",ST,38.94908679,-118.8079225,S,NAD83, 4120.00, 10,NGVD29,16050303,qw,01000,,0,,wat,IMN,149989,0,1994-07-15,1995-08-15,2
USGS,10302000,"WALKER RV AT SCHURZ, NV",ST,38.94908679,-118.8079225,S,NAD83, 4120.00, 10,NGVD29,16050303,qw,01005,,0,,wat,IMM,149997,0,1994-07-15,1995-08-15,2
USGS,10302000,"WALKER RV AT SCHURZ, NV",ST,38.94908679,-118.8079225,S,NAD83, 4120.00, 10,NGVD29,16050303,qw,01010,,0,,wat,IMM,150003,0,1994-07-15,1995-08-15,2
USGS,10302000,"WALKER RV AT SCHURZ, NV",ST,38.94908679,-118.8079225,S,NAD83, 4120.00, 10,NGVD29,16050303,qw,01020,,0,,wat,IMN,150011,0,1994-07-15,1995-08-15,2
USGS,10302000,"WALKER RV AT SCHURZ, NV",ST,38.94908679,-118.8079225,S,NAD83, 4120.00, 10,NGVD29,16050303,qw,01025,,0,,wat,IMM,150029,0,1994-07-15,1995-08-15,2
USGS,10302000,"WALKER RV AT SCHURZ, NV",ST,38.94908679,-118.8079225,S,NAD83, 4120.00, 10,NGVD29,16050303,qw,01030,,0,,wat,IMM,150060,0,1994-07-15,1995-08-15,2
USGS,10302000,"WALKER RV AT SCHURZ, NV",ST,38.94908679,-118.8079225,S,NAD83, 4120.00, 10,NGVD29,16050303,qw,01035,,0,,wat,IMM,150078,0,1994-07-15,1995-08-15,2
USGS,10302000,"WALKER RV AT SCHURZ, NV",ST,38.94908679,-118.8079225,S,NAD83, 4120.00, 10,NGVD29,16050303,qw,01040,,0,,wat,IMM,150086,0,1994-07-15,1995-08-15,2
USGS,10302000,"WALKER RV AT SCHURZ, NV",ST,38.94908679,-118.8079225,S,NAD83, 4120.00, 10,NGVD29,16050303,qw,01046,,0,,wat,IMM,149559,0,1994-07-15,1995-08-15,2
USGS,10302000,"WALKER RV AT SCHURZ, NV",ST,38.94908679,-118.8079225,S,NAD83, 4120.00, 10,NGVD29,16050303,qw,01049,,0,,wat,IMM,149583,0,1994-07-15,1995-08-15,2
USGS,10302000,"WALKER RV AT SCHURZ, NV",ST,38.94908679,-118.8079225,S,NAD83, 4120.00, 10,NGVD29,16050303,qw,01056,,0,,wat,IMM,149625,0,1994-07-15,1995-08-15,2
USGS,10302000,"WALKER RV AT SCHURZ, NV",ST,38.94908679,-118.8079225,S,NAD83, 4120.00, 10,NGVD29,16050303,qw,01060,,0,,wat,IMM,149641,0,1994-07-15,1995-08-15,2
USGS,10302000,"WALKER RV AT SCHURZ, NV",ST,38.94908679,-118.8079225,S,NAD83, 4120.00, 10,NGVD29,16050303,qw,01065,,0,,wat,IMM,149674,0,1994-07-15,1995-08-15,2
USGS,10302000,"WALKER RV AT SCHURZ, NV",ST,38.94908679,-118.8079225,S,NAD83, 4120.00, 10,NGVD29,16050303,qw,01075,,0,,wat,IMM,149849,0,1994-07-15,1995-08-15,2
USGS,10302000,"WALKER RV AT SCHURZ, NV",ST,38.94908679,-118.8079225,S,NAD83, 4120.00, 10,NGVD29,16050303,qw,01090,,0,,wat,IMM,150235,0,1994-07-15,1995-08-15,2
USGS,10302000,"WALKER RV AT SCHURZ, NV",ST,38.94908679,-118.8079225,S,NAD83, 4120.00, 10,NGVD29,16050303,qw,01095,,0,,wat,IMN,149963,0,1994-07-15,1995-08-15,2
USGS,10302000,"WALKER RV AT SCHURZ, NV",ST,38.94908679,-118.8079225,S,NAD83, 4120.00, 10,NGVD29,16050303,qw,01106,,0,,wat,IMM,149476,0,1994-07-15,1995-08-15,2
USGS,10302000,"WALKER RV AT SCHURZ, NV",ST,38.94908679,-118.8079225,S,NAD83, 4120.00, 10,NGVD29,16050303,qw,01130,,0,,wat,IMM,149591,0,1995-08-15,1995-08-15,1
USGS,10302000,"WALKER RV AT SCHURZ, NV",ST,38.94908679,-118.8079225,S,NAD83, 4120.00, 10,NGVD29,16050303,qw,01145,,0,,wat,IMN,154310,0,1994-07-15,1995-08-15,2
USGS,10302000,"WALKER RV AT SCHURZ, NV",ST,38.94908679,-118.8079225,S,NAD83, 4120.00, 10,NGVD29,16050303,qw,22703,,0,,wat,RAD,150185,0,1994-07-15,1995-08-15,2
USGS,10302000,"WALKER RV AT SCHURZ, NV",ST,38.94908679,-118.8079225,S,NAD83, 4120.00, 10,NGVD29,16050303,qw,30209,,0,,wat,PHY,1645415,0,1994-07-15,1995-08-15,2
USGS,10302000,"WALKER RV AT SCHURZ, NV",ST,38.94908679,-118.8079225,S,NAD83, 4120.00, 10,NGVD29,16050303,qw,39086,,0,,wat,INN,1640192,0,1994-07-15,1995-08-15,2
USGS,10302000,"WALKER RV AT SCHURZ, NV",ST,38.94908679,-118.8079225,S,NAD83, 4120.00, 10,NGVD29,16050303,qw,70300,,0,,wat,PHY,1642222,0,1994-07-15,1995-08-15,2
USGS,10302000,"WALKER RV AT SCHURZ, NV",ST,38.94908679,-118.8079225,S,NAD83, 4120.00, 10,NGVD29,16050303,qw,70301,,0,,wat,PHY,1642222,0,1994-07-15,1995-08-15,2
USGS,10302000,"WALKER RV AT SCHURZ, NV",ST,38.94908679,-118.8079225,S,NAD83, 4120.00, 10,NGVD29,16050303,qw,70302,,0,,wat,PHY,1642222,0,1994-07-15,1995-08-15,2
USGS,10302000,"WALKER RV AT SCHURZ, NV",ST,38.94908679,-118.8079225,S,NAD83, 4120.00, 10,NGVD29,16050303,qw,70303,,0,,wat,PHY,1642222,0,1994-07-15,1995-08-15,2
USGS,10302000,"WALKER RV AT SCHURZ, NV",ST,38.94908679,-118.8079225,S,NAD83, 4120.00, 10,NGVD29,16050303,qw,71846,,0,,wat,NUT,966655,0,1994-07-15,1994-07-15,1
USGS,10302000,"WALKER RV AT SCHURZ, NV",ST,38.94908679,-118.8079225,S,NAD83, 4120.00, 10,NGVD29,16050303,qw,71851,,0,,wat,NUT,197186,0,1994-07-15,1994-07-15,1
USGS,10302000,"WALKER RV AT SCHURZ, NV",ST,38.94908679,-118.8079225,S,NAD83, 4120.00, 10,NGVD29,16050303,qw,71856,,0,,wat,NUT,197194,0,1994-07-15,1994-07-15,1
USGS,10302000,"WALKER RV AT SCHURZ, NV",ST,38.94908679,-118.8079225,S,NAD83, 4120.00, 10,NGVD29,16050303,qw,71870,,0,,wat,INN,227538,0,1994-07-15,1995-08-15,2
USGS,10302000,"WALKER RV AT SCHURZ, NV",ST,38.94908679,-118.8079225,S,NAD83, 4120.00, 10,NGVD29,16050303,qw,71890,,0,,wat,IMM,149633,0,1994-07-15,1994-07-15,1
USGS,10302000,"WALKER RV AT SCHURZ, NV",ST,38.94908679,-118.8079225,S,NAD83, 4120.00, 10,NGVD29,16050303,qw,90095,,0,,wat,PHY,1646694,0,1994-07-15,1995-08-15,2
USGS,10302000,"WALKER RV AT SCHURZ, NV",ST,38.94908679,-118.8079225,S,NAD83, 4120.00, 10,NGVD29,16050303,qw,90410,,0,,wat,INN,1640192,0,1994-07-15,1995-08-15,2
USGS,10302002,"WALKER RV AT LATERAL 2-A SIPHON NR SCHURZ, NV",ST,38.94019785,-118.8037557,S,NAD83, 4105., 10,NGVD29,16050303,ad,,,0,,wat,,0,0,2005,2025,21
USGS,10302002,"WALKER RV AT LATERAL 2-A SIPHON NR SCHURZ, NV",ST,38.94019785,-118.8037557,S,NAD83, 4105., 10,NGVD29,16050303,dv,00010,00001,102541,,wat,,1645597,0,1995-05-27,2026-10-02,7586
USGS,10302002,"WALKER RV AT LATERAL 2-A SIPHON NR SCHURZ, NV",ST,38.94019785,-118.8037557,S,NAD83, 4105., 10,NGVD29,16050303,dv,00010,00002,102542,,wat,,1645597,0,1995-05-27,2026-10-02,7579
USGS,10302002,"WALKER RV AT LATERAL 2-A SIPHON NR SCHURZ, NV",ST,38.94019785,-118.8037557,S,NAD83, 4105., 10,NGVD29,16050303,dv,00010,00003,102543,,wat,,1645597,0,1995-05-27,2026-10-01,7559
USGS,10302002,"WALKER RV AT LATERAL 2-A SIPHON NR SCHURZ, NV",ST,38.94019785,-118.8037557,S,NAD83, 4105., 10,NGVD29,16050303,dv,00060,00003,102540,,wat,,1645423,0,1994-10-01,2026-10-01,11689
USGS,10302002,"WALKER RV AT LATERAL 2-A SIPHON NR SCHURZ, NV",ST,38.94019785,-118.8037557,S,NAD83, 4105., 10,NGVD29,16050303,dv,00095,00001,102544,,wat,,1646694,0,1995-05-27,2026-10-02,7259
USGS,10302002,"WALKER RV AT LATERAL 2-A SIPHON NR SCHURZ, NV",ST,38.94019785,-118.8037557,S,NAD83, 4105., 10,NGVD29,16050303,dv,00095,00002,102545,,wat,,1646694,0,1995-05-27,2026-10-02,7197
USGS,10302002,"WALKER RV AT LATERAL 2-A SIPHON NR SCHURZ, NV",ST,38.94019785,-118.8037557,S,NAD83, 4105., 10,NGVD29,16050303,dv,00095,00003,102546,,wat,,1646694,0,1995-05-27,2026-10-01,7088
USGS,10302002,"WALKER RV AT LATERAL 2-A SIPHON NR SCHURZ, NV",ST,38.94019785,-118.8037557,S,NAD83, 4105., 10,NGVD29,16050303,pk,,,0,,wat,,0,0,1995-07-16,2025-05-20,31
USGS,10302002,"WALKER RV AT LATERAL 2-A SIPHON NR SCHURZ, NV",ST,38.94019785,-118.8037557,S,NAD83, 4105., 10,NGVD29,16050303,qw,,,0,,wat,ALL,0,0,1993-11-30,2023-11-20,325
USGS,10302002,"WALKER RV AT LATERAL 2-A SIPHON NR SCHURZ, NV",ST,38.94019785,-118.8037557,S,NAD83, 4105., 10,NGVD29,16050303,qw,00010,,0,,wat,PHY,1645597,0,1993-11-30,2023-10-30,245
USGS,10302002,"WALKER RV AT LATERAL 2-A SIPHON NR SCHURZ, NV",ST,38.94019785,-118.8037557,S,NAD83, 4105., 10,NGVD29,16050303,qw,00020,,0,,wat,PHY,1645712,0,1993-11-30,2023-10-30,19
USGS,10302002,"WALKER RV AT LATERAL 2-A SIPHON NR SCHURZ, NV",ST,38.94019785,-118.8037557,S,NAD83, 4105., 10,NGVD29,16050303,qw,00022,,0,,wat,INF,0,0,2019-06-12,2019-06-12,1
USGS,10302002,"WALKER RV AT LATERAL 2-A SIPHON NR SCHURZ, NV",ST,38.94019785,-118.8037557,S,NAD83, 4105., 10,NGVD29,16050303,qw,00025,,0,,wat,PHY,1641265,0,1995-06-27,2023-10-30,6
USGS,10302002,"WALKER RV AT LATERAL 2-A SIPHON NR SCHURZ, NV",ST,38.94019785,-118.8037557,S,NAD83, 4105., 10,NGVD29,16050303,qw,00028,,0,,wat,INF,0,0,1993-11-30,2004-03-09,11
USGS,10302002,"WALKER RV AT LATERAL 2-A SIPHON NR SCHURZ, NV",ST,38.94019785,-118.8037557,S,NAD83, 4105., 10,NGVD29,16050303,qw,00032,,0,,wat,PHY,1641711,0,2023-07-18,2023-10-30,2
USGS,10302002,"WALKER RV AT LATERAL 2-A SIPHON NR SCHURZ, NV",ST,38.94019785,-118.8037557,S,NAD83, 4105., 10,NGVD29,16050303,qw,00061,,0,,wat,PHY,1645415,0,1993-11-30,2019-07-10,14
USGS,10302002,"WALKER RV AT LATERAL 2-A SIPHON NR SCHURZ, NV",ST,38.94019785,-118.8037557,S,NAD83, 4105., 10,NGVD29,16050303,qw,00065,,0,,wat,PHY,17164583,0,1993-11-30,2019-07-10,11
USGS,10302002,"WALKER RV AT LATERAL 2-A SIPHON NR SCHURZ, NV",ST,38.94019785,-118.8037557,S,NAD83, 4105., 10,NGVD29,16050303,qw,00076,,0,,wat,PHY,1640507,0,1995-06-27,1995-06-27,1
USGS,10302002,"WALKER RV AT LATERAL 2-A SIPHON NR SCHURZ, NV",ST,38.94019785,-118.8037557,S,NAD83, 4105., 10,NGVD29,16050303,qw,00095,,0,,wat,PHY,1646694,0,1993-12-01,2023-10-30,241
USGS,10302002,"WALKER RV AT LATERAL 2-A SIPHON NR SCHURZ, NV",ST,38.94019785,-118.8037557,S,NAD83, 4105., 10,NGVD29,16050303,qw,00191,,0,,wat,INN,1640572,0,1995-06-27,2023-10-30,181
USGS,10302002,"WALKER RV AT LATERAL 2-A SIPHON NR SCHURZ, NV",ST,38.94019785,-118.8037557,S,NAD83, 4105., 10,NGVD29,16050303,qw,00300,,0,,wat,INN,154302,0,1995-06-27,2023-10-30,4
USGS,10302002,"WALKER RV AT LATERAL 2-A SIPHON NR SCHURZ, NV",ST,38.94019785,-118.8037557,S,NAD83, 4105., 10,NGVD29,16050303,qw,00301,,0,,wat,INN,154302,0,1995-06-27,2023-10-30,4
USGS,10302002,"WALKER RV AT LATERAL 2-A SIPHON NR SCHURZ, NV",ST,38.94019785,-118.8037557,S,NAD83, 4105., 10,NGVD29,16050303,qw,00400,,0,,wat,PHY,17028275,0,1995-06-27,2023-10-30,181
USGS,10302002,"WALKER RV AT LATERAL 2-A SIPHON NR SCHURZ, NV",ST,38.94019785,-118.8037557,S,NAD83, 4105., 10,NGVD29,16050303,qw,00403,,0,,wat,PHY,1644335,0,1995-06-27,2023-11-20,6
USGS,10302002,"WALKER RV AT LATERAL 2-A SIPHON NR SCHURZ, NV",ST,38.94019785,-118.8037557,S,NAD83, 4105., 10,NGVD29,16050303,qw,00405,,0,,wat,INN,33548,0,1995-06-27,2004-03-09,2
USGS,10302002,"WALKER RV AT LATERAL 2-A SIPHON NR SCHURZ, NV",ST,38.94019785,-118.8037557,S,NAD83, 4105., 10,NGVD29,16050303,qw,00453,,0,,wat,INN,4788,0,1995-06-27,2004-03-09,2
USGS,10302002,"WALKER RV AT LATERAL 2-A SIPHON NR SCHURZ, NV",ST,38.94019785,-118.8037557,S,NAD83, 4105., 10,NGVD29,16050303,qw,00600,,0,,wat,NUT,52450988,0,1995-06-27,1995-06-27,1
USGS,10302002,"WALKER RV AT LATERAL 2-A SIPHON NR SCHURZ, NV",ST,38.94019785,-118.8037557,S,NAD83, 4105., 10,NGVD29,16050303,qw,00605,,0,,wat,NUT,17297623,0,1995-06-27,1995-06-27,1
USGS,10302002,"WALKER RV AT LATERAL 2-A SIPHON NR SCHURZ, NV",ST,38.94019785,-118.8037557,S,NAD83, 4105., 10,NGVD29,16050303,qw,00608,,0,,wat,NUT,966655,0,1995-06-27,2023-11-20,5
USGS,10302002,"WALKER RV AT LATERAL 2-A SIPHON NR SCHURZ, NV",ST,38.94019785,-118.8037557,S,NAD83, 4105., 10,NGVD29,16050303,qw,00613,,0,,wat,NUT,197194,0,1995-06-27,1995-06-27,1
USGS,10302002,"WALKER RV AT LATERAL 2-A SIPHON NR SCHURZ, NV",ST,38.94019785,-118.8037557,S,NAD83, 4105., 10,NGVD29,16050303,qw,00618,,0,,wat,NUT,197186,0,1995-06-27,1995-06-27,1
USGS,10302002,"WALKER RV AT LATERAL 2-A SIPHON NR SCHURZ, NV",ST,38.94019785,-118.8037557,S,NAD83, 4105., 10,NGVD29,16050303,qw,00625,,0,,wat,NUT,17148461,0,1995-06-27,1995-06-27,1
USGS,10302002,"WALKER RV AT LATERAL 2-A SIPHON NR SCHURZ, NV",ST,38.94019785,-118.8037557,S,NAD83, 4105., 10,NGVD29,16050303,qw,00631,,0,,wat,NUT,701177,0,1995-06-27,2023-11-20,5
USGS,10302002,"WALKER RV AT LATERAL 2-A SIPHON NR SCHURZ, NV",ST,38.94019785,-118.8037557,S,NAD83, 4105., 10,NGVD29,16050303,qw,00660,,0,,wat,NUT,194464,0,1995-06-27,2023-11-20,5
USGS,10302002,"WALKER RV AT LATERAL 2-A SIPHON NR SCHURZ, NV",ST,38.94019785,-118.8037557,S,NAD83, 4105., 10,NGVD29,16050303,qw,00665,,0,,wat,NUT,153049,0,1995-06-27,2023-11-20,5
USGS,10302002,"WALKER RV AT LATERAL 2-A SIPHON NR SCHURZ, NV",ST,38.94019785,-118.8037557,S,NAD83, 4105., 10,NGVD29,16050303,qw,00666,,0,,wat,NUT,153049,0,1995-06-27,1995-06-27,1
USGS,10302002,"WALKER RV AT LATERAL 2-A SIPHON NR SCHURZ, NV",ST,38.94019785,-118.8037557,S,NAD83, 4105., 10,NGVD29,16050303,qw,00671,,0,,wat,NUT,194464,0,1995-06-27,2023-11-20,5
USGS,10302002,"WALKER RV AT LATERAL 2-A SIPHON NR SCHURZ, NV",ST,38.94019785,-118.8037557,S,NAD83, 4105., 10,NGVD29,16050303,qw,00900,,0,,wat,PHY,1640416,0,1995-06-27,2023-11-20,6
USGS,10302002,"WALKER RV AT LATERAL 2-A SIPHON NR SCHURZ, NV",ST,38.94019785,-118.8037557,S,NAD83, 4105., 10,NGVD29,16050303,qw,00915,,0,,wat,INM,150268,0,1995-06-27,2023-11-20,6
USGS,10302002,"WALKER RV AT LATERAL 2-A SIPHON NR SCHURZ, NV",ST,38.94019785,-118.8037557,S,NAD83, 4105., 10,NGVD29,16050303,qw,00925,,0,,wat,INM,149617,0,1995-06-27,2023-11-20,6
USGS,10302002,"WALKER RV AT LATERAL 2-A SIPHON NR SCHURZ, NV",ST,38.94019785,-118.8037557,S,NAD83, 4105., 10,NGVD29,16050303,qw,00930,,0,,wat,INM,149856,0,1995-06-27,2023-11-20,6
USGS,10302002,"WALKER RV AT LATERAL 2-A SIPHON NR SCHURZ, NV",ST,38.94019785,-118.8037557,S,NAD83, 4105., 10,NGVD29,16050303,qw,00931,,0,,wat,INM,1640523,0,1995-06-27,2023-11-20,6
USGS,10302002,"WALKER RV AT LATERAL 2-A SIPHON NR SCHURZ, NV",ST,38.94019785,-118.8037557,S,NAD83, 4105., 10,NGVD29,16050303,qw,00932,,0,,wat,INM,1646660,0,1995-06-27,2023-11-20,6
USGS,10302002,"WALKER RV AT LATERAL 2-A SIPHON NR SCHURZ, NV",ST,38.94019785,-118.8037557,S,NAD83, 4105., 10,NGVD29,16050303,qw,00935,,0,,wat,INM,149740,0,1995-06-27,2023-11-20,6
USGS,10302002,"WALKER RV AT LATERAL 2-A SIPHON NR SCHURZ, NV",ST,38.94019785,-118.8037557,S,NAD83, 4105., 10,NGVD29,16050303,qw,00940,,0,,wat,INN,205955,0,1995-06-27,2023-11-20,6
USGS,10302002,"WALKER RV AT LATERAL 2-A SIPHON NR SCHURZ, NV",ST,38.94019785,-118.8037557,S,NAD83, 4105., 10,NGVD29,16050303,qw,00945,,0,,wat,INN,197301,0,1995-06-27,2023-11-20,6
USGS,10302002,"WALKER RV AT LATERAL 2-A SIPHON NR SCHURZ, NV",ST,38.94019785,-118.8037557,S,NAD83, 4105., 10,NGVD29,16050303,qw,00950,,0,,wat,INN,206706,0,1995-06-27,2023-11-20,6
USGS,10302002,"WALKER RV AT LATERAL 2-A SIPHON NR SCHURZ, NV",ST,38.94019785,-118.8037557,S,NAD83, 4105., 10,NGVD29,16050303,qw,00955,,0,,wat,INN,151977,0,1995-06-27,2023-11-20,6
USGS,10302002,"WALKER RV AT LATERAL 2-A SIPHON NR SCHURZ, NV",ST,38.94019785,-118.8037557,S,NAD83, 4105., 10,NGVD29,16050303,qw,01000,,0,,wat,IMN,149989,0,1995-06-27,1995-06-27,1
USGS,10302002,"WALKER RV AT LATERAL 2-A SIPHON NR SCHURZ, NV",ST,38.94019785,-118.8037557,S,NAD83, 4105., 10,NGVD29,16050303,qw,01005,,0,,wat,IMM,149997,0,1995-06-27,1995-06-27,1
USGS,10302002,"WALKER RV AT LATERAL 2-A SIPHON NR SCHURZ, NV",ST,38.94019785,-118.8037557,S,NAD83, 4105., 10,NGVD29,16050303,qw,01010,,0,,wat,IMM,150003,0,1995-06-27,1995-06-27,1
USGS,10302002,"WALKER RV AT LATERAL 2-A SIPHON NR SCHURZ, NV",ST,38.94019785,-118.8037557,S,NAD83, 4105., 10,NGVD29,16050303,qw,01020,,0,,wat,IMN,150011,0,1995-06-27,2023-11-20,6
USGS,10302002,"WALKER RV AT LATERAL 2-A SIPHON NR SCHURZ, NV",ST,38.94019785,-118.8037557,S,NAD83, 4105., 10,NGVD29,16050303,qw,01025,,0,,wat,IMM,150029,0,1995-06-27,1995-06-27,1
USGS,10302002,"WALKER RV AT LATERAL 2-A SIPHON NR SCHURZ, NV",ST,38.94019785,-118.8037557,S,NAD83, 4105., 10,NGVD29,16050303,qw,01030,,0,,wat,IMM,150060,0,1995-06-27,1995-06-27,1
USGS,10302002,"WALKER RV AT LATERAL 2-A SIPHON NR SCHURZ, NV",ST,38.94019785,-118.8037557,S,NAD83, 4105., 10,NGVD29,16050303,qw,01035,,0,,wat,IMM,150078,0,1995-06-27,1995-06-27,1
USGS,10302002,"WALKER RV AT LATERAL 2-A SIPHON NR SCHURZ, NV",ST,38.94019785,-118.8037557,S,NAD83, 4105., 10,NGVD29,16050303,qw,01040,,0,,wat,IMM,150086,0,1995-06-27,1995-06-27,1
USGS,10302002,"WALKER RV AT LATERAL 2-A SIPHON NR SCHURZ, NV",ST,38.94019785,-118.8037557,S,NAD83, 4105., 10,NGVD29,16050303,qw,01046,,0,,wat,IMM,149559,0,1995-06-27,2023-11-20,6
USGS,10302002,"WALKER RV AT LATERAL 2-A SIPHON NR SCHURZ, NV",ST,38.94019785,-118.8037557,S,NAD83, 4105., 10,NGVD29,16050303,qw,01049,,0,,wat,IMM,149583,0,1995-06-27,1995-06-27,1
USGS,10302002,"WALKER RV AT LATERAL 2-A SIPHON NR SCHURZ, NV",ST,38.94019785,-118.8037557,S,NAD83, 4105., 10,NGVD29,16050303,qw,01056,,0,,wat,IMM,149625,0,1995-06-27,2023-11-20,6
USGS,10302002,"WALKER RV AT LATERAL 2-A SIPHON NR SCHURZ, NV",ST,38.94019785,-118.8037557,S,NAD83, 4105., 10,NGVD29,16050303,qw,01060,,0,,wat,IMM,149641,0,1995-06-27,1995-06-27,1
USGS,10302002,"WALKER RV AT LATERAL 2-A SIPHON NR SCHURZ, NV",ST,38.94019785,-118.8037557,S,NAD83, 4105., 10,NGVD29,16050303,qw,01065,,0,,wat,IMM,149674,0,1995-06-27,1995-06-27,1
USGS,10302002,"WALKER RV AT LATERAL 2-A SIPHON NR SCHURZ, NV",ST,38.94019785,-118.8037557,S,NAD83, 4105., 10,NGVD29,16050303,qw,01075,,0,,wat,IMM,149849,0,1995-06-27,1995-06-27,1
USGS,10302002,"WALKER RV AT LATERAL 2-A SIPHON NR SCHURZ, NV",ST,38.94019785,-118.8037557,S,NAD83, 4105., 10,NGVD29,16050303,qw,01080,,0,,wat,IMM,149864,0,1995-06-27,2023-11-20,6
USGS,10302002,"WALKER RV AT LATERAL 2-A SIPHON NR SCHURZ, NV",ST,38.94019785,-118.8037557,S,NAD83, 4105., 10,NGVD29,16050303,qw,01090,,0,,wat,IMM,150235,0,1995-06-27,1995-06-27,1
USGS,10302002,"WALKER RV AT LATERAL 2-A SIPHON NR SCHURZ, NV",ST,38.94019785,-118.8037557,S,NAD83, 4105., 10,NGVD29,16050303,qw,01095,,0,,wat,IMN,149963,0,1995-06-27,1995-06-27,1
USGS,10302002,"WALKER RV AT LATERAL 2-A SIPHON NR SCHURZ, NV",ST,38.94019785,-118.8037557,S,NAD83, 4105., 10,NGVD29,16050303,qw,01106,,0,,wat,IMM,149476,0,1995-06-27,1995-06-27,1
USGS,10302002,"WALKER RV AT LATERAL 2-A SIPHON NR SCHURZ, NV",ST,38.94019785,-118.8037557,S,NAD83, 4105., 10,NGVD29,16050303,qw,01130,,0,,wat,IMM,149591,0,1995-06-27,1995-06-27,1
USGS,10302002,"WALKER RV AT LATERAL 2-A SIPHON NR SCHURZ, NV",ST,38.94019785,-118.8037557,S,NAD83, 4105., 10,NGVD29,16050303,qw,01145,,0,,wat,IMN,154310,0,1995-06-27,1995-06-27,1
USGS,10302002,"WALKER RV AT LATERAL 2-A SIPHON NR SCHURZ, NV",ST,38.94019785,-118.8037557,S,NAD83, 4105., 10,NGVD29,16050303,qw,22703,,0,,wat,RAD,150185,0,1995-06-27,1995-06-27,1
USGS,10302002,"WALKER RV AT LATERAL 2-A SIPHON NR SCHURZ, NV",ST,38.94019785,-118.8037557,S,NAD83, 4105., 10,NGVD29,16050303,qw,30207,,0,,wat,PHY,17164583,0,1993-11-30,2019-07-10,11
USGS,10302002,"WALKER RV AT LATERAL 2-A SIPHON NR SCHURZ, NV",ST,38.94019785,-118.8037557,S,NAD83, 4105., 10,NGVD29,16050303,qw,30209,,0,,wat,PHY,1645415,0,1993-11-30,2019-07-10,14
USGS,10302002,"WALKER RV AT LATERAL 2-A SIPHON NR SCHURZ, NV",ST,38.94019785,-118.8037557,S,NAD83, 4105., 10,NGVD29,16050303,qw,39086,,0,,wat,INN,1640192,0,1995-06-27,2023-11-20,4
USGS,10302002,"WALKER RV AT LATERAL 2-A SIPHON NR SCHURZ, NV",ST,38.94019785,-118.8037557,S,NAD83, 4105., 10,NGVD29,16050303,qw,49953,,0,,wat,BIO,1647833,0,2023-10-30,2023-10-30,1
USGS,10302002,"WALKER RV AT LATERAL 2-A SIPHON NR SCHURZ, NV",ST,38.94019785,-118.8037557,S,NAD83, 4105., 10,NGVD29,16050303,qw,50276,,0,,wat,INF,0,0,2023-07-18,2023-07-18,1
USGS,10302002,"WALKER RV AT LATERAL 2-A SIPHON NR SCHURZ, NV",ST,38.94019785,-118.8037557,S,NAD83, 4105., 10,NGVD29,16050303,qw,50280,,0,,wat,INF,0,0,2019-06-12,2023-10-30,5
USGS,10302002,"WALKER RV AT LATERAL 2-A SIPHON NR SCHURZ, NV",ST,38.94019785,-118.8037557,S,NAD83, 4105., 10,NGVD29,16050303,qw,51410,,0,,wat,OPE,775908,0,2019-06-12,2019-06-12,1
USGS,10302002,"WALKER RV AT LATERAL 2-A SIPHON NR SCHURZ, NV",ST,38.94019785,-118.8037557,S,NAD83, 4105., 10,NGVD29,16050303,qw,51415,,0,,wat,OPE,17123530,0,2019-06-12,2019-06-12,1
USGS,10302002,"WALKER RV AT LATERAL 2-A SIPHON NR SCHURZ, NV",ST,38.94019785,-118.8037557,S,NAD83, 4105., 10,NGVD29,16050303,qw,51418,,0,,wat,OPE,15651,0,2019-06-12,2019-06-12,1
USGS,10302002,"WALKER RV AT LATERAL 2-A SIPHON NR SCHURZ, NV",ST,38.94019785,-118.8037557,S,NAD83, 4105., 10,NGVD29,16050303,qw,51442,,0,,wat,OPE,94128,0,2019-06-12,2019-06-12,1
USGS,10302002,"WALKER RV AT LATERAL 2-A SIPHON NR SCHURZ, NV",ST,38.94019785,-118.8037557,S,NAD83, 4105., 10,NGVD29,16050303,qw,51448,,0,,wat,OPE,42127,0,2019-06-12,2019-06-12,1
USGS,10302002,"WALKER RV AT LATERAL 2-A SIPHON NR SCHURZ, NV",ST,38.94019785,-118.8037557,S,NAD83, 4105., 10,NGVD29,16050303,qw,51488,,0,,wat,OPE,3400,0,2019-06-12,2019-06-12,1
USGS,10302002,"WALKER RV AT LATERAL 2-A SIPHON NR SCHURZ, NV",ST,38.94019785,-118.8037557,S,NAD83, 4105., 10,NGVD29,16050303,qw,51496,,0,,wat,OPE,42606,0,2019-06-12,2019-06-12,1
USGS,10302002,"WALKER RV AT LATERAL 2-A SIPHON NR SCHURZ, NV",ST,38.94019785,-118.8037557,S,NAD83, 4105., 10,NGVD29,16050303,qw,51507,,0,,wat,OPE,621722,0,2019-06-12,2019-06-12,1
USGS,10302002,"WALKER RV AT LATERAL 2-A SIPHON NR SCHURZ, NV",ST,38.94019785,-118.8037557,S,NAD83, 4105., 10,NGVD29,16050303,qw,51518,,0,,wat,OPE,291062,0,2019-06-12,2019-06-12,1
USGS,10302002,"WALKER RV AT LATERAL 2-A SIPHON NR SCHURZ, NV",ST,38.94019785,-118.8037557,S,NAD83, 4105., 10,NGVD29,16050303,qw,51536,,0,,wat,OPE,700989,0,2019-06-12,2019-06-12,1
USGS,10302002,"WALKER RV AT LATERAL 2-A SIPHON NR SCHURZ, NV",ST,38.94019785,-118.8037557,S,NAD83, 4105., 10,NGVD29,16050303,qw,51573,,0,,wat,OPE,223180,0,2019-06-12,2019-06-12,1
USGS,10302002,"WALKER RV AT LATERAL 2-A SIPHON NR SCHURZ, NV",ST,38.94019785,-118.8037557,S,NAD83, 4105., 10,NGVD29,16050303,qw,51590,,0,,wat,OPE,89474,0,2019-06-12,2019-06-12,1
USGS,10302002,"WALKER RV AT LATERAL 2-A SIPHON NR SCHURZ, NV",ST,38.94019785,-118.8037557,S,NAD83, 4105., 10,NGVD29,16050303,qw,51595,,0,,wat,OPE,316398,0,2019-06-12,2019-06-12,1
USGS,10302002,"WALKER RV AT LATERAL 2-A SIPHON NR SCHURZ, NV",ST,38.94019785,-118.8037557,S,NAD83, 4105., 10,NGVD29,16050303,qw,51616,,0,,wat,OPE,265652,0,2019-06-12,2019-06-12,1
USGS,10302002,"WALKER RV AT LATERAL 2-A SIPHON NR SCHURZ, NV",ST,38.94019785,-118.8037557,S,NAD83, 4105., 10,NGVD29,16050303,qw,53566,,0,,wat,OPE,582726,0,2019-06-12,2019-06-12,1
USGS,10302002,"WALKER RV AT LATERAL 2-A SIPHON NR SCHURZ, NV",ST,38.94019785,-118.8037557,S,NAD83, 4105., 10,NGVD29,16050303,qw,62648,,0,,wat,ISO,0,0,2004-03-09,2004-03-09,1
USGS,10302002,"WALKER RV AT LATERAL 2-A SIPHON NR SCHURZ, NV",ST,38.94019785,-118.8037557,S,NAD83, 4105., 10,NGVD29,16050303,qw,62649,,0,,wat,OPE,686584,0,2019-06-12,2019-07-10,2
USGS,10302002,"WALKER RV AT LATERAL 2-A SIPHON NR SCHURZ, NV",ST,38.94019785,-118.8037557,S,NAD83, 4105., 10,NGVD29,16050303,qw,62721,,0,,wat,OPE,17119215,0,2019-06-12,2019-07-10,2
USGS,10302002,"WALKER RV AT LATERAL 2-A SIPHON NR SCHURZ, NV",ST,38.94019785,-118.8037557,S,NAD83, 4105., 10,NGVD29,16050303,qw,62722,,0,,wat,OPE,77438,0,2019-06-12,2019-07-10,2
USGS,10302002,"WALKER RV AT LATERAL 2-A SIPHON NR SCHURZ, NV",ST,38.94019785,-118.8037557,S,NAD83, 4105., 10,NGVD29,16050303,qw,63675,,0,,wat,PHY,1640507,0,2023-07-18,2023-10-30,2
USGS,10302002,"WALKER RV AT LATERAL 2-A SIPHON NR SCHURZ, NV",ST,38.94019785,-118.8037557,S,NAD83, 4105., 10,NGVD29,16050303,qw,70300,,0,,wat,PHY,1642222,0,1995-06-27,2023-11-20,6
USGS,10302002,"WALKER RV AT LATERAL 2-A SIPHON NR SCHURZ, NV",ST,38.94019785,-118.8037557,S,NAD83, 4105., 10,NGVD29,16050303,qw,70301,,0,,wat,PHY,1642222,0,1995-06-27,2023-11-20,4
USGS,10302002,"WALKER RV AT LATERAL 2-A SIPHON NR SCHURZ, NV",ST,38.94019785,-118.8037557,S,NAD83, 4105., 10,NGVD29,16050303,qw,70302,,0,,wat,PHY,1642222,0,1995-06-27,2004-03-09,2
USGS,10302002,"WALKER RV AT LATERAL 2-A SIPHON NR SCHURZ, NV",ST,38.94019785,-118.8037557,S,NAD83, 4105., 10,NGVD29,16050303,qw,70303,,0,,wat,PHY,1642222,0,1995-06-27,2023-11-20,6
USGS,10302002,"WALKER RV AT LATERAL 2-A SIPHON NR SCHURZ, NV",ST,38.94019785,-118.8037557,S,NAD83, 4105., 10,NGVD29,16050303,qw,70949,,0,,wat,BIO,0,0,2023-10-30,2023-10-30,1
USGS,10302002,"WALKER RV AT LATERAL 2-A SIPHON NR SCHURZ, NV",ST,38.94019785,-118.8037557,S,NAD83, 4105., 10,NGVD29,16050303,qw,70953,,0,,wat,BIO,47076,0,2023-08-23,2023-10-30,2
USGS,10302002,"WALKER RV AT LATERAL 2-A SIPHON NR SCHURZ, NV",ST,38.94019785,-118.8037557,S,NAD83, 4105., 10,NGVD29,16050303,qw,71846,,0,,wat,NUT,966655,0,1995-06-27,2023-11-20,5
USGS,10302002,"WALKER RV AT LATERAL 2-A SIPHON NR SCHURZ, NV",ST,38.94019785,-118.8037557,S,NAD83, 4105., 10,NGVD29,16050303,qw,71851,,0,,wat,NUT,197186,0,1995-06-27,1995-06-27,1
USGS,10302002,"WALKER RV AT LATERAL 2-A SIPHON NR SCHURZ, NV",ST,38.94019785,-118.8037557,S,NAD83, 4105., 10,NGVD29,16050303,qw,71856,,0,,wat,NUT,197194,0,1995-06-27,1995-06-27,1
USGS,10302002,"WALKER RV AT LATERAL 2-A SIPHON NR SCHURZ, NV",ST,38.94019785,-118.8037557,S,NAD83, 4105., 10,NGVD29,16050303,qw,71870,,0,,wat,INN,227538,0,1995-06-27,1995-06-27,1
USGS,10302002,"WALKER RV AT LATERAL 2-A SIPHON NR SCHURZ, NV",ST,38.94019785,-118.8037557,S,NAD83, 4105., 10,NGVD29,16050303,qw,71890,,0,,wat,IMM,149633,0,1995-06-27,1995-06-27,1
USGS,10302002,"WALKER RV AT LATERAL 2-A SIPHON NR SCHURZ, NV",ST,38.94019785,-118.8037557,S,NAD83, 4105., 10,NGVD29,16050303,qw,71999,,0,,wat,INF,0,0,1995-06-27,2023-10-30,6
USGS,10302002,"WALKER RV AT LATERAL 2-A SIPHON NR SCHURZ, NV",ST,38.94019785,-118.8037557,S,NAD83, 4105., 10,NGVD29,16050303,qw,72219,,0,,wat,INF,0,0,2019-06-12,2019-06-12,1
USGS,10302002,"WALKER RV AT LATERAL 2-A SIPHON NR SCHURZ, NV",ST,38.94019785,-118.8037557,S,NAD83, 4105., 10,NGVD29,16050303,qw,75978,,0,,wat,ISO,17148297,0,2004-03-09,2004-03-09,1
USGS,10302002,"WALKER RV AT LATERAL 2-A SIPHON NR SCHURZ, NV",ST,38.94019785,-118.8037557,S,NAD83, 4105., 10,NGVD29,16050303,qw,80154,,0,,wat,SED,17164666,0,1993-11-30,1993-12-13,11
USGS,10302002,"WALKER RV AT LATERAL 2-A SIPHON NR SCHURZ, NV",ST,38.94019785,-118.8037557,S,NAD83, 4105., 10,NGVD29,16050303,qw,80155,,0,,wat,SED,17164591,0,1993-11-30,1993-12-05,9
USGS,10302002,"WALKER RV AT LATERAL 2-A SIPHON NR SCHURZ, NV",ST,38.94019785,-118.8037557,S,NAD83, 4105., 10,NGVD29,16050303,qw,81353,,0,,wat,BIO,1647841,0,2023-10-30,2023-10-30,1
USGS,10302002,"WALKER RV AT LATERAL 2-A SIPHON NR SCHURZ, NV",ST,38.94019785,-118.8037557,S,NAD83, 4105., 10,NGVD29,16050303,qw,81354,,0,,wat,BIO,1647841,0,2023-10-30,2023-10-30,1
USGS,10302002,"WALKER RV AT LATERAL 2-A SIPHON NR SCHURZ, NV",ST,38.94019785,-118.8037557,S,NAD83, 4105., 10,NGVD29,16050303,qw,82082,,0,,wat,ISO,1642107,0,1995-06-27,2004-03-09,2
USGS,10302002,"WALKER RV AT LATERAL 2-A SIPHON NR SCHURZ, NV",ST,38.94019785,-118.8037557,S,NAD83, 4105., 10,NGVD29,16050303,qw,82085,,0,,wat,ISO,967034,0,1995-06-27,2004-03-09,2
USGS,10302002,"WALKER RV AT LATERAL 2-A SIPHON NR SCHURZ, NV",ST,38.94019785,-118.8037557,S,NAD83, 4105., 10,NGVD29,16050303,qw,82398,,0,,wat,INF,0,0,2019-06-12,2023-10-30,5
USGS,10302002,"WALKER RV AT LATERAL 2-A SIPHON NR SCHURZ, NV",ST,38.94019785,-118.8037557,S,NAD83, 4105., 10,NGVD29,16050303,qw,84164,,0,,wat,INF,0,0,2019-06-12,2023-10-30,5
USGS,10302002,"WALKER RV AT LATERAL 2-A SIPHON NR SCHURZ, NV",ST,38.94019785,-118.8037557,S,NAD83, 4105., 10,NGVD29,16050303,qw,84174,,0,,wat,INF,0,0,2019-06-12,2019-06-12,1
USGS,10302002,"WALKER RV AT LATERAL 2-A SIPHON NR SCHURZ, NV",ST,38.94019785,-118.8037557,S,NAD83, 4105., 10,NGVD29,16050303,qw,84182,,0,,wat,INF,0,0,2023-07-18,2023-10-30,2
USGS,10302002,"WALKER RV AT LATERAL 2-A SIPHON NR SCHURZ, NV",ST,38.94019785,-118.8037557,S,NAD83, 4105., 10,NGVD29,16050303,qw,90095,,0,,wat,PHY,1646694,0,1995-06-27,2004-03-09,2
USGS,10302002,"WALKER RV AT LATERAL 2-A SIPHON NR SCHURZ, NV",ST,38.94019785,-118.8037557,S,NAD83, 4105., 10,NGVD29,16050303,qw,90410,,0,,wat,INN,1640192,0,1995-06-27,1995-06-27,1
USGS,10302002,"WALKER RV AT LATERAL 2-A SIPHON NR SCHURZ, NV",ST,38.94019785,-118.8037557,S,NAD83, 4105., 10,NGVD29,16050303,qw,91135,,0,,wat,INF,0,0,2019-06-12,2019-06-12,1
USGS,10302002,"WALKER RV AT LATERAL 2-A SIPHON NR SCHURZ, NV",ST,38.94019785,-118.8037557,S,NAD83, 4105., 10,NGVD29,16050303,qw,99111,,0,,wat,INF,0,0,2019-06-12,2023-10-30,3
USGS,10302002,"WALKER RV AT LATERAL 2-A SIPHON NR SCHURZ, NV",ST,38.94019785,-118.8037557,S,NAD83, 4105., 10,NGVD29,16050303,qw,99161,,0,,wat,INF,0,0,2023-10-30,2023-10-30,1
USGS,10302002,"WALKER RV AT LATERAL 2-A SIPHON NR SCHURZ, NV",ST,38.94019785,-118.8037557,S,NAD83, 4105., 10,NGVD29,16050303,qw,99162,,0,,wat,INF,0,0,2023-07-18,2023-10-30,2
USGS,10302002,"WALKER RV AT LATERAL 2-A SIPHON NR SCHURZ, NV",ST,38.94019785,-118.8037557,S,NAD83, 4105., 10,NGVD29,16050303,qw,99171,,0,,wat,INF,0,0,2023-07-18,2023-10-30,2
USGS,10302002,"WALKER RV AT LATERAL 2-A SIPHON NR SCHURZ, NV",ST,38.94019785,-118.8037557,S,NAD83, 4105., 10,NGVD29,16050303,qw,99172,,0,,wat,INF,0,0,2023-07-18,2023-10-30,2
USGS,10302002,"WALKER RV AT LATERAL 2-A SIPHON NR SCHURZ, NV",ST,38.94019785,-118.8037557,S,NAD83, 4105., 10,NGVD29,16050303,qw,99173,,0,,wat,INF,0,0,2023-07-18,2023-10-30,2
USGS,10302002,"WALKER RV AT LATERAL 2-A SIPHON NR SCHURZ, NV",ST,38.94019785,-118.8037557,S,NAD83, 4105., 10,NGVD29,16050303,qw,99206,,0,,wat,INF,0,0,2019-06-12,2023-10-30,4
USGS,10302002,"WALKER RV AT LATERAL 2-A SIPHON NR SCHURZ, NV",ST,38.94019785,-118.8037557,S,NAD83, 4105., 10,NGVD29,16050303,sv,,,0,,wat,,0,0,1993-11-30,2026-09-30,590
USGS,10302002,"WALKER RV AT LATERAL 2-A SIPHON NR SCHURZ, NV",ST,38.94019785,-118.8037557,S,NAD83, 4105., 10,NGVD29,16050303,uv,00010,,103879,,wat,,1645597,0,2009-02-23,2026-10-02,6430
USGS,10302002,"WALKER RV AT LATERAL 2-A SIPHON NR SCHURZ, NV",ST,38.94019785,-118.8037557,S,NAD83, 4105., 10,NGVD29,16050303,uv,00060,,103878,,wat,,1645423,0,1994-10-01,2026-10-02,11689
USGS,10302002,"WALKER RV AT LATERAL 2-A SIPHON NR SCHURZ, NV",ST,38.94019785,-118.8037557,S,NAD83, 4105., 10,NGVD29,16050303,uv,00065,,103877,,wat,,17164583,0,2007-10-01,2026-10-02,6941
USGS,10302002,"WALKER RV AT LATERAL 2-A SIPHON NR SCHURZ, NV",ST,38.94019785,-118.8037557,S,NAD83, 4105., 10,NGVD29,16050303,uv,00095,,103880,,wat,,1646694,0,2007-10-01,2026-10-02,6941
USGS,10302005,"WALKER RV AT POWERLINE CROSSING NR SCHURZ, NV",ST,38.89464207,-118.7826435,S,NAD83, 4050., 10,NGVD29,16050303,ad,,,0,,wat,,0,0,2005,2013,9
USGS,10302005,"WALKER RV AT POWERLINE CROSSING NR SCHURZ, NV",ST,38.89464207,-118.7826435,S,NAD83, 4050., 10,NGVD29,16050303,qw,,,0,,wat,ALL,0,0,1993-11-29,2015-05-04,237
USGS,10302005,"WALKER RV AT POWERLINE CROSSING NR SCHURZ, NV",ST,38.89464207,-118.7826435,S,NAD83, 4050., 10,NGVD29,16050303,qw,00010,,0,,wat,PHY,1645597,0,1993-11-29,2014-04-10,221
USGS,10302005,"WALKER RV AT POWERLINE CROSSING NR SCHURZ, NV",ST,38.89464207,-118.7826435,S,NAD83, 4050., 10,NGVD29,16050303,qw,00020,,0,,wat,PHY,1645712,0,1993-11-29,2014-04-10,31
USGS,10302005,"WALKER RV AT POWERLINE CROSSING NR SCHURZ, NV",ST,38.89464207,-118.7826435,S,NAD83, 4050., 10,NGVD29,16050303,qw,00025,,0,,wat,PHY,1641265,0,1995-05-02,2004-03-09,2
USGS,10302005,"WALKER RV AT POWERLINE CROSSING NR SCHURZ, NV",ST,38.89464207,-118.7826435,S,NAD83, 4050., 10,NGVD29,16050303,qw,00028,,0,,wat,INF,0,0,1993-11-29,2005-09-30,51
USGS,10302005,"WALKER RV AT POWERLINE CROSSING NR SCHURZ, NV",ST,38.89464207,-118.7826435,S,NAD83, 4050., 10,NGVD29,16050303,qw,00061,,0,,wat,PHY,1645415,0,1993-11-29,2004-03-09,36
USGS,10302005,"WALKER RV AT POWERLINE CROSSING NR SCHURZ, NV",ST,38.89464207,-118.7826435,S,NAD83, 4050., 10,NGVD29,16050303,qw,00065,,0,,wat,PHY,17164583,0,1993-11-29,2004-03-09,8
USGS,10302005,"WALKER RV AT POWERLINE CROSSING NR SCHURZ, NV",ST,38.89464207,-118.7826435,S,NAD83, 4050., 10,NGVD29,16050303,qw,00076,,0,,wat,PHY,1640507,0,1995-05-02,1995-05-02,1
USGS,10302005,"WALKER RV AT POWERLINE CROSSING NR SCHURZ, NV",ST,38.89464207,-118.7826435,S,NAD83, 4050., 10,NGVD29,16050303,qw,00095,,0,,wat,PHY,1646694,0,1995-05-02,2015-05-04,220
USGS,10302005,"WALKER RV AT POWERLINE CROSSING NR SCHURZ, NV",ST,38.89464207,-118.7826435,S,NAD83, 4050., 10,NGVD29,16050303,qw,00100,,0,,wat,INF,0,0,2013-04-04,2013-04-04,1
USGS,10302005,"WALKER RV AT POWERLINE CROSSING NR SCHURZ, NV",ST,38.89464207,-118.7826435,S,NAD83, 4050., 10,NGVD29,16050303,qw,00191,,0,,wat,INN,1640572,0,1995-05-02,2015-05-04,161
USGS,10302005,"WALKER RV AT POWERLINE CROSSING NR SCHURZ, NV",ST,38.89464207,-118.7826435,S,NAD83, 4050., 10,NGVD29,16050303,qw,00300,,0,,wat,INN,154302,0,1995-05-02,2004-03-09,2
USGS,10302005,"WALKER RV AT POWERLINE CROSSING NR SCHURZ, NV",ST,38.89464207,-118.7826435,S,NAD83, 4050., 10,NGVD29,16050303,qw,00301,,0,,wat,INN,154302,0,1995-05-02,2004-03-09,2
USGS,10302005,"WALKER RV AT POWERLINE CROSSING NR SCHURZ, NV",ST,38.89464207,-118.7826435,S,NAD83, 4050., 10,NGVD29,16050303,qw,00400,,0,,wat,PHY,17028275,0,1995-05-02,2015-05-04,161
USGS,10302005,"WALKER RV AT POWERLINE CROSSING NR SCHURZ, NV",ST,38.89464207,-118.7826435,S,NAD83, 4050., 10,NGVD29,16050303,qw,00403,,0,,wat,PHY,1644335,0,1995-05-02,2004-03-09,2
USGS,10302005,"WALKER RV AT POWERLINE CROSSING NR SCHURZ, NV",ST,38.89464207,-118.7826435,S,NAD83, 4050., 10,NGVD29,16050303,qw,00405,,0,,wat,INN,33548,0,1995-05-02,2004-03-09,2
USGS,10302005,"WALKER RV AT POWERLINE CROSSING NR SCHURZ, NV",ST,38.89464207,-118.7826435,S,NAD83, 4050., 10,NGVD29,16050303,qw,00453,,0,,wat,INN,4788,0,1995-05-02,2004-03-09,2
USGS,10302005,"WALKER RV AT POWERLINE CROSSING NR SCHURZ, NV",ST,38.89464207,-118.7826435,S,NAD83, 4050., 10,NGVD29,16050303,qw,00600,,0,,wat,NUT,52450988,0,1995-05-02,1995-05-02,1
USGS,10302005,"WALKER RV AT POWERLINE CROSSING NR SCHURZ, NV",ST,38.89464207,-118.7826435,S,NAD83, 4050., 10,NGVD29,16050303,qw,00605,,0,,wat,NUT,17297623,0,1995-05-02,1995-05-02,1
USGS,10302005,"WALKER RV AT POWERLINE CROSSING NR SCHURZ, NV",ST,38.89464207,-118.7826435,S,NAD83, 4050., 10,NGVD29,16050303,qw,00608,,0,,wat,NUT,966655,0,1995-05-02,1995-05-02,1
USGS,10302005,"WALKER RV AT POWERLINE CROSSING NR SCHURZ, NV",ST,38.89464207,-118.7826435,S,NAD83, 4050., 10,NGVD29,16050303,qw,00613,,0,,wat,NUT,197194,0,1995-05-02,1995-05-02,1
USGS,10302005,"WALKER RV AT POWERLINE CROSSING NR SCHURZ, NV",ST,38.89464207,-118.7826435,S,NAD83, 4050., 10,NGVD29,16050303,qw,00618,,0,,wat,NUT,197186,0,1995-05-02,1995-05-02,1
USGS,10302005,"WALKER RV AT POWERLINE CROSSING NR SCHURZ, NV",ST,38.89464207,-118.7826435,S,NAD83, 4050., 10,NGVD29,16050303,qw,00625,,0,,wat,NUT,17148461,0,1995-05-02,1995-05-02,1
USGS,10302005,"WALKER RV AT POWERLINE CROSSING NR SCHURZ, NV",ST,38.89464207,-118.7826435,S,NAD83, 4050., 10,NGVD29,16050303,qw,00631,,0,,wat,NUT,701177,0,1995-05-02,1995-05-02,1
USGS,10302005,"WALKER RV AT POWERLINE CROSSING NR SCHURZ, NV",ST,38.89464207,-118.7826435,S,NAD83, 4050., 10,NGVD29,16050303,qw,00660,,0,,wat,NUT,194464,0,1995-05-02,1995-05-02,1
USGS,10302005,"WALKER RV AT POWERLINE CROSSING NR SCHURZ, NV",ST,38.89464207,-118.7826435,S,NAD83, 4050., 10,NGVD29,16050303,qw,00665,,0,,wat,NUT,153049,0,1995-05-02,1995-05-02,1
USGS,10302005,"WALKER RV AT POWERLINE CROSSING NR SCHURZ, NV",ST,38.89464207,-118.7826435,S,NAD83, 4050., 10,NGVD29,16050303,qw,00666,,0,,wat,NUT,153049,0,1995-05-02,1995-05-02,1
USGS,10302005,"WALKER RV AT POWERLINE CROSSING NR SCHURZ, NV",ST,38.89464207,-118.7826435,S,NAD83, 4050., 10,NGVD29,16050303,qw,00671,,0,,wat,NUT,194464,0,1995-05-02,1995-05-02,1
USGS,10302005,"WALKER RV AT POWERLINE CROSSING NR SCHURZ, NV",ST,38.89464207,-118.7826435,S,NAD83, 4050., 10,NGVD29,16050303,qw,00900,,0,,wat,PHY,1640416,0,1995-05-02,2004-03-09,2
USGS,10302005,"WALKER RV AT POWERLINE CROSSING NR SCHURZ, NV",ST,38.89464207,-118.7826435,S,NAD83, 4050., 10,NGVD29,16050303,qw,00915,,0,,wat,INM,150268,0,1995-05-02,2004-03-09,2
USGS,10302005,"WALKER RV AT POWERLINE CROSSING NR SCHURZ, NV",ST,38.89464207,-118.7826435,S,NAD83, 4050., 10,NGVD29,16050303,qw,00925,,0,,wat,INM,149617,0,1995-05-02,2004-03-09,2
USGS,10302005,"WALKER RV AT POWERLINE CROSSING NR SCHURZ, NV",ST,38.89464207,-118.7826435,S,NAD83, 4050., 10,NGVD29,16050303,qw,00930,,0,,wat,INM,149856,0,1995-05-02,2004-03-09,2
USGS,10302005,"WALKER RV AT POWERLINE CROSSING NR SCHURZ, NV",ST,38.89464207,-118.7826435,S,NAD83, 4050., 10,NGVD29,16050303,qw,00931,,0,,wat,INM,1640523,0,1995-05-02,2004-03-09,2
USGS,10302005,"WALKER RV AT POWERLINE CROSSING NR SCHURZ, NV",ST,38.89464207,-118.7826435,S,NAD83, 4050., 10,NGVD29,16050303,qw,00932,,0,,wat,INM,1646660,0,1995-05-02,2004-03-09,2
USGS,10302005,"WALKER RV AT POWERLINE CROSSING NR SCHURZ, NV",ST,38.89464207,-118.7826435,S,NAD83, 4050., 10,NGVD29,16050303,qw,00935,,0,,wat,INM,149740,0,1995-05-02,2004-03-09,2
USGS,10302005,"WALKER RV AT POWERLINE CROSSING NR SCHURZ, NV",ST,38.89464207,-118.7826435,S,NAD83, 4050., 10,NGVD29,16050303,qw,00940,,0,,wat,INN,205955,0,1995-05-02,2004-03-09,2
USGS,10302005,"WALKER RV AT POWERLINE CROSSING NR SCHURZ, NV",ST,38.89464207,-118.7826435,S,NAD83, 4050., 10,NGVD29,16050303,qw,00945,,0,,wat,INN,197301,0,1995-05-02,2004-03-09,2
USGS,10302005,"WALKER RV AT POWERLINE CROSSING NR SCHURZ, NV",ST,38.89464207,-118.7826435,S,NAD83, 4050., 10,NGVD29,16050303,qw,00950,,0,,wat,INN,206706,0,1995-05-02,2004-03-09,2
USGS,10302005,"WALKER RV AT POWERLINE CROSSING NR SCHURZ, NV",ST,38.89464207,-118.7826435,S,NAD83, 4050., 10,NGVD29,16050303,qw,00955,,0,,wat,INN,151977,0,1995-05-02,2004-03-09,2
USGS,10302005,"WALKER RV AT POWERLINE CROSSING NR SCHURZ, NV",ST,38.89464207,-118.7826435,S,NAD83, 4050., 10,NGVD29,16050303,qw,01000,,0,,wat,IMN,149989,0,1995-05-02,1995-05-02,1
USGS,10302005,"WALKER RV AT POWERLINE CROSSING NR SCHURZ, NV",ST,38.89464207,-118.7826435,S,NAD83, 4050., 10,NGVD29,16050303,qw,01005,,0,,wat,IMM,149997,0,1995-05-02,1995-05-02,1
USGS,10302005,"WALKER RV AT POWERLINE CROSSING NR SCHURZ, NV",ST,38.89464207,-118.7826435,S,NAD83, 4050., 10,NGVD29,16050303,qw,01010,,0,,wat,IMM,150003,0,1995-05-02,1995-05-02,1
USGS,10302005,"WALKER RV AT POWERLINE CROSSING NR SCHURZ, NV",ST,38.89464207,-118.7826435,S,NAD83, 4050., 10,NGVD29,16050303,qw,01020,,0,,wat,IMN,150011,0,1995-05-02,2004-03-09,2
USGS,10302005,"WALKER RV AT POWERLINE CROSSING NR SCHURZ, NV",ST,38.89464207,-118.7826435,S,NAD83, 4050., 10,NGVD29,16050303,qw,01025,,0,,wat,IMM,150029,0,1995-05-02,1995-05-02,1
USGS,10302005,"WALKER RV AT POWERLINE CROSSING NR SCHURZ, NV",ST,38.89464207,-118.7826435,S,NAD83, 4050., 10,NGVD29,16050303,qw,01030,,0,,wat,IMM,150060,0,1995-05-02,1995-05-02,1
USGS,10302005,"WALKER RV AT POWERLINE CROSSING NR SCHURZ, NV",ST,38.89464207,-118.7826435,S,NAD83, 4050., 10,NGVD29,16050303,qw,01035,,0,,wat,IMM,150078,0,1995-05-02,1995-05-02,1
USGS,10302005,"WALKER RV AT POWERLINE CROSSING NR SCHURZ, NV",ST,38.89464207,-118.7826435,S,NAD83, 4050., 10,NGVD29,16050303,qw,01040,,0,,wat,IMM,150086,0,1995-05-02,1995-05-02,1
USGS,10302005,"WALKER RV AT POWERLINE CROSSING NR SCHURZ, NV",ST,38.89464207,-118.7826435,S,NAD83, 4050., 10,NGVD29,16050303,qw,01046,,0,,wat,IMM,149559,0,1995-05-02,2004-03-09,2
USGS,10302005,"WALKER RV AT POWERLINE CROSSING NR SCHURZ, NV",ST,38.89464207,-118.7826435,S,NAD83, 4050., 10,NGVD29,16050303,qw,01049,,0,,wat,IMM,149583,0,1995-05-02,1995-05-02,1
USGS,10302005,"WALKER RV AT POWERLINE CROSSING NR SCHURZ, NV",ST,38.89464207,-118.7826435,S,NAD83, 4050., 10,NGVD29,16050303,qw,01056,,0,,wat,IMM,149625,0,1995-05-02,2004-03-09,2
USGS,10302005,"WALKER RV AT POWERLINE CROSSING NR SCHURZ, NV",ST,38.89464207,-118.7826435,S,NAD83, 4050., 10,NGVD29,16050303,qw,01060,,0,,wat,IMM,149641,0,1995-05-02,1995-05-02,1
USGS,10302005,"WALKER RV AT POWERLINE CROSSING NR SCHURZ, NV",ST,38.89464207,-118.7826435,S,NAD83, 4050., 10,NGVD29,16050303,qw,01065,,0,,wat,IMM,149674,0,1995-05-02,1995-05-02,1
USGS,10302005,"WALKER RV AT POWERLINE CROSSING NR SCHURZ, NV",ST,38.89464207,-118.7826435,S,NAD83, 4050., 10,NGVD29,16050303,qw,01075,,0,,wat,IMM,149849,0,1995-05-02,1995-05-02,1
USGS,10302005,"WALKER RV AT POWERLINE CROSSING NR SCHURZ, NV",ST,38.89464207,-118.7826435,S,NAD83, 4050., 10,NGVD29,16050303,qw,01080,,0,,wat,IMM,149864,0,1995-05-02,2004-03-09,2
USGS,10302005,"WALKER RV AT POWERLINE CROSSING NR SCHURZ, NV",ST,38.89464207,-118.7826435,S,NAD83, 4050., 10,NGVD29,16050303,qw,01090,,0,,wat,IMM,150235,0,1995-05-02,1995-05-02,1
USGS,10302005,"WALKER RV AT POWERLINE CROSSING NR SCHURZ, NV",ST,38.89464207,-118.7826435,S,NAD83, 4050., 10,NGVD29,16050303,qw,01095,,0,,wat,IMN,149963,0,1995-05-02,1995-05-02,1
USGS,10302005,"WALKER RV AT POWERLINE CROSSING NR SCHURZ, NV",ST,38.89464207,-118.7826435,S,NAD83, 4050., 10,NGVD29,16050303,qw,01106,,0,,wat,IMM,149476,0,1995-05-02,1995-05-02,1
USGS,10302005,"WALKER RV AT POWERLINE CROSSING NR SCHURZ, NV",ST,38.89464207,-118.7826435,S,NAD83, 4050., 10,NGVD29,16050303,qw,01130,,0,,wat,IMM,149591,0,1995-05-02,1995-05-02,1
USGS,10302005,"WALKER RV AT POWERLINE CROSSING NR SCHURZ, NV",ST,38.89464207,-118.7826435,S,NAD83, 4050., 10,NGVD29,16050303,qw,01145,,0,,wat,IMN,154310,0,1995-05-02,1995-05-02,1
USGS,10302005,"WALKER RV AT POWERLINE CROSSING NR SCHURZ, NV",ST,38.89464207,-118.7826435,S,NAD83, 4050., 10,NGVD29,16050303,qw,22703,,0,,wat,RAD,150185,0,1995-05-02,1995-05-02,1
USGS,10302005,"WALKER RV AT POWERLINE CROSSING NR SCHURZ, NV",ST,38.89464207,-118.7826435,S,NAD83, 4050., 10,NGVD29,16050303,qw,30207,,0,,wat,PHY,17164583,0,1993-11-29,2004-03-09,8
USGS,10302005,"WALKER RV AT POWERLINE CROSSING NR SCHURZ, NV",ST,38.89464207,-118.7826435,S,NAD83, 4050., 10,NGVD29,16050303,qw,30209,,0,,wat,PHY,1645415,0,1993-11-29,2004-03-09,36
USGS,10302005,"WALKER RV AT POWERLINE CROSSING NR SCHURZ, NV",ST,38.89464207,-118.7826435,S,NAD83, 4050., 10,NGVD29,16050303,qw,39086,,0,,wat,INN,1640192,0,1995-05-02,2004-03-09,2
USGS,10302005,"WALKER RV AT POWERLINE CROSSING NR SCHURZ, NV",ST,38.89464207,-118.7826435,S,NAD83, 4050., 10,NGVD29,16050303,qw,62648,,0,,wat,ISO,0,0,2004-03-09,2004-03-09,1
USGS,10302005,"WALKER RV AT POWERLINE CROSSING NR SCHURZ, NV",ST,38.89464207,-118.7826435,S,NAD83, 4050., 10,NGVD29,16050303,qw,70300,,0,,wat,PHY,1642222,0,1995-05-02,2004-03-09,2
USGS,10302005,"WALKER RV AT POWERLINE CROSSING NR SCHURZ, NV",ST,38.89464207,-118.7826435,S,NAD83, 4050., 10,NGVD29,16050303,qw,70301,,0,,wat,PHY,1642222,0,1995-05-02,2004-03-09,2
USGS,10302005,"WALKER RV AT POWERLINE CROSSING NR SCHURZ, NV",ST,38.89464207,-118.7826435,S,NAD83, 4050., 10,NGVD29,16050303,qw,70302,,0,,wat,PHY,1642222,0,1995-05-02,2004-03-09,2
USGS,10302005,"WALKER RV AT POWERLINE CROSSING NR SCHURZ, NV",ST,38.89464207,-118.7826435,S,NAD83, 4050., 10,NGVD29,16050303,qw,70303,,0,,wat,PHY,1642222,0,1995-05-02,2004-03-09,2
USGS,10302005,"WALKER RV AT POWERLINE CROSSING NR SCHURZ, NV",ST,38.89464207,-118.7826435,S,NAD83, 4050., 10,NGVD29,16050303,qw,71846,,0,,wat,NUT,966655,0,1995-05-02,1995-05-02,1
USGS,10302005,"WALKER RV AT POWERLINE CROSSING NR SCHURZ, NV",ST,38.89464207,-118.7826435,S,NAD83, 4050., 10,NGVD29,16050303,qw,71851,,0,,wat,NUT,197186,0,1995-05-02,1995-05-02,1
USGS,10302005,"WALKER RV AT POWERLINE CROSSING NR SCHURZ, NV",ST,38.89464207,-118.7826435,S,NAD83, 4050., 10,NGVD29,16050303,qw,71856,,0,,wat,NUT,197194,0,1995-05-02,1995-05-02,1
USGS,10302005,"WALKER RV AT POWERLINE CROSSING NR SCHURZ, NV",ST,38.89464207,-118.7826435,S,NAD83, 4050., 10,NGVD29,16050303,qw,71870,,0,,wat,INN,227538,0,1995-05-02,1995-05-02,1
USGS,10302005,"WALKER RV AT POWERLINE CROSSING NR SCHURZ, NV",ST,38.89464207,-118.7826435,S,NAD83, 4050., 10,NGVD29,16050303,qw,71890,,0,,wat,IMM,149633,0,1995-05-02,1995-05-02,1
USGS,10302005,"WALKER RV AT POWERLINE CROSSING NR SCHURZ, NV",ST,38.89464207,-118.7826435,S,NAD83, 4050., 10,NGVD29,16050303,qw,71999,,0,,wat,INF,0,0,1995-05-02,1995-05-02,1
USGS,10302005,"WALKER RV AT POWERLINE CROSSING NR SCHURZ, NV",ST,38.89464207,-118.7826435,S,NAD83, 4050., 10,NGVD29,16050303,qw,75978,,0,,wat,ISO,17148297,0,2004-03-09,2004-03-09,1
USGS,10302005,"WALKER RV AT POWERLINE CROSSING NR SCHURZ, NV",ST,38.89464207,-118.7826435,S,NAD83, 4050., 10,NGVD29,16050303,qw,80154,,0,,wat,SED,17164666,0,1993-11-29,1993-11-29,1
USGS,10302005,"WALKER RV AT POWERLINE CROSSING NR SCHURZ, NV",ST,38.89464207,-118.7826435,S,NAD83, 4050., 10,NGVD29,16050303,qw,80155,,0,,wat,SED,17164591,0,1993-11-29,1993-11-29,1
USGS,10302005,"WALKER RV AT POWERLINE CROSSING NR SCHURZ, NV",ST,38.89464207,-118.7826435,S,NAD83, 4050., 10,NGVD29,16050303,qw,82082,,0,,wat,ISO,1642107,0,1995-05-02,2004-03-09,2
USGS,10302005,"WALKER RV AT POWERLINE CROSSING NR SCHURZ, NV",ST,38.89464207,-118.7826435,S,NAD83, 4050., 10,NGVD29,16050303,qw,82085,,0,,wat,ISO,967034,0,1995-05-02,2004-03-09,2
USGS,10302005,"WALKER RV AT POWERLINE CROSSING NR SCHURZ, NV",ST,38.89464207,-118.7826435,S,NAD83, 4050., 10,NGVD29,16050303,qw,90095,,0,,wat,PHY,1646694,0,1995-05-02,2004-03-09,2
USGS,10302005,"WALKER RV AT POWERLINE CROSSING NR SCHURZ, NV",ST,38.89464207,-118.7826435,S,NAD83, 4050., 10,NGVD29,16050303,qw,90410,,0,,wat,INN,1640192,0,1995-05-02,1995-05-02,1
USGS,10302005,"WALKER RV AT POWERLINE CROSSING NR SCHURZ, NV",ST,38.89464207,-118.7826435,S,NAD83, 4050., 10,NGVD29,16050303,sv,,,0,,wat,,0,0,1993-11-29,2017-06-26,331
USGS,10302009,"REESE RV CYN AT CYN MTH NR SCHURZ, NV",ST,38.8486111,-118.8047222,S,NAD83, 4515., 20,NGVD29,16050303,ad,,,0,,wat,,0,0,2005,2008,4
USGS,10302009,"REESE RV CYN AT CYN MTH NR SCHURZ, NV",ST,38.8486111,-118.8047222,S,NAD83, 4515., 20,NGVD29,16050303,pk,,,0,,wat,,0,0,2005-05-06,2008-01-04,4
USGS,10302009,"REESE RV CYN AT CYN MTH NR SCHURZ, NV",ST,38.8486111,-118.8047222,S,NAD83, 4515., 20,NGVD29,16050303,sv,,,0,,wat,,0,0,2005-01-05,2015-08-11,31
USGS,10302010,"REESE RV CYN NR SCHURZ, NV",ST,38.84991948,-118.7829208,U,NAD83, 4200.00,.01,NGVD29,16050303,dv,00060,00003,295911,,wat,,1645423,0,1966-10-01,1977-09-30,4018
USGS,10302010,"REESE RV CYN NR SCHURZ, NV",ST,38.84991948,-118.7829208,U,NAD83, 4200.00,.01,NGVD29,16050303,pk,,,0,,wat,,0,0,1963,1986,21
USGS,10302010,"REESE RV CYN NR SCHURZ, NV",ST,38.84991948,-118.7829208,U,NAD83, 4200.00,.01,NGVD29,16050303,sv,,,0,,wat,,0,0,1967-09-13,2015-08-11,98
USGS,10302025,"WALKER RV NR MOUTH AT WALKER LAKE, NV",ST,38.79103038,-118.727085,S,NAD83, 3940.,10.,NGVD29,16050304,ad,,,0,,wat,,0,0,2005,2026,22
USGS,10302025,"WALKER RV NR MOUTH AT WALKER LAKE, NV",ST,38.79103038,-118.727085,S,NAD83, 3940.,10.,NGVD29,16050304,dv,00010,00001,347372,,wat,,1645597,0,2017-12-18,2026-06-23,2546
USGS,10302025,"WALKER RV NR MOUTH AT WALKER LAKE, NV",ST,38.79103038,-118.727085,S,NAD83, 3940.,10.,NGVD29,16050304,dv,00010,00002,347371,,wat,,1645597,0,2017-12-18,2026-06-23,2562
USGS,10302025,"WALKER RV NR MOUTH AT WALKER LAKE, NV",ST,38.79103038,-118.727085,S,NAD83, 3940.,10.,NGVD29,16050304,dv,00010,00003,102550,,wat,,1645597,0,2015-05-13,2026-06-23,3082
USGS,10302025,"WALKER RV NR MOUTH AT WALKER LAKE, NV",ST,38.79103038,-118.727085,S,NAD83, 3940.,10.,NGVD29,16050304,dv,00060,00003,102549,,wat,,1645423,0,2004-10-01,2026-10-01,6507
USGS,10302025,"WALKER RV NR MOUTH AT WALKER LAKE, NV",ST,38.79103038,-118.727085,S,NAD83, 3940.,10.,NGVD29,16050304,dv,00095,00001,347373,,wat,,1646694,0,2017-12-18,2026-06-21,1910
USGS,10302025,"WALKER RV NR MOUTH AT WALKER LAKE, NV",ST,38.79103038,-118.727085,S,NAD83, 3940.,10.,NGVD29,16050304,dv,00095,00002,347374,,wat,,1646694,0,2017-12-18,2026-06-20,1934
USGS,10302025,"WALKER RV NR MOUTH AT WALKER LAKE, NV",ST,38.79103038,-118.727085,S,NAD83, 3940.,10.,NGVD29,16050304,dv,00095,00003,102551,,wat,,1646694,0,2015-05-13,2026-06-20,2305
USGS,10302025,"WALKER RV NR MOUTH AT WALKER LAKE, NV",ST,38.79103038,-118.727085,S,NAD83, 3940.,10.,NGVD29,16050304,pk,,,0,,wat,,0,0,2005-06-22,2025-05-21,16
USGS,10302025,"WALKER RV NR MOUTH AT WALKER LAKE, NV",ST,38.79103038,-118.727085,S,NAD83, 3940.,10.,NGVD29,16050304,qw,,,0,,wat,ALL,0,0,1994-07-29,2023-05-22,261
USGS,10302025,"WALKER RV NR MOUTH AT WALKER LAKE, NV",ST,38.79103038,-118.727085,S,NAD83, 3940.,10.,NGVD29,16050304,qw,00004,,0,,wat,PHY,1645241,0,2017-02-08,2021-02-24,9
USGS,10302025,"WALKER RV NR MOUTH AT WALKER LAKE, NV",ST,38.79103038,-118.727085,S,NAD83, 3940.,10.,NGVD29,16050304,qw,00010,,0,,wat,PHY,1645597,0,1994-08-31,2023-05-22,181
USGS,10302025,"WALKER RV NR MOUTH AT WALKER LAKE, NV",ST,38.79103038,-118.727085,S,NAD83, 3940.,10.,NGVD29,16050304,qw,00020,,0,,wat,PHY,1645712,0,1994-08-31,2023-05-22,65
USGS,10302025,"WALKER RV NR MOUTH AT WALKER LAKE, NV",ST,38.79103038,-118.727085,S,NAD83, 3940.,10.,NGVD29,16050304,qw,00025,,0,,wat,PHY,1641265,0,1994-08-31,2023-05-22,35
USGS,10302025,"WALKER RV NR MOUTH AT WALKER LAKE, NV",ST,38.79103038,-118.727085,S,NAD83, 3940.,10.,NGVD29,16050304,qw,00028,,0,,wat,INF,0,0,1994-07-29,2005-09-30,44
USGS,10302025,"WALKER RV NR MOUTH AT WALKER LAKE, NV",ST,38.79103038,-118.727085,S,NAD83, 3940.,10.,NGVD29,16050304,qw,00032,,0,,wat,PHY,1641711,0,2017-02-08,2023-05-22,14
USGS,10302025,"WALKER RV NR MOUTH AT WALKER LAKE, NV",ST,38.79103038,-118.727085,S,NAD83, 3940.,10.,NGVD29,16050304,qw,00035,,0,,wat,PHY,1647411,0,2018-03-08,2018-05-24,2
USGS,10302025,"WALKER RV NR MOUTH AT WALKER LAKE, NV",ST,38.79103038,-118.727085,S,NAD83, 3940.,10.,NGVD29,16050304,qw,00041,,0,,wat,INF,0,0,2017-02-08,2023-02-15,5
USGS,10302025,"WALKER RV NR MOUTH AT WALKER LAKE, NV",ST,38.79103038,-118.727085,S,NAD83, 3940.,10.,NGVD29,16050304,qw,00061,,0,,wat,PHY,1645415,0,1994-08-31,2021-08-24,54
USGS,10302025,"WALKER RV NR MOUTH AT WALKER LAKE, NV",ST,38.79103038,-118.727085,S,NAD83, 3940.,10.,NGVD29,16050304,qw,00063,,0,,wat,INF,0,0,2017-02-08,2021-08-24,18
USGS,10302025,"WALKER RV NR MOUTH AT WALKER LAKE, NV",ST,38.79103038,-118.727085,S,NAD83, 3940.,10.,NGVD29,16050304,qw,00064,,0,,wat,PHY,1641984,0,2020-05-26,2021-02-24,4
USGS,10302025,"WALKER RV NR MOUTH AT WALKER LAKE, NV",ST,38.79103038,-118.727085,S,NAD83, 3940.,10.,NGVD29,16050304,qw,00065,,0,,wat,PHY,17164583,0,1994-08-31,2023-01-27,26
USGS,10302025,"WALKER RV NR MOUTH AT WALKER LAKE, NV",ST,38.79103038,-118.727085,S,NAD83, 3940.,10.,NGVD29,16050304,qw,00076,,0,,wat,PHY,1640507,0,1994-08-31,1995-06-26,5
USGS,10302025,"WALKER RV NR MOUTH AT WALKER LAKE, NV",ST,38.79103038,-118.727085,S,NAD83, 3940.,10.,NGVD29,16050304,qw,00095,,0,,wat,PHY,1646694,0,1994-08-31,2023-05-22,180
USGS,10302025,"WALKER RV NR MOUTH AT WALKER LAKE, NV",ST,38.79103038,-118.727085,S,NAD83, 3940.,10.,NGVD29,16050304,qw,00191,,0,,wat,INN,1640572,0,1994-08-31,2023-05-22,222
USGS,10302025,"WALKER RV NR MOUTH AT WALKER LAKE, NV",ST,38.79103038,-118.727085,S,NAD83, 3940.,10.,NGVD29,16050304,qw,00300,,0,,wat,INN,154302,0,1994-08-31,2023-05-22,35
USGS,10302025,"WALKER RV NR MOUTH AT WALKER LAKE, NV",ST,38.79103038,-118.727085,S,NAD83, 3940.,10.,NGVD29,16050304,qw,00301,,0,,wat,INN,154302,0,1994-08-31,2023-05-22,34
USGS,10302025,"WALKER RV NR MOUTH AT WALKER LAKE, NV",ST,38.79103038,-118.727085,S,NAD83, 3940.,10.,NGVD29,16050304,qw,00400,,0,,wat,PHY,17028275,0,1994-08-31,2023-05-22,222
USGS,10302025,"WALKER RV NR MOUTH AT WALKER LAKE, NV",ST,38.79103038,-118.727085,S,NAD83, 3940.,10.,NGVD29,16050304,qw,00403,,0,,wat,PHY,1644335,0,1994-08-31,2023-05-22,19
USGS,10302025,"WALKER RV NR MOUTH AT WALKER LAKE, NV",ST,38.79103038,-118.727085,S,NAD83, 3940.,10.,NGVD29,16050304,qw,00405,,0,,wat,INN,33548,0,1994-08-31,2023-03-29,33
USGS,10302025,"WALKER RV NR MOUTH AT WALKER LAKE, NV",ST,38.79103038,-118.727085,S,NAD83, 3940.,10.,NGVD29,16050304,qw,00452,,0,,wat,INN,119396,0,1994-08-31,2019-02-27,19
USGS,10302025,"WALKER RV NR MOUTH AT WALKER LAKE, NV",ST,38.79103038,-118.727085,S,NAD83, 3940.,10.,NGVD29,16050304,qw,00453,,0,,wat,INN,4788,0,1994-08-31,2019-02-27,20
USGS,10302025,"WALKER RV NR MOUTH AT WALKER LAKE, NV",ST,38.79103038,-118.727085,S,NAD83, 3940.,10.,NGVD29,16050304,qw,00600,,0,,wat,NUT,52450988,0,1994-08-31,1995-06-26,5
USGS,10302025,"WALKER RV NR MOUTH AT WALKER LAKE, NV",ST,38.79103038,-118.727085,S,NAD83, 3940.,10.,NGVD29,16050304,qw,00605,,0,,wat,NUT,17297623,0,1994-08-31,1995-06-26,5
USGS,10302025,"WALKER RV NR MOUTH AT WALKER LAKE, NV",ST,38.79103038,-118.727085,S,NAD83, 3940.,10.,NGVD29,16050304,qw,00608,,0,,wat,NUT,966655,0,1994-08-31,2023-05-22,12
USGS,10302025,"WALKER RV NR MOUTH AT WALKER LAKE, NV",ST,38.79103038,-118.727085,S,NAD83, 3940.,10.,NGVD29,16050304,qw,00613,,0,,wat,NUT,197194,0,1994-08-31,1995-06-26,5
USGS,10302025,"WALKER RV NR MOUTH AT WALKER LAKE, NV",ST,38.79103038,-118.727085,S,NAD83, 3940.,10.,NGVD29,16050304,qw,00618,,0,,wat,NUT,197186,0,1994-08-31,1995-06-26,5
USGS,10302025,"WALKER RV NR MOUTH AT WALKER LAKE, NV",ST,38.79103038,-118.727085,S,NAD83, 3940.,10.,NGVD29,16050304,qw,00625,,0,,wat,NUT,17148461,0,1994-08-31,1995-06-26,5
USGS,10302025,"WALKER RV NR MOUTH AT WALKER LAKE, NV",ST,38.79103038,-118.727085,S,NAD83, 3940.,10.,NGVD29,16050304,qw,00631,,0,,wat,NUT,701177,0,1994-08-31,2023-05-22,12
USGS,10302025,"WALKER RV NR MOUTH AT WALKER LAKE, NV",ST,38.79103038,-118.727085,S,NAD83, 3940.,10.,NGVD29,16050304,qw,00660,,0,,wat,NUT,194464,0,1994-08-31,2023-05-22,12
USGS,10302025,"WALKER RV NR MOUTH AT WALKER LAKE, NV",ST,38.79103038,-118.727085,S,NAD83, 3940.,10.,NGVD29,16050304,qw,00665,,0,,wat,NUT,153049,0,1994-08-31,2023-05-22,12
USGS,10302025,"WALKER RV NR MOUTH AT WALKER LAKE, NV",ST,38.79103038,-118.727085,S,NAD83, 3940.,10.,NGVD29,16050304,qw,00666,,0,,wat,NUT,153049,0,1994-08-31,1995-06-26,5
USGS,10302025,"WALKER RV NR MOUTH AT WALKER LAKE, NV",ST,38.79103038,-118.727085,S,NAD83, 3940.,10.,NGVD29,16050304,qw,00671,,0,,wat,NUT,194464,0,1994-08-31,2023-05-22,12
USGS,10302025,"WALKER RV NR MOUTH AT WALKER LAKE, NV",ST,38.79103038,-118.727085,S,NAD83, 3940.,10.,NGVD29,16050304,qw,00900,,0,,wat,PHY,1640416,0,1994-08-31,2023-05-22,36
USGS,10302025,"WALKER RV NR MOUTH AT WALKER LAKE, NV",ST,38.79103038,-118.727085,S,NAD83, 3940.,10.,NGVD29,16050304,qw,00904,,0,,wat,PHY,1640432,0,2017-08-24,2019-02-27,2
USGS,10302025,"WALKER RV NR MOUTH AT WALKER LAKE, NV",ST,38.79103038,-118.727085,S,NAD83, 3940.,10.,NGVD29,16050304,qw,00915,,0,,wat,INM,150268,0,1994-08-31,2023-05-22,36
USGS,10302025,"WALKER RV NR MOUTH AT WALKER LAKE, NV",ST,38.79103038,-118.727085,S,NAD83, 3940.,10.,NGVD29,16050304,qw,00925,,0,,wat,INM,149617,0,1994-08-31,2023-05-22,36
USGS,10302025,"WALKER RV NR MOUTH AT WALKER LAKE, NV",ST,38.79103038,-118.727085,S,NAD83, 3940.,10.,NGVD29,16050304,qw,00930,,0,,wat,INM,149856,0,1994-08-31,2023-05-22,36
USGS,10302025,"WALKER RV NR MOUTH AT WALKER LAKE, NV",ST,38.79103038,-118.727085,S,NAD83, 3940.,10.,NGVD29,16050304,qw,00931,,0,,wat,INM,1640523,0,1994-08-31,2023-05-22,36
USGS,10302025,"WALKER RV NR MOUTH AT WALKER LAKE, NV",ST,38.79103038,-118.727085,S,NAD83, 3940.,10.,NGVD29,16050304,qw,00932,,0,,wat,INM,1646660,0,1994-08-31,2023-05-22,36
USGS,10302025,"WALKER RV NR MOUTH AT WALKER LAKE, NV",ST,38.79103038,-118.727085,S,NAD83, 3940.,10.,NGVD29,16050304,qw,00935,,0,,wat,INM,149740,0,1994-08-31,2023-05-22,36
USGS,10302025,"WALKER RV NR MOUTH AT WALKER LAKE, NV",ST,38.79103038,-118.727085,S,NAD83, 3940.,10.,NGVD29,16050304,qw,00940,,0,,wat,INN,205955,0,1994-08-31,2023-05-22,36
USGS,10302025,"WALKER RV NR MOUTH AT WALKER LAKE, NV",ST,38.79103038,-118.727085,S,NAD83, 3940.,10.,NGVD29,16050304,qw,00945,,0,,wat,INN,197301,0,1994-08-31,2023-05-22,36
USGS,10302025,"WALKER RV NR MOUTH AT WALKER LAKE, NV",ST,38.79103038,-118.727085,S,NAD83, 3940.,10.,NGVD29,16050304,qw,00950,,0,,wat,INN,206706,0,1994-08-31,2023-05-22,36
USGS,10302025,"WALKER RV NR MOUTH AT WALKER LAKE, NV",ST,38.79103038,-118.727085,S,NAD83, 3940.,10.,NGVD29,16050304,qw,00955,,0,,wat,INN,151977,0,1994-08-31,2023-05-22,36
USGS,10302025,"WALKER RV NR MOUTH AT WALKER LAKE, NV",ST,38.79103038,-118.727085,S,NAD83, 3940.,10.,NGVD29,16050304,qw,01000,,0,,wat,IMN,149989,0,1994-08-31,2017-05-09,8
USGS,10302025,"WALKER RV NR MOUTH AT WALKER LAKE, NV",ST,38.79103038,-118.727085,S,NAD83, 3940.,10.,NGVD29,16050304,qw,01005,,0,,wat,IMM,149997,0,1994-08-31,2017-05-09,8
USGS,10302025,"WALKER RV NR MOUTH AT WALKER LAKE, NV",ST,38.79103038,-118.727085,S,NAD83, 3940.,10.,NGVD29,16050304,qw,01007,,0,,wat,IMM,149997,0,2017-05-09,2017-05-09,1
USGS,10302025,"WALKER RV NR MOUTH AT WALKER LAKE, NV",ST,38.79103038,-118.727085,S,NAD83, 3940.,10.,NGVD29,16050304,qw,01010,,0,,wat,IMM,150003,0,1994-08-31,2017-05-09,8
USGS,10302025,"WALKER RV NR MOUTH AT WALKER LAKE, NV",ST,38.79103038,-118.727085,S,NAD83, 3940.,10.,NGVD29,16050304,qw,01012,,0,,wat,IMM,150003,0,2017-05-09,2017-05-09,1
USGS,10302025,"WALKER RV NR MOUTH AT WALKER LAKE, NV",ST,38.79103038,-118.727085,S,NAD83, 3940.,10.,NGVD29,16050304,qw,01020,,0,,wat,IMN,150011,0,1994-08-31,2023-05-22,16
USGS,10302025,"WALKER RV NR MOUTH AT WALKER LAKE, NV",ST,38.79103038,-118.727085,S,NAD83, 3940.,10.,NGVD29,16050304,qw,01025,,0,,wat,IMM,150029,0,1994-08-31,2017-05-09,8
USGS,10302025,"WALKER RV NR MOUTH AT WALKER LAKE, NV",ST,38.79103038,-118.727085,S,NAD83, 3940.,10.,NGVD29,16050304,qw,01027,,0,,wat,IMM,150029,0,2017-05-09,2017-05-09,1
USGS,10302025,"WALKER RV NR MOUTH AT WALKER LAKE, NV",ST,38.79103038,-118.727085,S,NAD83, 3940.,10.,NGVD29,16050304,qw,01030,,0,,wat,IMM,150060,0,1994-08-31,2017-05-09,8
USGS,10302025,"WALKER RV NR MOUTH AT WALKER LAKE, NV",ST,38.79103038,-118.727085,S,NAD83, 3940.,10.,NGVD29,16050304,qw,01034,,0,,wat,IMM,150060,0,2017-05-09,2017-05-09,1
USGS,10302025,"WALKER RV NR MOUTH AT WALKER LAKE, NV",ST,38.79103038,-118.727085,S,NAD83, 3940.,10.,NGVD29,16050304,qw,01035,,0,,wat,IMM,150078,0,1994-08-31,2017-05-09,8
USGS,10302025,"WALKER RV NR MOUTH AT WALKER LAKE, NV",ST,38.79103038,-118.727085,S,NAD83, 3940.,10.,NGVD29,16050304,qw,01037,,0,,wat,IMM,150078,0,2017-05-09,2017-05-09,1
USGS,10302025,"WALKER RV NR MOUTH AT WALKER LAKE, NV",ST,38.79103038,-118.727085,S,NAD83, 3940.,10.,NGVD29,16050304,qw,01040,,0,,wat,IMM,150086,0,1994-08-31,2017-05-09,8
USGS,10302025,"WALKER RV NR MOUTH AT WALKER LAKE, NV",ST,38.79103038,-118.727085,S,NAD83, 3940.,10.,NGVD29,16050304,qw,01042,,0,,wat,IMM,150086,0,2017-05-09,2017-05-09,1
USGS,10302025,"WALKER RV NR MOUTH AT WALKER LAKE, NV",ST,38.79103038,-118.727085,S,NAD83, 3940.,10.,NGVD29,16050304,qw,01046,,0,,wat,IMM,149559,0,1994-08-31,2023-05-22,31
USGS,10302025,"WALKER RV NR MOUTH AT WALKER LAKE, NV",ST,38.79103038,-118.727085,S,NAD83, 3940.,10.,NGVD29,16050304,qw,01049,,0,,wat,IMM,149583,0,1994-08-31,2017-05-09,8
USGS,10302025,"WALKER RV NR MOUTH AT WALKER LAKE, NV",ST,38.79103038,-118.727085,S,NAD83, 3940.,10.,NGVD29,16050304,qw,01051,,0,,wat,IMM,149583,0,2017-05-09,2017-05-09,1
USGS,10302025,"WALKER RV NR MOUTH AT WALKER LAKE, NV",ST,38.79103038,-118.727085,S,NAD83, 3940.,10.,NGVD29,16050304,qw,01055,,0,,wat,IMM,149625,0,2017-05-09,2017-05-09,1
USGS,10302025,"WALKER RV NR MOUTH AT WALKER LAKE, NV",ST,38.79103038,-118.727085,S,NAD83, 3940.,10.,NGVD29,16050304,qw,01056,,0,,wat,IMM,149625,0,1994-08-31,2023-05-22,32
USGS,10302025,"WALKER RV NR MOUTH AT WALKER LAKE, NV",ST,38.79103038,-118.727085,S,NAD83, 3940.,10.,NGVD29,16050304,qw,01057,,0,,wat,IMM,149898,0,2017-05-09,2017-05-09,1
USGS,10302025,"WALKER RV NR MOUTH AT WALKER LAKE, NV",ST,38.79103038,-118.727085,S,NAD83, 3940.,10.,NGVD29,16050304,qw,01059,,0,,wat,IMM,149898,0,2017-05-09,2017-05-09,1
USGS,10302025,"WALKER RV NR MOUTH AT WALKER LAKE, NV",ST,38.79103038,-118.727085,S,NAD83, 3940.,10.,NGVD29,16050304,qw,01060,,0,,wat,IMM,149641,0,1994-08-31,2017-05-09,8
USGS,10302025,"WALKER RV NR MOUTH AT WALKER LAKE, NV",ST,38.79103038,-118.727085,S,NAD83, 3940.,10.,NGVD29,16050304,qw,01062,,0,,wat,IMM,149641,0,2017-05-09,2017-05-09,1
USGS,10302025,"WALKER RV NR MOUTH AT WALKER LAKE, NV",ST,38.79103038,-118.727085,S,NAD83, 3940.,10.,NGVD29,16050304,qw,01065,,0,,wat,IMM,149674,0,1994-08-31,2017-05-09,8
USGS,10302025,"WALKER RV NR MOUTH AT WALKER LAKE, NV",ST,38.79103038,-118.727085,S,NAD83, 3940.,10.,NGVD29,16050304,qw,01067,,0,,wat,IMM,149674,0,2017-05-09,2017-05-09,1
USGS,10302025,"WALKER RV NR MOUTH AT WALKER LAKE, NV",ST,38.79103038,-118.727085,S,NAD83, 3940.,10.,NGVD29,16050304,qw,01075,,0,,wat,IMM,149849,0,1994-08-31,2017-05-09,8
USGS,10302025,"WALKER RV NR MOUTH AT WALKER LAKE, NV",ST,38.79103038,-118.727085,S,NAD83, 3940.,10.,NGVD29,16050304,qw,01077,,0,,wat,IMM,149849,0,2017-05-09,2017-05-09,1
USGS,10302025,"WALKER RV NR MOUTH AT WALKER LAKE, NV",ST,38.79103038,-118.727085,S,NAD83, 3940.,10.,NGVD29,16050304,qw,01080,,0,,wat,IMM,149864,0,1994-08-31,2023-05-22,15
USGS,10302025,"WALKER RV NR MOUTH AT WALKER LAKE, NV",ST,38.79103038,-118.727085,S,NAD83, 3940.,10.,NGVD29,16050304,qw,01082,,0,,wat,IMM,149864,0,2017-05-09,2017-05-09,1
USGS,10302025,"WALKER RV NR MOUTH AT WALKER LAKE, NV",ST,38.79103038,-118.727085,S,NAD83, 3940.,10.,NGVD29,16050304,qw,01085,,0,,wat,IMM,150193,0,2017-05-09,2017-05-09,1
USGS,10302025,"WALKER RV NR MOUTH AT WALKER LAKE, NV",ST,38.79103038,-118.727085,S,NAD83, 3940.,10.,NGVD29,16050304,qw,01090,,0,,wat,IMM,150235,0,1994-08-31,2017-05-09,8
USGS,10302025,"WALKER RV NR MOUTH AT WALKER LAKE, NV",ST,38.79103038,-118.727085,S,NAD83, 3940.,10.,NGVD29,16050304,qw,01092,,0,,wat,IMM,150235,0,2017-05-09,2017-05-09,1
USGS,10302025,"WALKER RV NR MOUTH AT WALKER LAKE, NV",ST,38.79103038,-118.727085,S,NAD83, 3940.,10.,NGVD29,16050304,qw,01095,,0,,wat,IMN,149963,0,1994-08-31,2017-05-09,8
USGS,10302025,"WALKER RV NR MOUTH AT WALKER LAKE, NV",ST,38.79103038,-118.727085,S,NAD83, 3940.,10.,NGVD29,16050304,qw,01097,,0,,wat,IMN,149963,0,2017-05-09,2017-05-09,1
USGS,10302025,"WALKER RV NR MOUTH AT WALKER LAKE, NV",ST,38.79103038,-118.727085,S,NAD83, 3940.,10.,NGVD29,16050304,qw,01105,,0,,wat,IMM,149476,0,2017-05-09,2017-05-09,1
USGS,10302025,"WALKER RV NR MOUTH AT WALKER LAKE, NV",ST,38.79103038,-118.727085,S,NAD83, 3940.,10.,NGVD29,16050304,qw,01106,,0,,wat,IMM,149476,0,1994-08-31,2017-05-09,8
USGS,10302025,"WALKER RV NR MOUTH AT WALKER LAKE, NV",ST,38.79103038,-118.727085,S,NAD83, 3940.,10.,NGVD29,16050304,qw,01130,,0,,wat,IMM,149591,0,1994-08-31,2017-05-09,7
USGS,10302025,"WALKER RV NR MOUTH AT WALKER LAKE, NV",ST,38.79103038,-118.727085,S,NAD83, 3940.,10.,NGVD29,16050304,qw,01132,,0,,wat,IMM,149591,0,2017-05-09,2017-05-09,1
USGS,10302025,"WALKER RV NR MOUTH AT WALKER LAKE, NV",ST,38.79103038,-118.727085,S,NAD83, 3940.,10.,NGVD29,16050304,qw,01145,,0,,wat,IMN,154310,0,1994-08-31,2017-05-09,8
USGS,10302025,"WALKER RV NR MOUTH AT WALKER LAKE, NV",ST,38.79103038,-118.727085,S,NAD83, 3940.,10.,NGVD29,16050304,qw,01147,,0,,wat,IMN,154310,0,2017-05-09,2017-05-09,1
USGS,10302025,"WALKER RV NR MOUTH AT WALKER LAKE, NV",ST,38.79103038,-118.727085,S,NAD83, 3940.,10.,NGVD29,16050304,qw,01300,,0,,wat,PHY,749655,0,2017-02-08,2018-08-07,5
USGS,10302025,"WALKER RV NR MOUTH AT WALKER LAKE, NV",ST,38.79103038,-118.727085,S,NAD83, 3940.,10.,NGVD29,16050304,qw,01305,,0,,wat,PHY,1642099,0,2017-02-08,2018-08-07,5
USGS,10302025,"WALKER RV NR MOUTH AT WALKER LAKE, NV",ST,38.79103038,-118.727085,S,NAD83, 3940.,10.,NGVD29,16050304,qw,01320,,0,,wat,PHY,17028242,0,2017-02-08,2018-08-07,5
USGS,10302025,"WALKER RV NR MOUTH AT WALKER LAKE, NV",ST,38.79103038,-118.727085,S,NAD83, 3940.,10.,NGVD29,16050304,qw,01325,,0,,wat,PHY,1647700,0,2017-02-08,2018-08-07,5
USGS,10302025,"WALKER RV NR MOUTH AT WALKER LAKE, NV",ST,38.79103038,-118.727085,S,NAD83, 3940.,10.,NGVD29,16050304,qw,01330,,0,,wat,PHY,1644145,0,2017-02-08,2018-08-07,5
USGS,10302025,"WALKER RV NR MOUTH AT WALKER LAKE, NV",ST,38.79103038,-118.727085,S,NAD83, 3940.,10.,NGVD29,16050304,qw,01340,,0,,wat,PHY,1647718,0,2017-02-08,2018-08-07,5
USGS,10302025,"WALKER RV NR MOUTH AT WALKER LAKE, NV",ST,38.79103038,-118.727085,S,NAD83, 3940.,10.,NGVD29,16050304,qw,01345,,0,,wat,PHY,1641851,0,2017-02-08,2018-08-07,5
USGS,10302025,"WALKER RV NR MOUTH AT WALKER LAKE, NV",ST,38.79103038,-118.727085,S,NAD83, 3940.,10.,NGVD29,16050304,qw,01350,,0,,wat,PHY,1646090,0,2017-02-08,2018-08-07,5
USGS,10302025,"WALKER RV NR MOUTH AT WALKER LAKE, NV",ST,38.79103038,-118.727085,S,NAD83, 3940.,10.,NGVD29,16050304,qw,22703,,0,,wat,RAD,150185,0,1994-08-31,2017-05-09,8
USGS,10302025,"WALKER RV NR MOUTH AT WALKER LAKE, NV",ST,38.79103038,-118.727085,S,NAD83, 3940.,10.,NGVD29,16050304,qw,28011,,0,,wat,RAD,150185,0,2017-05-09,2017-05-09,1
USGS,10302025,"WALKER RV NR MOUTH AT WALKER LAKE, NV",ST,38.79103038,-118.727085,S,NAD83, 3940.,10.,NGVD29,16050304,qw,29801,,0,,wat,INN,1640192,0,2019-02-27,2021-08-24,11
USGS,10302025,"WALKER RV NR MOUTH AT WALKER LAKE, NV",ST,38.79103038,-118.727085,S,NAD83, 3940.,10.,NGVD29,16050304,qw,30207,,0,,wat,PHY,17164583,0,1994-08-31,2023-01-27,26
USGS,10302025,"WALKER RV NR MOUTH AT WALKER LAKE, NV",ST,38.79103038,-118.727085,S,NAD83, 3940.,10.,NGVD29,16050304,qw,30209,,0,,wat,PHY,1645415,0,1994-08-31,2021-08-24,54
USGS,10302025,"WALKER RV NR MOUTH AT WALKER LAKE, NV",ST,38.79103038,-118.727085,S,NAD83, 3940.,10.,NGVD29,16050304,qw,34790,,0,,wat,IMM,149476,0,1994-07-29,1994-07-29,1
USGS,10302025,"WALKER RV NR MOUTH AT WALKER LAKE, NV",ST,38.79103038,-118.727085,S,NAD83, 3940.,10.,NGVD29,16050304,qw,34795,,0,,wat,IMN,149963,0,1994-07-29,1994-07-29,1
USGS,10302025,"WALKER RV NR MOUTH AT WALKER LAKE, NV",ST,38.79103038,-118.727085,S,NAD83, 3940.,10.,NGVD29,16050304,qw,34800,,0,,wat,IMN,149989,0,1994-07-29,1994-07-29,1
USGS,10302025,"WALKER RV NR MOUTH AT WALKER LAKE, NV",ST,38.79103038,-118.727085,S,NAD83, 3940.,10.,NGVD29,16050304,qw,34805,,0,,wat,IMM,149997,0,1994-07-29,1994-07-29,1
USGS,10302025,"WALKER RV NR MOUTH AT WALKER LAKE, NV",ST,38.79103038,-118.727085,S,NAD83, 3940.,10.,NGVD29,16050304,qw,34810,,0,,wat,IMM,150003,0,1994-07-29,1994-07-29,1
USGS,10302025,"WALKER RV NR MOUTH AT WALKER LAKE, NV",ST,38.79103038,-118.727085,S,NAD83, 3940.,10.,NGVD29,16050304,qw,34816,,0,,wat,IMM,150250,0,1994-07-29,1994-07-29,1
USGS,10302025,"WALKER RV NR MOUTH AT WALKER LAKE, NV",ST,38.79103038,-118.727085,S,NAD83, 3940.,10.,NGVD29,16050304,qw,34825,,0,,wat,IMM,150029,0,1994-07-29,1994-07-29,1
USGS,10302025,"WALKER RV NR MOUTH AT WALKER LAKE, NV",ST,38.79103038,-118.727085,S,NAD83, 3940.,10.,NGVD29,16050304,qw,34830,,0,,wat,INM,150268,0,1994-07-29,1994-07-29,1
USGS,10302025,"WALKER RV NR MOUTH AT WALKER LAKE, NV",ST,38.79103038,-118.727085,S,NAD83, 3940.,10.,NGVD29,16050304,qw,34835,,0,,wat,IMM,150045,0,1994-07-29,1994-07-29,1
USGS,10302025,"WALKER RV NR MOUTH AT WALKER LAKE, NV",ST,38.79103038,-118.727085,S,NAD83, 3940.,10.,NGVD29,16050304,qw,34840,,0,,wat,IMM,150060,0,1994-07-29,1994-07-29,1
USGS,10302025,"WALKER RV NR MOUTH AT WALKER LAKE, NV",ST,38.79103038,-118.727085,S,NAD83, 3940.,10.,NGVD29,16050304,qw,34845,,0,,wat,IMM,150078,0,1994-07-29,1994-07-29,1
USGS,10302025,"WALKER RV NR MOUTH AT WALKER LAKE, NV",ST,38.79103038,-118.727085,S,NAD83, 3940.,10.,NGVD29,16050304,qw,34850,,0,,wat,IMM,150086,0,1994-07-29,1994-07-29,1
USGS,10302025,"WALKER RV NR MOUTH AT WALKER LAKE, NV",ST,38.79103038,-118.727085,S,NAD83, 3940.,10.,NGVD29,16050304,qw,34855,,0,,wat,IMM,150102,0,1994-07-29,1994-07-29,1
USGS,10302025,"WALKER RV NR MOUTH AT WALKER LAKE, NV",ST,38.79103038,-118.727085,S,NAD83, 3940.,10.,NGVD29,16050304,qw,34860,,0,,wat,IMM,150128,0,1994-07-29,1994-07-29,1
USGS,10302025,"WALKER RV NR MOUTH AT WALKER LAKE, NV",ST,38.79103038,-118.727085,S,NAD83, 3940.,10.,NGVD29,16050304,qw,34870,,0,,wat,IMM,150144,0,1994-07-29,1994-07-29,1
USGS,10302025,"WALKER RV NR MOUTH AT WALKER LAKE, NV",ST,38.79103038,-118.727085,S,NAD83, 3940.,10.,NGVD29,16050304,qw,34875,,0,,wat,IMM,150177,0,1994-07-29,1994-07-29,1
USGS,10302025,"WALKER RV NR MOUTH AT WALKER LAKE, NV",ST,38.79103038,-118.727085,S,NAD83, 3940.,10.,NGVD29,16050304,qw,34880,,0,,wat,IMM,149559,0,1994-07-29,1994-07-29,1
USGS,10302025,"WALKER RV NR MOUTH AT WALKER LAKE, NV",ST,38.79103038,-118.727085,S,NAD83, 3940.,10.,NGVD29,16050304,qw,34885,,0,,wat,IMM,149575,0,1994-07-29,1994-07-29,1
USGS,10302025,"WALKER RV NR MOUTH AT WALKER LAKE, NV",ST,38.79103038,-118.727085,S,NAD83, 3940.,10.,NGVD29,16050304,qw,34890,,0,,wat,IMM,149583,0,1994-07-29,1994-07-29,1
USGS,10302025,"WALKER RV NR MOUTH AT WALKER LAKE, NV",ST,38.79103038,-118.727085,S,NAD83, 3940.,10.,NGVD29,16050304,qw,34895,,0,,wat,IMM,149591,0,1994-07-29,1994-07-29,1
USGS,10302025,"WALKER RV NR MOUTH AT WALKER LAKE, NV",ST,38.79103038,-118.727085,S,NAD83, 3940.,10.,NGVD29,16050304,qw,34900,,0,,wat,INM,149617,0,1994-07-29,1994-07-29,1
USGS,10302025,"WALKER RV NR MOUTH AT WALKER LAKE, NV",ST,38.79103038,-118.727085,S,NAD83, 3940.,10.,NGVD29,16050304,qw,34905,,0,,wat,IMM,149625,0,1994-07-29,1994-07-29,1
USGS,10302025,"WALKER RV NR MOUTH AT WALKER LAKE, NV",ST,38.79103038,-118.727085,S,NAD83, 3940.,10.,NGVD29,16050304,qw,34910,,0,,wat,IMM,149633,0,1994-07-29,1994-07-29,1
USGS,10302025,"WALKER RV NR MOUTH AT WALKER LAKE, NV",ST,38.79103038,-118.727085,S,NAD83, 3940.,10.,NGVD29,16050304,qw,34915,,0,,wat,IMM,149641,0,1994-07-29,1994-07-29,1
USGS,10302025,"WALKER RV NR MOUTH AT WALKER LAKE, NV",ST,38.79103038,-118.727085,S,NAD83, 3940.,10.,NGVD29,16050304,qw,34920,,0,,wat,IMM,149658,0,1994-07-29,1994-07-29,1
USGS,10302025,"WALKER RV NR MOUTH AT WALKER LAKE, NV",ST,38.79103038,-118.727085,S,NAD83, 3940.,10.,NGVD29,16050304,qw,34925,,0,,wat,IMM,149674,0,1994-07-29,1994-07-29,1
USGS,10302025,"WALKER RV NR MOUTH AT WALKER LAKE, NV",ST,38.79103038,-118.727085,S,NAD83, 3940.,10.,NGVD29,16050304,qw,34930,,0,,wat,IMM,149682,0,1994-07-29,1994-07-29,1
USGS,10302025,"WALKER RV NR MOUTH AT WALKER LAKE, NV",ST,38.79103038,-118.727085,S,NAD83, 3940.,10.,NGVD29,16050304,qw,34935,,0,,wat,NUT,153049,0,1994-07-29,1994-07-29,1
USGS,10302025,"WALKER RV NR MOUTH AT WALKER LAKE, NV",ST,38.79103038,-118.727085,S,NAD83, 3940.,10.,NGVD29,16050304,qw,34940,,0,,wat,INM,149740,0,1994-07-29,1994-07-29,1
USGS,10302025,"WALKER RV NR MOUTH AT WALKER LAKE, NV",ST,38.79103038,-118.727085,S,NAD83, 3940.,10.,NGVD29,16050304,qw,34945,,0,,wat,IMM,149823,0,1994-07-29,1994-07-29,1
USGS,10302025,"WALKER RV NR MOUTH AT WALKER LAKE, NV",ST,38.79103038,-118.727085,S,NAD83, 3940.,10.,NGVD29,16050304,qw,34950,,0,,wat,IMN,154310,0,1994-07-29,1994-07-29,1
USGS,10302025,"WALKER RV NR MOUTH AT WALKER LAKE, NV",ST,38.79103038,-118.727085,S,NAD83, 3940.,10.,NGVD29,16050304,qw,34955,,0,,wat,IMM,149849,0,1994-07-29,1994-07-29,1
USGS,10302025,"WALKER RV NR MOUTH AT WALKER LAKE, NV",ST,38.79103038,-118.727085,S,NAD83, 3940.,10.,NGVD29,16050304,qw,34960,,0,,wat,INM,149856,0,1994-07-29,1994-07-29,1
USGS,10302025,"WALKER RV NR MOUTH AT WALKER LAKE, NV",ST,38.79103038,-118.727085,S,NAD83, 3940.,10.,NGVD29,16050304,qw,34965,,0,,wat,IMM,149864,0,1994-07-29,1994-07-29,1
USGS,10302025,"WALKER RV NR MOUTH AT WALKER LAKE, NV",ST,38.79103038,-118.727085,S,NAD83, 3940.,10.,NGVD29,16050304,qw,34970,,0,,wat,INN,152744,0,1994-07-29,1994-07-29,1
USGS,10302025,"WALKER RV NR MOUTH AT WALKER LAKE, NV",ST,38.79103038,-118.727085,S,NAD83, 3940.,10.,NGVD29,16050304,qw,34975,,0,,wat,IMM,149872,0,1994-07-29,1994-07-29,1
USGS,10302025,"WALKER RV NR MOUTH AT WALKER LAKE, NV",ST,38.79103038,-118.727085,S,NAD83, 3940.,10.,NGVD29,16050304,qw,34980,,0,,wat,RAD,149906,0,1994-07-29,1994-07-29,1
USGS,10302025,"WALKER RV NR MOUTH AT WALKER LAKE, NV",ST,38.79103038,-118.727085,S,NAD83, 3940.,10.,NGVD29,16050304,qw,34985,,0,,wat,IMM,149922,0,1994-07-29,1994-07-29,1
USGS,10302025,"WALKER RV NR MOUTH AT WALKER LAKE, NV",ST,38.79103038,-118.727085,S,NAD83, 3940.,10.,NGVD29,16050304,qw,35000,,0,,wat,RAD,150185,0,1994-07-29,1994-07-29,1
USGS,10302025,"WALKER RV NR MOUTH AT WALKER LAKE, NV",ST,38.79103038,-118.727085,S,NAD83, 3940.,10.,NGVD29,16050304,qw,35005,,0,,wat,IMM,150193,0,1994-07-29,1994-07-29,1
USGS,10302025,"WALKER RV NR MOUTH AT WALKER LAKE, NV",ST,38.79103038,-118.727085,S,NAD83, 3940.,10.,NGVD29,16050304,qw,35010,,0,,wat,IMM,150227,0,1994-07-29,1994-07-29,1
USGS,10302025,"WALKER RV NR MOUTH AT WALKER LAKE, NV",ST,38.79103038,-118.727085,S,NAD83, 3940.,10.,NGVD29,16050304,qw,35015,,0,,wat,IMM,150219,0,1994-07-29,1994-07-29,1
USGS,10302025,"WALKER RV NR MOUTH AT WALKER LAKE, NV",ST,38.79103038,-118.727085,S,NAD83, 3940.,10.,NGVD29,16050304,qw,35020,,0,,wat,IMM,150235,0,1994-07-29,1994-07-29,1
USGS,10302025,"WALKER RV NR MOUTH AT WALKER LAKE, NV",ST,38.79103038,-118.727085,S,NAD83, 3940.,10.,NGVD29,16050304,qw,39086,,0,,wat,INN,1640192,0,1994-08-31,2023-03-29,22
USGS,10302025,"WALKER RV NR MOUTH AT WALKER LAKE, NV",ST,38.79103038,-118.727085,S,NAD83, 3940.,10.,NGVD29,16050304,qw,39251,,0,,wat,OOT,528521,0,1994-07-29,1994-07-29,1
USGS,10302025,"WALKER RV NR MOUTH AT WALKER LAKE, NV",ST,38.79103038,-118.727085,S,NAD83, 3940.,10.,NGVD29,16050304,qw,39333,,0,,wat,OPE,42002,0,1994-07-29,1994-07-29,1
USGS,10302025,"WALKER RV NR MOUTH AT WALKER LAKE, NV",ST,38.79103038,-118.727085,S,NAD83, 3940.,10.,NGVD29,16050304,qw,39343,,0,,wat,OPE,2923,0,1994-07-29,1994-07-29,1
USGS,10302025,"WALKER RV NR MOUTH AT WALKER LAKE, NV",ST,38.79103038,-118.727085,S,NAD83, 3940.,10.,NGVD29,16050304,qw,39351,,0,,wat,OPE,183160,0,1994-07-29,1994-07-29,1
USGS,10302025,"WALKER RV NR MOUTH AT WALKER LAKE, NV",ST,38.79103038,-118.727085,S,NAD83, 3940.,10.,NGVD29,16050304,qw,39363,,0,,wat,OPE,4937,0,1994-07-29,1994-07-29,1
USGS,10302025,"WALKER RV NR MOUTH AT WALKER LAKE, NV",ST,38.79103038,-118.727085,S,NAD83, 3940.,10.,NGVD29,16050304,qw,39368,,0,,wat,OPE,4945,0,1994-07-29,1994-07-29,1
USGS,10302025,"WALKER RV NR MOUTH AT WALKER LAKE, NV",ST,38.79103038,-118.727085,S,NAD83, 3940.,10.,NGVD29,16050304,qw,39373,,0,,wat,OPE,1107,0,1994-07-29,1994-07-29,1
USGS,10302025,"WALKER RV NR MOUTH AT WALKER LAKE, NV",ST,38.79103038,-118.727085,S,NAD83, 3940.,10.,NGVD29,16050304,qw,39383,,0,,wat,OPE,3426,0,1994-07-29,1994-07-29,1
USGS,10302025,"WALKER RV NR MOUTH AT WALKER LAKE, NV",ST,38.79103038,-118.727085,S,NAD83, 3940.,10.,NGVD29,16050304,qw,39389,,0,,wat,OPE,75333,0,1994-07-29,1994-07-29,1
USGS,10302025,"WALKER RV NR MOUTH AT WALKER LAKE, NV",ST,38.79103038,-118.727085,S,NAD83, 3940.,10.,NGVD29,16050304,qw,39393,,0,,wat,OPE,4887,0,1994-07-29,1994-07-29,1
USGS,10302025,"WALKER RV NR MOUTH AT WALKER LAKE, NV",ST,38.79103038,-118.727085,S,NAD83, 3940.,10.,NGVD29,16050304,qw,39403,,0,,wat,OPE,156919,0,1994-07-29,1994-07-29,1
USGS,10302025,"WALKER RV NR MOUTH AT WALKER LAKE, NV",ST,38.79103038,-118.727085,S,NAD83, 3940.,10.,NGVD29,16050304,qw,39413,,0,,wat,OPE,6262,0,1994-07-29,1994-07-29,1
USGS,10302025,"WALKER RV NR MOUTH AT WALKER LAKE, NV",ST,38.79103038,-118.727085,S,NAD83, 3940.,10.,NGVD29,16050304,qw,39423,,0,,wat,OPE,76661,0,1994-07-29,1994-07-29,1
USGS,10302025,"WALKER RV NR MOUTH AT WALKER LAKE, NV",ST,38.79103038,-118.727085,S,NAD83, 3940.,10.,NGVD29,16050304,qw,39481,,0,,wat,OPE,4903,0,1994-07-29,1994-07-29,1
USGS,10302025,"WALKER RV NR MOUTH AT WALKER LAKE, NV",ST,38.79103038,-118.727085,S,NAD83, 3940.,10.,NGVD29,16050304,qw,39519,,0,,wat,OPC,85878,0,1994-07-29,1994-07-29,1
USGS,10302025,"WALKER RV NR MOUTH AT WALKER LAKE, NV",ST,38.79103038,-118.727085,S,NAD83, 3940.,10.,NGVD29,16050304,qw,39758,,0,,wat,OPE,100883,0,1994-07-29,1994-07-29,1
USGS,10302025,"WALKER RV NR MOUTH AT WALKER LAKE, NV",ST,38.79103038,-118.727085,S,NAD83, 3940.,10.,NGVD29,16050304,qw,49266,,0,,wat,OOT,701250,0,1994-07-29,1994-07-29,1
USGS,10302025,"WALKER RV NR MOUTH AT WALKER LAKE, NV",ST,38.79103038,-118.727085,S,NAD83, 3940.,10.,NGVD29,16050304,qw,49267,,0,,wat,INN,150037,0,1994-07-29,1994-07-29,1
USGS,10302025,"WALKER RV NR MOUTH AT WALKER LAKE, NV",ST,38.79103038,-118.727085,S,NAD83, 3940.,10.,NGVD29,16050304,qw,49269,,0,,wat,INN,17294661,0,1994-07-29,1994-07-29,1
USGS,10302025,"WALKER RV NR MOUTH AT WALKER LAKE, NV",ST,38.79103038,-118.727085,S,NAD83, 3940.,10.,NGVD29,16050304,qw,49274,,0,,wat,IMM,149930,0,1994-07-29,1994-07-29,1
USGS,10302025,"WALKER RV NR MOUTH AT WALKER LAKE, NV",ST,38.79103038,-118.727085,S,NAD83, 3940.,10.,NGVD29,16050304,qw,50276,,0,,wat,INF,0,0,2021-06-02,2023-05-22,6
USGS,10302025,"WALKER RV NR MOUTH AT WALKER LAKE, NV",ST,38.79103038,-118.727085,S,NAD83, 3940.,10.,NGVD29,16050304,qw,50280,,0,,wat,INF,0,0,2017-02-08,2023-05-22,24
USGS,10302025,"WALKER RV NR MOUTH AT WALKER LAKE, NV",ST,38.79103038,-118.727085,S,NAD83, 3940.,10.,NGVD29,16050304,qw,52905,,0,,wat,BIO,0,0,2023-02-15,2023-02-15,1
USGS,10302025,"WALKER RV NR MOUTH AT WALKER LAKE, NV",ST,38.79103038,-118.727085,S,NAD83, 3940.,10.,NGVD29,16050304,qw,62648,,0,,wat,ISO,0,0,2004-03-09,2004-03-09,1
USGS,10302025,"WALKER RV NR MOUTH AT WALKER LAKE, NV",ST,38.79103038,-118.727085,S,NAD83, 3940.,10.,NGVD29,16050304,qw,63675,,0,,wat,PHY,1640507,0,2023-01-27,2023-05-22,5
USGS,10302025,"WALKER RV NR MOUTH AT WALKER LAKE, NV",ST,38.79103038,-118.727085,S,NAD83, 3940.,10.,NGVD29,16050304,qw,70300,,0,,wat,PHY,1642222,0,1994-08-31,2023-05-22,36
USGS,10302025,"WALKER RV NR MOUTH AT WALKER LAKE, NV",ST,38.79103038,-118.727085,S,NAD83, 3940.,10.,NGVD29,16050304,qw,70301,,0,,wat,PHY,1642222,0,1994-08-31,2023-03-29,33
USGS,10302025,"WALKER RV NR MOUTH AT WALKER LAKE, NV",ST,38.79103038,-118.727085,S,NAD83, 3940.,10.,NGVD29,16050304,qw,70302,,0,,wat,PHY,1642222,0,1994-08-31,2021-08-24,30
USGS,10302025,"WALKER RV NR MOUTH AT WALKER LAKE, NV",ST,38.79103038,-118.727085,S,NAD83, 3940.,10.,NGVD29,16050304,qw,70303,,0,,wat,PHY,1642222,0,1994-08-31,2023-05-22,36
USGS,10302025,"WALKER RV NR MOUTH AT WALKER LAKE, NV",ST,38.79103038,-118.727085,S,NAD83, 3940.,10.,NGVD29,16050304,qw,70953,,0,,wat,BIO,47076,0,2023-02-15,2023-02-15,1
USGS,10302025,"WALKER RV NR MOUTH AT WALKER LAKE, NV",ST,38.79103038,-118.727085,S,NAD83, 3940.,10.,NGVD29,16050304,qw,71834,,0,,wat,INN,776500,0,2016-02-09,2019-02-27,5
USGS,10302025,"WALKER RV NR MOUTH AT WALKER LAKE, NV",ST,38.79103038,-118.727085,S,NAD83, 3940.,10.,NGVD29,16050304,qw,71846,,0,,wat,NUT,966655,0,1994-08-31,2023-05-22,12
USGS,10302025,"WALKER RV NR MOUTH AT WALKER LAKE, NV",ST,38.79103038,-118.727085,S,NAD83, 3940.,10.,NGVD29,16050304,qw,71851,,0,,wat,NUT,197186,0,1994-08-31,1995-06-26,5
USGS,10302025,"WALKER RV NR MOUTH AT WALKER LAKE, NV",ST,38.79103038,-118.727085,S,NAD83, 3940.,10.,NGVD29,16050304,qw,71856,,0,,wat,NUT,197194,0,1994-08-31,1995-06-26,5
USGS,10302025,"WALKER RV NR MOUTH AT WALKER LAKE, NV",ST,38.79103038,-118.727085,S,NAD83, 3940.,10.,NGVD29,16050304,qw,71870,,0,,wat,INN,227538,0,1994-08-31,1995-08-14,7
USGS,10302025,"WALKER RV NR MOUTH AT WALKER LAKE, NV",ST,38.79103038,-118.727085,S,NAD83, 3940.,10.,NGVD29,16050304,qw,71890,,0,,wat,IMM,149633,0,1994-08-31,1995-06-26,6
USGS,10302025,"WALKER RV NR MOUTH AT WALKER LAKE, NV",ST,38.79103038,-118.727085,S,NAD83, 3940.,10.,NGVD29,16050304,qw,71999,,0,,wat,INF,0,0,1994-08-31,2023-05-22,29
USGS,10302025,"WALKER RV NR MOUTH AT WALKER LAKE, NV",ST,38.79103038,-118.727085,S,NAD83, 3940.,10.,NGVD29,16050304,qw,72104,,0,,wat,INF,0,0,2018-03-08,2019-12-09,7
USGS,10302025,"WALKER RV NR MOUTH AT WALKER LAKE, NV",ST,38.79103038,-118.727085,S,NAD83, 3940.,10.,NGVD29,16050304,qw,72105,,0,,wat,INF,0,0,2017-02-08,2021-06-02,2
USGS,10302025,"WALKER RV NR MOUTH AT WALKER LAKE, NV",ST,38.79103038,-118.727085,S,NAD83, 3940.,10.,NGVD29,16050304,qw,72219,,0,,wat,INF,0,0,2017-02-08,2023-02-15,11
USGS,10302025,"WALKER RV NR MOUTH AT WALKER LAKE, NV",ST,38.79103038,-118.727085,S,NAD83, 3940.,10.,NGVD29,16050304,qw,72220,,0,,wat,INF,0,0,2017-02-08,2023-02-15,11
USGS,10302025,"WALKER RV NR MOUTH AT WALKER LAKE, NV",ST,38.79103038,-118.727085,S,NAD83, 3940.,10.,NGVD29,16050304,qw,75978,,0,,wat,ISO,17148297,0,2004-03-09,2004-03-09,1
USGS,10302025,"WALKER RV NR MOUTH AT WALKER LAKE, NV",ST,38.79103038,-118.727085,S,NAD83, 3940.,10.,NGVD29,16050304,qw,81886,,0,,wat,OPE,4952,0,1994-07-29,1994-07-29,1
USGS,10302025,"WALKER RV NR MOUTH AT WALKER LAKE, NV",ST,38.79103038,-118.727085,S,NAD83, 3940.,10.,NGVD29,16050304,qw,82082,,0,,wat,ISO,1642107,0,1994-08-31,2004-03-09,6
USGS,10302025,"WALKER RV NR MOUTH AT WALKER LAKE, NV",ST,38.79103038,-118.727085,S,NAD83, 3940.,10.,NGVD29,16050304,qw,82085,,0,,wat,ISO,967034,0,1994-08-31,2004-03-09,6
USGS,10302025,"WALKER RV NR MOUTH AT WALKER LAKE, NV",ST,38.79103038,-118.727085,S,NAD83, 3940.,10.,NGVD29,16050304,qw,82398,,0,,wat,INF,0,0,2015-05-12,2023-05-22,28
USGS,10302025,"WALKER RV NR MOUTH AT WALKER LAKE, NV",ST,38.79103038,-118.727085,S,NAD83, 3940.,10.,NGVD29,16050304,qw,84164,,0,,wat,INF,0,0,2015-05-12,2023-05-22,28
USGS,10302025,"WALKER RV NR MOUTH AT WALKER LAKE, NV",ST,38.79103038,-118.727085,S,NAD83, 3940.,10.,NGVD29,16050304,qw,84171,,0,,wat,INF,0,0,2015-05-12,2021-08-24,22
USGS,10302025,"WALKER RV NR MOUTH AT WALKER LAKE, NV",ST,38.79103038,-118.727085,S,NAD83, 3940.,10.,NGVD29,16050304,qw,84182,,0,,wat,INF,0,0,2017-02-08,2023-05-22,20
USGS,10302025,"WALKER RV NR MOUTH AT WALKER LAKE, NV",ST,38.79103038,-118.727085,S,NAD83, 3940.,10.,NGVD29,16050304,qw,90095,,0,,wat,PHY,1646694,0,1994-08-31,2017-02-08,9
USGS,10302025,"WALKER RV NR MOUTH AT WALKER LAKE, NV",ST,38.79103038,-118.727085,S,NAD83, 3940.,10.,NGVD29,16050304,qw,90410,,0,,wat,INN,1640192,0,1994-08-31,1995-08-14,7
USGS,10302025,"WALKER RV NR MOUTH AT WALKER LAKE, NV",ST,38.79103038,-118.727085,S,NAD83, 3940.,10.,NGVD29,16050304,qw,99105,,0,,wat,INF,0,0,2015-11-17,2017-05-09,2
USGS,10302025,"WALKER RV NR MOUTH AT WALKER LAKE, NV",ST,38.79103038,-118.727085,S,NAD83, 3940.,10.,NGVD29,16050304,qw,99111,,0,,wat,INF,0,0,2015-11-17,2023-05-22,16
USGS,10302025,"WALKER RV NR MOUTH AT WALKER LAKE, NV",ST,38.79103038,-118.727085,S,NAD83, 3940.,10.,NGVD29,16050304,qw,99159,,0,,wat,INF,0,0,2017-02-08,2021-08-24,16
USGS,10302025,"WALKER RV NR MOUTH AT WALKER LAKE, NV",ST,38.79103038,-118.727085,S,NAD83, 3940.,10.,NGVD29,16050304,qw,99162,,0,,wat,INF,0,0,2017-05-09,2023-05-22,9
USGS,10302025,"WALKER RV NR MOUTH AT WALKER LAKE, NV",ST,38.79103038,-118.727085,S,NAD83, 3940.,10.,NGVD29,16050304,qw,99163,,0,,wat,INF,0,0,2017-05-09,2023-05-22,12
USGS,10302025,"WALKER RV NR MOUTH AT WALKER LAKE, NV",ST,38.79103038,-118.727085,S,NAD83, 3940.,10.,NGVD29,16050304,qw,99164,,0,,wat,INF,0,0,2020-08-25,2023-01-27,2
USGS,10302025,"WALKER RV NR MOUTH AT WALKER LAKE, NV",ST,38.79103038,-118.727085,S,NAD83, 3940.,10.,NGVD29,16050304,qw,99165,,0,,wat,INF,0,0,2017-02-08,2021-08-24,11
USGS,10302025,"WALKER RV NR MOUTH AT WALKER LAKE, NV",ST,38.79103038,-118.727085,S,NAD83, 3940.,10.,NGVD29,16050304,qw,99171,,0,,wat,INF,0,0,2017-02-08,2023-05-22,20
USGS,10302025,"WALKER RV NR MOUTH AT WALKER LAKE, NV",ST,38.79103038,-118.727085,S,NAD83, 3940.,10.,NGVD29,16050304,qw,99172,,0,,wat,INF,0,0,2017-02-08,2023-05-22,21
USGS,10302025,"WALKER RV NR MOUTH AT WALKER LAKE, NV",ST,38.79103038,-118.727085,S,NAD83, 3940.,10.,NGVD29,16050304,qw,99173,,0,,wat,INF,0,0,2017-02-08,2023-05-22,21
USGS,10302025,"WALKER RV NR MOUTH AT WALKER LAKE, NV",ST,38.79103038,-118.727085,S,NAD83, 3940.,10.,NGVD29,16050304,qw,99174,,0,,wat,INF,0,0,2017-02-08,2019-02-27,7
USGS,10302025,"WALKER RV NR MOUTH AT WALKER LAKE, NV",ST,38.79103038,-118.727085,S,NAD83, 3940.,10.,NGVD29,16050304,qw,99176,,0,,wat,INF,0,0,2017-05-09,2018-05-24,2
USGS,10302025,"WALKER RV NR MOUTH AT WALKER LAKE, NV",ST,38.79103038,-118.727085,S,NAD83, 3940.,10.,NGVD29,16050304,qw,99177,,0,,wat,INF,0,0,2023-01-27,2023-01-27,1
USGS,10302025,"WALKER RV NR MOUTH AT WALKER LAKE, NV",ST,38.79103038,-118.727085,S,NAD83, 3940.,10.,NGVD29,16050304,qw,99206,,0,,wat,INF,0,0,2017-02-08,2023-05-22,21
USGS,10302025,"WALKER RV NR MOUTH AT WALKER LAKE, NV",ST,38.79103038,-118.727085,S,NAD83, 3940.,10.,NGVD29,16050304,sv,,,0,,wat,,0,0,1994-08-31,2026-09-30,557
USGS,10302025,"WALKER RV NR MOUTH AT WALKER LAKE, NV",ST,38.79103038,-118.727085,S,NAD83, 3940.,10.,NGVD29,16050304,uv,00010,,103884,,wat,,1645597,0,2015-05-13,2026-06-24,4060
USGS,10302025,"WALKER RV NR MOUTH AT WALKER LAKE, NV",ST,38.79103038,-118.727085,S,NAD83, 3940.,10.,NGVD29,16050304,uv,00060,,103883,,wat,,1645423,0,2010-07-24,2026-10-02,5914
USGS,10302025,"WALKER RV NR MOUTH AT WALKER LAKE, NV",ST,38.79103038,-118.727085,S,NAD83, 3940.,10.,NGVD29,16050304,uv,00065,,103882,,wat,,17164583,0,2010-07-23,2026-10-02,5915
USGS,10302025,"WALKER RV NR MOUTH AT WALKER LAKE, NV",ST,38.79103038,-118.727085,S,NAD83, 3940.,10.,NGVD29,16050304,uv,00095,,103886,,wat,,1646694,0,2015-05-13,2026-06-21,4057
USGS,10302030,"WILDHORSE CYN NR WALKER LAKE, NV",ST,38.7915859,-118.6390257,S,NAD83, 4400., 10,NGVD29,16050304,ad,,,0,,wat,,0,0,2005,2008,4
USGS,10302030,"WILDHORSE CYN NR WALKER LAKE, NV",ST,38.7915859,-118.6390257,S,NAD83, 4400., 10,NGVD29,16050304,pk,,,0,,wat,,0,0,2005,2008-01-04,4
USGS,10302030,"WILDHORSE CYN NR WALKER LAKE, NV",ST,38.7915859,-118.6390257,S,NAD83, 4400., 10,NGVD29,16050304,sv,,,0,,wat,,0,0,2008-01-04,2008-01-04,1
USGS,10302135,"CAT CK NR HAWTHORNE, NV",ST,38.5440884,-118.7154142,S,NAD83, 5020., 20,NGVD29,16050304,ad,,,0,,wat,,0,0,2005,2008,4
USGS,10302135,"CAT CK NR HAWTHORNE, NV",ST,38.5440884,-118.7154142,S,NAD83, 5020., 20,NGVD29,16050304,sv,,,0,,wat,,0,0,2005-08-02,2007-10-23,6
USGS,10302140,"HOUSE CK NR HAWTHORNE, NV",ST,38.5707547,-118.7179147,S,NAD83, 5010., 20,NGVD29,16050304,ad,,,0,,wat,,0,0,2005,2008,3
USGS,10302140,"HOUSE CK NR HAWTHORNE, NV",ST,38.5707547,-118.7179147,S,NAD83, 5010., 20,NGVD29,16050304,sv,,,0,,wat,,0,0,2005-08-01,2007-10-17,4
USGS,10302145,"ROSE CK NR WALKER LAKE, NV",ST,38.58353236,-118.750416,S,NAD83, 6460., 20,NGVD29,16050304,ad,,,0,,wat,,0,0,2005,2008,4
USGS,10302145,"ROSE CK NR WALKER LAKE, NV",ST,38.58353236,-118.750416,S,NAD83, 6460., 20,NGVD29,16050304,dv,00060,00003,102552,,wat,,1645423,0,2005-05-05,2008-09-29,1244
USGS,10302145,"ROSE CK NR WALKER LAKE, NV",ST,38.58353236,-118.750416,S,NAD83, 6460., 20,NGVD29,16050304,pk,,,0,,wat,,0,0,2005-05-29,2008-05-25,4
USGS,10302145,"ROSE CK NR WALKER LAKE, NV",ST,38.58353236,-118.750416,S,NAD83, 6460., 20,NGVD29,16050304,sv,,,0,,wat,,0,0,2005-05-05,2015-08-13,34
USGS,10302145,"ROSE CK NR WALKER LAKE, NV",ST,38.58353236,-118.750416,S,NAD83, 6460., 20,NGVD29,16050304,uv,00060,,209630,,wat,,1645423,0,2006-10-20,2008-08-19,669
USGS,10302150,"N ROSE CK NR WALKER LAKE, NV",ST,38.59825438,-118.7512496,S,NAD83, 5520., 20,NGVD29,16050304,ad,,,0,,wat,,0,0,2005,2008,4
USGS,10302150,"N ROSE CK NR WALKER LAKE, NV",ST,38.59825438,-118.7512496,S,NAD83, 5520., 20,NGVD29,16050304,sv,,,0,,wat,,0,0,2005-08-01,2007-10-18,6
USGS,10302155,"DUTCH CK NR WALKER LAKE, NV",ST,38.6293649,-118.7598615,S,NAD83, 4660.,10.,NGVD29,16050304,ad,,,0,,wat,,0,0,2005,2008,4
USGS,10302155,"DUTCH CK NR WALKER LAKE, NV",ST,38.6293649,-118.7598615,S,NAD83, 4660.,10.,NGVD29,16050304,sv,,,0,,wat,,0,0,2005-08-24,2007-03-20,4
USGS,10302160,"COTTONWOOD CK NR WALKER LAKE, NV",ST,38.5779755,-118.8243069,S,NAD83, 7940., 20,NGVD29,16050304,ad,,,0,,wat,,0,0,2005,2008,4
USGS,10302160,"COTTONWOOD CK NR WALKER LAKE, NV",ST,38.5779755,-118.8243069,S,NAD83, 7940., 20,NGVD29,16050304,dv,00060,00003,102553,,wat,,1645423,0,2005-05-05,2008-09-29,1244
USGS,10302160,"COTTONWOOD CK NR WALKER LAKE, NV",ST,38.5779755,-118.8243069,S,NAD83, 7940., 20,NGVD29,16050304,pk,,,0,,wat,,0,0,2005-05-30,2008-05-31,4
USGS,10302160,"COTTONWOOD CK NR WALKER LAKE, NV",ST,38.5779755,-118.8243069,S,NAD83, 7940., 20,NGVD29,16050304,sv,,,0,,wat,,0,0,2005-05-05,2015-08-12,32
USGS,10302160,"COTTONWOOD CK NR WALKER LAKE, NV",ST,38.5779755,-118.8243069,S,NAD83, 7940., 20,NGVD29,16050304,uv,00060,,209631,,wat,,1645423,0,2006-10-01,2008-09-30,730
USGS,10302180,"DRY CK NR WALKER LAKE, NV",ST,38.69325276,-118.7770853,S,NAD83, 4230., 10,NGVD29,16050304,ad,,,0,,wat,,0,0,2005,2008,4
USGS,10302180,"DRY CK NR WALKER LAKE, NV",ST,38.69325276,-118.7770853,S,NAD83, 4230., 10,NGVD29,16050304,pk,,,0,,wat,,0,0,2005-05-06,2008,4
USGS,10302180,"DRY CK NR WALKER LAKE, NV",ST,38.69325276,-118.7770853,S,NAD83, 4230., 10,NGVD29,16050304,sv,,,0,,wat,,0,0,2005-03-14,2007-10-16,19
USGS,10302185,"COPPER CYN AT MOUTH NR WALKER LAKE, NV",ST,38.73353,-118.7801416,S,NAD83, 4370., 10,NGVD29,16050304,ad,,,0,,wat,,0,0,2005,2008,2
USGS,10302185,"COPPER CYN AT MOUTH NR WALKER LAKE, NV",ST,38.73353,-118.7801416,S,NAD83, 4370., 10,NGVD29,16050304,sv,,,0,,wat,,0,0,2005-08-01,2007-10-16,6
USGS,383145118485501,"UPPER LAPON CANYON CK NR LAPON MEADOWS, NV",ST,38.52916667,-118.8152778,S,NAD83,8918,20,NAVD88,16050301,sv,,,0,,wat,,0,0,2024-07-23,2024-07-23,1
USGS,385252119085001,FOX DITCH 1 SW/GW - CANAL SW,ST-CA,38.8811111,-119.1472222,H,NAD83, 4467.73, .1,NAVD88,16050301,dv,00065,00003,103393,,wat,,17164583,0,2012-03-27,2012-12-18,217
USGS,385252119085001,FOX DITCH 1 SW/GW - CANAL SW,ST-CA,38.8811111,-119.1472222,H,NAD83, 4467.73, .1,NAVD88,16050301,uv,00065,,104384,,wat,,17164583,0,2012-03-27,2012-12-18,266
USGS,385253119085101,FOX DITCH 1.1 SW/GW - CANAL SW,ST-CA,38.88138889,-119.1475,H,NAD83, 4472.65,.01,NAVD88,16050301,dv,00065,00003,103396,,wat,,17164583,0,2013-03-21,2013-08-17,62
USGS,385253119085101,FOX DITCH 1.1 SW/GW - CANAL SW,ST-CA,38.88138889,-119.1475,H,NAD83, 4472.65,.01,NAVD88,16050301,sv,,,0,,wat,,0,0,2013-06-05,2013-06-14,3
USGS,385253119085101,FOX DITCH 1.1 SW/GW - CANAL SW,ST-CA,38.88138889,-119.1475,H,NAD83, 4472.65,.01,NAVD88,16050301,uv,00065,,104393,,wat,,17164583,0,2013-03-21,2013-08-17,149
USGS,385256119085001,MICKEY DITCH 1 SW/GW - CANAL SW,ST-CA,38.8822222,-119.1472222,H,NAD83, 4460.13, .1,NAVD88,16050301,dv,00065,00003,103397,,wat,,17164583,0,2012-03-30,2013-09-27,361
USGS,385256119085001,MICKEY DITCH 1 SW/GW - CANAL SW,ST-CA,38.8822222,-119.1472222,H,NAD83, 4460.13, .1,NAVD88,16050301,uv,00065,,104396,,wat,,17164583,0,2012-03-30,2013-09-27,546
USGS,385407119093001,FOX DITCH 2 SW/GW - CANAL SW,ST-CA,38.90194444,-119.1583333,H,NAD83, 4443.73, .1,NAVD88,16050303,ad,,,0,,wat,,0,0,2014,2014,1
USGS,385407119093001,FOX DITCH 2 SW/GW - CANAL SW,ST-CA,38.90194444,-119.1583333,H,NAD83, 4443.73, .1,NAVD88,16050303,dv,00065,00003,103420,,wat,,17164583,0,2012-03-30,2013-10-07,245
USGS,385407119093001,FOX DITCH 2 SW/GW - CANAL SW,ST-CA,38.90194444,-119.1583333,H,NAD83, 4443.73, .1,NAVD88,16050303,sv,,,0,,wat,,0,0,2013-06-05,2013-06-14,3
USGS,385407119093001,FOX DITCH 2 SW/GW - CANAL SW,ST-CA,38.90194444,-119.1583333,H,NAD83, 4443.73, .1,NAVD88,16050303,uv,00065,,104405,,wat,,17164583,0,2012-03-30,2013-10-07,556
USGS,385535118460101,SCHURZ 4 - CANAL 2 SW/GW - CANAL SW,ST-CA,38.92638889,-118.7669444,H,NAD83, 4113.43, .1,NAVD88,16050303,ad,,,0,,wat,,0,0,2014,2014,1
USGS,385535118460101,SCHURZ 4 - CANAL 2 SW/GW - CANAL SW,ST-CA,38.92638889,-118.7669444,H,NAD83, 4113.43, .1,NAVD88,16050303,dv,00065,00003,103432,,wat,,17164583,0,2013-04-16,2013-10-17,116
USGS,385535118460101,SCHURZ 4 - CANAL 2 SW/GW - CANAL SW,ST-CA,38.92638889,-118.7669444,H,NAD83, 4113.43, .1,NAVD88,16050303,uv,00065,,104410,,wat,,17164583,0,2013-04-16,2013-10-17,184
USGS,385713118480501,SCHURZ 3 - LATERAL 2A SW/GW - CANAL SW,ST-CA,38.9536111,-118.8013889,H,NAD83, 4131.49, .1,NAVD88,16050303,dv,00065,00003,103443,,wat,,17164583,0,2013-04-18,2013-09-19,10
USGS,385713118480501,SCHURZ 3 - LATERAL 2A SW/GW - CANAL SW,ST-CA,38.9536111,-118.8013889,H,NAD83, 4131.49, .1,NAVD88,16050303,uv,00065,,104413,,wat,,17164583,0,2013-04-18,2013-09-19,154
USGS,385722118491601,SCHURZ 2 - LATERAL 1A SW/GW - CANAL SW,ST-CA,38.9561111,-118.821111,H,NAD83, 4136.46, .1,NAVD88,16050303,dv,00065,00003,103444,,wat,,17164583,0,2013-04-28,2013-09-27,35
USGS,385722118491601,SCHURZ 2 - LATERAL 1A SW/GW - CANAL SW,ST-CA,38.9561111,-118.821111,H,NAD83, 4136.46, .1,NAVD88,16050303,uv,00065,,104416,,wat,,17164583,0,2013-04-28,2013-09-27,152
USGS,385742118503301,SCHURZ 1 - LATERAL 1A SW/GW - CANAL SW,ST-CA,38.96166667,-118.8425,H,NAD83, 4143.19, .1,NAVD88,16050303,dv,00065,00003,103449,,wat,,17164583,0,2013-04-22,2013-05-17,8
USGS,385742118503301,SCHURZ 1 - LATERAL 1A SW/GW - CANAL SW,ST-CA,38.96166667,-118.8425,H,NAD83, 4143.19, .1,NAVD88,16050303,uv,00065,,104423,,wat,,17164583,0,2013-04-22,2013-05-17,25
USGS,385952119103901,CAMPBELL DITCH 1 SW/GW - CANAL SW,ST-CA,38.99777778,-119.1775,H,NAD83, 4374.82, .1,NAVD88,16050303,dv,00065,00003,103451,,wat,,17164583,0,2012-03-27,2013-08-16,310
USGS,385952119103901,CAMPBELL DITCH 1 SW/GW - CANAL SW,ST-CA,38.99777778,-119.1775,H,NAD83, 4374.82, .1,NAVD88,16050303,uv,00065,,104429,,wat,,17164583,0,2012-03-27,2013-08-16,507
USGS,390023119103101,CAMPBELL DITCH 1.1 SW/GW - CANAL SW,ST-CA,39.00638889,-119.1752778,H,NAD83, 4372.42, .1,NAVD88,16050303,dv,00065,00003,103453,,wat,,17164583,0,2013-04-10,2013-07-11,93
USGS,390023119103101,CAMPBELL DITCH 1.1 SW/GW - CANAL SW,ST-CA,39.00638889,-119.1752778,H,NAD83, 4372.42, .1,NAVD88,16050303,uv,00065,,104435,,wat,,17164583,0,2013-04-10,2013-07-11,92
USGS,390059119102001,CAMPBELL DITCH 2 SW/GW - CANAL SW,ST-CA,39.01638889,-119.1722222,H,NAD83, 4368.28, .1,NAVD88,16050303,dv,00065,00003,103455,,wat,,17164583,0,2012-03-27,2012-05-11,46
USGS,390059119102001,CAMPBELL DITCH 2 SW/GW - CANAL SW,ST-CA,39.01638889,-119.1722222,H,NAD83, 4368.28, .1,NAVD88,16050303,uv,00065,,104441,,wat,,17164583,0,2012-03-27,2012-05-11,45
USGS,390108119114501,108  N13 E25 04CBAB2    Seepage Ditch N Tailings,ST-DCH,39.01880635,-119.1968206,U,NAD83,,,,16050303,qw,,,0,,wat,ALL,0,0,1976-12-14,1976-12-14,1
USGS,390108119114501,108  N13 E25 04CBAB2    Seepage Ditch N Tailings,ST-DCH,39.01880635,-119.1968206,U,NAD83,,,,16050303,qw,00010,,0,,wat,PHY,1645597,0,1976-12-14,1976-12-14,1
USGS,390108119114501,108  N13 E25 04CBAB2    Seepage Ditch N Tailings,ST-DCH,39.01880635,-119.1968206,U,NAD83,,,,16050303,qw,00028,,0,,wat,INF,0,0,1976-12-14,1976-12-14,1
USGS,390108119114501,108  N13 E25 04CBAB2    Seepage Ditch N Tailings,ST-DCH,39.01880635,-119.1968206,U,NAD83,,,,16050303,qw,00095,,0,,wat,PHY,1646694,0,1976-12-14,1976-12-14,1
USGS,390108119114501,108  N13 E25 04CBAB2    Seepage Ditch N Tailings,ST-DCH,39.01880635,-119.1968206,U,NAD83,,,,16050303,qw,00191,,0,,wat,INN,1640572,0,1976-12-14,1976-12-14,1
USGS,390108119114501,108  N13 E25 04CBAB2    Seepage Ditch N Tailings,ST-DCH,39.01880635,-119.1968206,U,NAD83,,,,16050303,qw,00400,,0,,wat,PHY,17028275,0,1976-12-14,1976-12-14,1
USGS,390108119114501,108  N13 E25 04CBAB2    Seepage Ditch N Tailings,ST-DCH,39.01880635,-119.1968206,U,NAD83,,,,16050303,qw,00405,,0,,wat,INN,33548,0,1976-12-14,1976-12-14,1
USGS,390108119114501,108  N13 E25 04CBAB2    Seepage Ditch N Tailings,ST-DCH,39.01880635,-119.1968206,U,NAD83,,,,16050303,qw,00410,,0,,wat,INN,1640192,0,1976-12-14,1976-12-14,1
USGS,390108119114501,108  N13 E25 04CBAB2    Seepage Ditch N Tailings,ST-DCH,39.01880635,-119.1968206,U,NAD83,,,,16050303,qw,00440,,0,,wat,INN,4788,0,1976-12-14,1976-12-14,1
USGS,390108119114501,108  N13 E25 04CBAB2    Seepage Ditch N Tailings,ST-DCH,39.01880635,-119.1968206,U,NAD83,,,,16050303,qw,00445,,0,,wat,INN,119396,0,1976-12-14,1976-12-14,1
USGS,390108119114501,108  N13 E25 04CBAB2    Seepage Ditch N Tailings,ST-DCH,39.01880635,-119.1968206,U,NAD83,,,,16050303,qw,00666,,0,,wat,NUT,153049,0,1976-12-14,1976-12-14,1
USGS,390108119114501,108  N13 E25 04CBAB2    Seepage Ditch N Tailings,ST-DCH,39.01880635,-119.1968206,U,NAD83,,,,16050303,qw,00900,,0,,wat,PHY,1640416,0,1976-12-14,1976-12-14,1
USGS,390108119114501,108  N13 E25 04CBAB2    Seepage Ditch N Tailings,ST-DCH,39.01880635,-119.1968206,U,NAD83,,,,16050303,qw,00902,,0,,wat,PHY,1640432,0,1976-12-14,1976-12-14,1
USGS,390108119114501,108  N13 E25 04CBAB2    Seepage Ditch N Tailings,ST-DCH,39.01880635,-119.1968206,U,NAD83,,,,16050303,qw,00915,,0,,wat,INM,150268,0,1976-12-14,1976-12-14,1
USGS,390108119114501,108  N13 E25 04CBAB2    Seepage Ditch N Tailings,ST-DCH,39.01880635,-119.1968206,U,NAD83,,,,16050303,qw,00925,,0,,wat,INM,149617,0,1976-12-14,1976-12-14,1
USGS,390108119114501,108  N13 E25 04CBAB2    Seepage Ditch N Tailings,ST-DCH,39.01880635,-119.1968206,U,NAD83,,,,16050303,qw,00930,,0,,wat,INM,149856,0,1976-12-14,1976-12-14,1
USGS,390108119114501,108  N13 E25 04CBAB2    Seepage Ditch N Tailings,ST-DCH,39.01880635,-119.1968206,U,NAD83,,,,16050303,qw,00931,,0,,wat,INM,1640523,0,1976-12-14,1976-12-14,1
USGS,390108119114501,108  N13 E25 04CBAB2    Seepage Ditch N Tailings,ST-DCH,39.01880635,-119.1968206,U,NAD83,,,,16050303,qw,00932,,0,,wat,INM,1646660,0,1976-12-14,1976-12-14,1
USGS,390108119114501,108  N13 E25 04CBAB2    Seepage Ditch N Tailings,ST-DCH,39.01880635,-119.1968206,U,NAD83,,,,16050303,qw,00935,,0,,wat,INM,149740,0,1976-12-14,1976-12-14,1
USGS,390108119114501,108  N13 E25 04CBAB2    Seepage Ditch N Tailings,ST-DCH,39.01880635,-119.1968206,U,NAD83,,,,16050303,qw,00940,,0,,wat,INN,205955,0,1976-12-14,1976-12-14,1
USGS,390108119114501,108  N13 E25 04CBAB2    Seepage Ditch N Tailings,ST-DCH,39.01880635,-119.1968206,U,NAD83,,,,16050303,qw,00945,,0,,wat,INN,197301,0,1976-12-14,1976-12-14,1
USGS,390108119114501,108  N13 E25 04CBAB2    Seepage Ditch N Tailings,ST-DCH,39.01880635,-119.1968206,U,NAD83,,,,16050303,qw,00950,,0,,wat,INN,206706,0,1976-12-14,1976-12-14,1
USGS,390108119114501,108  N13 E25 04CBAB2    Seepage Ditch N Tailings,ST-DCH,39.01880635,-119.1968206,U,NAD83,,,,16050303,qw,00955,,0,,wat,INN,151977,0,1976-12-14,1976-12-14,1
USGS,390108119114501,108  N13 E25 04CBAB2    Seepage Ditch N Tailings,ST-DCH,39.01880635,-119.1968206,U,NAD83,,,,16050303,qw,01000,,0,,wat,IMN,149989,0,1976-12-14,1976-12-14,1
USGS,390108119114501,108  N13 E25 04CBAB2    Seepage Ditch N Tailings,ST-DCH,39.01880635,-119.1968206,U,NAD83,,,,16050303,qw,01010,,0,,wat,IMM,150003,0,1976-12-14,1976-12-14,1
USGS,390108119114501,108  N13 E25 04CBAB2    Seepage Ditch N Tailings,ST-DCH,39.01880635,-119.1968206,U,NAD83,,,,16050303,qw,01020,,0,,wat,IMN,150011,0,1976-12-14,1976-12-14,1
USGS,390108119114501,108  N13 E25 04CBAB2    Seepage Ditch N Tailings,ST-DCH,39.01880635,-119.1968206,U,NAD83,,,,16050303,qw,01025,,0,,wat,IMM,150029,0,1976-12-14,1976-12-14,1
USGS,390108119114501,108  N13 E25 04CBAB2    Seepage Ditch N Tailings,ST-DCH,39.01880635,-119.1968206,U,NAD83,,,,16050303,qw,01030,,0,,wat,IMM,150060,0,1976-12-14,1976-12-14,1
USGS,390108119114501,108  N13 E25 04CBAB2    Seepage Ditch N Tailings,ST-DCH,39.01880635,-119.1968206,U,NAD83,,,,16050303,qw,01035,,0,,wat,IMM,150078,0,1976-12-14,1976-12-14,1
USGS,390108119114501,108  N13 E25 04CBAB2    Seepage Ditch N Tailings,ST-DCH,39.01880635,-119.1968206,U,NAD83,,,,16050303,qw,01040,,0,,wat,IMM,150086,0,1976-12-14,1976-12-14,1
USGS,390108119114501,108  N13 E25 04CBAB2    Seepage Ditch N Tailings,ST-DCH,39.01880635,-119.1968206,U,NAD83,,,,16050303,qw,01046,,0,,wat,IMM,149559,0,1976-12-14,1976-12-14,1
USGS,390108119114501,108  N13 E25 04CBAB2    Seepage Ditch N Tailings,ST-DCH,39.01880635,-119.1968206,U,NAD83,,,,16050303,qw,01049,,0,,wat,IMM,149583,0,1976-12-14,1976-12-14,1
USGS,390108119114501,108  N13 E25 04CBAB2    Seepage Ditch N Tailings,ST-DCH,39.01880635,-119.1968206,U,NAD83,,,,16050303,qw,01056,,0,,wat,IMM,149625,0,1976-12-14,1976-12-14,1
USGS,390108119114501,108  N13 E25 04CBAB2    Seepage Ditch N Tailings,ST-DCH,39.01880635,-119.1968206,U,NAD83,,,,16050303,qw,01060,,0,,wat,IMM,149641,0,1976-12-14,1976-12-14,1
USGS,390108119114501,108  N13 E25 04CBAB2    Seepage Ditch N Tailings,ST-DCH,39.01880635,-119.1968206,U,NAD83,,,,16050303,qw,01065,,0,,wat,IMM,149674,0,1976-12-14,1976-12-14,1
USGS,390108119114501,108  N13 E25 04CBAB2    Seepage Ditch N Tailings,ST-DCH,39.01880635,-119.1968206,U,NAD83,,,,16050303,qw,01075,,0,,wat,IMM,149849,0,1976-12-14,1976-12-14,1
USGS,390108119114501,108  N13 E25 04CBAB2    Seepage Ditch N Tailings,ST-DCH,39.01880635,-119.1968206,U,NAD83,,,,16050303,qw,01085,,0,,wat,IMM,150193,0,1976-12-14,1976-12-14,1
USGS,390108119114501,108  N13 E25 04CBAB2    Seepage Ditch N Tailings,ST-DCH,39.01880635,-119.1968206,U,NAD83,,,,16050303,qw,01090,,0,,wat,IMM,150235,0,1976-12-14,1976-12-14,1
USGS,390108119114501,108  N13 E25 04CBAB2    Seepage Ditch N Tailings,ST-DCH,39.01880635,-119.1968206,U,NAD83,,,,16050303,qw,01095,,0,,wat,IMN,149963,0,1976-12-14,1976-12-14,1
USGS,390108119114501,108  N13 E25 04CBAB2    Seepage Ditch N Tailings,ST-DCH,39.01880635,-119.1968206,U,NAD83,,,,16050303,qw,01106,,0,,wat,IMM,149476,0,1976-12-14,1976-12-14,1
USGS,390108119114501,108  N13 E25 04CBAB2    Seepage Ditch N Tailings,ST-DCH,39.01880635,-119.1968206,U,NAD83,,,,16050303,qw,01145,,0,,wat,IMN,154310,0,1976-12-14,1976-12-14,1
USGS,390108119114501,108  N13 E25 04CBAB2    Seepage Ditch N Tailings,ST-DCH,39.01880635,-119.1968206,U,NAD83,,,,16050303,qw,22703,,0,,wat,RAD,150185,0,1976-12-14,1976-12-14,1
USGS,390108119114501,108  N13 E25 04CBAB2    Seepage Ditch N Tailings,ST-DCH,39.01880635,-119.1968206,U,NAD83,,,,16050303,qw,70300,,0,,wat,PHY,1642222,0,1976-12-14,1976-12-14,1
USGS,390108119114501,108  N13 E25 04CBAB2    Seepage Ditch N Tailings,ST-DCH,39.01880635,-119.1968206,U,NAD83,,,,16050303,qw,70301,,0,,wat,PHY,1642222,0,1976-12-14,1976-12-14,1
USGS,390108119114501,108  N13 E25 04CBAB2    Seepage Ditch N Tailings,ST-DCH,39.01880635,-119.1968206,U,NAD83,,,,16050303,qw,70303,,0,,wat,PHY,1642222,0,1976-12-14,1976-12-14,1
USGS,390108119114501,108  N13 E25 04CBAB2    Seepage Ditch N Tailings,ST-DCH,39.01880635,-119.1968206,U,NAD83,,,,16050303,qw,71830,,0,,wat,INN,776500,0,1976-12-14,1976-12-14,1
USGS,390108119114501,108  N13 E25 04CBAB2    Seepage Ditch N Tailings,ST-DCH,39.01880635,-119.1968206,U,NAD83,,,,16050303,qw,71890,,0,,wat,IMM,149633,0,1976-12-14,1976-12-14,1
USGS,390108119114501,108  N13 E25 04CBAB2    Seepage Ditch N Tailings,ST-DCH,39.01880635,-119.1968206,U,NAD83,,,,16050303,qw,72005,,0,,wat,INF,0,0,1976-12-14,1976-12-14,1
USGS,390651118574701,WALKER RV MISC-WLKRVR19,ST,39.11408658,-118.9640406,S,NAD83, 4238., 10,NGVD29,16050303,ad,,,0,,wat,,0,0,2005,2005,1
USGS,390651118574701,WALKER RV MISC-WLKRVR19,ST,39.11408658,-118.9640406,S,NAD83, 4238., 10,NGVD29,16050303,qw,,,0,,wat,ALL,0,0,2005-01-26,2005-03-09,2
USGS,390651118574701,WALKER RV MISC-WLKRVR19,ST,39.11408658,-118.9640406,S,NAD83, 4238., 10,NGVD29,16050303,qw,00010,,0,,wat,PHY,1645597,0,2005-03-09,2005-03-09,1
USGS,390651118574701,WALKER RV MISC-WLKRVR19,ST,39.11408658,-118.9640406,S,NAD83, 4238., 10,NGVD29,16050303,qw,00020,,0,,wat,PHY,1645712,0,2005-03-09,2005-03-09,1
USGS,390651118574701,WALKER RV MISC-WLKRVR19,ST,39.11408658,-118.9640406,S,NAD83, 4238., 10,NGVD29,16050303,qw,00025,,0,,wat,PHY,1641265,0,2005-03-09,2005-03-09,1
USGS,390651118574701,WALKER RV MISC-WLKRVR19,ST,39.11408658,-118.9640406,S,NAD83, 4238., 10,NGVD29,16050303,qw,00028,,0,,wat,INF,0,0,2005-01-26,2005-03-09,2
USGS,390651118574701,WALKER RV MISC-WLKRVR19,ST,39.11408658,-118.9640406,S,NAD83, 4238., 10,NGVD29,16050303,qw,00061,,0,,wat,PHY,1645415,0,2005-03-09,2005-03-09,1
USGS,390651118574701,WALKER RV MISC-WLKRVR19,ST,39.11408658,-118.9640406,S,NAD83, 4238., 10,NGVD29,16050303,qw,00095,,0,,wat,PHY,1646694,0,2005-03-09,2005-03-09,1
USGS,390651118574701,WALKER RV MISC-WLKRVR19,ST,39.11408658,-118.9640406,S,NAD83, 4238., 10,NGVD29,16050303,qw,00191,,0,,wat,INN,1640572,0,2005-03-09,2005-03-09,1
USGS,390651118574701,WALKER RV MISC-WLKRVR19,ST,39.11408658,-118.9640406,S,NAD83, 4238., 10,NGVD29,16050303,qw,00300,,0,,wat,INN,154302,0,2005-03-09,2005-03-09,1
USGS,390651118574701,WALKER RV MISC-WLKRVR19,ST,39.11408658,-118.9640406,S,NAD83, 4238., 10,NGVD29,16050303,qw,00301,,0,,wat,INN,154302,0,2005-03-09,2005-03-09,1
USGS,390651118574701,WALKER RV MISC-WLKRVR19,ST,39.11408658,-118.9640406,S,NAD83, 4238., 10,NGVD29,16050303,qw,00400,,0,,wat,PHY,17028275,0,2005-03-09,2005-03-09,1
USGS,390651118574701,WALKER RV MISC-WLKRVR19,ST,39.11408658,-118.9640406,S,NAD83, 4238., 10,NGVD29,16050303,qw,00403,,0,,wat,PHY,1644335,0,2005-03-09,2005-03-09,1
USGS,390651118574701,WALKER RV MISC-WLKRVR19,ST,39.11408658,-118.9640406,S,NAD83, 4238., 10,NGVD29,16050303,qw,00405,,0,,wat,INN,33548,0,2005-03-09,2005-03-09,1
USGS,390651118574701,WALKER RV MISC-WLKRVR19,ST,39.11408658,-118.9640406,S,NAD83, 4238., 10,NGVD29,16050303,qw,00453,,0,,wat,INN,4788,0,2005-03-09,2005-03-09,1
USGS,390651118574701,WALKER RV MISC-WLKRVR19,ST,39.11408658,-118.9640406,S,NAD83, 4238., 10,NGVD29,16050303,qw,00900,,0,,wat,PHY,1640416,0,2005-03-09,2005-03-09,1
USGS,390651118574701,WALKER RV MISC-WLKRVR19,ST,39.11408658,-118.9640406,S,NAD83, 4238., 10,NGVD29,16050303,qw,00915,,0,,wat,INM,150268,0,2005-03-09,2005-03-09,1
USGS,390651118574701,WALKER RV MISC-WLKRVR19,ST,39.11408658,-118.9640406,S,NAD83, 4238., 10,NGVD29,16050303,qw,00925,,0,,wat,INM,149617,0,2005-03-09,2005-03-09,1
USGS,390651118574701,WALKER RV MISC-WLKRVR19,ST,39.11408658,-118.9640406,S,NAD83, 4238., 10,NGVD29,16050303,qw,00930,,0,,wat,INM,149856,0,2005-03-09,2005-03-09,1
USGS,390651118574701,WALKER RV MISC-WLKRVR19,ST,39.11408658,-118.9640406,S,NAD83, 4238., 10,NGVD29,16050303,qw,00931,,0,,wat,INM,1640523,0,2005-03-09,2005-03-09,1
USGS,390651118574701,WALKER RV MISC-WLKRVR19,ST,39.11408658,-118.9640406,S,NAD83, 4238., 10,NGVD29,16050303,qw,00932,,0,,wat,INM,1646660,0,2005-03-09,2005-03-09,1
USGS,390651118574701,WALKER RV MISC-WLKRVR19,ST,39.11408658,-118.9640406,S,NAD83, 4238., 10,NGVD29,16050303,qw,00935,,0,,wat,INM,149740,0,2005-03-09,2005-03-09,1
USGS,390651118574701,WALKER RV MISC-WLKRVR19,ST,39.11408658,-118.9640406,S,NAD83, 4238., 10,NGVD29,16050303,qw,00940,,0,,wat,INN,205955,0,2005-03-09,2005-03-09,1
USGS,390651118574701,WALKER RV MISC-WLKRVR19,ST,39.11408658,-118.9640406,S,NAD83, 4238., 10,NGVD29,16050303,qw,00945,,0,,wat,INN,197301,0,2005-03-09,2005-03-09,1
USGS,390651118574701,WALKER RV MISC-WLKRVR19,ST,39.11408658,-118.9640406,S,NAD83, 4238., 10,NGVD29,16050303,qw,00950,,0,,wat,INN,206706,0,2005-03-09,2005-03-09,1
USGS,390651118574701,WALKER RV MISC-WLKRVR19,ST,39.11408658,-118.9640406,S,NAD83, 4238., 10,NGVD29,16050303,qw,00955,,0,,wat,INN,151977,0,2005-03-09,2005-03-09,1
USGS,390651118574701,WALKER RV MISC-WLKRVR19,ST,39.11408658,-118.9640406,S,NAD83, 4238., 10,NGVD29,16050303,qw,01020,,0,,wat,IMN,150011,0,2005-03-09,2005-03-09,1
USGS,390651118574701,WALKER RV MISC-WLKRVR19,ST,39.11408658,-118.9640406,S,NAD83, 4238., 10,NGVD29,16050303,qw,01046,,0,,wat,IMM,149559,0,2005-03-09,2005-03-09,1
USGS,390651118574701,WALKER RV MISC-WLKRVR19,ST,39.11408658,-118.9640406,S,NAD83, 4238., 10,NGVD29,16050303,qw,01056,,0,,wat,IMM,149625,0,2005-03-09,2005-03-09,1
USGS,390651118574701,WALKER RV MISC-WLKRVR19,ST,39.11408658,-118.9640406,S,NAD83, 4238., 10,NGVD29,16050303,qw,01080,,0,,wat,IMM,149864,0,2005-03-09,2005-03-09,1
USGS,390651118574701,WALKER RV MISC-WLKRVR19,ST,39.11408658,-118.9640406,S,NAD83, 4238., 10,NGVD29,16050303,qw,22603,,0,,wat,RAD,150185,0,2005-03-09,2005-03-09,1
USGS,390651118574701,WALKER RV MISC-WLKRVR19,ST,39.11408658,-118.9640406,S,NAD83, 4238., 10,NGVD29,16050303,qw,22610,,0,,wat,RAD,192708,0,2005-03-09,2005-03-09,1
USGS,390651118574701,WALKER RV MISC-WLKRVR19,ST,39.11408658,-118.9640406,S,NAD83, 4238., 10,NGVD29,16050303,qw,22620,,0,,wat,RAD,198606,0,2005-03-09,2005-03-09,1
USGS,390651118574701,WALKER RV MISC-WLKRVR19,ST,39.11408658,-118.9640406,S,NAD83, 4238., 10,NGVD29,16050303,qw,30209,,0,,wat,PHY,1645415,0,2005-03-09,2005-03-09,1
USGS,390651118574701,WALKER RV MISC-WLKRVR19,ST,39.11408658,-118.9640406,S,NAD83, 4238., 10,NGVD29,16050303,qw,39086,,0,,wat,INN,1640192,0,2005-03-09,2005-03-09,1
USGS,390651118574701,WALKER RV MISC-WLKRVR19,ST,39.11408658,-118.9640406,S,NAD83, 4238., 10,NGVD29,16050303,qw,49932,,0,,wat,ISO,967356,0,2005-03-09,2005-03-09,1
USGS,390651118574701,WALKER RV MISC-WLKRVR19,ST,39.11408658,-118.9640406,S,NAD83, 4238., 10,NGVD29,16050303,qw,62648,,0,,wat,ISO,0,0,2005-03-09,2005-03-09,1
USGS,390651118574701,WALKER RV MISC-WLKRVR19,ST,39.11408658,-118.9640406,S,NAD83, 4238., 10,NGVD29,16050303,qw,70300,,0,,wat,PHY,1642222,0,2005-03-09,2005-03-09,1
USGS,390651118574701,WALKER RV MISC-WLKRVR19,ST,39.11408658,-118.9640406,S,NAD83, 4238., 10,NGVD29,16050303,qw,70301,,0,,wat,PHY,1642222,0,2005-03-09,2005-03-09,1
USGS,390651118574701,WALKER RV MISC-WLKRVR19,ST,39.11408658,-118.9640406,S,NAD83, 4238., 10,NGVD29,16050303,qw,70302,,0,,wat,PHY,1642222,0,2005-03-09,2005-03-09,1
USGS,390651118574701,WALKER RV MISC-WLKRVR19,ST,39.11408658,-118.9640406,S,NAD83, 4238., 10,NGVD29,16050303,qw,70303,,0,,wat,PHY,1642222,0,2005-03-09,2005-03-09,1
USGS,390651118574701,WALKER RV MISC-WLKRVR19,ST,39.11408658,-118.9640406,S,NAD83, 4238., 10,NGVD29,16050303,qw,71870,,0,,wat,INN,227538,0,2005-03-09,2005-03-09,1
USGS,390651118574701,WALKER RV MISC-WLKRVR19,ST,39.11408658,-118.9640406,S,NAD83, 4238., 10,NGVD29,16050303,qw,71999,,0,,wat,INF,0,0,2005-03-09,2005-03-09,1
USGS,390651118574701,WALKER RV MISC-WLKRVR19,ST,39.11408658,-118.9640406,S,NAD83, 4238., 10,NGVD29,16050303,qw,75978,,0,,wat,ISO,17148297,0,2005-03-09,2005-03-09,1
USGS,390651118574701,WALKER RV MISC-WLKRVR19,ST,39.11408658,-118.9640406,S,NAD83, 4238., 10,NGVD29,16050303,qw,76002,,0,,wat,RAD,197491,0,2005-01-26,2005-01-26,1
USGS,390651118574701,WALKER RV MISC-WLKRVR19,ST,39.11408658,-118.9640406,S,NAD83, 4238., 10,NGVD29,16050303,qw,82082,,0,,wat,ISO,1642107,0,2005-03-09,2005-03-09,1
USGS,390651118574701,WALKER RV MISC-WLKRVR19,ST,39.11408658,-118.9640406,S,NAD83, 4238., 10,NGVD29,16050303,qw,82085,,0,,wat,ISO,967034,0,2005-03-09,2005-03-09,1
USGS,390651118574701,WALKER RV MISC-WLKRVR19,ST,39.11408658,-118.9640406,S,NAD83, 4238., 10,NGVD29,16050303,qw,82303,,0,,wat,RAD,197491,0,2005-01-26,2005-01-26,1
USGS,390651118574701,WALKER RV MISC-WLKRVR19,ST,39.11408658,-118.9640406,S,NAD83, 4238., 10,NGVD29,16050303,qw,82398,,0,,wat,INF,0,0,2005-03-09,2005-03-09,1
USGS,390651118574701,WALKER RV MISC-WLKRVR19,ST,39.11408658,-118.9640406,S,NAD83, 4238., 10,NGVD29,16050303,qw,84164,,0,,wat,INF,0,0,2005-03-09,2005-03-09,1
USGS,390651118574701,WALKER RV MISC-WLKRVR19,ST,39.11408658,-118.9640406,S,NAD83, 4238., 10,NGVD29,16050303,qw,90095,,0,,wat,PHY,1646694,0,2005-03-09,2005-03-09,1
USGS,390656118580501,WALKER RV MISC-WLKRVR18,ST,39.11547546,-118.9690407,S,NAD83, 4240., 10,NGVD29,16050303,ad,,,0,,wat,,0,0,2005,2005,1
USGS,390656118580501,WALKER RV MISC-WLKRVR18,ST,39.11547546,-118.9690407,S,NAD83, 4240., 10,NGVD29,16050303,qw,,,0,,wat,ALL,0,0,2005-01-26,2005-01-26,1
USGS,390656118580501,WALKER RV MISC-WLKRVR18,ST,39.11547546,-118.9690407,S,NAD83, 4240., 10,NGVD29,16050303,qw,00028,,0,,wat,INF,0,0,2005-01-26,2005-01-26,1
USGS,390656118580501,WALKER RV MISC-WLKRVR18,ST,39.11547546,-118.9690407,S,NAD83, 4240., 10,NGVD29,16050303,qw,76002,,0,,wat,RAD,197491,0,2005-01-26,2005-01-26,1
USGS,390656118580501,WALKER RV MISC-WLKRVR18,ST,39.11547546,-118.9690407,S,NAD83, 4240., 10,NGVD29,16050303,qw,82303,,0,,wat,RAD,197491,0,2005-01-26,2005-01-26,1
USGS,390658118584101,WALKER RV MISC-WLKRVR17,ST,39.1160032,-118.9790688,1,NAD83, 4243., 10,NGVD29,16050303,ad,,,0,,wat,,0,0,2005,2005,1
USGS,390658118584101,WALKER RV MISC-WLKRVR17,ST,39.1160032,-118.9790688,1,NAD83, 4243., 10,NGVD29,16050303,qw,,,0,,wat,ALL,0,0,2005-01-26,2005-01-26,1
USGS,390658118584101,WALKER RV MISC-WLKRVR17,ST,39.1160032,-118.9790688,1,NAD83, 4243., 10,NGVD29,16050303,qw,00028,,0,,wat,INF,0,0,2005-01-26,2005-01-26,1
USGS,390658118584101,WALKER RV MISC-WLKRVR17,ST,39.1160032,-118.9790688,1,NAD83, 4243., 10,NGVD29,16050303,qw,76002,,0,,wat,RAD,197491,0,2005-01-26,2005-01-26,1
USGS,390658118584101,WALKER RV MISC-WLKRVR17,ST,39.1160032,-118.9790688,1,NAD83, 4243., 10,NGVD29,16050303,qw,82303,,0,,wat,RAD,197491,0,2005-01-26,2005-01-26,1
USGS,390710118591001,WALKER RV MISC-WLKRVR16,ST,39.1193643,-118.9870969,S,NAD83, 4245., 10,NGVD29,16050303,ad,,,0,,wat,,0,0,2005,2005,1
USGS,390710118591001,WALKER RV MISC-WLKRVR16,ST,39.1193643,-118.9870969,S,NAD83, 4245., 10,NGVD29,16050303,qw,,,0,,wat,ALL,0,0,2005-01-26,2005-01-26,1
USGS,390710118591001,WALKER RV MISC-WLKRVR16,ST,39.1193643,-118.9870969,S,NAD83, 4245., 10,NGVD29,16050303,qw,00028,,0,,wat,INF,0,0,2005-01-26,2005-01-26,1
USGS,390710118591001,WALKER RV MISC-WLKRVR16,ST,39.1193643,-118.9870969,S,NAD83, 4245., 10,NGVD29,16050303,qw,76002,,0,,wat,RAD,197491,0,2005-01-26,2005-01-26,1
USGS,390710118591001,WALKER RV MISC-WLKRVR16,ST,39.1193643,-118.9870969,S,NAD83, 4245., 10,NGVD29,16050303,qw,82303,,0,,wat,RAD,197491,0,2005-01-26,2005-01-26,1
USGS,390710118591001,WALKER RV MISC-WLKRVR16,ST,39.1193643,-118.9870969,S,NAD83, 4245., 10,NGVD29,16050303,sv,,,0,,wat,,0,0,2011-01-28,2012-03-27,9
USGS,390732118593401,WALKER RV MISC-WLKRVR15,ST,39.1254754,-118.9937639,S,NAD83, 4247., 10,NGVD29,16050303,ad,,,0,,wat,,0,0,2005,2005,1
USGS,390732118593401,WALKER RV MISC-WLKRVR15,ST,39.1254754,-118.9937639,S,NAD83, 4247., 10,NGVD29,16050303,qw,,,0,,wat,ALL,0,0,2005-01-26,2005-01-26,1
USGS,390732118593401,WALKER RV MISC-WLKRVR15,ST,39.1254754,-118.9937639,S,NAD83, 4247., 10,NGVD29,16050303,qw,00028,,0,,wat,INF,0,0,2005-01-26,2005-01-26,1
USGS,390732118593401,WALKER RV MISC-WLKRVR15,ST,39.1254754,-118.9937639,S,NAD83, 4247., 10,NGVD29,16050303,qw,76002,,0,,wat,RAD,197491,0,2005-01-26,2005-01-26,1
USGS,390732118593401,WALKER RV MISC-WLKRVR15,ST,39.1254754,-118.9937639,S,NAD83, 4247., 10,NGVD29,16050303,qw,82303,,0,,wat,RAD,197491,0,2005-01-26,2005-01-26,1
USGS,390754118594601,WALKER RV MISC-WLKRVR14,ST,39.13158655,-118.9970975,S,NAD83, 4249., 10,NGVD29,16050303,ad,,,0,,wat,,0,0,2005,2005,1
USGS,390754118594601,WALKER RV MISC-WLKRVR14,ST,39.13158655,-118.9970975,S,NAD83, 4249., 10,NGVD29,16050303,qw,,,0,,wat,ALL,0,0,2005-01-26,2005-03-09,2
USGS,390754118594601,WALKER RV MISC-WLKRVR14,ST,39.13158655,-118.9970975,S,NAD83, 4249., 10,NGVD29,16050303,qw,00010,,0,,wat,PHY,1645597,0,2005-03-09,2005-03-09,1
USGS,390754118594601,WALKER RV MISC-WLKRVR14,ST,39.13158655,-118.9970975,S,NAD83, 4249., 10,NGVD29,16050303,qw,00020,,0,,wat,PHY,1645712,0,2005-03-09,2005-03-09,1
USGS,390754118594601,WALKER RV MISC-WLKRVR14,ST,39.13158655,-118.9970975,S,NAD83, 4249., 10,NGVD29,16050303,qw,00025,,0,,wat,PHY,1641265,0,2005-03-09,2005-03-09,1
USGS,390754118594601,WALKER RV MISC-WLKRVR14,ST,39.13158655,-118.9970975,S,NAD83, 4249., 10,NGVD29,16050303,qw,00028,,0,,wat,INF,0,0,2005-01-26,2005-03-09,2
USGS,390754118594601,WALKER RV MISC-WLKRVR14,ST,39.13158655,-118.9970975,S,NAD83, 4249., 10,NGVD29,16050303,qw,00061,,0,,wat,PHY,1645415,0,2005-03-09,2005-03-09,1
USGS,390754118594601,WALKER RV MISC-WLKRVR14,ST,39.13158655,-118.9970975,S,NAD83, 4249., 10,NGVD29,16050303,qw,00095,,0,,wat,PHY,1646694,0,2005-03-09,2005-03-09,1
USGS,390754118594601,WALKER RV MISC-WLKRVR14,ST,39.13158655,-118.9970975,S,NAD83, 4249., 10,NGVD29,16050303,qw,00191,,0,,wat,INN,1640572,0,2005-03-09,2005-03-09,1
USGS,390754118594601,WALKER RV MISC-WLKRVR14,ST,39.13158655,-118.9970975,S,NAD83, 4249., 10,NGVD29,16050303,qw,00300,,0,,wat,INN,154302,0,2005-03-09,2005-03-09,1
USGS,390754118594601,WALKER RV MISC-WLKRVR14,ST,39.13158655,-118.9970975,S,NAD83, 4249., 10,NGVD29,16050303,qw,00301,,0,,wat,INN,154302,0,2005-03-09,2005-03-09,1
USGS,390754118594601,WALKER RV MISC-WLKRVR14,ST,39.13158655,-118.9970975,S,NAD83, 4249., 10,NGVD29,16050303,qw,00400,,0,,wat,PHY,17028275,0,2005-03-09,2005-03-09,1
USGS,390754118594601,WALKER RV MISC-WLKRVR14,ST,39.13158655,-118.9970975,S,NAD83, 4249., 10,NGVD29,16050303,qw,00403,,0,,wat,PHY,1644335,0,2005-03-09,2005-03-09,1
USGS,390754118594601,WALKER RV MISC-WLKRVR14,ST,39.13158655,-118.9970975,S,NAD83, 4249., 10,NGVD29,16050303,qw,00405,,0,,wat,INN,33548,0,2005-03-09,2005-03-09,1
USGS,390754118594601,WALKER RV MISC-WLKRVR14,ST,39.13158655,-118.9970975,S,NAD83, 4249., 10,NGVD29,16050303,qw,00453,,0,,wat,INN,4788,0,2005-03-09,2005-03-09,1
USGS,390754118594601,WALKER RV MISC-WLKRVR14,ST,39.13158655,-118.9970975,S,NAD83, 4249., 10,NGVD29,16050303,qw,00900,,0,,wat,PHY,1640416,0,2005-03-09,2005-03-09,1
USGS,390754118594601,WALKER RV MISC-WLKRVR14,ST,39.13158655,-118.9970975,S,NAD83, 4249., 10,NGVD29,16050303,qw,00915,,0,,wat,INM,150268,0,2005-03-09,2005-03-09,1
USGS,390754118594601,WALKER RV MISC-WLKRVR14,ST,39.13158655,-118.9970975,S,NAD83, 4249., 10,NGVD29,16050303,qw,00925,,0,,wat,INM,149617,0,2005-03-09,2005-03-09,1
USGS,390754118594601,WALKER RV MISC-WLKRVR14,ST,39.13158655,-118.9970975,S,NAD83, 4249., 10,NGVD29,16050303,qw,00930,,0,,wat,INM,149856,0,2005-03-09,2005-03-09,1
USGS,390754118594601,WALKER RV MISC-WLKRVR14,ST,39.13158655,-118.9970975,S,NAD83, 4249., 10,NGVD29,16050303,qw,00931,,0,,wat,INM,1640523,0,2005-03-09,2005-03-09,1
USGS,390754118594601,WALKER RV MISC-WLKRVR14,ST,39.13158655,-118.9970975,S,NAD83, 4249., 10,NGVD29,16050303,qw,00932,,0,,wat,INM,1646660,0,2005-03-09,2005-03-09,1
USGS,390754118594601,WALKER RV MISC-WLKRVR14,ST,39.13158655,-118.9970975,S,NAD83, 4249., 10,NGVD29,16050303,qw,00935,,0,,wat,INM,149740,0,2005-03-09,2005-03-09,1
USGS,390754118594601,WALKER RV MISC-WLKRVR14,ST,39.13158655,-118.9970975,S,NAD83, 4249., 10,NGVD29,16050303,qw,00940,,0,,wat,INN,205955,0,2005-03-09,2005-03-09,1
USGS,390754118594601,WALKER RV MISC-WLKRVR14,ST,39.13158655,-118.9970975,S,NAD83, 4249., 10,NGVD29,16050303,qw,00945,,0,,wat,INN,197301,0,2005-03-09,2005-03-09,1
USGS,390754118594601,WALKER RV MISC-WLKRVR14,ST,39.13158655,-118.9970975,S,NAD83, 4249., 10,NGVD29,16050303,qw,00950,,0,,wat,INN,206706,0,2005-03-09,2005-03-09,1
USGS,390754118594601,WALKER RV MISC-WLKRVR14,ST,39.13158655,-118.9970975,S,NAD83, 4249., 10,NGVD29,16050303,qw,00955,,0,,wat,INN,151977,0,2005-03-09,2005-03-09,1
USGS,390754118594601,WALKER RV MISC-WLKRVR14,ST,39.13158655,-118.9970975,S,NAD83, 4249., 10,NGVD29,16050303,qw,01020,,0,,wat,IMN,150011,0,2005-03-09,2005-03-09,1
USGS,390754118594601,WALKER RV MISC-WLKRVR14,ST,39.13158655,-118.9970975,S,NAD83, 4249., 10,NGVD29,16050303,qw,01046,,0,,wat,IMM,149559,0,2005-03-09,2005-03-09,1
USGS,390754118594601,WALKER RV MISC-WLKRVR14,ST,39.13158655,-118.9970975,S,NAD83, 4249., 10,NGVD29,16050303,qw,01056,,0,,wat,IMM,149625,0,2005-03-09,2005-03-09,1
USGS,390754118594601,WALKER RV MISC-WLKRVR14,ST,39.13158655,-118.9970975,S,NAD83, 4249., 10,NGVD29,16050303,qw,01080,,0,,wat,IMM,149864,0,2005-03-09,2005-03-09,1
USGS,390754118594601,WALKER RV MISC-WLKRVR14,ST,39.13158655,-118.9970975,S,NAD83, 4249., 10,NGVD29,16050303,qw,22603,,0,,wat,RAD,150185,0,2005-03-09,2005-03-09,1
USGS,390754118594601,WALKER RV MISC-WLKRVR14,ST,39.13158655,-118.9970975,S,NAD83, 4249., 10,NGVD29,16050303,qw,22610,,0,,wat,RAD,192708,0,2005-03-09,2005-03-09,1
USGS,390754118594601,WALKER RV MISC-WLKRVR14,ST,39.13158655,-118.9970975,S,NAD83, 4249., 10,NGVD29,16050303,qw,22620,,0,,wat,RAD,198606,0,2005-03-09,2005-03-09,1
USGS,390754118594601,WALKER RV MISC-WLKRVR14,ST,39.13158655,-118.9970975,S,NAD83, 4249., 10,NGVD29,16050303,qw,30209,,0,,wat,PHY,1645415,0,2005-03-09,2005-03-09,1
USGS,390754118594601,WALKER RV MISC-WLKRVR14,ST,39.13158655,-118.9970975,S,NAD83, 4249., 10,NGVD29,16050303,qw,39086,,0,,wat,INN,1640192,0,2005-03-09,2005-03-09,1
USGS,390754118594601,WALKER RV MISC-WLKRVR14,ST,39.13158655,-118.9970975,S,NAD83, 4249., 10,NGVD29,16050303,qw,49932,,0,,wat,ISO,967356,0,2005-03-09,2005-03-09,1
USGS,390754118594601,WALKER RV MISC-WLKRVR14,ST,39.13158655,-118.9970975,S,NAD83, 4249., 10,NGVD29,16050303,qw,62648,,0,,wat,ISO,0,0,2005-03-09,2005-03-09,1
USGS,390754118594601,WALKER RV MISC-WLKRVR14,ST,39.13158655,-118.9970975,S,NAD83, 4249., 10,NGVD29,16050303,qw,70300,,0,,wat,PHY,1642222,0,2005-03-09,2005-03-09,1
USGS,390754118594601,WALKER RV MISC-WLKRVR14,ST,39.13158655,-118.9970975,S,NAD83, 4249., 10,NGVD29,16050303,qw,70301,,0,,wat,PHY,1642222,0,2005-03-09,2005-03-09,1
USGS,390754118594601,WALKER RV MISC-WLKRVR14,ST,39.13158655,-118.9970975,S,NAD83, 4249., 10,NGVD29,16050303,qw,70302,,0,,wat,PHY,1642222,0,2005-03-09,2005-03-09,1
USGS,390754118594601,WALKER RV MISC-WLKRVR14,ST,39.13158655,-118.9970975,S,NAD83, 4249., 10,NGVD29,16050303,qw,70303,,0,,wat,PHY,1642222,0,2005-03-09,2005-03-09,1
USGS,390754118594601,WALKER RV MISC-WLKRVR14,ST,39.13158655,-118.9970975,S,NAD83, 4249., 10,NGVD29,16050303,qw,71870,,0,,wat,INN,227538,0,2005-03-09,2005-03-09,1
USGS,390754118594601,WALKER RV MISC-WLKRVR14,ST,39.13158655,-118.9970975,S,NAD83, 4249., 10,NGVD29,16050303,qw,71999,,0,,wat,INF,0,0,2005-03-09,2005-03-09,1
USGS,390754118594601,WALKER RV MISC-WLKRVR14,ST,39.13158655,-118.9970975,S,NAD83, 4249., 10,NGVD29,16050303,qw,75978,,0,,wat,ISO,17148297,0,2005-03-09,2005-03-09,1
USGS,390754118594601,WALKER RV MISC-WLKRVR14,ST,39.13158655,-118.9970975,S,NAD83, 4249., 10,NGVD29,16050303,qw,76002,,0,,wat,RAD,197491,0,2005-01-26,2005-01-26,1
USGS,390754118594601,WALKER RV MISC-WLKRVR14,ST,39.13158655,-118.9970975,S,NAD83, 4249., 10,NGVD29,16050303,qw,82082,,0,,wat,ISO,1642107,0,2005-03-09,2005-03-09,1
USGS,390754118594601,WALKER RV MISC-WLKRVR14,ST,39.13158655,-118.9970975,S,NAD83, 4249., 10,NGVD29,16050303,qw,82085,,0,,wat,ISO,967034,0,2005-03-09,2005-03-09,1
USGS,390754118594601,WALKER RV MISC-WLKRVR14,ST,39.13158655,-118.9970975,S,NAD83, 4249., 10,NGVD29,16050303,qw,82303,,0,,wat,RAD,197491,0,2005-01-26,2005-01-26,1
USGS,390754118594601,WALKER RV MISC-WLKRVR14,ST,39.13158655,-118.9970975,S,NAD83, 4249., 10,NGVD29,16050303,qw,82398,,0,,wat,INF,0,0,2005-03-09,2005-03-09,1
USGS,390754118594601,WALKER RV MISC-WLKRVR14,ST,39.13158655,-118.9970975,S,NAD83, 4249., 10,NGVD29,16050303,qw,84164,,0,,wat,INF,0,0,2005-03-09,2005-03-09,1
USGS,390754118594601,WALKER RV MISC-WLKRVR14,ST,39.13158655,-118.9970975,S,NAD83, 4249., 10,NGVD29,16050303,qw,90095,,0,,wat,PHY,1646694,0,2005-03-09,2005-03-09,1
USGS,390811119001901,WALKER RV MISC-WLKRVR13,ST,39.1363087,-119.0062644,S,NAD83, 4252., 10,NGVD29,16050303,ad,,,0,,wat,,0,0,2005,2005,1
USGS,390811119001901,WALKER RV MISC-WLKRVR13,ST,39.1363087,-119.0062644,S,NAD83, 4252., 10,NGVD29,16050303,qw,,,0,,wat,ALL,0,0,2005-01-26,2005-01-26,1
USGS,390811119001901,WALKER RV MISC-WLKRVR13,ST,39.1363087,-119.0062644,S,NAD83, 4252., 10,NGVD29,16050303,qw,00028,,0,,wat,INF,0,0,2005-01-26,2005-01-26,1
USGS,390811119001901,WALKER RV MISC-WLKRVR13,ST,39.1363087,-119.0062644,S,NAD83, 4252., 10,NGVD29,16050303,qw,76002,,0,,wat,RAD,197491,0,2005-01-26,2005-01-26,1
USGS,390811119001901,WALKER RV MISC-WLKRVR13,ST,39.1363087,-119.0062644,S,NAD83, 4252., 10,NGVD29,16050303,qw,82303,,0,,wat,RAD,197491,0,2005-01-26,2005-01-26,1
USGS,390815119004901,WALKER RV MISC-WLKRVR12,ST,39.13741978,-119.0145978,S,NAD83, 4254., 10,NGVD29,16050303,ad,,,0,,wat,,0,0,2005,2005,1
USGS,390815119004901,WALKER RV MISC-WLKRVR12,ST,39.13741978,-119.0145978,S,NAD83, 4254., 10,NGVD29,16050303,qw,,,0,,wat,ALL,0,0,2005-01-26,2005-03-09,2
USGS,390815119004901,WALKER RV MISC-WLKRVR12,ST,39.13741978,-119.0145978,S,NAD83, 4254., 10,NGVD29,16050303,qw,00010,,0,,wat,PHY,1645597,0,2005-03-09,2005-03-09,1
USGS,390815119004901,WALKER RV MISC-WLKRVR12,ST,39.13741978,-119.0145978,S,NAD83, 4254., 10,NGVD29,16050303,qw,00020,,0,,wat,PHY,1645712,0,2005-03-09,2005-03-09,1
USGS,390815119004901,WALKER RV MISC-WLKRVR12,ST,39.13741978,-119.0145978,S,NAD83, 4254., 10,NGVD29,16050303,qw,00025,,0,,wat,PHY,1641265,0,2005-03-09,2005-03-09,1
USGS,390815119004901,WALKER RV MISC-WLKRVR12,ST,39.13741978,-119.0145978,S,NAD83, 4254., 10,NGVD29,16050303,qw,00028,,0,,wat,INF,0,0,2005-01-26,2005-03-09,2
USGS,390815119004901,WALKER RV MISC-WLKRVR12,ST,39.13741978,-119.0145978,S,NAD83, 4254., 10,NGVD29,16050303,qw,00061,,0,,wat,PHY,1645415,0,2005-03-09,2005-03-09,1
USGS,390815119004901,WALKER RV MISC-WLKRVR12,ST,39.13741978,-119.0145978,S,NAD83, 4254., 10,NGVD29,16050303,qw,00095,,0,,wat,PHY,1646694,0,2005-03-09,2005-03-09,1
USGS,390815119004901,WALKER RV MISC-WLKRVR12,ST,39.13741978,-119.0145978,S,NAD83, 4254., 10,NGVD29,16050303,qw,00191,,0,,wat,INN,1640572,0,2005-03-09,2005-03-09,1
USGS,390815119004901,WALKER RV MISC-WLKRVR12,ST,39.13741978,-119.0145978,S,NAD83, 4254., 10,NGVD29,16050303,qw,00300,,0,,wat,INN,154302,0,2005-03-09,2005-03-09,1
USGS,390815119004901,WALKER RV MISC-WLKRVR12,ST,39.13741978,-119.0145978,S,NAD83, 4254., 10,NGVD29,16050303,qw,00301,,0,,wat,INN,154302,0,2005-03-09,2005-03-09,1
USGS,390815119004901,WALKER RV MISC-WLKRVR12,ST,39.13741978,-119.0145978,S,NAD83, 4254., 10,NGVD29,16050303,qw,00400,,0,,wat,PHY,17028275,0,2005-03-09,2005-03-09,1
USGS,390815119004901,WALKER RV MISC-WLKRVR12,ST,39.13741978,-119.0145978,S,NAD83, 4254., 10,NGVD29,16050303,qw,00403,,0,,wat,PHY,1644335,0,2005-03-09,2005-03-09,1
USGS,390815119004901,WALKER RV MISC-WLKRVR12,ST,39.13741978,-119.0145978,S,NAD83, 4254., 10,NGVD29,16050303,qw,00405,,0,,wat,INN,33548,0,2005-03-09,2005-03-09,1
USGS,390815119004901,WALKER RV MISC-WLKRVR12,ST,39.13741978,-119.0145978,S,NAD83, 4254., 10,NGVD29,16050303,qw,00453,,0,,wat,INN,4788,0,2005-03-09,2005-03-09,1
USGS,390815119004901,WALKER RV MISC-WLKRVR12,ST,39.13741978,-119.0145978,S,NAD83, 4254., 10,NGVD29,16050303,qw,00900,,0,,wat,PHY,1640416,0,2005-03-09,2005-03-09,1
USGS,390815119004901,WALKER RV MISC-WLKRVR12,ST,39.13741978,-119.0145978,S,NAD83, 4254., 10,NGVD29,16050303,qw,00915,,0,,wat,INM,150268,0,2005-03-09,2005-03-09,1
USGS,390815119004901,WALKER RV MISC-WLKRVR12,ST,39.13741978,-119.0145978,S,NAD83, 4254., 10,NGVD29,16050303,qw,00925,,0,,wat,INM,149617,0,2005-03-09,2005-03-09,1
USGS,390815119004901,WALKER RV MISC-WLKRVR12,ST,39.13741978,-119.0145978,S,NAD83, 4254., 10,NGVD29,16050303,qw,00930,,0,,wat,INM,149856,0,2005-03-09,2005-03-09,1
USGS,390815119004901,WALKER RV MISC-WLKRVR12,ST,39.13741978,-119.0145978,S,NAD83, 4254., 10,NGVD29,16050303,qw,00931,,0,,wat,INM,1640523,0,2005-03-09,2005-03-09,1
USGS,390815119004901,WALKER RV MISC-WLKRVR12,ST,39.13741978,-119.0145978,S,NAD83, 4254., 10,NGVD29,16050303,qw,00932,,0,,wat,INM,1646660,0,2005-03-09,2005-03-09,1
USGS,390815119004901,WALKER RV MISC-WLKRVR12,ST,39.13741978,-119.0145978,S,NAD83, 4254., 10,NGVD29,16050303,qw,00935,,0,,wat,INM,149740,0,2005-03-09,2005-03-09,1
USGS,390815119004901,WALKER RV MISC-WLKRVR12,ST,39.13741978,-119.0145978,S,NAD83, 4254., 10,NGVD29,16050303,qw,00940,,0,,wat,INN,205955,0,2005-03-09,2005-03-09,1
USGS,390815119004901,WALKER RV MISC-WLKRVR12,ST,39.13741978,-119.0145978,S,NAD83, 4254., 10,NGVD29,16050303,qw,00945,,0,,wat,INN,197301,0,2005-03-09,2005-03-09,1
USGS,390815119004901,WALKER RV MISC-WLKRVR12,ST,39.13741978,-119.0145978,S,NAD83, 4254., 10,NGVD29,16050303,qw,00950,,0,,wat,INN,206706,0,2005-03-09,2005-03-09,1
USGS,390815119004901,WALKER RV MISC-WLKRVR12,ST,39.13741978,-119.0145978,S,NAD83, 4254., 10,NGVD29,16050303,qw,00955,,0,,wat,INN,151977,0,2005-03-09,2005-03-09,1
USGS,390815119004901,WALKER RV MISC-WLKRVR12,ST,39.13741978,-119.0145978,S,NAD83, 4254., 10,NGVD29,16050303,qw,01020,,0,,wat,IMN,150011,0,2005-03-09,2005-03-09,1
USGS,390815119004901,WALKER RV MISC-WLKRVR12,ST,39.13741978,-119.0145978,S,NAD83, 4254., 10,NGVD29,16050303,qw,01046,,0,,wat,IMM,149559,0,2005-03-09,2005-03-09,1
USGS,390815119004901,WALKER RV MISC-WLKRVR12,ST,39.13741978,-119.0145978,S,NAD83, 4254., 10,NGVD29,16050303,qw,01056,,0,,wat,IMM,149625,0,2005-03-09,2005-03-09,1
USGS,390815119004901,WALKER RV MISC-WLKRVR12,ST,39.13741978,-119.0145978,S,NAD83, 4254., 10,NGVD29,16050303,qw,01080,,0,,wat,IMM,149864,0,2005-03-09,2005-03-09,1
USGS,390815119004901,WALKER RV MISC-WLKRVR12,ST,39.13741978,-119.0145978,S,NAD83, 4254., 10,NGVD29,16050303,qw,22603,,0,,wat,RAD,150185,0,2005-03-09,2005-03-09,1
USGS,390815119004901,WALKER RV MISC-WLKRVR12,ST,39.13741978,-119.0145978,S,NAD83, 4254., 10,NGVD29,16050303,qw,22610,,0,,wat,RAD,192708,0,2005-03-09,2005-03-09,1
USGS,390815119004901,WALKER RV MISC-WLKRVR12,ST,39.13741978,-119.0145978,S,NAD83, 4254., 10,NGVD29,16050303,qw,22620,,0,,wat,RAD,198606,0,2005-03-09,2005-03-09,1
USGS,390815119004901,WALKER RV MISC-WLKRVR12,ST,39.13741978,-119.0145978,S,NAD83, 4254., 10,NGVD29,16050303,qw,30209,,0,,wat,PHY,1645415,0,2005-03-09,2005-03-09,1
USGS,390815119004901,WALKER RV MISC-WLKRVR12,ST,39.13741978,-119.0145978,S,NAD83, 4254., 10,NGVD29,16050303,qw,39086,,0,,wat,INN,1640192,0,2005-03-09,2005-03-09,1
USGS,390815119004901,WALKER RV MISC-WLKRVR12,ST,39.13741978,-119.0145978,S,NAD83, 4254., 10,NGVD29,16050303,qw,49932,,0,,wat,ISO,967356,0,2005-03-09,2005-03-09,1
USGS,390815119004901,WALKER RV MISC-WLKRVR12,ST,39.13741978,-119.0145978,S,NAD83, 4254., 10,NGVD29,16050303,qw,62648,,0,,wat,ISO,0,0,2005-03-09,2005-03-09,1
USGS,390815119004901,WALKER RV MISC-WLKRVR12,ST,39.13741978,-119.0145978,S,NAD83, 4254., 10,NGVD29,16050303,qw,70300,,0,,wat,PHY,1642222,0,2005-03-09,2005-03-09,1
USGS,390815119004901,WALKER RV MISC-WLKRVR12,ST,39.13741978,-119.0145978,S,NAD83, 4254., 10,NGVD29,16050303,qw,70301,,0,,wat,PHY,1642222,0,2005-03-09,2005-03-09,1
USGS,390815119004901,WALKER RV MISC-WLKRVR12,ST,39.13741978,-119.0145978,S,NAD83, 4254., 10,NGVD29,16050303,qw,70302,,0,,wat,PHY,1642222,0,2005-03-09,2005-03-09,1
USGS,390815119004901,WALKER RV MISC-WLKRVR12,ST,39.13741978,-119.0145978,S,NAD83, 4254., 10,NGVD29,16050303,qw,70303,,0,,wat,PHY,1642222,0,2005-03-09,2005-03-09,1
USGS,390815119004901,WALKER RV MISC-WLKRVR12,ST,39.13741978,-119.0145978,S,NAD83, 4254., 10,NGVD29,16050303,qw,71870,,0,,wat,INN,227538,0,2005-03-09,2005-03-09,1
USGS,390815119004901,WALKER RV MISC-WLKRVR12,ST,39.13741978,-119.0145978,S,NAD83, 4254., 10,NGVD29,16050303,qw,71999,,0,,wat,INF,0,0,2005-03-09,2005-03-09,1
USGS,390815119004901,WALKER RV MISC-WLKRVR12,ST,39.13741978,-119.0145978,S,NAD83, 4254., 10,NGVD29,16050303,qw,75978,,0,,wat,ISO,17148297,0,2005-03-09,2005-03-09,1
USGS,390815119004901,WALKER RV MISC-WLKRVR12,ST,39.13741978,-119.0145978,S,NAD83, 4254., 10,NGVD29,16050303,qw,76002,,0,,wat,RAD,197491,0,2005-01-26,2005-01-26,1
USGS,390815119004901,WALKER RV MISC-WLKRVR12,ST,39.13741978,-119.0145978,S,NAD83, 4254., 10,NGVD29,16050303,qw,82082,,0,,wat,ISO,1642107,0,2005-03-09,2005-03-09,1
USGS,390815119004901,WALKER RV MISC-WLKRVR12,ST,39.13741978,-119.0145978,S,NAD83, 4254., 10,NGVD29,16050303,qw,82085,,0,,wat,ISO,967034,0,2005-03-09,2005-03-09,1
USGS,390815119004901,WALKER RV MISC-WLKRVR12,ST,39.13741978,-119.0145978,S,NAD83, 4254., 10,NGVD29,16050303,qw,82303,,0,,wat,RAD,197491,0,2005-01-26,2005-01-26,1
USGS,390815119004901,WALKER RV MISC-WLKRVR12,ST,39.13741978,-119.0145978,S,NAD83, 4254., 10,NGVD29,16050303,qw,82398,,0,,wat,INF,0,0,2005-03-09,2005-03-09,1
USGS,390815119004901,WALKER RV MISC-WLKRVR12,ST,39.13741978,-119.0145978,S,NAD83, 4254., 10,NGVD29,16050303,qw,84164,,0,,wat,INF,0,0,2005-03-09,2005-03-09,1
USGS,390815119004901,WALKER RV MISC-WLKRVR12,ST,39.13741978,-119.0145978,S,NAD83, 4254., 10,NGVD29,16050303,qw,90095,,0,,wat,PHY,1646694,0,2005-03-09,2005-03-09,1
USGS,390838119011101,WALKER RV MISC-WLKRVR11,ST,39.14380864,-119.020709,S,NAD83, 4256., 10,NGVD29,16050303,ad,,,0,,wat,,0,0,2005,2005,1
USGS,390838119011101,WALKER RV MISC-WLKRVR11,ST,39.14380864,-119.020709,S,NAD83, 4256., 10,NGVD29,16050303,qw,,,0,,wat,ALL,0,0,2005-01-26,2005-01-26,1
USGS,390838119011101,WALKER RV MISC-WLKRVR11,ST,39.14380864,-119.020709,S,NAD83, 4256., 10,NGVD29,16050303,qw,00028,,0,,wat,INF,0,0,2005-01-26,2005-01-26,1
USGS,390838119011101,WALKER RV MISC-WLKRVR11,ST,39.14380864,-119.020709,S,NAD83, 4256., 10,NGVD29,16050303,qw,76002,,0,,wat,RAD,197491,0,2005-01-26,2005-01-26,1
USGS,390838119011101,WALKER RV MISC-WLKRVR11,ST,39.14380864,-119.020709,S,NAD83, 4256., 10,NGVD29,16050303,qw,82303,,0,,wat,RAD,197491,0,2005-01-26,2005-01-26,1
USGS,390851119013301,WALKER RV MISC-WLKRVR10,ST,39.1474197,-119.0268203,S,NAD83, 4258., 10,NGVD29,16050303,ad,,,0,,wat,,0,0,2005,2005,1
USGS,390851119013301,WALKER RV MISC-WLKRVR10,ST,39.1474197,-119.0268203,S,NAD83, 4258., 10,NGVD29,16050303,qw,,,0,,wat,ALL,0,0,2005-01-26,2005-01-26,1
USGS,390851119013301,WALKER RV MISC-WLKRVR10,ST,39.1474197,-119.0268203,S,NAD83, 4258., 10,NGVD29,16050303,qw,00028,,0,,wat,INF,0,0,2005-01-26,2005-01-26,1
USGS,390851119013301,WALKER RV MISC-WLKRVR10,ST,39.1474197,-119.0268203,S,NAD83, 4258., 10,NGVD29,16050303,qw,76002,,0,,wat,RAD,197491,0,2005-01-26,2005-01-26,1
USGS,390851119013301,WALKER RV MISC-WLKRVR10,ST,39.1474197,-119.0268203,S,NAD83, 4258., 10,NGVD29,16050303,qw,82303,,0,,wat,RAD,197491,0,2005-01-26,2005-01-26,1
USGS,390859119015301,WALKER RV MISC-WLKRVR9,ST,39.1496419,-119.0323759,S,NAD83, 4260., 10,NGVD29,16050303,ad,,,0,,wat,,0,0,2005,2005,1
USGS,390859119015301,WALKER RV MISC-WLKRVR9,ST,39.1496419,-119.0323759,S,NAD83, 4260., 10,NGVD29,16050303,qw,,,0,,wat,ALL,0,0,2005-01-26,2005-03-08,2
USGS,390859119015301,WALKER RV MISC-WLKRVR9,ST,39.1496419,-119.0323759,S,NAD83, 4260., 10,NGVD29,16050303,qw,00010,,0,,wat,PHY,1645597,0,2005-03-08,2005-03-08,1
USGS,390859119015301,WALKER RV MISC-WLKRVR9,ST,39.1496419,-119.0323759,S,NAD83, 4260., 10,NGVD29,16050303,qw,00020,,0,,wat,PHY,1645712,0,2005-03-08,2005-03-08,1
USGS,390859119015301,WALKER RV MISC-WLKRVR9,ST,39.1496419,-119.0323759,S,NAD83, 4260., 10,NGVD29,16050303,qw,00025,,0,,wat,PHY,1641265,0,2005-03-08,2005-03-08,1
USGS,390859119015301,WALKER RV MISC-WLKRVR9,ST,39.1496419,-119.0323759,S,NAD83, 4260., 10,NGVD29,16050303,qw,00028,,0,,wat,INF,0,0,2005-01-26,2005-03-08,2
USGS,390859119015301,WALKER RV MISC-WLKRVR9,ST,39.1496419,-119.0323759,S,NAD83, 4260., 10,NGVD29,16050303,qw,00061,,0,,wat,PHY,1645415,0,2005-03-08,2005-03-08,1
USGS,390859119015301,WALKER RV MISC-WLKRVR9,ST,39.1496419,-119.0323759,S,NAD83, 4260., 10,NGVD29,16050303,qw,00095,,0,,wat,PHY,1646694,0,2005-03-08,2005-03-08,1
USGS,390859119015301,WALKER RV MISC-WLKRVR9,ST,39.1496419,-119.0323759,S,NAD83, 4260., 10,NGVD29,16050303,qw,00191,,0,,wat,INN,1640572,0,2005-03-08,2005-03-08,1
USGS,390859119015301,WALKER RV MISC-WLKRVR9,ST,39.1496419,-119.0323759,S,NAD83, 4260., 10,NGVD29,16050303,qw,00300,,0,,wat,INN,154302,0,2005-03-08,2005-03-08,1
USGS,390859119015301,WALKER RV MISC-WLKRVR9,ST,39.1496419,-119.0323759,S,NAD83, 4260., 10,NGVD29,16050303,qw,00301,,0,,wat,INN,154302,0,2005-03-08,2005-03-08,1
USGS,390859119015301,WALKER RV MISC-WLKRVR9,ST,39.1496419,-119.0323759,S,NAD83, 4260., 10,NGVD29,16050303,qw,00400,,0,,wat,PHY,17028275,0,2005-03-08,2005-03-08,1
USGS,390859119015301,WALKER RV MISC-WLKRVR9,ST,39.1496419,-119.0323759,S,NAD83, 4260., 10,NGVD29,16050303,qw,00403,,0,,wat,PHY,1644335,0,2005-03-08,2005-03-08,1
USGS,390859119015301,WALKER RV MISC-WLKRVR9,ST,39.1496419,-119.0323759,S,NAD83, 4260., 10,NGVD29,16050303,qw,00405,,0,,wat,INN,33548,0,2005-03-08,2005-03-08,1
USGS,390859119015301,WALKER RV MISC-WLKRVR9,ST,39.1496419,-119.0323759,S,NAD83, 4260., 10,NGVD29,16050303,qw,00453,,0,,wat,INN,4788,0,2005-03-08,2005-03-08,1
USGS,390859119015301,WALKER RV MISC-WLKRVR9,ST,39.1496419,-119.0323759,S,NAD83, 4260., 10,NGVD29,16050303,qw,00900,,0,,wat,PHY,1640416,0,2005-03-08,2005-03-08,1
USGS,390859119015301,WALKER RV MISC-WLKRVR9,ST,39.1496419,-119.0323759,S,NAD83, 4260., 10,NGVD29,16050303,qw,00915,,0,,wat,INM,150268,0,2005-03-08,2005-03-08,1
USGS,390859119015301,WALKER RV MISC-WLKRVR9,ST,39.1496419,-119.0323759,S,NAD83, 4260., 10,NGVD29,16050303,qw,00925,,0,,wat,INM,149617,0,2005-03-08,2005-03-08,1
USGS,390859119015301,WALKER RV MISC-WLKRVR9,ST,39.1496419,-119.0323759,S,NAD83, 4260., 10,NGVD29,16050303,qw,00930,,0,,wat,INM,149856,0,2005-03-08,2005-03-08,1
USGS,390859119015301,WALKER RV MISC-WLKRVR9,ST,39.1496419,-119.0323759,S,NAD83, 4260., 10,NGVD29,16050303,qw,00931,,0,,wat,INM,1640523,0,2005-03-08,2005-03-08,1
USGS,390859119015301,WALKER RV MISC-WLKRVR9,ST,39.1496419,-119.0323759,S,NAD83, 4260., 10,NGVD29,16050303,qw,00932,,0,,wat,INM,1646660,0,2005-03-08,2005-03-08,1
USGS,390859119015301,WALKER RV MISC-WLKRVR9,ST,39.1496419,-119.0323759,S,NAD83, 4260., 10,NGVD29,16050303,qw,00935,,0,,wat,INM,149740,0,2005-03-08,2005-03-08,1
USGS,390859119015301,WALKER RV MISC-WLKRVR9,ST,39.1496419,-119.0323759,S,NAD83, 4260., 10,NGVD29,16050303,qw,00940,,0,,wat,INN,205955,0,2005-03-08,2005-03-08,1
USGS,390859119015301,WALKER RV MISC-WLKRVR9,ST,39.1496419,-119.0323759,S,NAD83, 4260., 10,NGVD29,16050303,qw,00945,,0,,wat,INN,197301,0,2005-03-08,2005-03-08,1
USGS,390859119015301,WALKER RV MISC-WLKRVR9,ST,39.1496419,-119.0323759,S,NAD83, 4260., 10,NGVD29,16050303,qw,00950,,0,,wat,INN,206706,0,2005-03-08,2005-03-08,1
USGS,390859119015301,WALKER RV MISC-WLKRVR9,ST,39.1496419,-119.0323759,S,NAD83, 4260., 10,NGVD29,16050303,qw,00955,,0,,wat,INN,151977,0,2005-03-08,2005-03-08,1
USGS,390859119015301,WALKER RV MISC-WLKRVR9,ST,39.1496419,-119.0323759,S,NAD83, 4260., 10,NGVD29,16050303,qw,01020,,0,,wat,IMN,150011,0,2005-03-08,2005-03-08,1
USGS,390859119015301,WALKER RV MISC-WLKRVR9,ST,39.1496419,-119.0323759,S,NAD83, 4260., 10,NGVD29,16050303,qw,01046,,0,,wat,IMM,149559,0,2005-03-08,2005-03-08,1
USGS,390859119015301,WALKER RV MISC-WLKRVR9,ST,39.1496419,-119.0323759,S,NAD83, 4260., 10,NGVD29,16050303,qw,01056,,0,,wat,IMM,149625,0,2005-03-08,2005-03-08,1
USGS,390859119015301,WALKER RV MISC-WLKRVR9,ST,39.1496419,-119.0323759,S,NAD83, 4260., 10,NGVD29,16050303,qw,01080,,0,,wat,IMM,149864,0,2005-03-08,2005-03-08,1
USGS,390859119015301,WALKER RV MISC-WLKRVR9,ST,39.1496419,-119.0323759,S,NAD83, 4260., 10,NGVD29,16050303,qw,22603,,0,,wat,RAD,150185,0,2005-03-08,2005-03-08,1
USGS,390859119015301,WALKER RV MISC-WLKRVR9,ST,39.1496419,-119.0323759,S,NAD83, 4260., 10,NGVD29,16050303,qw,22610,,0,,wat,RAD,192708,0,2005-03-08,2005-03-08,1
USGS,390859119015301,WALKER RV MISC-WLKRVR9,ST,39.1496419,-119.0323759,S,NAD83, 4260., 10,NGVD29,16050303,qw,22620,,0,,wat,RAD,198606,0,2005-03-08,2005-03-08,1
USGS,390859119015301,WALKER RV MISC-WLKRVR9,ST,39.1496419,-119.0323759,S,NAD83, 4260., 10,NGVD29,16050303,qw,30209,,0,,wat,PHY,1645415,0,2005-03-08,2005-03-08,1
USGS,390859119015301,WALKER RV MISC-WLKRVR9,ST,39.1496419,-119.0323759,S,NAD83, 4260., 10,NGVD29,16050303,qw,39086,,0,,wat,INN,1640192,0,2005-03-08,2005-03-08,1
USGS,390859119015301,WALKER RV MISC-WLKRVR9,ST,39.1496419,-119.0323759,S,NAD83, 4260., 10,NGVD29,16050303,qw,49932,,0,,wat,ISO,967356,0,2005-03-08,2005-03-08,1
USGS,390859119015301,WALKER RV MISC-WLKRVR9,ST,39.1496419,-119.0323759,S,NAD83, 4260., 10,NGVD29,16050303,qw,62648,,0,,wat,ISO,0,0,2005-03-08,2005-03-08,1
USGS,390859119015301,WALKER RV MISC-WLKRVR9,ST,39.1496419,-119.0323759,S,NAD83, 4260., 10,NGVD29,16050303,qw,70300,,0,,wat,PHY,1642222,0,2005-03-08,2005-03-08,1
USGS,390859119015301,WALKER RV MISC-WLKRVR9,ST,39.1496419,-119.0323759,S,NAD83, 4260., 10,NGVD29,16050303,qw,70301,,0,,wat,PHY,1642222,0,2005-03-08,2005-03-08,1
USGS,390859119015301,WALKER RV MISC-WLKRVR9,ST,39.1496419,-119.0323759,S,NAD83, 4260., 10,NGVD29,16050303,qw,70302,,0,,wat,PHY,1642222,0,2005-03-08,2005-03-08,1
USGS,390859119015301,WALKER RV MISC-WLKRVR9,ST,39.1496419,-119.0323759,S,NAD83, 4260., 10,NGVD29,16050303,qw,70303,,0,,wat,PHY,1642222,0,2005-03-08,2005-03-08,1
USGS,390859119015301,WALKER RV MISC-WLKRVR9,ST,39.1496419,-119.0323759,S,NAD83, 4260., 10,NGVD29,16050303,qw,71870,,0,,wat,INN,227538,0,2005-03-08,2005-03-08,1
USGS,390859119015301,WALKER RV MISC-WLKRVR9,ST,39.1496419,-119.0323759,S,NAD83, 4260., 10,NGVD29,16050303,qw,71999,,0,,wat,INF,0,0,2005-03-08,2005-03-08,1
USGS,390859119015301,WALKER RV MISC-WLKRVR9,ST,39.1496419,-119.0323759,S,NAD83, 4260., 10,NGVD29,16050303,qw,75978,,0,,wat,ISO,17148297,0,2005-03-08,2005-03-08,1
USGS,390859119015301,WALKER RV MISC-WLKRVR9,ST,39.1496419,-119.0323759,S,NAD83, 4260., 10,NGVD29,16050303,qw,76002,,0,,wat,RAD,197491,0,2005-01-26,2005-01-26,1
USGS,390859119015301,WALKER RV MISC-WLKRVR9,ST,39.1496419,-119.0323759,S,NAD83, 4260., 10,NGVD29,16050303,qw,82082,,0,,wat,ISO,1642107,0,2005-03-08,2005-03-08,1
USGS,390859119015301,WALKER RV MISC-WLKRVR9,ST,39.1496419,-119.0323759,S,NAD83, 4260., 10,NGVD29,16050303,qw,82085,,0,,wat,ISO,967034,0,2005-03-08,2005-03-08,1
USGS,390859119015301,WALKER RV MISC-WLKRVR9,ST,39.1496419,-119.0323759,S,NAD83, 4260., 10,NGVD29,16050303,qw,82303,,0,,wat,RAD,197491,0,2005-01-26,2005-01-26,1
USGS,390859119015301,WALKER RV MISC-WLKRVR9,ST,39.1496419,-119.0323759,S,NAD83, 4260., 10,NGVD29,16050303,qw,84164,,0,,wat,INF,0,0,2005-03-08,2005-03-08,1
USGS,390859119015301,WALKER RV MISC-WLKRVR9,ST,39.1496419,-119.0323759,S,NAD83, 4260., 10,NGVD29,16050303,qw,90095,,0,,wat,PHY,1646694,0,2005-03-08,2005-03-08,1
USGS,390913119022201,WALKER RV MISC-WLKRVR8,ST,39.1535307,-119.0404316,S,NAD83, 4264., 10,NGVD29,16050303,ad,,,0,,wat,,0,0,2005,2005,1
USGS,390913119022201,WALKER RV MISC-WLKRVR8,ST,39.1535307,-119.0404316,S,NAD83, 4264., 10,NGVD29,16050303,qw,,,0,,wat,ALL,0,0,2005-01-26,2005-01-26,1
USGS,390913119022201,WALKER RV MISC-WLKRVR8,ST,39.1535307,-119.0404316,S,NAD83, 4264., 10,NGVD29,16050303,qw,00028,,0,,wat,INF,0,0,2005-01-26,2005-01-26,1
USGS,390913119022201,WALKER RV MISC-WLKRVR8,ST,39.1535307,-119.0404316,S,NAD83, 4264., 10,NGVD29,16050303,qw,76002,,0,,wat,RAD,197491,0,2005-01-26,2005-01-26,1
USGS,390913119022201,WALKER RV MISC-WLKRVR8,ST,39.1535307,-119.0404316,S,NAD83, 4264., 10,NGVD29,16050303,qw,82303,,0,,wat,RAD,197491,0,2005-01-26,2005-01-26,1
USGS,390915119051001,WALKER RV MISC-WLKRVR1,ST,39.1540859,-119.0870987,S,NAD83, 4290., 10,NGVD29,16050303,ad,,,0,,wat,,0,0,2005,2005,1
USGS,390915119051001,WALKER RV MISC-WLKRVR1,ST,39.1540859,-119.0870987,S,NAD83, 4290., 10,NGVD29,16050303,qw,,,0,,wat,ALL,0,0,2005-01-26,2005-01-26,1
USGS,390915119051001,WALKER RV MISC-WLKRVR1,ST,39.1540859,-119.0870987,S,NAD83, 4290., 10,NGVD29,16050303,qw,00028,,0,,wat,INF,0,0,2005-01-26,2005-01-26,1
USGS,390915119051001,WALKER RV MISC-WLKRVR1,ST,39.1540859,-119.0870987,S,NAD83, 4290., 10,NGVD29,16050303,qw,76002,,0,,wat,RAD,197491,0,2005-01-26,2005-01-26,1
USGS,390915119051001,WALKER RV MISC-WLKRVR1,ST,39.1540859,-119.0870987,S,NAD83, 4290., 10,NGVD29,16050303,qw,82303,,0,,wat,RAD,197491,0,2005-01-26,2005-01-26,1
USGS,390926119045601,WALKER RV MISC-WLKRVR2,ST,39.1571415,-119.0832098,S,NAD83, 4288., 10,NGVD29,16050303,ad,,,0,,wat,,0,0,2005,2005,1
USGS,390926119045601,WALKER RV MISC-WLKRVR2,ST,39.1571415,-119.0832098,S,NAD83, 4288., 10,NGVD29,16050303,qw,,,0,,wat,ALL,0,0,2005-01-26,2005-01-26,1
USGS,390926119045601,WALKER RV MISC-WLKRVR2,ST,39.1571415,-119.0832098,S,NAD83, 4288., 10,NGVD29,16050303,qw,00028,,0,,wat,INF,0,0,2005-01-26,2005-01-26,1
USGS,390926119045601,WALKER RV MISC-WLKRVR2,ST,39.1571415,-119.0832098,S,NAD83, 4288., 10,NGVD29,16050303,qw,76002,,0,,wat,RAD,197491,0,2005-01-26,2005-01-26,1
USGS,390926119045601,WALKER RV MISC-WLKRVR2,ST,39.1571415,-119.0832098,S,NAD83, 4288., 10,NGVD29,16050303,qw,82303,,0,,wat,RAD,197491,0,2005-01-26,2005-01-26,1
USGS,390931119024301,WALKER RV MISC-WLKRVR7,ST,39.1585307,-119.046265,S,NAD83, 4268., 10,NGVD29,16050303,ad,,,0,,wat,,0,0,2005,2005,1
USGS,390931119024301,WALKER RV MISC-WLKRVR7,ST,39.1585307,-119.046265,S,NAD83, 4268., 10,NGVD29,16050303,qw,,,0,,wat,ALL,0,0,2005-01-26,2005-01-26,1
USGS,390931119024301,WALKER RV MISC-WLKRVR7,ST,39.1585307,-119.046265,S,NAD83, 4268., 10,NGVD29,16050303,qw,00028,,0,,wat,INF,0,0,2005-01-26,2005-01-26,1
USGS,390931119024301,WALKER RV MISC-WLKRVR7,ST,39.1585307,-119.046265,S,NAD83, 4268., 10,NGVD29,16050303,qw,76002,,0,,wat,RAD,197491,0,2005-01-26,2005-01-26,1
USGS,390931119024301,WALKER RV MISC-WLKRVR7,ST,39.1585307,-119.046265,S,NAD83, 4268., 10,NGVD29,16050303,qw,82303,,0,,wat,RAD,197491,0,2005-01-26,2005-01-26,1
USGS,390931119030201,WALKER RV MISC-WLKRVR6,ST,39.15853066,-119.0515429,S,NAD83, 4270., 10,NGVD29,16050303,ad,,,0,,wat,,0,0,2005,2005,1
USGS,390931119030201,WALKER RV MISC-WLKRVR6,ST,39.15853066,-119.0515429,S,NAD83, 4270., 10,NGVD29,16050303,qw,,,0,,wat,ALL,0,0,2005-01-26,2005-03-08,2
USGS,390931119030201,WALKER RV MISC-WLKRVR6,ST,39.15853066,-119.0515429,S,NAD83, 4270., 10,NGVD29,16050303,qw,00010,,0,,wat,PHY,1645597,0,2005-03-08,2005-03-08,1
USGS,390931119030201,WALKER RV MISC-WLKRVR6,ST,39.15853066,-119.0515429,S,NAD83, 4270., 10,NGVD29,16050303,qw,00020,,0,,wat,PHY,1645712,0,2005-03-08,2005-03-08,1
USGS,390931119030201,WALKER RV MISC-WLKRVR6,ST,39.15853066,-119.0515429,S,NAD83, 4270., 10,NGVD29,16050303,qw,00025,,0,,wat,PHY,1641265,0,2005-03-08,2005-03-08,1
USGS,390931119030201,WALKER RV MISC-WLKRVR6,ST,39.15853066,-119.0515429,S,NAD83, 4270., 10,NGVD29,16050303,qw,00028,,0,,wat,INF,0,0,2005-01-26,2005-03-08,2
USGS,390931119030201,WALKER RV MISC-WLKRVR6,ST,39.15853066,-119.0515429,S,NAD83, 4270., 10,NGVD29,16050303,qw,00061,,0,,wat,PHY,1645415,0,2005-03-08,2005-03-08,1
USGS,390931119030201,WALKER RV MISC-WLKRVR6,ST,39.15853066,-119.0515429,S,NAD83, 4270., 10,NGVD29,16050303,qw,00095,,0,,wat,PHY,1646694,0,2005-03-08,2005-03-08,1
USGS,390931119030201,WALKER RV MISC-WLKRVR6,ST,39.15853066,-119.0515429,S,NAD83, 4270., 10,NGVD29,16050303,qw,00191,,0,,wat,INN,1640572,0,2005-03-08,2005-03-08,1
USGS,390931119030201,WALKER RV MISC-WLKRVR6,ST,39.15853066,-119.0515429,S,NAD83, 4270., 10,NGVD29,16050303,qw,00300,,0,,wat,INN,154302,0,2005-03-08,2005-03-08,1
USGS,390931119030201,WALKER RV MISC-WLKRVR6,ST,39.15853066,-119.0515429,S,NAD83, 4270., 10,NGVD29,16050303,qw,00301,,0,,wat,INN,154302,0,2005-03-08,2005-03-08,1
USGS,390931119030201,WALKER RV MISC-WLKRVR6,ST,39.15853066,-119.0515429,S,NAD83, 4270., 10,NGVD29,16050303,qw,00400,,0,,wat,PHY,17028275,0,2005-03-08,2005-03-08,1
USGS,390931119030201,WALKER RV MISC-WLKRVR6,ST,39.15853066,-119.0515429,S,NAD83, 4270., 10,NGVD29,16050303,qw,00403,,0,,wat,PHY,1644335,0,2005-03-08,2005-03-08,1
USGS,390931119030201,WALKER RV MISC-WLKRVR6,ST,39.15853066,-119.0515429,S,NAD83, 4270., 10,NGVD29,16050303,qw,00405,,0,,wat,INN,33548,0,2005-03-08,2005-03-08,1
USGS,390931119030201,WALKER RV MISC-WLKRVR6,ST,39.15853066,-119.0515429,S,NAD83, 4270., 10,NGVD29,16050303,qw,00453,,0,,wat,INN,4788,0,2005-03-08,2005-03-08,1
USGS,390931119030201,WALKER RV MISC-WLKRVR6,ST,39.15853066,-119.0515429,S,NAD83, 4270., 10,NGVD29,16050303,qw,00900,,0,,wat,PHY,1640416,0,2005-03-08,2005-03-08,1
USGS,390931119030201,WALKER RV MISC-WLKRVR6,ST,39.15853066,-119.0515429,S,NAD83, 4270., 10,NGVD29,16050303,qw,00915,,0,,wat,INM,150268,0,2005-03-08,2005-03-08,1
USGS,390931119030201,WALKER RV MISC-WLKRVR6,ST,39.15853066,-119.0515429,S,NAD83, 4270., 10,NGVD29,16050303,qw,00925,,0,,wat,INM,149617,0,2005-03-08,2005-03-08,1
USGS,390931119030201,WALKER RV MISC-WLKRVR6,ST,39.15853066,-119.0515429,S,NAD83, 4270., 10,NGVD29,16050303,qw,00930,,0,,wat,INM,149856,0,2005-03-08,2005-03-08,1
USGS,390931119030201,WALKER RV MISC-WLKRVR6,ST,39.15853066,-119.0515429,S,NAD83, 4270., 10,NGVD29,16050303,qw,00931,,0,,wat,INM,1640523,0,2005-03-08,2005-03-08,1
USGS,390931119030201,WALKER RV MISC-WLKRVR6,ST,39.15853066,-119.0515429,S,NAD83, 4270., 10,NGVD29,16050303,qw,00932,,0,,wat,INM,1646660,0,2005-03-08,2005-03-08,1
USGS,390931119030201,WALKER RV MISC-WLKRVR6,ST,39.15853066,-119.0515429,S,NAD83, 4270., 10,NGVD29,16050303,qw,00935,,0,,wat,INM,149740,0,2005-03-08,2005-03-08,1
USGS,390931119030201,WALKER RV MISC-WLKRVR6,ST,39.15853066,-119.0515429,S,NAD83, 4270., 10,NGVD29,16050303,qw,00940,,0,,wat,INN,205955,0,2005-03-08,2005-03-08,1
USGS,390931119030201,WALKER RV MISC-WLKRVR6,ST,39.15853066,-119.0515429,S,NAD83, 4270., 10,NGVD29,16050303,qw,00945,,0,,wat,INN,197301,0,2005-03-08,2005-03-08,1
USGS,390931119030201,WALKER RV MISC-WLKRVR6,ST,39.15853066,-119.0515429,S,NAD83, 4270., 10,NGVD29,16050303,qw,00950,,0,,wat,INN,206706,0,2005-03-08,2005-03-08,1
USGS,390931119030201,WALKER RV MISC-WLKRVR6,ST,39.15853066,-119.0515429,S,NAD83, 4270., 10,NGVD29,16050303,qw,00955,,0,,wat,INN,151977,0,2005-03-08,2005-03-08,1
USGS,390931119030201,WALKER RV MISC-WLKRVR6,ST,39.15853066,-119.0515429,S,NAD83, 4270., 10,NGVD29,16050303,qw,01020,,0,,wat,IMN,150011,0,2005-03-08,2005-03-08,1
USGS,390931119030201,WALKER RV MISC-WLKRVR6,ST,39.15853066,-119.0515429,S,NAD83, 4270., 10,NGVD29,16050303,qw,01046,,0,,wat,IMM,149559,0,2005-03-08,2005-03-08,1
USGS,390931119030201,WALKER RV MISC-WLKRVR6,ST,39.15853066,-119.0515429,S,NAD83, 4270., 10,NGVD29,16050303,qw,01056,,0,,wat,IMM,149625,0,2005-03-08,2005-03-08,1
USGS,390931119030201,WALKER RV MISC-WLKRVR6,ST,39.15853066,-119.0515429,S,NAD83, 4270., 10,NGVD29,16050303,qw,01080,,0,,wat,IMM,149864,0,2005-03-08,2005-03-08,1
USGS,390931119030201,WALKER RV MISC-WLKRVR6,ST,39.15853066,-119.0515429,S,NAD83, 4270., 10,NGVD29,16050303,qw,22603,,0,,wat,RAD,150185,0,2005-03-08,2005-03-08,1
USGS,390931119030201,WALKER RV MISC-WLKRVR6,ST,39.15853066,-119.0515429,S,NAD83, 4270., 10,NGVD29,16050303,qw,22610,,0,,wat,RAD,192708,0,2005-03-08,2005-03-08,1
USGS,390931119030201,WALKER RV MISC-WLKRVR6,ST,39.15853066,-119.0515429,S,NAD83, 4270., 10,NGVD29,16050303,qw,22620,,0,,wat,RAD,198606,0,2005-03-08,2005-03-08,1
USGS,390931119030201,WALKER RV MISC-WLKRVR6,ST,39.15853066,-119.0515429,S,NAD83, 4270., 10,NGVD29,16050303,qw,30209,,0,,wat,PHY,1645415,0,2005-03-08,2005-03-08,1
USGS,390931119030201,WALKER RV MISC-WLKRVR6,ST,39.15853066,-119.0515429,S,NAD83, 4270., 10,NGVD29,16050303,qw,39086,,0,,wat,INN,1640192,0,2005-03-08,2005-03-08,1
USGS,390931119030201,WALKER RV MISC-WLKRVR6,ST,39.15853066,-119.0515429,S,NAD83, 4270., 10,NGVD29,16050303,qw,49932,,0,,wat,ISO,967356,0,2005-03-08,2005-03-08,1
USGS,390931119030201,WALKER RV MISC-WLKRVR6,ST,39.15853066,-119.0515429,S,NAD83, 4270., 10,NGVD29,16050303,qw,62648,,0,,wat,ISO,0,0,2005-03-08,2005-03-08,1
USGS,390931119030201,WALKER RV MISC-WLKRVR6,ST,39.15853066,-119.0515429,S,NAD83, 4270., 10,NGVD29,16050303,qw,70300,,0,,wat,PHY,1642222,0,2005-03-08,2005-03-08,1
USGS,390931119030201,WALKER RV MISC-WLKRVR6,ST,39.15853066,-119.0515429,S,NAD83, 4270., 10,NGVD29,16050303,qw,70301,,0,,wat,PHY,1642222,0,2005-03-08,2005-03-08,1
USGS,390931119030201,WALKER RV MISC-WLKRVR6,ST,39.15853066,-119.0515429,S,NAD83, 4270., 10,NGVD29,16050303,qw,70302,,0,,wat,PHY,1642222,0,2005-03-08,2005-03-08,1
USGS,390931119030201,WALKER RV MISC-WLKRVR6,ST,39.15853066,-119.0515429,S,NAD83, 4270., 10,NGVD29,16050303,qw,70303,,0,,wat,PHY,1642222,0,2005-03-08,2005-03-08,1
USGS,390931119030201,WALKER RV MISC-WLKRVR6,ST,39.15853066,-119.0515429,S,NAD83, 4270., 10,NGVD29,16050303,qw,71870,,0,,wat,INN,227538,0,2005-03-08,2005-03-08,1
USGS,390931119030201,WALKER RV MISC-WLKRVR6,ST,39.15853066,-119.0515429,S,NAD83, 4270., 10,NGVD29,16050303,qw,71999,,0,,wat,INF,0,0,2005-03-08,2005-03-08,1
USGS,390931119030201,WALKER RV MISC-WLKRVR6,ST,39.15853066,-119.0515429,S,NAD83, 4270., 10,NGVD29,16050303,qw,75978,,0,,wat,ISO,17148297,0,2005-03-08,2005-03-08,1
USGS,390931119030201,WALKER RV MISC-WLKRVR6,ST,39.15853066,-119.0515429,S,NAD83, 4270., 10,NGVD29,16050303,qw,76002,,0,,wat,RAD,197491,0,2005-01-26,2005-01-26,1
USGS,390931119030201,WALKER RV MISC-WLKRVR6,ST,39.15853066,-119.0515429,S,NAD83, 4270., 10,NGVD29,16050303,qw,82082,,0,,wat,ISO,1642107,0,2005-03-08,2005-03-08,1
USGS,390931119030201,WALKER RV MISC-WLKRVR6,ST,39.15853066,-119.0515429,S,NAD83, 4270., 10,NGVD29,16050303,qw,82085,,0,,wat,ISO,967034,0,2005-03-08,2005-03-08,1
USGS,390931119030201,WALKER RV MISC-WLKRVR6,ST,39.15853066,-119.0515429,S,NAD83, 4270., 10,NGVD29,16050303,qw,82303,,0,,wat,RAD,197491,0,2005-01-26,2005-01-26,1
USGS,390931119030201,WALKER RV MISC-WLKRVR6,ST,39.15853066,-119.0515429,S,NAD83, 4270., 10,NGVD29,16050303,qw,82398,,0,,wat,INF,0,0,2005-03-08,2005-03-08,1
USGS,390931119030201,WALKER RV MISC-WLKRVR6,ST,39.15853066,-119.0515429,S,NAD83, 4270., 10,NGVD29,16050303,qw,84164,,0,,wat,INF,0,0,2005-03-08,2005-03-08,1
USGS,390931119030201,WALKER RV MISC-WLKRVR6,ST,39.15853066,-119.0515429,S,NAD83, 4270., 10,NGVD29,16050303,qw,90095,,0,,wat,PHY,1646694,0,2005-03-08,2005-03-08,1
USGS,390933119042901,WALKER RV MISC-WLKRVR3,ST,39.159086,-119.0757098,S,NAD83, 4280., 10,NGVD29,16050303,ad,,,0,,wat,,0,0,2005,2005,1
USGS,390933119042901,WALKER RV MISC-WLKRVR3,ST,39.159086,-119.0757098,S,NAD83, 4280., 10,NGVD29,16050303,qw,,,0,,wat,ALL,0,0,2005-01-26,2005-01-26,1
USGS,390933119042901,WALKER RV MISC-WLKRVR3,ST,39.159086,-119.0757098,S,NAD83, 4280., 10,NGVD29,16050303,qw,00028,,0,,wat,INF,0,0,2005-01-26,2005-01-26,1
USGS,390933119042901,WALKER RV MISC-WLKRVR3,ST,39.159086,-119.0757098,S,NAD83, 4280., 10,NGVD29,16050303,qw,76002,,0,,wat,RAD,197491,0,2005-01-26,2005-01-26,1
USGS,390933119042901,WALKER RV MISC-WLKRVR3,ST,39.159086,-119.0757098,S,NAD83, 4280., 10,NGVD29,16050303,qw,82303,,0,,wat,RAD,197491,0,2005-01-26,2005-01-26,1
USGS,390935119033401,WALKER RV MISC-WLKRVR5,ST,39.1596417,-119.0604319,S,NAD83, 4274., 10,NGVD29,16050303,ad,,,0,,wat,,0,0,2005,2005,1
USGS,390935119033401,WALKER RV MISC-WLKRVR5,ST,39.1596417,-119.0604319,S,NAD83, 4274., 10,NGVD29,16050303,qw,,,0,,wat,ALL,0,0,2005-01-26,2005-01-26,1
USGS,390935119033401,WALKER RV MISC-WLKRVR5,ST,39.1596417,-119.0604319,S,NAD83, 4274., 10,NGVD29,16050303,qw,00028,,0,,wat,INF,0,0,2005-01-26,2005-01-26,1
USGS,390935119033401,WALKER RV MISC-WLKRVR5,ST,39.1596417,-119.0604319,S,NAD83, 4274., 10,NGVD29,16050303,qw,76002,,0,,wat,RAD,197491,0,2005-01-26,2005-01-26,1
USGS,390935119033401,WALKER RV MISC-WLKRVR5,ST,39.1596417,-119.0604319,S,NAD83, 4274., 10,NGVD29,16050303,qw,82303,,0,,wat,RAD,197491,0,2005-01-26,2005-01-26,1
USGS,390935119040001,WALKER RV MISC-WLKRVR4,ST,39.15964165,-119.0676542,S,NAD83, 4277., 10,NGVD29,16050303,ad,,,0,,wat,,0,0,2005,2005,1
USGS,390935119040001,WALKER RV MISC-WLKRVR4,ST,39.15964165,-119.0676542,S,NAD83, 4277., 10,NGVD29,16050303,qw,,,0,,wat,ALL,0,0,2005-01-26,2005-01-26,1
USGS,390935119040001,WALKER RV MISC-WLKRVR4,ST,39.15964165,-119.0676542,S,NAD83, 4277., 10,NGVD29,16050303,qw,00028,,0,,wat,INF,0,0,2005-01-26,2005-01-26,1
USGS,390935119040001,WALKER RV MISC-WLKRVR4,ST,39.15964165,-119.0676542,S,NAD83, 4277., 10,NGVD29,16050303,qw,76002,,0,,wat,RAD,197491,0,2005-01-26,2005-01-26,1
USGS,390935119040001,WALKER RV MISC-WLKRVR4,ST,39.15964165,-119.0676542,S,NAD83, 4277., 10,NGVD29,16050303,qw,82303,,0,,wat,RAD,197491,0,2005-01-26,2005-01-26,1
